policy,request_id,session_id,dispatch_offset_s,input_length,effective_input_length,requested_output_tokens,actual_output_tokens,completed_by_horizon,ttft_s,tpot_ms,latency_s,slo_pass,error
smetric_default,codex250:10:250009:197,codex250,300.7732620239258,48390,50787,114,114,1,0.38774294406175613,7.645123333266351,1.251791600137949,1,
smetric_default,codex250:11:250010:201,codex250,302.8063473701477,50327,52798,2827,2827,1,1.0326082147657871,12.071285877964721,35.14621123299003,1,
smetric_default,codex493:18:493017:97,codex493,303.55742144584656,69184,71919,264,264,1,0.5570513159036636,7.731169787989823,2.5905052050948143,1,
smetric_default,codex506:12:506011:175,codex506,304.1014151573181,75992,79551,422,422,1,0.7091739103198051,17.551008408398072,8.098245911300182,1,
smetric_default,codex436:4:436003:218,codex436,305.3628935813904,22230,23251,364,364,1,0.41893626749515533,17.60142014333696,6.808534678071737,1,
smetric_default,codex509:2:509001:231,codex509,306.66181683540344,18693,19652,311,311,1,0.9537105038762093,5.855005546923607,2.768868014216423,1,
smetric_default,codex65:16:65015:153,codex65,307.60578751564026,84420,88447,343,343,1,0.8688728623092175,12.262593181422579,5.062771406024694,1,
smetric_default,codex152:7:152006:209,codex152,308.4601049423218,65213,68383,837,837,1,3.1461594961583614,8.905653142187584,10.591325279325247,1,
smetric_default,codex493:19:493018:101,codex493,310.86136841773987,69503,72239,1136,1136,1,0.4138394966721535,8.767909405646346,10.365456003695726,1,
smetric_default,codex73:1:73000:234,codex73,311.72414088249207,12906,13617,213,213,1,1.2791000977158546,5.719308108794239,2.4917374663054943,1,
smetric_default,codex586:12:586011:205,codex586,313.3768742084503,47032,49357,142,142,1,0.3726646974682808,7.57477361154049,1.4408557526767254,1,
smetric_default,codex65:17:65016:161,codex65,316.3454885482788,85321,89373,5147,5147,1,0.8243838287889957,12.291361211143576,64.07588149234653,1,
smetric_default,codex526:9:526008:199,codex526,317.7814860343933,40831,42628,282,282,1,0.8823675289750099,13.175887078895263,4.584885612130165,1,
smetric_default,codex586:13:586012:212,codex586,318.6198055744171,47318,49656,120,120,1,0.4409582391381264,7.3075469176308445,1.3107831664383411,1,
smetric_default,codex238:13:238012:126,codex238,319.0443639755249,115776,121348,281,281,1,6.1925255581736565,11.512128782591649,9.416062727570534,1,
smetric_default,codex73:2:73001:248,codex73,320.7675256729126,19970,21047,263,263,1,1.3691136986017227,6.430944328317205,3.0540629848837852,1,
smetric_default,codex436:5:436004:226,codex436,320.86802315711975,28247,29508,317,317,1,1.3777312710881233,21.240126989970477,8.089767791330814,1,
smetric_default,codex70:14:70013:91,codex70,321.219783782959,77574,80942,1498,1498,1,0.4435969479382038,10.483740618030629,16.137899328023195,1,
smetric_default,codex586:14:586013:217,codex586,323.501460313797,48221,50609,264,264,1,0.605664249509573,13.174163326337764,4.070739172399044,1,
smetric_default,codex506:13:506012:188,codex506,323.81407618522644,81212,85028,409,409,1,3.0982848592102528,14.289813554462265,8.928738828748465,1,
smetric_default,codex493:20:493019:103,codex493,326.13092374801636,70679,73416,658,658,1,0.3917810767889023,8.988336669890666,6.297208573669195,1,
smetric_default,codex73:3:73002:256,codex73,326.5009799003601,24663,25947,442,442,1,1.0060418993234634,7.918957772911812,4.498553544282913,1,
smetric_default,codex135:1:135000:259,codex135,328.16912031173706,12832,13483,293,293,1,1.276227880269289,5.717650323800028,2.9459250047802925,1,
smetric_default,codex422:10:422009:246,codex422,329.6336169242859,31835,33271,145,145,1,0.6113007627427578,15.602913529922565,2.8582124449312687,1,
smetric_default,codex152:8:152007:224,codex152,330.86947655677795,66433,69622,263,263,1,0.7054964378476143,8.747567643077318,2.997506473213434,1,
smetric_default,codex509:3:509002:262,codex509,330.9616348743439,24300,25522,397,397,1,1.127120703458786,8.21972198107026,4.38233333081007,1,
smetric_default,codex526:10:526009:214,codex526,333.6772229671478,49395,51620,44,44,1,3.0944503024220467,12.497256488301034,3.6320466697216034,1,
smetric_default,codex422:11:422010:251,codex422,334.1303677558899,33216,34728,1586,1586,1,0.5587965585291386,8.24138971533309,13.621490404009819,1,
smetric_default,codex493:21:493020:114,codex493,336.3038921356201,71379,74116,1478,1478,1,0.4517391063272953,9.105238142898136,13.90028028935194,1,
smetric_default,codex73:4:73003:271,codex73,338.8885998725891,25714,27044,175,175,1,0.39737607538700104,9.032378230115464,1.969186246395111,1,
smetric_default,codex238:14:238013:139,codex238,339.7948877811432,118324,124017,4163,4163,1,2.544744770973921,14.869264188701003,64.43076343461871,1,
smetric_default,codex436:6:436005:238,codex436,339.8983438014984,28936,30208,409,409,1,0.30973628908395767,6.6731553798651,3.0324266999959946,1,
smetric_default,codex152:9:152008:230,codex152,341.552663564682,67024,70235,1023,1023,1,0.6678141541779041,8.90021649081763,9.763872031122446,1,
smetric_default,codex250:12:250011:208,codex250,342.9235610961914,53668,56161,90,90,1,0.5310314521193504,7.77513613359312,1.2231664136052132,1,
smetric_default,codex526:11:526010:223,codex526,343.71867990493774,50052,52304,135,135,1,0.6226538605988026,13.038848846483587,2.370142750442028,1,
smetric_default,codex436:7:436006:241,codex436,344.3335711956024,33431,34911,295,295,1,1.5932153165340424,10.890118752409812,4.79509699717164,1,
smetric_default,codex203:1:203000:280,codex203,344.51686096191406,12685,13394,308,308,1,1.234591256827116,5.6766240162841655,2.9774629436433315,1,
smetric_default,codex509:4:509003:276,codex509,344.8296785354614,28202,29576,222,222,1,0.9754159413278103,9.195000017525384,3.007779184728861,1,
smetric_default,codex119:10:119009:235,codex119,345.083110332489,59577,62511,1194,1194,1,0.7612569071352482,16.440448575252656,20.374825730919838,1,
smetric_default,codex250:13:250012:210,codex250,345.2558557987213,54597,57145,5922,5922,1,0.7262641936540604,10.22183284820324,61.24987926334143,1,
smetric_default,codex135:2:135001:287,codex135,349.01317834854126,19238,20236,371,371,1,1.1954640559852123,6.104759318200317,3.4543699845671654,1,
smetric_default,codex203:2:203001:288,codex203,349.8029432296753,30920,32571,373,373,1,3.5591591112315655,6.750925283838985,6.0708091370761395,1,
smetric_default,codex436:8:436007:245,codex436,350.0305733680725,34346,35862,55,55,1,0.5423688292503357,13.753169802603898,1.2850794792175293,1,
smetric_default,codex73:5:73004:281,codex73,350.1176950931549,25899,27229,397,397,1,0.16299210116267204,6.54042245011137,2.7531481087207794,1,
smetric_default,codex493:22:493021:116,codex493,351.30993247032166,72897,75636,501,501,1,0.5655473545193672,9.057157792150974,5.094222903251648,1,
smetric_default,codex526:12:526011:227,codex526,351.4701886177063,50418,52679,46,46,1,0.39837271347641945,12.818854467736351,0.9754321351647377,1,
smetric_default,codex73:6:73005:284,codex73,353.9840638637543,29718,31248,215,215,1,1.2671039514243603,5.938989623824013,2.538197871297598,1,
smetric_default,codex526:13:526012:229,codex526,354.15020656585693,51283,53591,1513,1513,1,0.6130209416151047,13.590765195509428,21.162429377436638,1,
smetric_default,codex70:15:70014:106,codex70,354.682003736496,79112,82480,199,199,1,0.5757355242967606,8.671667690228935,2.2928714640438557,1,
smetric_default,codex506:14:506013:220,codex506,355.23937344551086,84614,88574,298,298,1,2.2457623705267906,14.94168763610249,6.6836736015975475,1,
smetric_default,codex152:10:152009:236,codex152,358.34295296669006,76538,80172,2079,2079,1,5.056782711297274,9.50910839591896,24.8168759457767,1,
smetric_default,codex70:16:70015:113,codex70,358.5980603694916,79534,82915,70,70,1,0.7040929533541203,10.755552815786306,1.4462762027978897,1,
smetric_default,codex586:15:586014:254,codex586,359.29118037223816,48614,51008,75,75,1,0.3575108051300049,9.67130281433866,1.0733300782740116,1,
smetric_default,codex203:3:203002:301,codex203,360.0395815372467,37948,39892,341,341,1,1.9846586100757122,7.113690696218434,4.403461430221796,1,
smetric_default,codex436:9:436008:263,codex436,360.2344272136688,34606,36129,598,598,1,0.34347035735845566,14.720771648925751,9.131863955408335,1,
smetric_default,codex294:1:294000:308,codex294,360.92664909362793,12607,13225,284,284,1,1.2130947224795818,5.617826031817143,2.8033384792506695,1,
smetric_default,codex70:17:70016:118,codex70,362.9361584186554,80505,83925,4198,4198,1,1.0403334125876427,12.8079003714112,54.79513794928789,1,
smetric_default,codex294:2:294001:312,codex294,364.98369455337524,24132,25331,331,331,1,2.1929186955094337,6.347814157153621,4.28780272603035,1,
smetric_default,codex586:16:586015:266,codex586,365.69123554229736,49585,52017,71,71,1,0.6921043246984482,12.814137818557876,1.5891846679151058,1,
smetric_default,codex506:15:506014:225,codex506,367.0350377559662,87342,91450,273,273,1,2.0504782423377037,15.214351608472713,6.189038507640362,1,
smetric_default,codex509:5:509004:309,codex509,368.0164575576782,33641,35311,41,41,1,1.4766239076852798,6.283733621239662,1.728114616125822,1,
smetric_default,codex586:17:586016:267,codex586,368.26766204833984,49771,52207,33,33,1,0.4646622911095619,8.16930562723428,0.7262796759605408,1,
smetric_default,codex203:4:203003:310,codex203,368.71130299568176,43775,46015,837,837,1,2.015104714781046,7.52388563844861,8.305224776268005,1,
smetric_default,codex436:10:436009:270,codex436,371.90719747543335,35300,36832,298,298,1,0.2895461693406105,12.379365562389195,3.96641993150115,1,
smetric_default,codex73:7:73006:313,codex73,373.17449378967285,30071,31604,3740,3740,1,0.24172372370958328,10.654927042317155,40.080711998045444,1,
smetric_default,codex509:6:509005:321,codex509,375.16445803642273,34392,36098,486,486,1,0.4429456368088722,12.99613724971555,6.746247235685587,1,
smetric_default,codex135:3:135002:328,codex135,376.7700045108795,37830,39765,624,624,1,4.779217083007097,13.457807178577681,13.163487456738949,1,
smetric_default,codex586:18:586017:277,codex586,376.93285155296326,49941,52380,76,76,1,4.620504852384329,15.597620209058126,5.79041763395071,0,
smetric_default,codex422:12:422011:297,codex422,377.4603486061096,35463,37006,2450,2450,1,0.6836939454078674,11.51463601444633,28.883198514580727,1,
smetric_default,codex119:11:119010:257,codex119,377.6882312297821,63254,66308,243,243,1,1.6008369699120522,15.97819671281113,5.467687271535397,1,
smetric_default,codex436:11:436010:274,codex436,379.2785520553589,35609,37141,58,58,1,0.22561687976121902,10.924971940224632,0.848554439842701,1,
smetric_default,codex65:18:65017:166,codex65,381.3410120010376,92090,96235,69,69,1,1.754056416451931,9.065045701230273,2.370574112981558,1,
smetric_default,codex526:14:526013:237,codex526,383.0821270942688,52835,55145,1715,1715,1,0.33120016381144524,9.608873160710274,16.801015242934227,1,
smetric_default,codex119:12:119011:261,codex119,384.8094861507416,69661,73010,227,227,1,3.27809739112854,16.17619858444792,6.934063378721476,1,
smetric_default,codex509:7:509006:329,codex509,386.63673162460327,41886,43966,54,54,1,2.263647388666868,12.200884872450018,2.9103963673114777,1,
smetric_default,codex493:23:493022:158,codex493,387.1743984222412,73440,76183,258,258,1,0.4056466557085514,9.166214035294864,2.761406861245632,1,
smetric_default,codex203:5:203004:332,codex203,389.9278781414032,45444,47732,404,404,1,0.6070474795997143,7.493775652226976,3.627203445881605,1,
smetric_default,codex586:19:586018:291,codex586,390.2642321586609,51322,53832,568,568,1,0.8817688524723053,13.259032606500377,8.39973158761859,1,
smetric_default,codex509:8:509007:334,codex509,391.060950756073,42947,45082,219,219,1,0.6232261583209038,12.891466413205917,3.433721650391817,1,
smetric_default,codex493:24:493023:164,codex493,392.26016902923584,79971,83043,526,526,1,4.967688642442226,12.095083118904206,11.317748956382275,1,
smetric_default,codex152:11:152010:255,codex152,392.5419590473175,80169,83872,1720,1720,1,1.4738892279565334,9.64493378173341,18.05382113531232,1,
smetric_default,codex213:1:213000:354,codex213,393.75462555885315,12454,13027,248,248,1,1.1855164766311646,5.614705987063497,2.5724986381828785,1,
smetric_default,codex294:3:294002:351,codex294,394.00408959388733,28703,30119,522,522,1,3.24404926225543,12.0909057428878,9.543564159423113,1,
smetric_default,codex65:19:65018:182,codex65,395.29105710983276,93839,98076,369,369,1,1.610332127660513,12.357717612758279,6.15814021602273,1,
smetric_default,codex213:2:213001:359,codex213,398.42394185066223,20123,21037,266,266,1,1.2497215382754803,12.495056286735355,4.561062507331371,1,
smetric_default,codex203:6:203005:340,codex203,400.43158411979675,49413,51878,125,125,1,1.6111102849245071,8.973403984019834,2.723905213177204,1,
smetric_default,codex135:4:135003:352,codex135,404.3843595981598,40930,42988,555,555,1,1.0374104492366314,12.786601942422587,8.121227327734232,1,
smetric_default,codex238:15:238014:143,codex238,404.93298721313477,125720,131579,184,184,1,3.775586824864149,10.494283721095226,5.696182735264301,1,
smetric_default,codex526:15:526014:247,codex526,405.11437249183655,54589,56899,589,589,1,0.35190294310450554,8.199468223365391,5.173230718821287,1,
smetric_default,codex436:12:436011:314,codex436,406.8433184623718,35987,37540,6189,6189,1,0.5523735322058201,8.850010396080705,55.31633836776018,1,
smetric_default,codex203:7:203006:346,codex203,407.0144019126892,51022,53577,1130,1130,1,0.9295166432857513,9.096841397963338,11.19999061152339,1,
smetric_default,codex509:9:509008:353,codex509,408.2277457714081,43723,45882,61,61,1,0.48560023307800293,12.622125508884588,1.2430343590676785,1,
smetric_default,codex493:25:493024:177,codex493,408.55249071121216,80601,83680,72,72,1,0.6035803593695164,8.826261464978607,1.2303905710577965,1,
smetric_default,codex422:13:422012:302,codex422,408.6676790714264,37955,39499,810,810,1,0.24950987100601196,10.505200371754036,8.748307913541794,1,
smetric_default,codex213:3:213002:370,codex213,409.0212895870209,23980,25069,293,293,1,1.2650139927864075,8.648248810372124,3.7903948314487934,1,
smetric_default,codex65:20:65019:193,codex65,410.224417924881,94382,98624,278,278,1,0.9112235680222511,10.545104029268995,3.8323094211518764,1,
smetric_default,codex166:1:166000:376,codex166,410.2828743457794,13597,14321,244,244,1,1.3781598396599293,23.45911583598749,7.078814867883921,0,
smetric_default,codex250:14:250013:216,codex250,411.1201972961426,60616,63171,318,318,1,0.4622807279229164,11.14224912804384,3.9946246817708015,1,
smetric_default,codex493:26:493025:179,codex493,411.5693988800049,81005,84104,298,298,1,0.736609686166048,21.24659137593375,7.046888317912817,1,
smetric_default,codex294:4:294003:363,codex294,412.49817276000977,37939,39816,264,264,1,2.605908002704382,13.402652632827541,6.130947630852461,1,
smetric_default,codex526:16:526015:253,codex526,412.99374985694885,55228,57540,201,201,1,0.36115891486406326,9.604749418795109,2.2822043783962727,1,
smetric_default,codex73:8:73007:317,codex73,414.32214856147766,36857,38581,4578,4578,1,1.07589266076684,8.876630294517005,41.70437353476882,1,
smetric_default,codex152:12:152011:269,codex152,417.7194366455078,81931,85640,1091,1091,1,0.5031138882040977,9.783026507688225,11.166757881641388,1,
smetric_default,codex213:4:213003:381,codex213,418.61276602745056,24541,25652,259,259,1,0.22481677308678627,7.891756778424101,2.2609399743378162,1,
smetric_default,codex506:16:506015:285,codex506,419.4856643676758,89314,93505,100,100,1,4.6954002901911736,15.979623478470428,6.27754894271493,1,
smetric_default,codex238:16:238015:154,codex238,419.9316494464874,127108,133026,8188,8188,1,2.822790425270796,18.758820994361585,156.40146503970027,1,
smetric_default,codex166:2:166001:386,codex166,420.0262005329132,24429,25678,289,289,1,3.435372333973646,15.714302917735443,7.9611331559717655,1,
smetric_default,codex70:18:70017:123,codex70,420.29850459098816,84742,88162,449,449,1,1.2153352834284306,21.841845441875712,11.00070683658123,1,
smetric_default,codex250:15:250014:222,codex250,420.51414823532104,66202,69002,71,71,1,3.716445691883564,17.569594989929882,4.9463613368570805,1,
smetric_default,codex65:21:65020:204,codex65,420.86536049842834,95152,99417,115,115,1,1.0423489585518837,10.049101651499146,2.18811197206378,1,
smetric_default,codex294:5:294004:371,codex294,421.0246160030365,41385,43436,336,336,1,1.2176551967859268,7.2614718617788006,3.650391072034836,1,
smetric_default,codex203:8:203007:356,codex203,423.3102705478668,54382,57047,3997,3997,1,2.158885356038809,14.062968331638041,58.3545464836061,1,
smetric_default,codex135:5:135004:368,codex135,423.4567017555237,44716,46959,671,671,1,1.486352700740099,16.889767448848755,12.80254253000021,1,
smetric_default,codex213:5:213004:389,codex213,423.5472927093506,27304,28539,959,959,1,1.9118584133684635,11.943612862106157,13.353878535330296,1,
smetric_default,codex119:13:119012:311,codex119,424.0405583381653,74678,78287,218,218,1,2.8698986880481243,16.92394913959613,6.542623344808817,1,
smetric_default,codex509:10:509009:375,codex509,425.3355014324188,44332,46523,59,59,1,0.669878251850605,12.07900085839732,1.3705517873167992,1,
smetric_default,codex422:14:422013:315,codex422,425.4528319835663,38808,40356,232,232,1,0.5581216067075729,14.770158602819816,3.9703090637922287,1,
smetric_default,codex294:6:294005:374,codex294,425.9943060874939,45790,48086,325,325,1,1.6108266301453114,7.406128524446193,4.010557863861322,1,
smetric_default,codex220:4:220003:398,codex220,426.59497141838074,38133,40182,782,782,1,3.553541775792837,10.012837429739601,11.373710859566927,1,
smetric_default,codex421:1:421000:402,codex421,426.644859790802,12750,13368,304,304,1,1.3465602360665798,12.181288498167945,5.037702351808548,1,
smetric_default,codex65:22:65021:211,codex65,427.42555046081543,95407,99686,6431,6431,1,0.8262808285653591,12.955776487316351,84.13196191564202,1,
smetric_default,codex509:11:509010:378,codex509,427.5935742855072,46435,48727,51,51,1,1.0334345772862434,12.646414414048195,1.6658458784222603,1,
smetric_default,codex506:17:506016:295,codex506,427.978138923645,89506,93703,70,70,1,0.5912195630371571,12.346671489269836,1.4447989091277122,1,
smetric_default,codex509:12:509011:383,codex509,431.1903805732727,47548,49873,418,418,1,0.6786588802933693,10.530523428742548,5.069923095405102,1,
smetric_default,codex250:16:250015:228,codex250,432.3215069770813,66362,69165,33,33,1,0.4384155832231045,10.459958924911916,0.7733410373330116,1,
smetric_default,codex166:3:166002:399,codex166,434.62706303596497,28289,29754,295,295,1,1.2672609128057957,11.178766180868863,4.5539110489189625,1,
smetric_default,codex152:13:152012:275,codex152,434.9014575481415,83065,86777,298,298,1,0.5500767044723034,9.65204096151522,3.416837140917778,1,
smetric_default,codex294:7:294006:388,codex294,436.2551169395447,49368,51855,959,959,1,1.63656035810709,9.7961557644083,11.02131512016058,1,
smetric_default,codex526:17:526016:283,codex526,436.8938949108124,55563,57887,79,79,1,0.42363234236836433,13.752472180968676,1.4964158609509468,1,
smetric_default,codex70:19:70018:131,codex70,437.7504289150238,85230,88651,1403,1403,1,0.56729681417346,12.101693825527876,17.533911287784576,1,
smetric_default,codex422:15:422014:330,codex422,437.8814072608948,40595,42212,168,168,1,0.7417054027318954,11.09858838740937,2.5952135138213634,1,
smetric_default,codex213:6:213005:394,codex213,439.55771350860596,28555,29805,216,216,1,0.30411316081881523,10.665153261534003,2.5972732231020927,1,
smetric_default,codex421:2:421001:422,codex421,440.1132276058197,29006,30401,373,373,1,3.4704787395894527,7.408951108734454,6.226753626018763,1,
smetric_default,codex526:18:526017:289,codex526,440.4721233844757,55982,58321,355,355,1,0.7160284966230392,13.536155023901475,5.508060194551945,1,
smetric_default,codex152:14:152013:278,codex152,441.1727375984192,83541,87265,61,61,1,2.4183546900749207,10.875900648534298,3.0710048377513885,1,
smetric_default,codex166:4:166003:407,codex166,442.5440306663513,30069,31615,512,512,1,0.6037760600447655,11.15949196037481,6.306369710713625,1,
smetric_default,codex548:1:548000:434,codex548,442.9632234573364,13026,13754,279,279,1,1.3263698890805244,10.743039305047166,4.312976356595755,1,
smetric_default,codex250:17:250016:240,codex250,444.22926807403564,66486,69289,35,35,1,0.4219161234796047,11.12685023861773,0.800433486700058,1,
smetric_default,codex506:18:506017:323,codex506,446.8714597225189,89665,93863,51,51,1,1.008505754172802,18.44264142215252,1.930732000619173,1,
smetric_default,codex250:18:250017:244,codex250,447.08388471603394,66611,69422,70,70,1,1.3024371676146984,9.729357679253038,1.9740314930677414,1,
smetric_default,codex526:19:526018:294,codex526,447.26797127723694,59379,61928,68,68,1,1.741109311580658,14.326747673660961,2.7012268379330635,1,
smetric_default,codex213:7:213006:403,codex213,447.37052488327026,28781,30031,5258,5258,1,0.19102520495653152,12.92081924560339,68.11604051664472,1,
smetric_default,codex152:15:152014:286,codex152,448.277640581131,83694,87418,39,39,1,0.6419279538094997,12.909698153012679,1.1325359679758549,1,
smetric_default,codex548:2:548001:439,codex548,448.3765215873718,24720,26039,361,361,1,2.138160824775696,6.473534895728032,4.468666695058346,1,
smetric_default,codex135:6:135005:391,codex135,449.402681350708,50113,52623,1659,1659,1,2.0802033245563507,15.73791003486072,28.173808477818966,1,
smetric_default,codex250:19:250018:249,codex250,449.9233992099762,66771,69592,44,44,1,0.4328385703265667,11.271704854660257,0.9178072214126587,1,
smetric_default,codex506:19:506018:326,codex506,451.220662355423,89775,93975,66,66,1,0.6003205291926861,15.715150477794499,1.62184601649642,1,
smetric_default,codex509:13:509012:410,codex509,451.47017526626587,51948,54457,90,90,1,1.7574280761182308,10.798062040899577,2.7185520082712173,1,
smetric_default,codex421:3:421002:440,codex421,452.41348600387573,36711,38457,39,39,1,2.2934391647577286,1.3868092118125213,2.3463046588003635,1,
smetric_default,codex119:14:119013:342,codex119,452.8138430118561,79915,83767,4202,4202,1,3.201425861567259,18.47827640623457,80.82887034863234,1,
smetric_default,codex166:5:166004:414,codex166,453.66943979263306,51392,53969,2788,2788,1,6.723473746329546,12.518084440600884,41.61158915609121,1,
smetric_default,codex220:5:220004:432,codex220,454.4698078632355,39109,41168,266,266,1,0.821954756975174,13.32388106944426,4.35294047370553,1,
smetric_default,codex526:20:526019:303,codex526,454.6964409351349,59684,62250,219,219,1,0.5999075062572956,14.134410426977578,3.6814254634082317,1,
smetric_default,codex294:8:294007:400,codex294,455.27761912345886,51588,54150,277,277,1,2.88483552262187,11.807408102828523,6.143909052014351,1,
smetric_default,codex548:3:548002:449,codex548,455.9249975681305,34751,36559,534,534,1,2.5972141958773136,8.862618853182552,7.321088634431362,1,
smetric_default,codex70:20:70019:134,codex70,456.4020447731018,86672,90096,261,261,1,0.5833768583834171,14.48747982772497,4.350331176072359,1,
smetric_default,codex73:9:73008:322,codex73,457.36220479011536,41482,43206,1052,1052,1,0.7960725165903568,11.4426052961658,12.822393849492073,1,
smetric_default,codex152:16:152015:304,codex152,457.66449546813965,83824,87554,38,38,1,0.8979569487273693,10.770771350409532,1.2967005148530006,1,
smetric_default,codex421:4:421003:447,codex421,457.80377984046936,37190,38966,317,317,1,0.7729001753032207,13.568895326667949,5.0607670322060585,1,
smetric_default,codex506:20:506019:335,codex506,458.1442391872406,90197,94418,75,75,1,0.8332584388554096,14.202884423571664,1.8843129314482212,1,
smetric_default,codex382:1:382000:460,codex382,459.3834981918335,13136,13800,422,422,1,1.3470732979476452,7.985025308052887,4.708871431648731,1,
smetric_default,codex152:17:152016:306,codex152,460.0194797515869,83952,87682,39,39,1,0.8713943287730217,13.332355179284749,1.3781164474785328,1,
smetric_default,codex509:14:509013:421,codex509,460.22463369369507,53337,55922,312,312,1,0.8704181648790836,10.80289590876202,4.230210483074188,1,
smetric_default,codex506:21:506020:339,codex506,462.0238070487976,90363,94585,58,58,1,0.605804305523634,9.26930084824562,1.1343000121414661,1,
smetric_default,codex436:13:436012:320,codex436,463.9828064441681,42321,43877,506,506,1,0.32699017226696014,9.5545129979601,5.152250319719315,1,
smetric_default,codex509:15:509014:425,codex509,465.23317527770996,59263,62152,107,107,1,2.6322359889745712,11.086099447225624,3.8074608743190765,1,
smetric_default,codex220:6:220005:445,codex220,466.41942715644836,58632,61798,201,201,1,8.571201760321856,12.80329767614603,11.13206410035491,0,
smetric_default,codex506:22:506021:341,codex506,466.75813722610474,90548,94786,152,152,1,0.664684534072876,12.908251573707885,2.6139774844050407,1,
smetric_default,codex421:5:421004:456,codex421,466.9876437187195,43485,45608,53,53,1,2.3980377949774265,6.878237956418441,2.75598868727684,1,
smetric_default,codex70:21:70020:142,codex70,467.27265548706055,88289,91779,47,47,1,7.7258253544569016,17.10801765970562,8.512834768742323,0,
smetric_default,codex526:21:526020:318,codex526,468.1195447444916,59905,62471,588,588,1,0.40607156604528427,15.101609361283419,9.27091757953167,1,
smetric_default,codex152:18:152017:319,codex152,469.70874547958374,84085,87816,69,69,1,0.5256253518164158,9.186220355331898,1.1504331193864346,1,
smetric_default,codex294:9:294008:417,codex294,471.19930124282837,54037,56703,867,867,1,1.185266450047493,9.428655014612108,9.350522872060537,1,
smetric_default,codex382:2:382001:482,codex382,471.87358808517456,20518,21564,325,325,1,1.3772591799497604,6.133307369402897,3.3646040111780167,1,
smetric_default,codex73:10:73009:327,codex73,473.69569849967957,42653,44385,111,111,1,0.3220316171646118,7.228551500222899,1.1173697002232075,1,
smetric_default,codex152:19:152018:325,codex152,474.7260649204254,84246,87982,86,86,1,0.5990762300789356,8.950730982948752,1.360026903450489,1,
smetric_default,codex508:1:508000:489,codex508,475.7826397418976,12977,13678,291,291,1,1.2982793860137463,5.904328013802397,3.0107006952166557,1,
smetric_default,codex548:4:548003:480,codex548,478.444899559021,37876,39850,341,341,1,1.1193295121192932,9.977774453513764,4.511812832206488,1,
smetric_default,codex73:11:73010:336,codex73,479.5554060935974,45008,46855,1004,1004,1,1.0047240145504475,9.070190276991452,10.102263901382685,1,
smetric_default,codex135:7:135006:397,codex135,480.545446395874,53474,56055,1811,1811,1,1.1334262304008007,13.120701511838158,24.88204473629594,1,
smetric_default,codex294:10:294009:424,codex294,481.65673661231995,56005,58728,211,211,1,0.810919214040041,8.51035989111378,2.598239067941904,1,
smetric_default,codex70:22:70021:151,codex70,482.41793394088745,88630,92142,1407,1407,1,0.9908272512257099,14.162501760070898,20.903474427759647,1,
smetric_default,codex382:3:382002:497,codex382,482.59085512161255,27038,28405,250,250,1,2.540361914783716,13.095671034242255,5.801229372620583,1,
smetric_default,codex506:23:506022:360,codex506,482.94572281837463,91818,96132,311,311,1,2.2653496749699116,11.921972192583546,5.9615569189190865,1,
smetric_default,codex152:20:152019:337,codex152,483.26301527023315,84364,88102,186,186,1,2.9008210971951485,12.048368840604216,5.129802111536264,1,
smetric_default,codex508:2:508001:502,codex508,483.37016773223877,26068,27460,343,343,1,2.7866953499615192,9.18780408843219,5.92906379699707,1,
smetric_default,codex509:16:509015:454,codex509,483.6438903808594,59944,62870,39,39,1,0.734485849738121,10.35729432968717,1.128156740218401,1,
smetric_default,codex526:22:526021:333,codex526,486.5139625072479,67103,69970,754,754,1,3.3703369572758675,15.280870752901352,14.876879826188087,1,
smetric_default,codex493:27:493026:264,codex493,486.81688165664673,81696,84803,79,79,1,0.7084859684109688,11.140336736272543,1.5774672329425812,1,
smetric_default,codex509:17:509016:458,codex509,487.2098767757416,61650,64673,39,39,1,1.200560212135315,8.011022386582274,1.5050713270902634,1,
smetric_default,codex220:7:220006:469,codex220,488.3869731426239,59050,62223,35,35,1,0.4670551270246506,17.060161294306024,1.0473713912069798,1,
smetric_default,codex548:5:548004:493,codex548,489.8697588443756,40750,42873,397,397,1,1.0413708128035069,15.907579778947612,7.340813096612692,1,
smetric_default,codex294:11:294010:436,codex294,490.71945309638977,60062,62980,691,691,1,1.9983067996799946,10.193008254619611,9.031551960855722,1,
smetric_default,codex509:18:509017:467,codex509,492.2472457885742,63532,66630,71,71,1,1.2988424524664879,8.00643302500248,1.8593524023890495,1,
smetric_default,codex308:1:308000:510,codex308,492.2969949245453,12525,13069,256,256,1,1.207846775650978,33.139275131272335,9.658401936292648,0,
smetric_default,codex508:3:508002:508,codex508,494.0968737602234,36170,38088,43,43,1,7.257629197090864,0.9684770234993526,7.2983605191111565,0,
smetric_default,codex152:21:152020:344,codex152,495.1601049900055,91046,95113,54,54,1,6.249951560050249,1.714928462257925,6.340937819331884,1,
smetric_default,codex506:24:506023:373,codex506,497.20310735702515,95043,99533,220,220,1,2.3444985672831535,27.277933595251277,8.318459678441286,1,
smetric_default,codex73:12:73011:345,codex73,497.68365240097046,46063,47911,323,323,1,0.28318121656775475,8.506494857694792,3.0223255194723606,1,
smetric_default,codex166:6:166005:430,codex166,498.42235684394836,55769,58413,1706,1706,1,1.0271542966365814,11.097356362426735,19.94818851724267,1,
smetric_default,codex548:6:548005:498,codex548,499.74645018577576,44992,47323,152,152,1,1.6561211980879307,10.71228368195477,3.2737699560821056,1,
smetric_default,codex509:19:509018:483,codex509,500.6985561847687,64542,67690,82,82,1,1.1145245619118214,42.99704689118597,4.597323145717382,1,
smetric_default,codex220:8:220007:491,codex220,500.91709899902344,59302,62489,41,41,1,0.63322888687253,17.284435965120792,1.324932750314474,1,
smetric_default,codex436:14:436013:361,codex436,501.09152126312256,52712,54762,1002,1002,1,4.219249803572893,10.610734256771538,14.840632613748312,1,
smetric_default,codex493:28:493027:279,codex493,501.3478579521179,81853,84963,91,91,1,0.6166512966156006,11.152782125605478,1.6204991154372692,1,
smetric_default,codex73:13:73012:348,codex73,501.79799032211304,53663,55847,894,894,1,2.872209344059229,13.28322213781374,14.734160244464874,1,
smetric_default,codex382:4:382003:514,codex382,501.9514091014862,27664,29047,112,112,1,3.353894978761673,10.446901022045463,4.513602811843157,1,
smetric_default,codex152:22:152021:347,codex152,502.6375916004181,91213,95282,571,571,1,0.6600750833749771,13.030912348052912,8.087843261659145,1,
smetric_default,codex508:4:508003:517,codex508,504.56109738349915,38100,40118,339,339,1,0.8249319829046726,13.163366217232316,5.274242330342531,1,
smetric_default,codex548:7:548006:503,codex548,505.28953981399536,52639,55388,4342,4342,1,3.1582554280757904,17.447543288226008,78.89808256551623,1,
smetric_default,codex70:23:70022:155,codex70,505.8890414237976,90076,93592,193,193,1,0.5375749543309212,12.682165659498423,2.9726411141455173,1,
smetric_default,codex220:9:220008:500,codex220,507.24340867996216,59561,62760,186,186,1,0.46931184083223343,10.983555300815686,2.50141292065382,1,
smetric_default,codex493:29:493028:290,codex493,507.52530336380005,82036,85154,77,77,1,1.000591054558754,11.93582340094604,1.9079266339540482,1,
smetric_default,codex250:20:250019:338,codex250,509.113525390625,66907,69731,50,50,1,1.4843256920576096,15.256546817871989,2.2319334857165813,1,
smetric_default,codex382:5:382004:522,codex382,509.2229378223419,31387,32966,308,308,1,1.405981793999672,11.380155173400327,4.899791896343231,1,
smetric_default,codex308:2:308001:525,codex308,509.35397934913635,29265,30688,331,331,1,3.4104410372674465,11.416429123192122,7.177898656576872,1,
smetric_default,codex152:23:152022:350,codex152,511.3376476764679,95430,99730,449,449,1,3.07043718919158,19.807251910346427,11.944184388965368,1,
smetric_default,codex135:8:135007:409,codex135,511.5474832057953,58148,60904,1437,1437,1,1.7835993878543377,10.258508236523625,16.514961782842875,1,
smetric_default,codex493:30:493029:296,codex493,511.8221764564514,84992,88201,35,35,1,2.3405629247426987,15.649525996516731,2.872736044228077,1,
smetric_default,codex294:12:294011:459,codex294,512.0443425178528,61037,63970,144,144,1,2.1496781706809998,14.916814915783755,4.282820496708155,1,
smetric_default,codex203:9:203008:406,codex203,512.2940084934235,58451,61119,244,244,1,0.5158472396433353,15.308521534680338,4.235860612243414,1,
smetric_default,codex422:16:422015:442,codex422,512.4233510494232,40805,42422,143,143,1,0.3654835969209671,13.015895924517805,2.21388928219676,1,
smetric_default,codex508:5:508004:526,codex508,515.9272201061249,48401,50899,248,248,1,3.6264680847525597,14.386726792162728,7.18003311380744,1,
smetric_default,codex70:24:70023:170,codex70,516.317239522934,90492,94032,243,243,1,0.9191922880709171,14.67805816060748,4.471380729228258,1,
smetric_default,codex220:10:220009:507,codex220,516.5226254463196,59837,63044,37,37,1,0.775231383740902,15.6984966662195,1.3405303619801998,1,
smetric_default,codex493:31:493030:305,codex493,518.3616111278534,99512,103469,65,65,1,10.853808365762234,29.391494346782565,12.734902415424585,0,
smetric_default,codex294:13:294012:465,codex294,518.7057180404663,64296,67349,414,414,1,10.556075684726238,14.495716274650565,16.54290110990405,0,
smetric_default,codex308:3:308002:528,codex308,518.8617959022522,42981,45110,206,206,1,3.9887631237506866,9.744995105557326,5.986697684973478,1,
smetric_default,codex220:11:220010:511,codex220,520.4090418815613,59964,63174,50,50,1,0.7376846261322498,12.080251030167755,1.3297903537750244,1,
smetric_default,codex250:21:250020:349,codex250,520.7367699146271,67049,69886,159,159,1,0.45730118080973625,9.010566139145743,1.8811134472489357,1,
smetric_default,codex213:8:213007:413,codex213,521.3750054836273,34080,35329,247,247,1,0.23950786143541336,10.728968140797885,2.878879901021719,1,
smetric_default,codex166:7:166006:438,codex166,522.8392119407654,58727,61434,3634,3634,1,1.0292084701359272,10.189040213569019,38.04603246971965,1,
smetric_default,codex422:17:422016:457,codex422,523.1033675670624,40991,42609,373,373,1,0.24895277991890907,8.913879983768027,3.5649536289274693,1,
smetric_default,codex436:15:436014:377,codex436,523.8544011116028,53782,55840,292,292,1,0.4079485349357128,16.22243915585308,5.1288382560014725,1,
smetric_default,codex220:12:220011:519,codex220,524.2482554912567,60046,63261,68,68,1,0.39216941595077515,12.154636153979087,1.2066265158355236,1,
smetric_default,codex524:1:524000:552,codex524,524.9910459518433,12728,13343,276,276,1,1.6730862185359001,9.577805589545857,4.30719294026494,1,
smetric_default,codex250:22:250021:355,codex250,525.2404265403748,67404,70249,79,79,1,0.49987732991576195,12.109470625336353,1.4445582665503025,1,
smetric_default,codex506:25:506024:411,codex506,526.4606449604034,97659,102295,259,259,1,2.3815258219838142,11.052993364458862,5.233237963169813,1,
smetric_default,codex508:6:508005:530,codex508,526.6595151424408,50868,53482,262,262,1,1.1387807428836823,8.843310762525062,3.4470296278595924,1,
smetric_default,codex70:25:70024:183,codex70,528.8208849430084,90774,94315,605,605,1,0.46784546598792076,15.929211449149427,10.0892940685153,1,
smetric_default,codex213:9:213008:426,codex213,529.6488702297211,35836,37148,418,418,1,0.6816543415188789,11.168246289237226,5.343090437352657,1,
smetric_default,codex308:4:308003:538,codex308,531.0877256393433,52478,55125,412,412,1,3.9035182259976864,10.685784302633753,8.295577205717564,1,
smetric_default,codex436:16:436015:384,codex436,531.6899218559265,56611,58804,161,161,1,5.348949499428272,32.75935617275536,10.590486016124487,0,
smetric_default,codex422:18:422017:468,codex422,531.8137595653534,41408,43027,615,615,1,3.173031762242317,9.698730835794237,9.128087926656008,1,
smetric_default,codex524:2:524001:558,codex524,532.0068242549896,14528,15204,295,295,1,0.6776721216738224,4.971808532164211,2.139533307403326,1,
smetric_default,codex250:23:250022:362,codex250,532.6742911338806,81171,84711,43,43,1,7.642808970063925,14.815934800675937,8.265115331858397,0,
smetric_default,codex220:13:220012:527,codex220,533.4675016403198,60225,63444,655,655,1,0.40877824649214745,15.776223756532422,10.72656698524952,1,
smetric_default,codex135:9:135008:423,codex135,534.9742646217346,64603,67603,58,58,1,2.6276437528431416,18.8085701512663,3.699828617274761,1,
smetric_default,codex524:3:524002:564,codex524,535.1836369037628,21738,22707,313,313,1,1.4051548205316067,7.722545439043106,3.814732514321804,1,
smetric_default,codex65:23:65022:233,codex65,535.6398131847382,101876,106155,70,70,1,1.0060634799301624,11.956164964299271,1.8312396630644798,1,
smetric_default,codex382:6:382005:549,codex382,538.3199112415314,31706,33285,141,141,1,1.99204720556736,14.056452842695373,3.9599973782896996,1,
smetric_default,codex203:10:203009:448,codex203,539.5812423229218,58877,61555,280,280,1,0.4692435525357723,12.570679481525147,3.976674973964691,1,
smetric_default,codex135:10:135009:428,codex135,539.8415641784668,65110,68139,206,206,1,0.614724975079298,12.414828560701231,3.159981604665518,1,
smetric_default,codex524:4:524003:568,codex524,540.3049275875092,26271,27461,283,283,1,1.240007933229208,6.4152605329633605,3.0491538755595684,1,
smetric_default,codex508:7:508006:544,codex508,540.7139015197754,55824,58664,214,214,1,2.649016086012125,6.68385859246545,4.07282330095768,1,
smetric_default,codex294:14:294013:481,codex294,540.9341061115265,67296,70514,1673,1673,1,1.674530565738678,21.69415833312644,37.94737683609128,1,
smetric_default,codex509:20:509019:529,codex509,541.4868748188019,64778,67928,1442,1442,1,1.1145977564156055,25.222602996414192,37.460517797619104,0,
smetric_default,codex278:1:278000:577,codex278,541.5406124591827,12612,13270,242,242,1,1.279744677245617,35.466093276298885,9.827291239053011,0,
smetric_default,codex250:24:250023:367,codex250,541.9064304828644,81306,84848,125,125,1,0.8280971422791481,9.584015655902125,2.016552709043026,1,
smetric_default,codex308:5:308004:546,codex308,542.2725698947906,90183,94805,271,271,1,19.514374576509,19.081134956192088,24.66645099967718,0,
smetric_default,codex493:32:493031:324,codex493,542.5823285579681,102459,106544,35,35,1,2.451667696237564,27.7317141127937,3.394828651100397,1,
smetric_default,codex119:15:119014:357,codex119,543.3463258743286,91494,95751,97,97,1,4.930461648851633,20.270830641190212,6.8766230419278145,1,
smetric_default,codex65:24:65023:242,codex65,543.915806055069,105797,110278,15019,15019,1,5.233600862324238,14.887209668634481,228.80980826541781,1,
smetric_default,codex382:7:382006:553,codex382,544.9364280700684,34492,36206,315,315,1,0.8981163501739502,8.02016527552134,3.4166721515357494,1,
smetric_default,codex203:11:203010:453,codex203,545.4232716560364,59710,62427,179,179,1,0.585520688444376,19.512146146277363,4.0587279088795185,1,
smetric_default,codex524:5:524004:575,codex524,546.5210566520691,34614,36251,220,220,1,2.8433898724615574,12.732522383536377,5.632017087191343,1,
smetric_default,codex250:25:250024:372,codex250,547.397901058197,81521,85069,179,179,1,0.8601199500262737,9.484601866328315,2.548594430088997,1,
smetric_default,codex422:19:422018:484,codex422,547.5267262458801,42067,43686,613,613,1,14.249685034155846,17.129152349738124,24.73310076072812,0,
smetric_default,codex135:11:135010:437,codex135,547.8173415660858,65958,69017,232,232,1,0.8684121295809746,8.734433117495987,2.8862126544117928,1,
smetric_default,codex213:10:213009:451,codex213,547.9383430480957,40253,41796,214,214,1,1.4286050349473953,11.83864866064188,3.9502740800380707,1,
smetric_default,codex508:8:508007:550,codex508,548.2180075645447,56599,59479,292,292,1,0.6145867183804512,8.13456197170048,2.9818876460194588,1,
smetric_default,codex436:17:436016:396,codex436,549.3533458709717,56783,58977,530,530,1,0.3256349414587021,8.79296494933067,4.9771550334990025,1,
smetric_default,codex278:2:278001:582,codex278,551.8843190670013,38512,40484,521,521,1,6.258527211844921,18.324210895941807,15.78721197322011,0,
smetric_default,codex508:9:508008:555,codex508,553.3954575061798,58366,61321,180,180,1,1.2536471895873547,8.106453770865276,2.704844444990158,1,
smetric_default,codex135:12:135011:443,codex135,553.5962765216827,66373,69438,5998,5998,1,4.551510360091925,21.557593001625786,133.83254788070917,0,
smetric_default,codex119:16:119015:364,codex119,553.9039528369904,92322,96618,86,86,1,1.0502465032041073,18.424203904236066,2.616519518196583,1,
smetric_default,codex250:26:250025:380,codex250,554.3240556716919,81731,85279,133,133,1,0.4798252619802952,9.504854001782158,1.7346076406538486,1,
smetric_default,codex250:27:250026:387,codex250,557.0604603290558,82057,85611,269,269,1,0.6862294189631939,13.505035024414312,4.305630151182413,1,
smetric_default,codex382:8:382007:569,codex382,557.7343673706055,35824,37601,343,343,1,0.6911644116044044,10.322463333781004,4.221484694629908,1,
smetric_default,codex352:1:352000:600,codex352,557.7980298995972,12527,13195,220,220,1,2.2565444968640804,20.488782458381564,6.743890345096588,0,
smetric_default,codex119:17:119016:369,codex119,558.1304750442505,93677,98035,8668,8668,1,1.933357983827591,19.591100369943828,171.729766048491,1,
smetric_default,codex508:10:508009:559,codex508,558.4035353660583,61630,64725,179,179,1,1.7408108860254288,8.412610362754778,3.2383995838463306,1,
smetric_default,codex220:14:220013:547,codex220,559.5912697315216,68135,71705,88,88,1,3.8159857876598835,14.69211036275173,5.094470348209143,1,
smetric_default,codex493:33:493032:343,codex493,560.8762583732605,117013,121853,91,91,1,11.109148435294628,30.886044518815144,13.889166869223118,0,
smetric_default,codex524:6:524005:591,codex524,561.1683745384216,40375,42320,639,639,1,1.8382962085306644,14.475640394143923,11.073958426713943,1,
smetric_default,codex203:12:203011:474,codex203,561.3590223789215,60087,62818,58,58,1,0.6048714742064476,5.0975936546660305,0.8956322520971298,1,
smetric_default,codex73:14:73013:420,codex73,561.9521226882935,54608,56797,97,97,1,0.3463066332042217,21.61000424530357,2.420906074345112,1,
smetric_default,codex203:13:203012:477,codex203,562.6661720275879,60237,62971,38,38,1,0.37289540469646454,9.705070104147936,0.7320210114121437,1,
smetric_default,codex506:26:506025:466,codex506,563.3888032436371,98199,102846,240,240,1,0.6922958008944988,14.008470331649901,4.040536116808653,1,
smetric_default,codex508:11:508010:565,codex508,563.8251578807831,65968,69281,2487,2487,1,2.7806567773222923,9.493135796951268,26.38073032349348,1,
smetric_default,codex421:6:421005:595,codex421,564.3672111034393,44229,46400,484,484,1,2.233719751238823,12.495171972868606,8.268925711512566,1,
smetric_default,codex382:9:382008:578,codex382,565.6429290771484,38192,40076,1210,1210,1,1.0008369609713554,9.844054904750204,12.902401484549046,1,
smetric_default,codex213:11:213010:479,codex213,565.7684178352356,41616,43214,1067,1067,1,0.6030727364122868,9.977448375207175,11.23920078203082,1,
smetric_default,codex352:2:352001:610,codex352,566.5905976295471,31522,33099,192,192,1,4.000420816242695,27.736867909656144,9.298567235469818,0,
smetric_default,codex73:15:73014:431,codex73,567.6461431980133,54926,57121,393,393,1,0.39574750512838364,14.83727985878988,6.212051291018724,1,
smetric_default,codex506:27:506026:470,codex506,569.2063500881195,98718,103385,70,70,1,0.8855580128729343,12.892140048569527,1.7753177471458912,1,
smetric_default,codex166:8:166007:455,codex166,569.8926520347595,62405,65115,591,591,1,0.37240302935242653,11.938945235589804,7.416522290557623,1,
smetric_default,codex220:15:220014:556,codex220,570.5673553943634,69349,72980,268,268,1,0.9702796638011932,13.876276920908845,4.6753368228673935,1,
smetric_default,codex203:14:203013:494,codex203,571.4621591567993,60368,63114,35,35,1,0.40123991668224335,22.630131091265117,1.170701578259468,1,
smetric_default,codex250:28:250027:404,codex250,572.6266038417816,82444,86002,38,38,1,0.5120015777647495,11.399916398364144,0.9340992756187916,1,
smetric_default,codex109:1:109000:636,codex109,574.2096405029297,12563,13194,249,249,1,1.2208780236542225,8.814395630672093,3.407052293419838,1,
smetric_default,codex524:7:524006:599,codex524,576.5919673442841,44704,46852,259,259,1,1.7838260307908058,14.468091850479444,5.516633201390505,1,
smetric_default,codex220:16:220015:560,codex220,576.8205907344818,70145,73800,2352,2352,1,0.6932661272585392,28.878497103207774,68.58676820248365,0,
smetric_default,codex203:15:203014:501,codex203,577.2850189208984,60494,63251,75,75,1,0.40621086210012436,9.148098075309315,1.0832099914550781,1,
smetric_default,codex213:12:213011:485,codex213,578.362651348114,42800,44399,250,250,1,0.3001463748514652,7.373207693837254,2.13617080450058,1,
smetric_default,codex278:3:278002:605,codex278,579.3849513530731,53579,56257,295,295,1,5.248473525047302,17.664960591870102,10.442362423986197,0,
smetric_default,codex250:29:250028:415,codex250,579.9957337379456,82604,86169,46,46,1,0.4954565390944481,8.709467947483063,0.8875242732465267,1,
smetric_default,codex509:21:509020:532,codex509,580.3358850479126,67612,70820,1572,1572,1,1.0775356106460094,9.572712513650776,16.116411868482828,1,
smetric_default,codex166:9:166008:463,codex166,581.9773766994476,63040,65754,173,173,1,0.5016675405204296,8.404430413488733,1.9473252557218075,1,
smetric_default,codex352:3:352002:631,codex352,582.1048626899719,36016,37865,656,656,1,1.3731797449290752,13.487216085195541,10.207404155284166,1,
smetric_default,codex422:20:422019:499,codex422,582.9735188484192,42726,44348,292,292,1,0.2954539395868778,12.044726867753615,3.8005644492805004,1,
smetric_default,codex524:8:524007:606,codex524,584.1827747821808,49762,52154,608,608,1,1.994694959372282,14.935511359223815,11.060756742954254,1,
smetric_default,codex213:13:213012:490,codex213,584.5196874141693,44644,46333,356,356,1,0.8679024130105972,13.420262093275365,5.632188145071268,1,
smetric_default,codex166:10:166009:472,codex166,587.197179555893,65720,68575,131,131,1,1.5655828639864922,15.067552861112814,3.524597007781267,1,
smetric_default,codex493:34:493033:365,codex493,587.934895992279,120000,124987,33,33,1,2.9034513868391514,9.446393698453903,3.2063062861561775,1,
smetric_default,codex203:16:203015:512,codex203,588.2609639167786,60661,63422,315,315,1,0.5825011841952801,15.55214166214132,5.4659106731414795,1,
smetric_default,codex88:1:88000:663,codex88,590.6217756271362,13989,14659,340,340,1,1.5487293973565102,7.920197768900598,4.233890283852816,1,
smetric_default,codex250:30:250029:435,codex250,591.1316714286804,82771,86342,43,43,1,1.0877474434673786,10.259986101161866,1.518762357532978,1,
smetric_default,codex213:14:213013:495,codex213,591.3302712440491,46635,48396,2138,2138,1,0.8464788943529129,12.244681416756649,27.013575609773397,1,
smetric_default,codex166:11:166010:476,codex166,592.1057448387146,65895,68752,6042,6042,1,0.3584977760910988,10.534456994108876,63.99729545414448,1,
smetric_default,codex109:2:109001:666,codex109,592.6365427970886,14407,15110,302,302,1,0.4631940536201,9.005157010895866,3.173783279955387,1,
smetric_default,codex250:31:250030:441,codex250,593.5318849086761,82933,86508,400,400,1,0.7048344388604164,9.954796109656641,4.676942799240351,1,
smetric_default,codex548:8:548007:516,codex548,593.7188625335693,57516,60299,4991,4991,1,0.8409121558070183,20.80084509206917,104.63734869658947,0,
smetric_default,codex508:12:508011:572,codex508,594.0998919010162,69188,72544,959,959,1,0.8207717314362526,8.970647731442044,9.414798099547625,1,
smetric_default,codex278:4:278003:619,codex278,594.5332021713257,65725,68993,467,467,1,5.481392662972212,32.27781809770498,20.52321818470955,0,
smetric_default,codex238:17:238016:185,codex238,595.8013019561768,135331,141252,219,219,1,0.7358715273439884,18.48845980172857,4.766447506844997,1,
smetric_default,codex88:2:88001:670,codex88,597.5294830799103,27097,28486,305,305,1,5.038474023342133,16.755791111408097,10.132329370826483,0,
smetric_default,codex509:22:509021:534,codex509,598.0161776542664,70284,73540,54,54,1,4.562680345028639,5.2915278049010155,4.843538131564856,1,
smetric_default,codex422:21:422020:513,codex422,598.1633548736572,46925,48761,205,205,1,4.410224732011557,18.817162597734555,8.249029606580734,0,
smetric_default,codex382:10:382009:613,codex382,599.3186409473419,39825,41732,362,362,1,0.6889597587287426,7.07130731596841,3.2417445071041584,1,
smetric_default,codex109:3:109002:673,codex109,599.4449737071991,15750,16498,299,299,1,0.5579800456762314,53.09913606201643,16.381617423146963,0,
smetric_default,codex493:35:493034:379,codex493,599.9891331195831,128358,133789,491,491,1,9.26406566053629,24.930854795538647,21.480339974164963,0,
smetric_default,codex70:26:70025:260,codex70,601.1022992134094,91646,95197,33,33,1,1.4829830341041088,12.276241090148687,1.875919695943594,1,
smetric_default,codex524:9:524008:620,codex524,601.7312920093536,55398,58036,243,243,1,3.118947345763445,15.426907965466997,6.852460566908121,1,
smetric_default,codex308:6:308005:607,codex308,602.0794401168823,92130,96834,283,283,1,2.0803546719253063,13.894525548139361,5.998710788786411,1,
smetric_default,codex238:18:238017:187,codex238,602.5450026988983,138283,144338,343,343,1,3.4000696912407875,18.71667738067128,9.80126478523016,1,
smetric_default,codex382:11:382010:617,codex382,603.7956509590149,42725,44771,2450,2450,1,1.3095454201102257,7.582981084660152,19.88040804490447,1,
smetric_default,codex294:15:294014:518,codex294,604.026861667633,72277,75639,899,899,1,5.212309964001179,19.67763331177373,22.882983345538378,1,
smetric_default,codex70:27:70026:265,codex70,604.5881686210632,92990,96605,503,503,1,1.3758446238934994,39.87072740655496,21.39116259291768,0,
smetric_default,codex511:1:511000:690,codex511,607.0405504703522,12443,13052,295,295,1,2.190492555499077,6.480982780557912,4.095944736152887,1,
smetric_default,codex508:13:508012:581,codex508,607.363217830658,71760,75206,66,66,1,1.8804133236408234,8.54291348503186,2.4357949048280716,1,
smetric_default,codex422:22:422021:521,codex422,607.9265508651733,47174,49012,305,305,1,0.30082767456769943,16.20952787465955,5.228568360209465,1,
smetric_default,codex509:23:509022:543,codex509,609.2198989391327,72036,75392,70,70,1,1.2520958743989468,12.067533759535223,2.085025567561388,1,
smetric_default,codex524:10:524009:628,codex524,610.0735857486725,56488,59165,46,46,1,0.7029239125549793,17.049130466249252,1.4701754748821259,1,
smetric_default,codex508:14:508013:586,codex508,611.130350112915,71950,75395,38,38,1,0.45540473237633705,7.91326366566323,0.748336311429739,1,
smetric_default,codex88:3:88002:683,codex88,611.5395336151123,32712,34386,202,202,1,1.5059224404394627,7.033786407454096,2.919866468757391,1,
smetric_default,codex524:11:524010:633,codex524,612.6825113296509,56746,59433,1888,1888,1,0.4576542563736439,15.858652606156369,30.38297350332141,1,
smetric_default,codex511:2:511001:699,codex511,613.1310589313507,18223,19143,371,371,1,1.4503962472081184,10.129481513757964,5.19859079644084,1,
smetric_default,codex508:15:508014:589,codex508,613.4669003486633,72683,76148,298,298,1,1.163386382162571,10.981870344792954,4.4251008331775665,1,
smetric_default,codex238:19:238018:195,codex238,616.4919662475586,138661,144720,477,477,1,1.3589279167354107,19.020867291368358,10.412954244762659,1,
smetric_default,codex278:5:278004:629,codex278,616.744307756424,70845,74375,321,321,1,3.1636775322258472,28.196054766885936,12.186639182269573,0,
smetric_default,codex308:7:308006:625,codex308,617.0832767486572,95028,99866,2593,2593,1,5.901987571269274,25.299377002132434,71.47801012173295,0,
smetric_default,codex88:4:88003:689,codex88,617.2666773796082,45317,47698,315,315,1,5.7107322961091995,18.776100140753066,11.606631588190794,0,
smetric_default,codex511:3:511002:704,codex511,619.4467840194702,25922,27252,463,463,1,1.6240487359464169,11.566880203428724,6.967984329909086,1,
smetric_default,codex508:16:508015:593,codex508,620.443968296051,72989,76454,8114,8114,1,0.6776632405817509,13.525448616010463,110.40966670587659,1,
smetric_default,codex509:24:509023:563,codex509,622.6792392730713,73110,76514,195,195,1,1.0052498541772366,19.310699065321497,4.751564610749483,1,
smetric_default,codex603:1:603000:718,codex603,623.4264426231384,12414,13081,297,297,1,1.229943122714758,11.925926041864866,4.760054804384708,1,
smetric_default,codex382:12:382011:624,codex382,626.4092471599579,45282,47331,9830,9830,1,0.3355141170322895,8.444966652656769,83.34124356880784,1,
smetric_default,codex493:36:493035:393,codex493,627.4147026538849,136292,142106,1245,1245,1,7.173623666167259,26.21634251818396,39.7867979221046,0,
smetric_default,codex238:20:238019:200,codex238,628.1782011985779,139172,145233,414,414,1,0.7791980467736721,19.082271608977283,8.660293482244015,1,
smetric_default,codex511:4:511003:709,codex511,628.5115156173706,28113,29537,284,284,1,0.6209346614778042,11.690772451170762,3.9296278692781925,1,
smetric_default,codex509:25:509024:567,codex509,629.8963119983673,75049,78547,3722,3722,1,1.3415532484650612,23.528965562982474,88.89314400777221,0,
smetric_default,codex70:28:70027:272,codex70,630.6901504993439,93532,97150,211,211,1,0.5053418166935444,38.57108255227406,8.60530535504222,1,
smetric_default,codex203:17:203016:562,codex203,631.1304893493652,61353,64138,48,48,1,1.0324369594454765,2.1241689299015287,1.13249184563756,1,
smetric_default,codex88:5:88004:697,codex88,631.8829436302185,79671,83847,1243,1243,1,15.870736435055733,21.85570828364667,43.015748891979456,0,
smetric_default,codex278:6:278005:637,codex278,632.1472058296204,73878,77598,605,605,1,1.9567395076155663,22.139608718158787,15.329270731657743,1,
smetric_default,codex511:5:511004:714,codex511,634.2292232513428,30034,31548,749,749,1,0.6041497439146042,13.567144544247318,10.752431198954582,1,
smetric_default,codex250:32:250031:504,codex250,636.6125800609589,83503,87080,79,79,1,0.6713779829442501,11.512901299656967,1.5694775693118572,1,
smetric_default,codex203:18:203017:570,codex203,637.265918970108,61512,64302,46,46,1,0.3917012847959995,12.085375934839249,0.9357013590633869,1,
smetric_default,codex250:33:250032:506,codex250,639.2891721725464,83863,87464,76,76,1,0.752291239798069,12.482054432233173,1.688547171652317,1,
smetric_default,codex109:4:109003:715,codex109,639.4274139404297,20246,21202,281,281,1,0.9486356563866138,32.42332546838692,10.027205385267735,0,
smetric_default,codex294:16:294015:533,codex294,640.3649094104767,73412,76784,6415,6415,1,0.5549422204494476,16.10216211108244,103.83434101566672,1,
smetric_default,codex238:21:238020:207,codex238,643.0546436309814,139621,145682,2173,2173,1,3.8922989703714848,22.925213588192427,53.68601293116808,0,
smetric_default,codex421:7:421006:719,codex421,643.2416498661041,48438,50807,313,313,1,1.6803560517728329,12.990424206528145,5.733517255634069,1,
smetric_default,codex603:2:603001:750,codex603,643.3432846069336,28511,29988,356,356,1,3.5901630222797394,21.684240308445943,11.288211897015572,0,
smetric_default,codex422:23:422022:566,codex422,649.4492118358612,47594,49438,169,169,1,0.3666488528251648,23.643039854332095,4.338725209236145,1,
smetric_default,codex506:28:506027:585,codex506,650.5869817733765,99325,104025,181,181,1,1.1761918105185032,14.090504455897545,3.7126036062836647,1,
smetric_default,codex524:12:524011:645,codex524,650.8147115707397,63140,66035,79,79,1,2.349229156970978,15.19149016493406,3.5343714579939842,1,
smetric_default,codex70:29:70028:292,codex70,652.6917836666107,93783,97402,163,163,1,0.4863242767751217,18.967367455731207,3.559079434722662,1,
smetric_default,codex220:17:220016:576,codex220,653.7767603397369,72507,76162,2937,2937,1,0.43245212733745575,20.82880642214328,61.586058631539345,1,
smetric_default,codex603:3:603002:756,codex603,655.5464565753937,38955,40985,276,276,1,3.247300148010254,22.150504060766913,9.33884697407484,0,
smetric_default,codex109:5:109004:728,codex109,655.6258761882782,22654,23710,312,312,1,0.6306334547698498,30.425046789205343,10.092978525906801,0,
smetric_default,codex524:13:524012:652,codex524,655.8424139022827,64042,66982,4489,4489,1,0.7616787329316139,15.902353529511235,72.13179409876466,1,
smetric_default,codex64:1:64000:773,codex64,656.2488160133362,14528,15360,256,256,1,1.5028885938227177,7.998329853894663,3.542670536786318,1,
smetric_default,codex421:8:421007:734,codex421,656.8938708305359,50498,52973,42,42,1,1.073931459337473,12.221795938363888,1.5752374269068241,1,
smetric_default,codex422:24:422023:571,codex422,657.311797618866,47859,49707,35,35,1,0.3705124780535698,22.86920411621823,1.1482204645872116,1,
smetric_default,codex203:19:203018:601,codex203,658.3787226676941,61670,64467,285,285,1,0.4200344868004322,8.928795777995822,2.955951765179634,1,
smetric_default,codex70:30:70029:298,codex70,658.7789480686188,94215,97844,33,33,1,0.764647550880909,78.30405724234879,3.270705498754978,1,
smetric_default,codex278:7:278006:656,codex278,659.2438726425171,77076,80939,2701,2701,1,1.856591135263443,20.489048029261607,57.17751309648156,1,
smetric_default,codex421:9:421008:740,codex421,660.473117351532,51461,53984,868,868,1,0.7385114654898643,13.073562265233047,12.073490612208843,1,
smetric_default,codex70:31:70030:300,codex70,663.7359337806702,94470,98114,136,136,1,0.6358251161873341,38.065254660668195,5.7749780006706715,1,
smetric_default,codex422:25:422024:587,codex422,666.3165593147278,47989,49837,39,39,1,0.3433392681181431,22.98137898507871,1.2169733755290508,1,
smetric_default,codex250:34:250033:537,codex250,667.1917145252228,84066,87673,82,82,1,0.5808385610580444,12.6038261309818,1.6019557565450668,1,
smetric_default,codex109:6:109005:737,codex109,669.812492609024,26658,27917,112,112,1,0.967672873288393,15.486517199524888,2.686911426484585,1,
smetric_default,codex250:35:250034:542,codex250,672.1436378955841,84259,87867,41,41,1,0.5389006994664669,15.936235990375282,1.1763903833925724,1,
smetric_default,codex287:1:287000:803,codex287,672.6434881687164,12815,13449,291,291,1,1.2451700568199158,5.717900472468344,2.9035075902938843,1,
smetric_default,codex421:10:421009:745,codex421,673.3136916160583,52579,55110,776,776,1,0.4217986762523651,14.297390460006653,11.502318449318409,1,
smetric_default,codex422:26:422025:596,codex422,673.6076195240021,48124,49975,43,43,1,0.36431795358657837,22.923203539990244,1.3271847888827324,1,
smetric_default,codex287:2:287001:811,codex287,676.6501941680908,19704,20669,325,325,1,1.2941503636538982,23.80055377696767,9.00604324042797,0,
smetric_default,codex109:7:109006:749,codex109,677.36518907547,26780,28039,713,713,1,0.186884343624115,15.862169685993303,11.481080371886492,1,
smetric_default,codex166:12:166011:509,codex166,677.9339723587036,71982,74845,354,354,1,0.5188275128602982,23.543088119107672,8.829679649323225,1,
smetric_default,codex213:15:213014:573,codex213,678.1698331832886,48827,50589,295,295,1,0.5415235497057438,26.463678410770942,8.322058200836182,1,
smetric_default,codex250:36:250035:551,codex250,678.4338960647583,84442,88062,59,59,1,0.5997682996094227,12.916623133009878,1.349278599023819,1,
smetric_default,codex203:20:203019:639,codex203,679.271246433258,66135,69117,46,46,1,2.2975521311163902,30.483232852485447,3.6693544425070286,1,
smetric_default,codex511:6:511005:778,codex511,682.0076303482056,32066,33650,278,278,1,0.5887170135974884,13.861718079888863,4.428618844598532,1,
smetric_default,codex422:27:422026:611,codex422,682.9371433258057,48263,50118,83,83,1,0.37872085720300674,19.01083789402392,1.9377002157270908,1,
smetric_default,codex603:4:603003:793,codex603,683.7128970623016,44068,46369,418,418,1,1.7932974137365818,23.288630913916254,11.504884701222181,1,
smetric_default,codex250:37:250036:557,codex250,684.8093807697296,84588,88212,39,39,1,0.5670309662818909,12.4507795431112,1.0403685830533504,1,
smetric_default,codex88:6:88005:729,codex88,688.5527596473694,80916,85092,177,177,1,0.4532761871814728,16.734209313819356,3.3985865488648415,1,
smetric_default,codex343:1:343000:838,codex343,689.0600049495697,13165,13864,247,247,1,1.319080661982298,15.24522744603758,5.069499559700489,1,
smetric_default,codex135:13:135012:450,codex135,689.8960044384003,72405,75470,339,339,1,0.4579431936144829,19.69139620705822,7.11379898712039,1,
smetric_default,codex422:28:422027:622,codex422,690.339437007904,48440,50296,65,65,1,0.35045988857746124,18.307647376786917,1.5222490467131138,1,
smetric_default,codex213:16:213015:583,codex213,691.0176591873169,54188,56232,278,278,1,2.2020911499857903,8.498242387164801,4.556249216198921,1,
smetric_default,codex421:11:421010:758,codex421,691.4496886730194,54003,56556,42,42,1,0.6427129730582237,19.21480358010385,1.4305632710456848,1,
smetric_default,codex109:8:109007:757,codex109,692.3038122653961,27564,28825,239,239,1,0.5830022841691971,14.55151048653266,4.046539850533009,1,
smetric_default,codex308:8:308007:638,codex308,692.8698954582214,97628,102466,1726,1726,1,0.5446500666439533,21.215641543917034,37.141732312738895,1,
smetric_default,codex343:2:343001:842,codex343,694.4281315803528,30144,31676,266,266,1,3.6686591617763042,15.886081586468894,7.878743685781956,1,
smetric_default,codex421:12:421011:762,codex421,695.9216380119324,54253,56817,314,314,1,2.179698396474123,15.475614264178962,7.023803539574146,1,
smetric_default,codex166:13:166012:523,codex166,696.3247601985931,72431,75303,285,285,1,0.46441447362303734,8.978820012383897,3.014552429318428,1,
smetric_default,codex88:7:88006:741,codex88,697.8545246124268,81558,85767,261,261,1,0.9164341762661934,28.243903944698665,8.259947903454304,1,
smetric_default,codex109:9:109008:759,codex109,698.7558333873749,28086,29364,213,213,1,0.3023999072611332,11.85834223299094,2.8166770301759243,1,
smetric_default,codex352:4:352003:821,codex352,699.8706912994385,37336,39211,1173,1173,1,0.5013737715780735,26.75710083859569,31.86073523759842,0,
smetric_default,codex73:16:73015:623,codex73,701.1627180576324,55571,57774,128,128,1,0.4861408956348896,35.314686596393585,4.97120213881135,1,
smetric_default,codex603:5:603004:807,codex603,702.8307123184204,54294,57112,305,305,1,4.245030391961336,26.30432164541593,12.242002859711647,0,
smetric_default,codex238:22:238021:215,codex238,703.8290410041809,141830,147891,412,412,1,3.2597920559346676,25.668110988508467,13.809421744197607,1,
smetric_default,codex203:21:203020:678,codex203,704.0629551410675,66342,69330,153,153,1,0.7231452651321888,30.212145984957093,5.315556857734919,1,
smetric_default,codex421:13:421012:766,codex421,704.2551877498627,54672,57245,200,200,1,0.6694898158311844,15.308291094386997,3.7159284614026546,1,
smetric_default,codex135:14:135013:462,codex135,704.4999322891235,75568,78801,1405,1405,1,2.170021668076515,14.680863174999882,22.782172486186028,1,
smetric_default,codex548:9:548008:524,codex548,704.728884935379,62591,65380,315,315,1,0.4604511074721813,15.558530950242547,5.345933295786381,1,
smetric_default,codex511:7:511006:816,codex511,704.915109872818,32352,33936,754,754,1,0.21552854403853416,13.097443779903262,10.07806771993637,1,
smetric_default,codex166:14:166013:531,codex166,705.5250108242035,76190,79214,2050,2050,1,3.294702272862196,17.063591701990806,38.2581000700593,1,
smetric_default,codex171:1:171000:859,codex171,705.5831105709076,13509,14166,284,284,1,3.1874428018927574,11.670682724078215,6.490341059863567,1,
smetric_default,codex109:10:109009:771,codex109,708.4567503929138,29874,31251,2904,2904,1,0.5986821353435516,13.217366139795548,38.968757543712854,1,
smetric_default,codex88:8:88007:752,codex88,710.55326628685,82732,86975,843,843,1,1.5038384199142456,21.38908242368783,19.513541024178267,1,
smetric_default,codex70:32:70031:358,codex70,710.8902020454407,94780,98438,35,35,1,0.6755055226385593,37.42075130781706,1.9481540098786354,1,
smetric_default,codex382:13:382012:632,codex382,711.2680399417877,55151,57202,339,339,1,0.38946301862597466,8.057214176425568,3.1128949858248234,1,
smetric_default,codex287:3:287002:857,codex287,712.0028235912323,24171,25376,370,370,1,0.9751700051128864,15.179608562370627,6.576539136469364,1,
smetric_default,codex213:17:213016:615,codex213,713.4761884212494,54883,56942,226,226,1,0.5064203068614006,16.230120559533436,4.158238861709833,1,
smetric_default,codex250:38:250037:604,codex250,714.6911871433258,84747,88380,281,281,1,0.523486789315939,9.806115033903293,3.2694772705435753,1,
smetric_default,codex64:2:64001:874,codex64,715.7422924041748,22411,23612,321,321,1,1.890992023050785,11.025028908625245,5.419224254786968,1,
smetric_default,codex70:33:70032:366,codex70,717.2874186038971,94966,98639,266,266,1,0.7595504261553288,15.697803587283728,4.919686507433653,1,
smetric_default,codex511:8:511007:824,codex511,717.4095120429993,33203,34794,43,43,1,0.4715760126709938,13.853413274600394,1.0535115376114845,1,
smetric_default,codex203:22:203021:692,codex203,717.6271991729736,66526,69514,39,39,1,0.39964206516742706,15.266555606534606,0.9798883348703384,1,
smetric_default,codex250:39:250038:609,codex250,719.3701734542847,92830,96836,379,379,1,5.234475463628769,13.943289204564675,10.505272720009089,1,
smetric_default,codex238:23:238022:219,codex238,720.2384691238403,142278,148340,586,586,1,0.8576481379568577,23.84094411236608,14.80474341288209,1,
smetric_default,codex171:2:171001:877,codex171,720.3553001880646,16653,17439,436,436,1,0.5774753056466579,20.830982786485517,9.639121275395155,1,
smetric_default,codex603:6:603005:827,codex603,721.9712691307068,61563,64774,50,50,1,3.3421872965991497,38.422188436498445,5.2252573519945145,1,
smetric_default,codex291:1:291000:889,codex291,722.0267336368561,12910,13540,287,287,1,1.2733699791133404,29.463371431285687,9.699929904192686,0,
smetric_default,codex203:23:203022:703,codex203,722.5607962608337,66701,69694,140,140,1,0.6954949460923672,21.34997419101729,3.6634287759661674,1,
smetric_default,codex213:18:213017:626,codex213,723.1288888454437,55283,57351,79,79,1,0.5366820245981216,25.905204363740406,2.5576403737068176,1,
smetric_default,codex511:9:511008:833,codex511,723.2452058792114,33745,35358,1506,1506,1,0.4164104647934437,20.165746154084157,30.766528490930796,1,
smetric_default,codex548:10:548009:540,codex548,723.6499290466309,63111,65909,65,65,1,0.514135617762804,15.21911279996857,1.4882036373019218,1,
smetric_default,codex64:3:64002:887,codex64,724.1536681652069,29992,31521,310,310,1,2.4696942009031773,19.023990819176422,8.348380267620087,1,
smetric_default,codex382:14:382013:651,codex382,724.5916101932526,55529,57586,974,974,1,0.5511508733034134,10.223978531201354,10.499188032001257,1,
smetric_default,codex509:26:509025:579,codex509,724.9586200714111,79637,83177,1445,1445,1,1.37971181422472,22.170172423805393,33.39372991397977,1,
smetric_default,codex343:3:343002:880,codex343,725.1309998035431,32941,34630,384,384,1,1.5150940455496311,17.184259423465704,8.096884243190289,1,
smetric_default,codex73:17:73016:662,codex73,725.918215751648,55750,57953,254,254,1,0.4607803374528885,21.9207523398013,6.006820481270552,1,
smetric_default,codex287:4:287003:873,codex287,726.9138834476471,32735,34348,340,340,1,2.134202215820551,15.618680720835659,7.428977780044079,1,
smetric_default,codex548:11:548010:545,codex548,727.8500759601593,65341,68223,555,555,1,1.4512143731117249,16.769097351371595,10.741339359432459,1,
smetric_default,codex213:19:213018:635,codex213,728.9010479450226,55536,57613,133,133,1,0.4264833368360996,18.145235198916808,2.821695316582918,1,
smetric_default,codex135:15:135014:471,codex135,730.8471848964691,77052,80289,2895,2895,1,0.5155404731631279,25.550967378447858,74.46013167127967,0,
smetric_default,codex70:34:70033:382,codex70,731.7143993377686,95393,99077,33,33,1,0.6245304718613625,18.52413546293974,1.217340923845768,1,
smetric_default,codex278:8:278007:688,codex278,732.9194159507751,82682,86718,678,678,1,2.094998173415661,19.035960295880034,14.982382092624903,1,
smetric_default,codex203:24:203023:716,codex203,733.976544380188,69257,72379,308,308,1,1.9445291012525558,22.690190784997196,8.910576868802309,1,
smetric_default,codex308:9:308008:644,codex308,734.331479549408,99773,104625,264,264,1,0.903606478124857,30.90368588047789,9.031426221132278,1,
smetric_default,codex64:4:64003:894,codex64,735.7048432826996,47664,50039,287,287,1,5.799421265721321,20.697455058668876,11.718936406075954,0,
smetric_default,codex88:9:88008:760,codex88,736.4022266864777,86247,90639,205,205,1,2.2075945399701595,26.381243458565546,7.589469965547323,1,
smetric_default,codex508:17:508016:602,codex508,736.9209339618683,81146,84613,1648,1648,1,4.595494635403156,20.359886279776376,38.12832275778055,1,
smetric_default,codex287:5:287004:885,codex287,737.4555838108063,37117,38965,187,187,1,1.822699349373579,21.19424818984924,5.7649931833148,1,
smetric_default,codex220:18:220017:612,codex220,737.7168955802917,75488,79145,1041,1041,1,0.8856216110289097,22.62438515989253,24.415152437984943,1,
smetric_default,codex421:14:421013:825,codex421,737.9188618659973,55328,57920,175,175,1,3.6020862944424152,18.407465825820793,6.805378556251526,1,
smetric_default,codex73:18:73017:675,codex73,738.090663433075,56249,58467,86,86,1,0.7819198444485664,35.00378464951235,3.7573962099850178,1,
smetric_default,codex524:14:524013:668,codex524,738.3708782196045,68568,71509,310,310,1,0.6722538024187088,16.113007109624284,5.65132462978363,1,
smetric_default,codex129:1:129000:923,codex129,738.4241192340851,12797,13392,287,287,1,1.696446754038334,15.631838916585997,6.167281601577997,1,
smetric_default,codex213:20:213019:648,codex213,738.5868310928345,55842,57928,82,82,1,0.6955936178565025,28.559105861702083,3.009356018155813,1,
smetric_default,codex291:2:291001:907,codex291,739.2689561843872,27990,29439,276,276,1,3.095943830907345,11.342850151387129,6.2152645364403725,1,
smetric_default,codex603:7:603006:854,codex603,739.9430463314056,62313,65557,410,410,1,1.1822236813604832,18.22929003237221,8.638042714446783,1,
smetric_default,codex382:15:382014:657,codex382,740.1166040897369,56544,58602,310,310,1,2.2587783746421337,10.541695004335114,5.5162000469863415,1,
smetric_default,codex119:18:119017:390,codex119,741.105126619339,102483,106842,1833,1833,1,0.7416598200798035,23.700814610794513,44.1618039123714,0,
smetric_default,codex506:29:506028:742,codex506,745.4730050563812,99777,104494,238,238,1,3.1230388917028904,9.499232995987946,5.3745870888233185,1,
smetric_default,codex352:5:352004:847,codex352,745.6267573833466,38519,40394,4955,4955,1,2.268753033131361,22.535908116019442,113.91173597052693,0,
smetric_default,codex203:25:203024:723,codex203,745.8831467628479,75662,79080,359,359,1,4.877363450825214,15.41711269310733,10.396734155714512,1,
smetric_default,codex294:17:294016:535,codex294,746.1997637748718,80003,83387,205,205,1,2.4028994478285313,6.387439373807579,3.7060823813080788,1,
smetric_default,codex88:10:88009:767,codex88,746.5746972560883,95292,100189,502,502,1,7.422263823449612,19.690885812698486,17.287436485290527,0,
smetric_default,codex70:35:70034:405,codex70,746.9101002216339,95617,99305,187,187,1,2.376880433410406,20.416823926792347,6.174612529575825,1,
smetric_default,codex238:24:238023:232,codex238,747.4030346870422,142899,148962,472,472,1,2.013304054737091,23.287625765851097,12.98212844133377,1,
smetric_default,codex421:15:421014:829,codex421,747.6498212814331,55599,58192,53,53,1,1.7780983187258244,17.939445347740097,2.7111777178943157,1,
smetric_default,codex291:3:291002:918,codex291,747.7737493515015,35378,37202,168,168,1,2.9467279873788357,11.305349338018967,4.834756266325712,1,
smetric_default,codex343:4:343003:910,codex343,747.8901877403259,35389,37184,1560,1560,1,1.5689682215452194,19.427422051765433,31.85637466982007,1,
smetric_default,codex166:15:166014:536,codex166,748.1608850955963,78306,81331,228,228,1,2.704299133270979,17.030221003924172,6.570275384932756,1,
smetric_default,codex213:21:213020:660,codex213,748.3640425205231,56099,58191,88,88,1,2.4916732981801033,20.126755724008053,4.242739569395781,1,
smetric_default,codex382:16:382015:667,codex382,748.5761895179749,56895,58956,93,93,1,2.1754478812217712,11.481328340976136,3.2319613844156265,1,
smetric_default,codex73:19:73018:687,codex73,748.8458144664764,56346,58564,298,298,1,5.155992120504379,21.62895288933006,11.579920746386051,0,
smetric_default,codex171:3:171002:919,codex171,749.2750749588013,22316,23387,308,308,1,1.5837917737662792,15.466736926900447,6.332390166819096,1,
smetric_default,codex129:2:129001:935,codex129,751.1504652500153,16596,17400,323,323,1,0.7511733397841454,9.051474447576155,3.665840692818165,1,
smetric_default,codex506:30:506029:747,codex506,752.5990829467773,100787,105535,75,75,1,1.4109389334917068,9.972723805018374,2.1490197367966175,1,
smetric_default,codex294:18:294017:539,codex294,752.8893375396729,80392,83778,156,156,1,0.9041512161493301,11.866722736627825,2.7437038086354733,1,
smetric_default,codex109:11:109010:783,codex109,753.0076999664307,32844,34223,188,188,1,0.23035134747624397,13.244282215196181,2.707127634435892,1,
smetric_default,codex70:36:70035:408,codex70,753.7749922275543,102471,106479,73,73,1,4.896381095051765,23.461420347707136,6.585643500089645,1,
smetric_default,codex359:1:359000:955,codex359,754.6799626350403,12687,13395,294,294,1,1.2565983720123768,7.342058300666841,3.4079655036330223,1,
smetric_default,codex129:3:129002:944,codex129,756.0970718860626,20053,21000,635,635,1,1.0376938916742802,15.69449998532372,10.988047309219837,1,
smetric_default,codex382:17:382016:676,codex382,756.2762229442596,57025,59092,95,95,1,0.49549471214413643,9.521868238423734,1.3906546868383884,1,
smetric_default,codex109:12:109011:786,codex109,756.38316822052,33255,34657,75,75,1,0.7542096637189388,45.63261981348734,4.131471544504166,1,
smetric_default,codex287:6:287005:915,codex287,756.7435593605042,38846,40762,1540,1540,1,0.7516123503446579,10.153425943355735,16.377888549119234,1,
smetric_default,codex548:12:548011:574,codex548,757.0379633903503,71404,74549,1115,1115,1,3.336324356496334,10.81251486119291,15.381561815738678,1,
smetric_default,codex382:18:382017:681,codex382,759.1896378993988,57208,59279,201,201,1,0.7798949256539345,8.334794398397207,2.4468934200704098,1,
smetric_default,codex64:5:64004:926,codex64,759.3930816650391,52653,55310,193,193,1,2.574963055551052,24.355111372036237,7.2511892430484295,1,
smetric_default,codex524:15:524014:696,codex524,759.6248741149902,68917,71858,180,180,1,0.7538657486438751,15.078549653125208,3.453075110912323,1,
smetric_default,codex511:10:511009:845,codex511,759.7466998100281,35307,36925,131,131,1,0.2739732339978218,40.429832900945954,5.529898185282946,1,
smetric_default,codex509:27:509026:584,codex509,760.3517546653748,81282,84827,3563,3563,1,0.5921457000076771,29.405941160741914,105.33614662662148,0,
smetric_default,codex603:8:603007:868,codex603,760.8665814399719,63692,66994,57,57,1,1.1066750325262547,14.527972122388226,1.920474387705326,1,
smetric_default,codex166:16:166015:548,codex166,761.6288466453552,78741,81777,308,308,1,0.8913528323173523,16.645999000398653,6.001771170645952,1,
smetric_default,codex278:9:278008:712,codex278,761.9478542804718,83368,87404,1555,1555,1,0.5778140388429165,29.077460337310377,45.76423892378807,0,
smetric_default,codex213:22:213021:679,codex213,762.5022945404053,56363,58466,348,348,1,0.43213049694895744,15.494090786756631,5.808687712997198,1,
smetric_default,codex506:31:506030:764,codex506,763.8515138626099,101398,106168,273,273,1,1.435433018952608,9.116759058088064,3.915335211902857,1,
smetric_default,codex359:2:359001:973,codex359,764.3280763626099,21725,22846,294,294,1,1.8530343361198902,17.578891659657703,7.004126604646444,1,
smetric_default,codex220:19:220018:618,codex220,764.8480486869812,76573,80232,161,161,1,0.8580595701932907,32.04113075044006,5.985022183507681,1,
smetric_default,codex308:10:308009:685,codex308,765.2257568836212,100078,104931,4866,4866,1,0.7818531356751919,32.96476587392811,161.15548430383205,0,
smetric_default,codex294:19:294018:554,codex294,765.6646091938019,80740,84140,122,122,1,0.9988031685352325,14.66008971545322,2.772889446467161,1,
smetric_default,codex109:13:109012:801,codex109,765.9919810295105,33575,34987,119,119,1,0.6630450896918774,14.8492808122251,2.4154560193419456,1,
smetric_default,codex511:11:511010:850,codex511,766.1733894348145,39802,41627,291,291,1,1.4919910170137882,26.467288169881392,9.167668029665947,1,
smetric_default,codex70:37:70036:419,codex70,766.6362130641937,102546,106554,541,541,1,0.5477227196097374,25.19545338496014,14.15336361527443,1,
smetric_default,codex524:16:524015:707,codex524,767.0734279155731,69134,72081,369,369,1,0.47728173807263374,16.06530400559954,6.389459066092968,1,
smetric_default,codex603:9:603008:878,codex603,767.5351560115814,64340,67665,939,939,1,0.798040471971035,39.149292472646685,37.52043678984046,0,
smetric_default,codex171:4:171003:949,codex171,768.7358181476593,25048,26226,227,227,1,1.1792180873453617,7.3800159008365815,2.8473369367420673,1,
smetric_default,codex238:25:238024:239,codex238,769.8950510025024,143407,149473,347,347,1,0.8689138330519199,39.775662630193494,14.631395071744919,1,
smetric_default,codex64:6:64005:931,codex64,770.2396988868713,57251,60130,317,317,1,2.1465518698096275,14.92791619340453,6.8639421463012695,1,
smetric_default,codex171:5:171004:956,codex171,773.8217926025391,28179,29553,273,273,1,0.8230915442109108,6.585630054092582,2.614531487226486,1,
smetric_default,codex65:25:65024:250,codex65,774.5871815681458,120854,125337,51,51,1,0.6302669197320938,10.60200572013855,1.1605684719979763,1,
smetric_default,codex359:3:359002:985,codex359,775.6898045539856,27185,28604,302,302,1,1.3141380809247494,9.119847399550814,4.0592480562627316,1,
smetric_default,codex508:18:508017:608,codex508,776.9929184913635,82837,86303,1414,1414,1,0.4472028575837612,38.015753212691365,54.16369319707155,0,
smetric_default,codex524:17:524016:713,codex524,777.7643899917603,69541,72500,294,294,1,0.6012980230152607,10.395651486139656,3.6472617462277412,1,
smetric_default,codex213:23:213022:695,codex213,777.9559814929962,56942,59056,109,109,1,0.40353547781705856,7.887800534566244,1.2555607296526432,1,
smetric_default,codex64:7:64006:938,codex64,779.7396323680878,91627,96331,1438,1438,1,19.851257022470236,30.77129714538343,64.06965120881796,0,
smetric_default,codex88:11:88010:802,codex88,780.1071228981018,96882,101828,1433,1433,1,1.3186428248882294,40.342441354175854,59.089056983590126,0,
smetric_default,codex73:20:73019:724,codex73,781.0426645278931,63289,65871,403,403,1,3.4935474283993244,41.002732845236416,19.976807858794928,0,
smetric_default,codex65:26:65025:258,codex65,781.4049928188324,120963,125449,495,495,1,0.6863788031041622,16.731095798162798,8.951639998704195,1,
smetric_default,codex359:4:359003:987,codex359,781.9515075683594,30527,32110,486,486,1,1.0184275656938553,15.248722544650443,8.414172109216452,1,
smetric_default,codex291:4:291003:981,codex291,782.4428715705872,42501,44683,244,244,1,2.8577321991324425,9.91779498357341,5.267800290137529,1,
smetric_default,codex171:6:171005:970,codex171,782.537036895752,28825,30225,242,242,1,0.7518830224871635,6.535762975077412,2.3271508626639843,1,
smetric_default,codex506:32:506031:791,codex506,782.9122498035431,102167,106980,76,76,1,2.472679514437914,14.735481838385263,3.577882245182991,1,
smetric_default,codex109:14:109013:830,codex109,783.0864913463593,34055,35481,35,35,1,1.9883957989513874,41.7404436670682,3.407607536762953,1,
smetric_default,codex129:4:129003:983,codex129,783.2818701267242,31592,33065,605,605,1,2.574610959738493,6.872886292241661,6.726089965552092,1,
smetric_default,codex70:38:70037:429,codex70,783.9232168197632,113341,117878,588,588,1,8.011081796139479,31.7155556401057,26.628400716930628,0,
smetric_default,codex287:7:287006:936,codex287,785.5667374134064,43388,45504,428,428,1,1.3458433039486408,51.50599810850983,23.33899776637554,0,
smetric_default,codex238:26:238025:243,codex238,786.4793531894684,150342,156781,665,665,1,7.255506545305252,27.652076703597263,25.61657566204667,0,
smetric_default,codex422:29:422028:790,codex422,786.8996849060059,48536,50392,321,321,1,0.4174087531864643,41.972788132261485,13.848739448934793,0,
smetric_default,codex532:1:532000:1020,codex532,787.4977931976318,13104,13777,208,208,1,1.4924200475215912,39.45432646550994,9.659505195915699,0,
smetric_default,codex213:24:213023:710,codex213,787.7064747810364,57132,59252,105,105,1,1.2927320934832096,54.83018280938268,6.99522265419364,0,
smetric_default,codex524:18:524017:727,codex524,788.1670770645142,69872,72837,179,179,1,0.4458393268287182,14.313252035821423,2.9936352781951427,1,
smetric_default,codex166:17:166016:580,codex166,788.928876876831,85649,88965,59,59,1,4.484366711229086,20.77066911191776,5.689105719327927,1,
smetric_default,codex511:12:511011:870,codex511,790.2730715274811,42464,44388,46,46,1,9.323026191443205,25.59650167822838,10.47490705922246,0,
smetric_default,codex421:16:421015:895,codex421,790.8129894733429,56511,59168,105,105,1,8.786877825856209,25.789802320874653,11.46911459043622,0,
smetric_default,codex359:5:359004:993,codex359,791.1577475070953,32382,34030,512,512,1,0.5770255774259567,6.987008176846047,4.147427696734667,1,
smetric_default,codex220:20:220019:659,codex220,792.601719379425,76820,80482,52,52,1,0.8167110495269299,23.561154948730096,2.018365390598774,1,
smetric_default,codex294:20:294019:594,codex294,793.0479035377502,81057,84483,82,82,1,0.9343194477260113,8.987514371121371,1.6624585799872875,1,
smetric_default,codex119:19:119018:401,codex119,793.3938691616058,104372,108737,323,323,1,0.6805849559605122,38.26388690088476,13.001859962940216,1,
smetric_default,codex506:33:506032:806,codex506,794.5886647701263,103258,108124,273,273,1,1.6118247956037521,19.81714491129798,7.002210356295109,1,
smetric_default,codex65:27:65026:268,codex65,795.1677227020264,121496,125985,48,48,1,0.7510578632354736,10.587367922701734,1.248814221471548,1,
smetric_default,codex171:7:171006:989,codex171,795.2989439964294,34714,36432,250,250,1,1.8636100552976131,53.23040724758164,15.118329551070929,0,
smetric_default,codex220:21:220020:664,codex220,796.1807677745819,76954,80624,33,33,1,0.988296139985323,11.66876987554133,1.3618489056825638,1,
smetric_default,codex294:21:294020:598,codex294,796.792222738266,81334,84778,125,125,1,1.0844241678714752,11.156840460194696,2.468081410974264,1,
smetric_default,codex109:15:109014:852,codex109,796.903802394867,34378,35811,287,287,1,0.5956572629511356,27.579137286939822,8.483331549912691,1,
smetric_default,codex213:25:213024:717,codex213,797.1476466655731,74415,77514,94,94,1,9.233367532491684,28.871425497595983,11.918692447245121,0,
smetric_default,codex291:5:291004:1001,codex291,797.8581256866455,49682,52211,428,428,1,2.9027778916060925,16.26917174570175,9.849749457091093,1,
smetric_default,codex129:5:129004:1002,codex129,799.4775147438049,38909,40730,142,142,1,4.221754625439644,16.1822887124322,6.50354927033186,0,
smetric_default,codex548:13:548012:621,codex548,800.7042241096497,74812,78073,1289,1289,1,3.0247697904706,11.707827162506602,18.104577474296093,1,
smetric_default,codex220:22:220021:671,codex220,801.4191963672638,77461,81153,361,361,1,0.8312726020812988,25.838321861293583,10.133211258798838,1,
smetric_default,codex359:6:359005:1007,codex359,801.5391020774841,33778,35462,320,320,1,0.5238214991986752,9.254790632328643,3.4763852916657925,1,
smetric_default,codex511:13:511012:875,codex511,802.6002869606018,42614,44540,83,83,1,1.1217742674052715,13.195978704749084,2.204000886529684,1,
smetric_default,codex506:34:506033:810,codex506,803.0485520362854,107236,112259,53,53,1,3.866415359079838,15.251754066691948,4.659543059766293,1,
smetric_default,codex524:19:524018:751,codex524,803.2830681800842,70087,73056,244,244,1,1.4004654288291931,10.68777945122601,3.997819386422634,1,
smetric_default,codex421:17:421016:899,codex421,803.4846935272217,56872,59543,229,229,1,0.7564454935491085,33.01906075916792,8.284941218793392,1,
smetric_default,codex422:30:422029:799,codex422,803.6444461345673,48964,50820,38,38,1,0.4477388858795166,39.67656003865036,1.916036032140255,1,
smetric_default,codex532:2:532001:1039,codex532,803.6952691078186,13776,14477,302,302,1,0.9810966551303864,10.06993139007955,4.01218418776989,1,
smetric_default,codex389:1:389000:1058,codex389,803.9093217849731,12928,13608,287,287,1,1.3055512234568596,12.039547460479337,4.748907878994942,1,
smetric_default,codex166:18:166017:597,codex166,804.6655476093292,87050,90431,1138,1138,1,1.7822275459766388,12.772781533584746,16.304976150393486,1,
smetric_default,codex343:5:343004:965,codex343,806.2124273777008,41392,43376,47,47,1,2.1264142356812954,37.67167023666527,3.859349552541971,1,
smetric_default,codex135:16:135015:475,codex135,806.8939006328583,80095,83344,147,147,1,0.9622211270034313,24.26384963503439,4.504984017461538,1,
smetric_default,codex511:14:511013:881,codex511,807.1425273418427,43815,45804,120,120,1,1.2464422024786472,27.87299607606495,4.563660256564617,1,
smetric_default,codex65:28:65027:282,codex65,807.6995301246643,121604,126094,1305,1305,1,0.9726508148014545,18.009649461100988,24.45727562531829,1,
smetric_default,codex359:7:359006:1014,codex359,807.8341863155365,35082,36835,2912,2912,1,0.6298584267497063,16.447318037661518,48.50816370919347,1,
smetric_default,codex524:20:524019:753,codex524,808.1987841129303,70367,73339,59,59,1,0.5411200970411301,22.895699110010575,1.86910954490304,1,
smetric_default,codex129:6:129005:1010,codex129,808.6544995307922,40078,41965,155,155,1,0.6309776902198792,12.161606850175115,2.5040740706026554,1,
smetric_default,codex506:35:506034:819,codex506,810.0585160255432,108751,113831,70,70,1,1.643300075083971,13.090759515762329,2.546605311334133,1,
smetric_default,codex343:6:343005:972,codex343,812.0262730121613,41768,43769,350,350,1,0.5863615497946739,23.570115040229865,8.812573656439781,1,
smetric_default,codex421:18:421017:902,codex421,812.599372625351,58092,60817,1596,1596,1,0.7886012531816959,30.61494229355576,49.61946838721633,0,
smetric_default,codex129:7:129006:1019,codex129,813.9022817611694,40235,42122,220,220,1,0.6729141362011433,11.131866371522756,3.1110705584287643,1,
smetric_default,codex220:23:220022:680,codex220,814.3321325778961,77866,81570,72,72,1,1.5068730153143406,4.61543524559115,1.8346096388995647,1,
smetric_default,codex135:17:135016:487,codex135,814.5638613700867,80280,83529,433,433,1,1.280679203569889,10.175292440517634,5.677190724760294,1,
smetric_default,codex238:27:238026:252,codex238,815.2845242023468,152316,158814,1097,1097,1,4.557088650763035,26.38884153502592,33.47948790341616,0,
smetric_default,codex506:36:506035:826,codex506,815.7012875080109,109125,114222,266,266,1,1.1443070769309998,16.90866635093149,5.625346474349499,1,
smetric_default,codex109:16:109015:861,codex109,815.8188276290894,34797,36241,34,34,1,0.7198717147111893,1.622722681724664,0.7735150828957558,1,
smetric_default,codex603:10:603009:900,codex603,816.1591074466705,68502,71985,3936,3936,1,3.751046657562256,32.56440060509054,131.89223992452025,0,
smetric_default,codex119:20:119019:418,codex119,816.5216765403748,104963,109338,127,127,1,3.400408674031496,40.829330475793945,8.545058228075504,1,
smetric_default,codex171:8:171007:1008,codex171,817.6781713962555,37119,38953,175,175,1,1.112314336001873,11.71422407202337,3.150803506374359,1,
smetric_default,codex532:3:532002:1062,codex532,817.7485482692719,18688,19607,289,289,1,1.0367887318134308,16.867986039465503,5.894805755466223,1,
smetric_default,codex278:10:278009:732,codex278,818.7080502510071,84967,89004,1392,1392,1,0.6110328063368797,15.513990527001496,22.19108309969306,1,
smetric_default,codex389:2:389001:1079,codex389,818.7822716236115,17771,18679,423,423,1,0.963465966284275,9.234127946092054,4.86030625924468,1,
smetric_default,codex382:19:382018:776,codex382,819.5657715797424,58146,60269,52,52,1,0.6737924963235855,16.429697400798986,1.5118034519255161,1,
smetric_default,codex362:1:362000:1086,codex362,820.3194017410278,13228,13910,234,234,1,1.3146981298923492,5.6772690921893965,2.6376450024545193,1,
smetric_default,codex422:31:422030:828,codex422,820.5608525276184,49108,50974,50,50,1,0.37831397354602814,40.26678843157632,2.3514897041022778,1,
smetric_default,codex287:8:287007:967,codex287,821.8836977481842,48888,51272,564,564,1,2.0398102328181267,9.5354431502349,7.40836700797081,1,
smetric_default,codex511:15:511014:905,codex511,823.2762005329132,44543,46567,188,188,1,0.5567026399075985,37.4382110163171,7.558073617517948,0,
smetric_default,codex294:22:294021:643,codex294,823.6367855072021,81652,85109,266,266,1,0.5732875503599644,12.062929148943919,3.7700604870915413,1,
smetric_default,codex532:4:532003:1067,codex532,824.1981754302979,21534,22612,263,263,1,0.8409114517271519,20.976220207814954,6.336725182831287,1,
smetric_default,codex382:20:382019:784,codex382,824.4652171134949,58616,60754,141,141,1,1.0997487381100655,60.65084511148078,9.590972058475018,0,
smetric_default,codex220:24:220023:693,codex220,824.7219514846802,78039,81745,35,35,1,0.8496784046292305,2.8422272161525837,0.946523692458868,1,
smetric_default,codex171:9:171008:1021,codex171,824.8812849521637,37301,39135,318,318,1,0.6786602549254894,9.81869895234469,3.7914111763238907,1,
smetric_default,codex343:7:343006:984,codex343,825.033994436264,44390,46484,2369,2369,1,1.2273134551942348,27.586712925128538,66.55286859720945,0,
smetric_default,codex129:8:129007:1038,codex129,825.2526741027832,41536,43480,1221,1221,1,1.002544928342104,13.764841744645697,17.795691531151533,1,
smetric_default,codex389:3:389002:1082,codex389,825.359127998352,29078,30514,335,335,1,6.262779638171196,23.477020723644845,14.10414895042777,0,
smetric_default,codex422:32:422031:835,codex422,825.5451188087463,49264,51132,55,55,1,0.7133705653250217,33.940799879255124,2.5464049614965916,1,
smetric_default,codex506:37:506036:837,codex506,826.2360479831696,110966,116163,357,357,1,5.396403472870588,22.98515092246653,13.57926682755351,1,
smetric_default,codex135:18:135017:496,codex135,826.6293315887451,85978,89493,1651,1651,1,3.9183356799185276,12.840401403831713,25.105092655867338,1,
smetric_default,codex524:21:524020:779,codex524,827.0276103019714,70958,73964,1182,1182,1,0.9219789877533913,18.55064018185516,22.830556638538837,1,
smetric_default,codex291:6:291005:1046,codex291,827.2278425693512,56174,59001,195,195,1,4.436177186667919,23.12202987827591,8.921942979097366,0,
smetric_default,codex109:17:109016:882,codex109,827.6719348430634,34967,36415,71,71,1,0.26198333874344826,9.946140221187047,0.9583060368895531,1,
smetric_default,codex166:19:166018:616,codex166,830.2383353710175,88251,91635,200,200,1,2.219469375908375,33.893066285243584,8.964225485920906,1,
smetric_default,codex548:14:548013:647,codex548,830.5268042087555,80998,84513,569,569,1,3.064814791083336,14.54522079643859,11.326553620398045,1,
smetric_default,codex362:2:362001:1098,codex362,830.7259891033173,32002,33610,319,319,1,5.126134172081947,15.770563246600283,10.141442157328129,0,
smetric_default,codex287:9:287008:977,codex287,832.1510472297668,52146,54669,4272,4272,1,3.7057075798511505,15.292512866539967,69.02024052664638,1,
smetric_default,codex511:16:511015:912,codex511,832.4398601055145,50808,53146,46,46,1,2.4337309077382088,30.98559371299214,3.828426457941532,1,
smetric_default,codex109:18:109017:893,codex109,833.3145925998688,35049,36498,345,345,1,0.28962890803813934,15.43884433069548,5.600628305226564,1,
smetric_default,codex422:33:422032:848,codex422,835.0910761356354,50762,52712,63,63,1,0.9207607619464397,46.66170604046314,3.8138207755982876,1,
smetric_default,codex532:5:532004:1081,codex532,836.6456227302551,23566,24695,61,61,1,0.6841451562941074,26.242956891655922,2.2587556578218937,1,
smetric_default,codex272:1:272000:1104,codex272,836.706405878067,13201,13914,213,213,1,2.202382665127516,10.194447735008204,4.363843318074942,1,
smetric_default,codex65:29:65028:293,codex65,837.0992698669434,123084,127586,35,35,1,0.9863530658185482,24.070821045076148,1.8048050329089165,1,
smetric_default,codex511:17:511016:917,codex511,837.3176376819611,53523,55994,435,435,1,1.6030593924224377,32.22483884079665,15.588741440325975,0,
smetric_default,codex119:21:119020:446,codex119,838.779346704483,105298,109681,81,81,1,0.9073624238371849,42.0795033685863,4.27376401424408,1,
smetric_default,codex382:21:382020:798,codex382,839.1917934417725,58791,60930,273,273,1,0.5989283472299576,10.956400553421938,3.5791087076067924,1,
smetric_default,codex213:26:213025:770,codex213,839.447779417038,74686,77789,323,323,1,0.5605854913592339,13.121297640830093,4.785744778811932,1,
smetric_default,codex422:34:422033:853,codex422,839.6674451828003,50933,52890,44,44,1,0.4134339541196823,19.28428352572197,1.2427517995238304,1,
smetric_default,codex532:6:532005:1084,codex532,841.1971974372864,26526,27804,287,287,1,0.8050609417259693,26.569474579675212,8.404095340520144,0,
smetric_default,codex65:30:65029:299,codex65,841.7875437736511,124633,129201,532,532,1,2.393717333674431,17.858007666698732,11.87635575979948,1,
smetric_default,codex272:2:272001:1108,codex272,841.8510785102844,14780,15589,370,370,1,0.33389413356781006,8.114781149922994,3.3283085264265537,1,
smetric_default,codex278:11:278010:738,codex278,842.7628681659698,86399,90438,156,156,1,0.8149690963327885,16.021960517091134,3.2984106093645096,1,
smetric_default,codex508:19:508018:634,codex508,843.0383262634277,84295,87764,925,925,1,0.5278409235179424,25.043628146283297,23.668721228837967,1,
smetric_default,codex291:7:291006:1066,codex291,843.8014199733734,57667,60546,214,214,1,1.2643424570560455,74.63853031466824,17.16238633543253,0,
smetric_default,codex88:12:88011:808,codex88,844.1534833908081,100326,105385,141,141,1,2.0975189991295338,34.0623725471752,6.866343691945076,1,
smetric_default,codex119:22:119021:452,codex119,845.8590672016144,105541,109937,85,85,1,0.9224677979946136,31.06084004754112,3.5317880026996136,1,
smetric_default,codex389:4:389003:1093,codex389,846.0548117160797,48587,51066,379,379,1,9.457647141069174,46.19299365138566,26.918823286890984,0,
smetric_default,codex129:9:129008:1048,codex129,846.2255983352661,48303,50518,2881,2881,1,2.129950862377882,14.895773390566722,45.029870841652155,1,
smetric_default,codex382:22:382021:804,codex382,846.748033285141,63994,66385,311,311,1,12.515125826001167,38.38526624585352,24.414775505661964,0,
smetric_default,codex272:3:272002:1111,codex272,847.5369837284088,23057,24282,433,433,1,11.802550364285707,32.86620824494295,26.000789776444435,0,
smetric_default,codex422:35:422034:864,codex422,851.451719045639,51136,53100,290,290,1,0.3765782117843628,37.08850045827021,11.09544176980853,0,
smetric_default,codex506:38:506037:855,codex506,852.5861871242523,115915,121337,354,354,1,6.764124449342489,37.34727666077465,19.94793478026986,0,
smetric_default,codex109:19:109018:925,codex109,852.7497458457947,38566,40178,75,75,1,1.1729652173817158,10.411638665843654,1.9435392655432224,1,
smetric_default,codex40:1:40000:1128,codex40,853.1248817443848,12784,13459,218,218,1,1.277122352272272,5.598845020417244,2.492169663310051,1,
smetric_default,codex166:20:166019:641,codex166,853.6543641090393,93198,96828,308,308,1,3.696956705302,15.410918572535344,8.428143247961998,1,
smetric_default,codex511:18:511017:922,codex511,853.8629522323608,57547,60210,124,124,1,1.8344254232943058,30.088155583395224,5.535490319132805,1,
smetric_default,codex88:13:88012:818,codex88,854.3867390155792,102969,108120,7693,7693,1,2.3321075327694416,26.57728633410876,206.7648694217205,0,
smetric_default,codex548:15:548014:672,codex548,855.4953384399414,81612,85127,354,354,1,0.4607120044529438,17.34780926500096,6.584530860185623,1,
smetric_default,codex220:25:220024:748,codex220,856.2353813648224,78198,81914,315,315,1,0.47420965880155563,13.531326440868863,4.723086196929216,1,
smetric_default,codex524:22:524021:796,codex524,856.6477129459381,72179,75187,312,312,1,0.5042640082538128,10.773804481964785,3.8549545407295227,1,
smetric_default,codex65:31:65030:307,codex65,858.1210014820099,125203,129773,48,48,1,0.9462491944432259,15.324728999366151,1.6667250245809555,1,
smetric_default,codex135:19:135018:505,codex135,858.4330787658691,88031,91561,158,158,1,0.7865266837179661,12.548124975269767,2.7567251659929752,1,
smetric_default,codex40:2:40001:1135,codex40,858.6959037780762,16307,17133,323,323,1,0.7339095771312714,12.912141992160992,4.891713384538889,1,
smetric_default,codex359:8:359007:1031,codex359,860.1840853691101,38854,40661,298,298,1,0.8287393040955067,8.822031758148663,3.4490254186093807,1,
smetric_default,codex278:12:278011:761,codex278,860.4961562156677,86595,90635,232,232,1,1.7372367344796658,7.337178293115649,3.432165388017893,1,
smetric_default,codex532:7:532006:1100,codex532,860.6045594215393,28168,29499,58,58,1,1.6123171113431454,0.020910446581087615,1.6135450936853886,1,
smetric_default,codex119:23:119022:473,codex119,860.9456431865692,105789,110200,131,131,1,1.295690942555666,123.66300881482088,17.372101664543152,0,
smetric_default,codex238:28:238027:273,codex238,862.0648741722107,166746,173918,2588,2588,1,15.048090495169163,35.656128047019024,107.29059344530106,0,
smetric_default,codex109:20:109019:934,codex109,862.2065739631653,38776,40392,511,511,1,0.3022463992238045,22.14445415519032,11.596155278384686,1,
smetric_default,codex422:36:422035:866,codex422,862.9356708526611,51471,53440,54,54,1,0.5005016662180424,42.48931596301637,2.7524698115885258,1,
smetric_default,codex291:8:291007:1073,codex291,863.4216697216034,60848,63880,290,290,1,1.843293972313404,28.606115753366048,10.110500831156969,1,
smetric_default,codex421:19:421018:908,codex421,863.9236357212067,60469,63235,5345,5345,1,0.8841401301324368,28.053932220251216,150.8044016622007,0,
smetric_default,codex220:26:220025:755,codex220,864.2957398891449,78594,82315,33,33,1,0.7320581339299679,7.8663029707968235,0.9838965907692909,1,
smetric_default,codex548:16:548015:677,codex548,864.5597779750824,82318,85847,590,590,1,1.146015889942646,21.688892684737773,13.920864038169384,1,
smetric_default,codex213:27:213026:813,codex213,864.7952930927277,75188,78305,569,569,1,0.538451761007309,32.10658905371814,18.775150295346975,0,
smetric_default,codex359:9:359008:1034,codex359,865.2158942222595,39664,41501,430,430,1,0.48270563036203384,14.16183218776763,6.558223728090525,1,
smetric_default,codex166:21:166020:653,codex166,865.678219795227,93925,97569,317,317,1,0.9074507094919682,39.655179740224455,13.438827641308308,0,
smetric_default,codex65:32:65031:316,codex65,866.5574781894684,125312,129885,6392,6392,1,0.6679691858589649,17.291817857828935,111.18016103282571,1,
smetric_default,codex362:3:362002:1139,codex362,867.0542242527008,39275,41295,263,263,1,2.1792471446096897,36.472290299320946,11.735281642526388,0,
smetric_default,codex509:28:509027:588,codex509,867.5431005954742,84962,88513,1905,1905,1,0.6241186708211899,33.66688873712756,64.72591360658407,0,
smetric_default,codex524:23:524022:812,codex524,868.7092032432556,72697,75726,117,117,1,0.5424447767436504,20.294210648742215,2.896850924938917,1,
smetric_default,codex511:19:511018:939,codex511,869.0625252723694,58398,61090,119,119,1,1.2125669866800308,22.371819558537613,3.852887287735939,1,
smetric_default,codex251:1:251000:1155,codex251,869.5201849937439,12610,13343,268,268,1,1.7896378114819527,14.08539398500089,5.550581112504005,1,
smetric_default,codex508:20:508019:640,codex508,870.0100162029266,85264,88737,85,85,1,0.7411004155874252,29.553782904431934,3.2237142771482468,1,
smetric_default,codex220:27:220026:763,codex220,870.259370803833,79423,83185,325,325,1,1.0989104583859444,14.007780068542488,5.637468680739403,1,
smetric_default,codex40:3:40002:1152,codex40,870.9364318847656,26025,27336,287,287,1,1.9638974480330944,16.674206207890613,6.73306231200695,1,
smetric_default,codex422:37:422036:879,codex422,871.9614408016205,51605,53577,75,75,1,0.5299411416053772,39.758088369224524,3.4722042866051197,1,
smetric_default,codex278:13:278012:777,codex278,872.4763007164001,86867,90908,153,153,1,0.5252093337476254,16.229158733040094,2.9921349361538887,1,
smetric_default,codex511:20:511019:943,codex511,873.5251262187958,58831,61540,72,72,1,0.6062458716332912,27.73677001536732,2.575780063867569,1,
smetric_default,codex508:21:508020:642,codex508,874.6180865764618,86137,89666,753,753,1,1.291808620095253,28.07189749573615,22.40216638892889,0,
smetric_default,codex291:9:291008:1076,codex291,875.7515478134155,68830,72263,345,345,1,5.300096157938242,46.36956539091676,21.25126326456666,0,
smetric_default,codex359:10:359009:1042,codex359,875.8921647071838,40512,42369,1571,1571,1,1.0249859914183617,15.793664708353912,25.821131452918053,1,
smetric_default,codex532:8:532007:1119,codex532,876.3346309661865,28575,29928,43,43,1,0.7588196471333504,10.368245698156812,1.1943268775939941,1,
smetric_default,codex352:6:352005:871,codex352,876.4928596019745,43516,45395,1714,1714,1,0.8246910721063614,41.38935339064606,71.72482935339212,0,
smetric_default,codex506:39:506038:862,codex506,876.9074132442474,116671,122109,254,254,1,4.153922118246555,51.652942147297345,17.222504917532206,0,
smetric_default,codex171:10:171009:1103,codex171,877.0861663818359,40499,42471,169,169,1,1.2309646755456924,26.421153496596077,5.6697646751999855,1,
smetric_default,codex422:38:422037:886,codex422,877.3044815063477,51786,53764,33,33,1,0.3873908072710037,41.31009499542415,1.7095455825328827,1,
smetric_default,codex511:21:511020:952,codex511,877.5235204696655,59164,61883,1045,1045,1,0.5778467580676079,28.919914523246646,30.7704654969275,0,
smetric_default,codex251:2:251001:1162,codex251,878.4091806411743,15652,16524,337,337,1,0.5388969220221043,13.092750583642296,4.938331417739391,1,
smetric_default,codex532:9:532008:1123,codex532,878.7433276176453,29016,30386,258,258,1,0.30893123894929886,17.3435222777875,4.766448996961117,1,
smetric_default,codex278:14:278013:787,codex278,879.5717144012451,87062,91109,155,155,1,1.919103231281042,14.963297221761245,4.223543040454388,1,
smetric_default,codex220:28:220027:769,codex220,879.8534600734711,81029,84871,367,367,1,1.630634929984808,11.841054893826527,5.964561905711889,1,
smetric_default,codex548:17:548016:682,codex548,880.69238114357,83329,86891,52,52,1,2.9722471721470356,71.25208409977894,6.60625596344471,1,
smetric_default,codex362:4:362003:1147,codex362,880.8580882549286,43225,45451,409,409,1,1.9024897068738937,13.899766410901849,7.573806777596474,1,
smetric_default,codex389:5:389004:1107,codex389,881.032356262207,52523,55156,1639,1639,1,3.4684440083801746,17.026710024919993,31.358343489468098,1,
smetric_default,codex40:4:40003:1159,codex40,881.2857520580292,42489,44666,220,220,1,4.93374302983284,13.517279637186494,7.894221018999815,1,
smetric_default,codex272:4:272003:1126,codex272,881.4492280483246,43053,45311,58,58,1,6.489900287240744,34.61866061154165,8.463389325886965,0,
smetric_default,codex119:24:119023:486,codex119,882.7407736778259,106085,110512,102,102,1,0.7370583601295948,28.43186285088558,3.608916763216257,1,
smetric_default,codex278:15:278014:792,codex278,885.2191123962402,87260,91309,355,355,1,1.7639492936432362,14.809226922396213,7.00656520575285,1,
smetric_default,codex213:28:213027:817,codex213,885.4690971374512,76104,79239,119,119,1,0.8734577856957912,15.784926396810402,2.7362382039427757,1,
smetric_default,codex422:39:422038:897,codex422,885.6256189346313,52022,54021,90,90,1,0.46674587577581406,41.35702102539245,4.147752050310373,1,
smetric_default,codex158:1:158000:1171,codex158,885.9246771335602,12671,13320,276,276,1,1.3784147277474403,15.07784144444899,5.525030422955751,1,
smetric_default,codex220:29:220028:772,codex220,886.9637498855591,81440,85285,152,152,1,0.5343519188463688,18.32999392653143,3.3022220470011234,1,
smetric_default,codex532:10:532009:1130,codex532,887.1040925979614,29552,30937,263,263,1,0.31054628267884254,17.1500421662367,4.804131079465151,1,
smetric_default,codex171:11:171010:1112,codex171,889.0990252494812,42487,44558,54,54,1,1.1793516278266907,12.819465882373306,1.858823537826538,1,
smetric_default,codex294:23:294022:754,codex294,890.254124879837,82190,85659,206,206,1,0.924084834754467,9.377925479557456,2.8465998582541943,1,
smetric_default,codex119:25:119024:492,codex119,890.9452836513519,127171,132655,614,614,1,17.134526278823614,46.94436007402655,45.91320413351059,0,
smetric_default,codex382:23:382022:846,codex382,891.158135175705,64495,66889,272,272,1,0.5370587445795536,27.35890997951761,7.951362010091543,1,
smetric_default,codex272:5:272004:1137,codex272,892.6131331920624,43435,45704,252,252,1,0.49707622826099396,23.900620045652428,6.496166877448559,1,
smetric_default,codex129:10:129009:1055,codex129,892.8003690242767,51357,53574,259,259,1,0.3868771009147167,7.857573052593905,2.414273053407669,1,
smetric_default,codex362:5:362004:1154,codex362,893.095899105072,51566,54255,282,282,1,3.202978979796171,16.55909065090889,7.856362625956535,1,
smetric_default,codex158:2:158001:1180,codex158,896.1199290752411,19968,20962,300,300,1,1.5906705036759377,7.754454943647353,3.9095077700912952,1,
smetric_default,codex422:40:422039:916,codex422,896.2871963977814,52214,54225,33,33,1,0.722988422960043,29.716983786784112,1.6741987876594067,1,
smetric_default,codex220:30:220029:785,codex220,896.6167507171631,81756,85612,92,92,1,1.1618692353367805,10.69733590542615,2.135518793016672,1,
smetric_default,codex129:11:129010:1060,codex129,896.7997014522552,53093,55378,275,275,1,1.2261575125157833,9.847082727908218,3.924299031496048,1,
smetric_default,codex343:8:343007:991,codex343,896.9963188171387,46761,48855,3538,3538,1,0.3470386415719986,29.449378879377996,104.50952907279134,0,
smetric_default,codex171:12:171011:1125,codex171,897.6804871559143,42887,44971,1361,1361,1,0.42610085755586624,15.174847381079898,21.063940107822418,1,
smetric_default,codex294:24:294023:765,codex294,898.5270440578461,82439,85913,52,52,1,0.6011638641357422,11.49377723534902,1.1874489411711693,1,
smetric_default,codex532:11:532010:1144,codex532,898.6386063098907,29817,31202,144,144,1,0.48130611330270767,15.258327308859858,2.663339465856552,1,
smetric_default,codex508:22:508021:650,codex508,899.1013026237488,86929,90464,343,343,1,0.5057463683187962,29.833849715559108,10.709224976599216,1,
smetric_optimized,codex250:10:250009:197,codex250,301.24632024765015,48390,50788,114,114,1,0.4288453795015812,10.81333958865267,1.6508441343903542,1,
smetric_optimized,codex436:4:436003:218,codex436,301.8920826911926,22230,23251,364,364,1,0.37781427428126335,12.19645339595385,4.805217653512955,1,
smetric_optimized,codex250:11:250010:201,codex250,303.6584873199463,50327,52799,2827,2827,1,1.2231429144740105,12.258217060346595,35.86495753005147,1,
smetric_optimized,codex493:18:493017:97,codex493,303.86622166633606,69184,71919,264,264,1,0.38075894117355347,9.063180748500752,2.7644196785986423,1,
smetric_optimized,codex506:12:506011:175,codex506,304.8255352973938,75992,79551,422,422,1,0.7241170220077038,13.242298210672415,6.299341216683388,1,
smetric_optimized,codex65:16:65015:153,codex65,306.138854265213,84420,88447,343,343,1,0.7706931568682194,9.757041397411921,4.107695568352938,1,
smetric_optimized,codex509:2:509001:231,codex509,306.6284236907959,18693,19652,311,311,1,0.8803332857787609,6.004787104264382,2.741968300193548,1,
smetric_optimized,codex152:7:152006:209,codex152,308.7440187931061,65213,68383,837,837,1,3.1708308421075344,8.7338030320463,10.47243907302618,1,
smetric_optimized,codex526:9:526008:199,codex526,309.1860201358795,40831,42628,282,282,1,0.8724694214761257,7.233510569427361,2.905227169394493,1,
smetric_optimized,codex493:19:493018:101,codex493,311.3660500049591,69503,72239,1136,1136,1,0.3824513368308544,8.982599749832952,10.577852491289377,1,
smetric_optimized,codex73:1:73000:234,codex73,311.7044749259949,12906,13617,213,213,1,1.3519804291427135,5.361625046100256,2.4887969754636288,1,
smetric_optimized,codex586:12:586011:205,codex586,313.051344871521,47032,49357,142,142,1,0.3751627616584301,7.486444019468118,1.4308906458318233,1,
smetric_optimized,codex65:17:65016:161,codex65,313.90893387794495,85321,89373,5147,5147,1,0.7928469777107239,10.074840102806611,52.63801324740052,1,
smetric_optimized,codex436:5:436004:226,codex436,315.32940649986267,28247,29508,317,317,1,1.379804816097021,10.29078471415405,4.63189884275198,1,
smetric_optimized,codex586:13:586012:212,codex586,318.27163314819336,47318,49656,120,120,1,0.36125222221016884,7.462305556826231,1.249407570809126,1,
smetric_optimized,codex70:14:70013:91,codex70,320.76663398742676,77574,80942,1498,1498,1,0.5133312940597534,10.340066441274438,15.992559466511011,1,
smetric_optimized,codex73:2:73001:248,codex73,320.8402349948883,19970,21047,263,263,1,7.419996771961451,13.522575175716678,10.963003881275654,0,
smetric_optimized,codex238:13:238012:126,codex238,321.23607063293457,115776,121348,281,281,1,7.122568342834711,13.098699320107698,10.790345519781113,1,
smetric_optimized,codex506:13:506012:188,codex506,322.76328682899475,81212,85028,409,409,1,3.1190915778279305,13.81189746818706,8.754623916000128,1,
smetric_optimized,codex586:14:586013:217,codex586,323.07384848594666,48221,50609,264,264,1,0.5884612053632736,12.97498181348971,4.0010886788368225,1,
smetric_optimized,codex526:10:526009:214,codex526,323.3491086959839,49395,51620,44,44,1,3.079716756939888,9.26656648516655,3.478221695870161,1,
smetric_optimized,codex493:20:493019:103,codex493,326.8212594985962,70679,73416,658,658,1,0.39949413761496544,9.1576194518233,6.416089560836554,1,
smetric_optimized,codex135:1:135000:259,codex135,328.1171712875366,12832,13483,293,293,1,1.2467117011547089,12.604912959855714,4.927436865866184,1,
smetric_optimized,codex422:10:422009:246,codex422,329.74660325050354,31835,33271,145,145,1,0.6127441450953484,15.674967422253557,2.870031964033842,1,
smetric_optimized,codex509:3:509002:262,codex509,330.70861625671387,24300,25522,397,397,1,1.491882786154747,8.618238193895479,4.904798321425915,1,
smetric_optimized,codex436:6:436005:238,codex436,330.8034460544586,28936,30208,409,409,1,0.5441687814891338,10.4687039046457,4.815504334867001,1,
smetric_optimized,codex152:8:152007:224,codex152,331.0210659503937,66433,69622,263,263,1,0.6286833174526691,8.738349838793734,2.9182523898780346,1,
smetric_optimized,codex526:11:526010:223,codex526,333.23245310783386,50052,52304,135,135,1,0.5966526828706264,7.595593498936339,1.614615123718977,1,
smetric_optimized,codex422:11:422010:251,codex422,334.2687246799469,33216,34728,1586,1586,1,0.559068575501442,7.70832648506676,12.776861868798733,1,
smetric_optimized,codex73:3:73002:256,codex73,334.44380831718445,24663,25947,442,442,1,1.0127603225409985,6.419811186606651,3.844038061797619,1,
smetric_optimized,codex493:21:493020:114,codex493,337.0820093154907,71379,74116,1478,1478,1,0.4984852559864521,9.121885786769997,13.971655879169703,1,
smetric_optimized,codex436:7:436006:241,codex436,337.1912798881531,33431,34911,295,295,1,1.2114338651299477,8.287491961097231,3.6480970084667206,1,
smetric_optimized,codex526:12:526011:227,codex526,340.1495509147644,50418,52679,46,46,1,0.4339914321899414,7.084390024344126,0.7529291100800037,1,
smetric_optimized,codex152:9:152008:230,codex152,341.58710050582886,67024,70235,1023,1023,1,0.6223551370203495,8.90438285257135,9.722669951617718,1,
smetric_optimized,codex436:8:436007:245,codex436,341.7332375049591,34346,35862,55,55,1,0.4549947790801525,6.52764199508561,0.8076340667903423,1,
smetric_optimized,codex526:13:526012:229,codex526,342.5296251773834,51283,53591,1513,1513,1,0.7438310086727142,7.910327158040471,12.704389832913876,1,
smetric_optimized,codex238:14:238013:139,codex238,343.25814151763916,118324,124017,4163,4163,1,2.427667550742626,17.125171434236282,73.70272191613913,1,
smetric_optimized,codex250:12:250011:208,codex250,344.4834818840027,53668,56161,90,90,1,1.5775377601385117,8.984643547387604,2.3772618547081947,1,
smetric_optimized,codex203:1:203000:280,codex203,344.53285932540894,12685,13394,308,308,1,1.5217773467302322,6.715197807802828,3.5834855176508427,1,
smetric_optimized,codex509:4:509003:276,codex509,345.10083985328674,28202,29576,222,222,1,0.9391206949949265,8.761610903216702,2.875494983047247,1,
smetric_optimized,codex73:4:73003:271,codex73,346.1633095741272,25714,27044,175,175,1,0.4434892237186432,22.990327949325245,4.44396148622036,1,
smetric_optimized,codex119:10:119009:235,codex119,347.29082584381104,59577,62511,1194,1194,1,0.696015752851963,20.73929344880811,25.43808613345027,1,
smetric_optimized,codex250:13:250012:210,codex250,347.972540140152,54597,57145,5922,5922,1,0.6528378687798977,10.380544803383543,62.11613600701094,1,
smetric_optimized,codex203:2:203001:288,codex203,350.44108510017395,30920,32571,373,373,1,3.8571807593107224,6.353704158657341,6.22090220451355,1,
smetric_optimized,codex135:2:135001:287,codex135,350.91970109939575,19238,20236,371,371,1,1.2396478056907654,5.954764068529412,3.4430520087480545,1,
smetric_optimized,codex436:9:436008:263,codex436,351.3066062927246,34606,36129,598,598,1,0.28506575524806976,16.840469597572056,10.339041784405708,1,
smetric_optimized,codex493:22:493021:116,codex493,352.1518602371216,72897,75636,501,501,1,0.4171746224164963,9.090768069028854,4.962698828428984,1,
smetric_optimized,codex506:14:506013:220,codex506,354.01753091812134,84614,88574,298,298,1,2.5115711018443108,16.326407139951534,7.360607407987118,1,
smetric_optimized,codex70:15:70014:106,codex70,354.27520537376404,79112,82480,199,199,1,0.4209077060222626,9.29846206322463,2.2621538192033768,1,
smetric_optimized,codex70:16:70015:113,codex70,358.09283113479614,79534,82915,70,70,1,0.8434056900441647,13.892842645662418,1.8022572994232178,1,
smetric_optimized,codex152:10:152009:236,codex152,358.3580677509308,76538,80172,2079,2079,1,4.810896545648575,9.502681553062622,24.557631976902485,1,
smetric_optimized,codex586:15:586014:254,codex586,358.7845923900604,48614,51008,75,75,1,0.3704248480498791,11.671720727069959,1.234229028224945,1,
smetric_optimized,codex73:5:73004:281,codex73,359.8232605457306,25899,27229,397,397,1,0.19482198730111122,24.975593389962057,10.086185865104198,1,
smetric_optimized,codex203:3:203002:301,codex203,360.8371138572693,37948,39892,341,341,1,2.1733629144728184,6.848076424177956,4.501745872199535,1,
smetric_optimized,codex294:1:294000:308,codex294,360.94358682632446,12607,13225,284,284,1,1.2204928249120712,10.365112931484047,4.153912164270878,1,
smetric_optimized,codex70:17:70016:118,codex70,362.75842571258545,80505,83925,4198,4198,1,1.0170489884912968,12.664005664493004,54.16803218796849,1,
smetric_optimized,codex526:14:526013:237,codex526,362.99385595321655,52835,55145,1715,1715,1,0.3407054468989372,8.080995927457215,14.19168520346284,1,
smetric_optimized,codex436:10:436009:270,codex436,364.169043302536,35300,36832,298,298,1,0.2707672789692879,17.680880924065907,5.522275794297457,1,
smetric_optimized,codex586:16:586015:266,codex586,365.3344748020172,49585,52017,71,71,1,0.7042330540716648,12.532870577914375,1.5816254764795303,1,
smetric_optimized,codex506:15:506014:225,codex506,366.53639125823975,87342,91450,273,273,1,2.080005992203951,14.58391288350172,6.047106791287661,1,
smetric_optimized,codex294:2:294001:312,codex294,366.62899827957153,24132,25331,331,331,1,3.3473451249301434,7.404185368707686,5.790868613868952,1,
smetric_optimized,codex65:18:65017:166,codex65,367.55333638191223,92090,96235,69,69,1,2.4311633072793484,11.210177312879003,3.1937422826886177,1,
smetric_optimized,codex586:17:586016:267,codex586,367.9065160751343,49771,52207,33,33,1,0.33760449290275574,12.126733316108584,0.7257548943161964,1,
smetric_optimized,codex509:5:509004:309,codex509,368.12952947616577,33641,35311,41,41,1,1.5064320601522923,50.19153291359544,3.514135606586933,1,
smetric_optimized,codex203:4:203003:310,codex203,369.62489199638367,43775,46015,837,837,1,1.9376092553138733,9.058171655964907,9.510510511696339,1,
smetric_optimized,codex73:6:73005:284,codex73,371.00852036476135,29718,31248,215,215,1,0.9750273264944553,15.256112545867946,4.240069165825844,1,
smetric_optimized,codex436:11:436010:274,codex436,373.08604550361633,35609,37141,58,58,1,0.22607620805501938,10.732871267879219,0.8380632326006889,1,
smetric_optimized,codex586:18:586017:277,codex586,376.4988901615143,49941,52380,76,76,1,0.3789801374077797,12.794709006945293,1.3386791981756687,1,
smetric_optimized,codex422:12:422011:297,codex422,376.7433397769928,35463,37006,2450,2450,1,0.4677593521773815,10.020828357505623,25.00890926644206,1,
smetric_optimized,codex509:6:509005:321,codex509,377.045747756958,34392,36098,486,486,1,0.44222915917634964,10.63657739420527,5.601021442562342,1,
smetric_optimized,codex135:3:135002:328,codex135,378.6645610332489,37830,39765,624,624,1,4.498277425765991,15.846831996119425,14.371006041765213,1,
smetric_optimized,codex65:19:65018:182,codex65,382.4584209918976,93839,98076,369,369,1,1.778699990361929,10.25249225937802,5.551759447902441,1,
smetric_optimized,codex526:15:526014:247,codex526,382.6399986743927,54589,56899,589,589,1,0.35205839946866035,8.313347344749234,5.240346770733595,1,
smetric_optimized,codex119:11:119010:257,codex119,384.8652985095978,63254,66308,243,243,1,1.4983564242720604,16.158489233329277,5.409157749265432,1,
smetric_optimized,codex586:19:586018:291,codex586,385.34024357795715,51322,53832,568,568,1,0.8315488547086716,15.23604688794735,9.470599055290222,1,
smetric_optimized,codex509:7:509006:329,codex509,387.39449191093445,41886,43966,54,54,1,2.279049415141344,9.599257822868958,2.788047920912504,1,
smetric_optimized,codex493:23:493022:158,codex493,387.875855922699,73440,76183,258,258,1,0.39862121641635895,9.104677182459183,2.738619975745678,1,
smetric_optimized,codex526:16:526015:253,codex526,390.60662817955017,55228,57540,201,201,1,0.35770899802446365,7.966575752943754,1.9511704444885254,1,
smetric_optimized,codex509:8:509007:334,codex509,391.71552538871765,42947,45082,219,219,1,0.8845115751028061,15.347556663899246,4.2305553033947945,1,
smetric_optimized,codex119:12:119011:261,codex119,391.9671380519867,69661,73010,227,227,1,3.866988353431225,18.99874653766113,8.160853363573551,1,
smetric_optimized,codex73:7:73006:313,codex73,392.07334566116333,30071,31604,3740,3740,1,0.8883899562060833,14.597352689785192,55.4679291062057,1,
smetric_optimized,codex152:11:152010:255,codex152,392.36147117614746,80169,83872,1720,1720,1,1.6426916047930717,9.680435291170172,18.283460706472397,1,
smetric_optimized,codex203:5:203004:332,codex203,392.5282437801361,45444,47732,404,404,1,0.6598909981548786,12.234240428315795,5.590391378849745,1,
smetric_optimized,codex493:24:493023:164,codex493,392.9301495552063,79971,83043,526,526,1,3.8899540305137634,9.290004649332593,8.767352309077978,1,
smetric_optimized,codex213:1:213000:354,codex213,393.7499055862427,12454,13027,248,248,1,1.1882668808102608,5.613718739887964,2.57500272244215,1,
smetric_optimized,codex65:20:65019:193,codex65,396.80180072784424,94382,98624,278,278,1,1.6593752764165401,12.68858510987423,5.174405861645937,1,
smetric_optimized,codex294:3:294002:351,codex294,397.1548020839691,28703,30119,522,522,1,1.3252802453935146,9.846426374967175,6.455409746617079,1,
smetric_optimized,codex213:2:213001:359,codex213,398.3688406944275,20123,21037,266,266,1,1.2505685687065125,6.101104954503617,2.8674524016678333,1,
smetric_optimized,codex436:12:436011:314,codex436,400.6466612815857,35987,37540,6189,6189,1,0.38651005178689957,9.414603851215448,58.64412186667323,1,
smetric_optimized,codex422:13:422012:302,codex422,403.9477322101593,37955,39499,810,810,1,0.2406168393790722,10.871372320338144,9.035604983568192,1,
smetric_optimized,codex203:6:203005:340,codex203,404.9861218929291,49413,51878,125,125,1,1.7105493806302547,11.517357201345504,3.1387385092675686,1,
smetric_optimized,codex493:25:493024:177,codex493,406.6835834980011,80601,83680,72,72,1,0.58431326597929,12.031474321241111,1.4385913908481598,1,
smetric_optimized,codex213:3:213002:370,codex213,407.25751399993896,23980,25069,293,293,1,0.872070848941803,6.31652727774153,2.7166448794305325,1,
smetric_optimized,codex135:4:135003:352,codex135,407.5076014995575,40930,42988,555,555,1,1.1065664999186993,12.627808578877243,8.102578461170197,1,
smetric_optimized,codex65:21:65020:204,codex65,408.1165165901184,95152,99417,115,115,1,0.8893419541418552,10.018262881458853,2.031468950212002,1,
smetric_optimized,codex509:9:509008:353,codex509,409.6629033088684,43723,45882,61,61,1,0.7097052522003651,9.799216004709402,1.2979449555277824,1,
smetric_optimized,codex493:26:493025:179,codex493,409.9050827026367,81005,84104,298,298,1,0.6991359926760197,9.493855427110235,3.5189522467553616,1,
smetric_optimized,codex166:1:166000:376,codex166,410.14533400535583,13597,14321,244,244,1,1.3438936844468117,5.716779181128175,2.733222670853138,1,
smetric_optimized,codex203:7:203006:346,codex203,411.93886494636536,51022,53577,1130,1130,1,0.9226485192775726,8.360049968620018,10.3611812107265,1,
smetric_optimized,codex294:4:294003:363,codex294,412.5480103492737,37939,39816,264,264,1,2.895376071333885,13.709411294174737,6.500985264778137,1,
smetric_optimized,codex526:17:526016:283,codex526,414.14953899383545,55563,57887,79,79,1,0.5667864494025707,5.543172263946288,0.9992498680949211,1,
smetric_optimized,codex65:22:65021:211,codex65,414.4997842311859,95407,99686,6431,6431,1,1.018336534500122,13.307766375330337,86.58742574229836,1,
smetric_optimized,codex250:14:250013:216,codex250,414.7046184539795,60616,63171,318,318,1,0.4147895313799381,12.396778746828296,4.344602447003126,1,
smetric_optimized,codex166:2:166001:386,codex166,414.8207631111145,24429,25678,289,289,1,2.1118203960359097,7.3376928533737855,4.225115861743689,1,
smetric_optimized,codex213:4:213003:381,codex213,415.78047823905945,24541,25652,259,259,1,0.21981006860733032,7.907894042919772,2.2602710649371147,1,
smetric_optimized,codex526:18:526017:289,codex526,417.2161524295807,55982,58321,355,355,1,0.8234771676361561,9.130311929910196,4.055732801556587,1,
smetric_optimized,codex238:15:238014:143,codex238,417.70338916778564,125720,131579,184,184,1,3.5835924185812473,15.192362454419579,6.363833405077457,1,
smetric_optimized,codex152:12:152011:269,codex152,418.02320981025696,81931,85641,1091,1091,1,1.0349366329610348,9.287361236750533,11.158308707177639,1,
smetric_optimized,codex70:18:70017:123,codex70,418.6901683807373,84742,88162,449,449,1,0.8232956752181053,10.16555802198127,5.377499207854271,1,
smetric_optimized,codex506:16:506015:285,codex506,419.03803539276123,89314,93506,100,100,1,1.5328463464975357,12.498130438604742,2.770435329526663,1,
smetric_optimized,codex213:5:213004:389,codex213,420.5560736656189,27304,28539,959,959,1,0.7391392178833485,8.24677523824392,8.63969998061657,1,
smetric_optimized,codex422:14:422013:315,codex422,421.0098168849945,38808,40356,232,232,1,0.2542017586529255,8.467316337220081,2.2103097960352898,1,
smetric_optimized,codex294:5:294004:371,codex294,421.2561705112457,41385,43436,336,336,1,1.2349352091550827,13.37547296685959,5.715933013707399,1,
smetric_optimized,codex526:19:526018:294,codex526,422.2921509742737,59379,61928,68,68,1,1.7892772294580936,7.6773149420076345,2.303866546601057,1,
smetric_optimized,codex250:15:250014:222,codex250,423.74925351142883,66202,69002,71,71,1,3.187401283532381,19.486836769751143,4.551525965332985,1,
smetric_optimized,codex506:17:506016:295,codex506,424.06057024002075,89506,93704,70,70,1,2.9283314161002636,19.020304515741874,4.240769073367119,1,
smetric_optimized,codex166:3:166002:399,codex166,425.70029520988464,28289,29754,295,295,1,1.1495342515408993,6.114209957775616,2.947327386587858,1,
smetric_optimized,codex220:4:220003:398,codex220,426.35556054115295,38133,40182,782,782,1,4.802368961274624,15.930560397201251,17.244352225214243,1,
smetric_optimized,codex135:5:135004:368,codex135,426.50800037384033,44716,46959,671,671,1,4.757200840860605,16.342412663707094,15.7067816182971,1,
smetric_optimized,codex421:1:421000:402,codex421,426.55806374549866,12750,13368,304,304,1,2.546240121126175,16.23295803274652,7.464919425547123,1,
smetric_optimized,codex509:10:509009:375,codex509,426.82067704200745,44332,46523,59,59,1,2.2888396456837654,9.21866239915634,2.823747579008341,1,
smetric_optimized,codex203:8:203007:356,codex203,427.3713974952698,54382,57047,3997,3997,1,1.7424866706132889,11.26255113463681,46.747853465378284,1,
smetric_optimized,codex294:6:294005:374,codex294,428.2946035861969,45790,48086,325,325,1,1.5978307910263538,14.022214993558547,6.141241412609816,1,
smetric_optimized,codex526:20:526019:303,codex526,429.09697794914246,59684,62250,219,219,1,0.42934175208210945,8.809534371446032,2.3498650640249252,1,
smetric_optimized,codex509:11:509010:378,codex509,430.39073514938354,46435,48727,51,51,1,2.052517455071211,16.614307016134262,2.8834673911333084,1,
smetric_optimized,codex70:19:70018:131,codex70,430.6669113636017,85230,88651,1403,1403,1,0.790576983243227,15.014242805997586,21.840584952384233,1,
smetric_optimized,codex422:15:422014:330,codex422,431.44358944892883,40595,42212,168,168,1,0.9961746260523796,13.323308286552658,3.221326779574156,1,
smetric_optimized,codex213:6:213005:394,codex213,431.84860491752625,28555,29805,216,216,1,0.3050522133708,6.601601960354073,1.724539939314127,1,
smetric_optimized,codex166:4:166003:407,codex166,432.00303292274475,30069,31615,512,512,1,0.6031651049852371,6.759643481785537,4.05762442946434,1,
smetric_optimized,codex119:13:119012:311,codex119,432.4253234863281,74678,78287,218,218,1,4.181053023785353,19.744361703571638,8.465615887194872,1,
smetric_optimized,codex238:16:238015:154,codex238,433.05909609794617,127108,133026,8188,8188,1,3.668326798826456,20.65383774323153,172.76139048486948,0,
smetric_optimized,codex152:13:152012:275,codex152,435.2271430492401,83065,86778,298,298,1,0.8689732179045677,9.626275361186325,3.728129345923662,1,
smetric_optimized,codex250:16:250015:228,codex250,435.442218542099,66362,69165,33,33,1,0.6058665290474892,9.824065724387765,0.9204497933387756,1,
smetric_optimized,codex509:12:509011:383,codex509,435.596492767334,47548,49873,418,418,1,0.6950335390865803,11.110469028889705,5.3281432799994946,1,
smetric_optimized,codex213:7:213006:403,codex213,438.74790954589844,28781,30031,5258,5258,1,0.1856430321931839,8.51914948832179,44.97095591947436,1,
smetric_optimized,codex294:7:294006:388,codex294,440.7029449939728,49368,51855,959,959,1,1.757989563047886,14.378298155667887,15.532437603920698,1,
smetric_optimized,codex166:5:166004:414,codex166,440.8854134082794,51392,53969,2788,2788,1,6.824704639613628,8.023114459923958,29.185266200453043,1,
smetric_optimized,codex526:21:526020:318,codex526,441.1815650463104,59905,62471,588,588,1,0.31744488701224327,10.67515458194523,6.583853263407946,1,
smetric_optimized,codex152:14:152013:278,codex152,441.80747079849243,83541,87266,61,61,1,0.6600908301770687,60.18219869583845,4.271236918866634,1,
smetric_optimized,codex421:2:421001:422,codex421,442.45116567611694,29006,30401,373,373,1,3.3950257301330566,6.791149967059654,5.921478223055601,1,
smetric_optimized,codex548:1:548000:434,codex548,442.95577216148376,13026,13754,279,279,1,1.3245679512619972,9.672544749199057,4.013815224170685,1,
smetric_optimized,codex506:18:506017:323,codex506,445.8279597759247,89665,93864,51,51,1,0.6030328944325447,11.987346038222313,1.2025592513382435,1,
smetric_optimized,codex250:17:250016:240,codex250,447.53298020362854,66486,69289,35,35,1,0.4979846216738224,10.958486729684997,0.8708501011133194,1,
smetric_optimized,codex548:2:548001:439,codex548,447.6950283050537,24720,26039,361,361,1,2.5391932539641857,9.437753094567192,5.936827406287193,1,
smetric_optimized,codex73:8:73007:317,codex73,448.6154980659485,36857,38581,4578,4578,1,1.097947172820568,20.44267856644339,94.66435942798853,1,
smetric_optimized,codex506:19:506018:326,codex506,449.41833782196045,89775,93976,66,66,1,0.8273804374039173,11.269205464766575,1.560278370976448,1,
smetric_optimized,codex152:15:152014:286,codex152,450.0209743976593,83694,87419,39,39,1,0.7307689785957336,8.392085370264555,1.0498112477362156,1,
smetric_optimized,codex250:18:250017:244,codex250,450.2283465862274,66611,69422,70,70,1,0.4891737923026085,12.92293821124063,1.3810667879879475,1,
smetric_optimized,codex250:19:250018:249,codex250,452.50207781791687,66771,69592,44,44,1,0.4415784925222397,16.025324373744255,1.1307033114135265,1,
smetric_optimized,codex70:20:70019:134,codex70,453.6244752407074,86672,90096,261,261,1,0.48285288736224174,31.16002925313436,8.584925349801779,1,
smetric_optimized,codex421:3:421002:440,codex421,454.4430339336395,36711,38457,39,39,1,2.1040212102234364,10.856897619209791,2.5166216492652893,1,
smetric_optimized,codex135:6:135005:391,codex135,455.3239572048187,50113,52623,1659,1659,1,3.9777704551815987,18.821256873349515,35.18350766971707,1,
smetric_optimized,codex506:20:506019:335,codex506,456.22430968284607,90197,94419,75,75,1,1.0444304943084717,12.290055385312519,1.9541111774742603,1,
smetric_optimized,codex509:13:509012:410,codex509,456.4102075099945,51948,54457,90,90,1,1.7908345125615597,12.258056927932783,2.8818364702165127,1,
smetric_optimized,codex548:3:548002:449,codex548,456.7213599681854,34751,36559,534,534,1,3.435947645455599,13.469828701600797,10.615575857460499,1,
smetric_optimized,codex526:22:526021:333,codex526,456.9342839717865,67103,69970,754,754,1,3.318543117493391,11.499223401980254,11.977550845593214,1,
smetric_optimized,codex152:16:152015:304,codex152,459.28303623199463,83824,87555,38,38,1,0.8824819922447205,0.04158491218412245,0.8840611912310123,1,
smetric_optimized,codex382:1:382000:460,codex382,459.3602831363678,13136,13800,422,422,1,1.4823175445199013,9.863051588065268,5.6346984803676605,1,
smetric_optimized,codex506:21:506020:339,codex506,459.8894829750061,90363,94586,58,58,1,1.0117475800216198,10.551455904517258,1.6133827865123749,1,
smetric_optimized,codex421:4:421003:447,codex421,460.02169919013977,37190,38966,317,317,1,0.5199600607156754,8.276042693494997,3.1352367103099823,1,
smetric_optimized,codex220:5:220004:432,codex220,460.1483509540558,39109,41168,266,266,1,0.3342750035226345,17.022134026266492,4.845177851617336,1,
smetric_optimized,codex152:17:152016:306,codex152,461.20722246170044,83952,87683,39,39,1,0.6522433161735535,10.966718883106584,1.069212831556797,1,
smetric_optimized,codex436:13:436012:320,codex436,461.33805656433105,42321,43877,506,506,1,0.37177785113453865,9.997779905500979,5.421057019382715,1,
smetric_optimized,codex119:14:119013:342,codex119,463.14208030700684,79915,83767,4202,4202,1,3.160686258226633,20.868959092889565,90.83133815228939,0,
smetric_optimized,codex294:8:294007:400,codex294,464.2897729873657,51588,54150,277,277,1,0.8981776349246502,14.028601523866687,4.770277384668589,1,
smetric_optimized,codex506:22:506021:341,codex506,464.9729628562927,90548,94787,152,152,1,0.671241357922554,11.828957606625083,2.4575683027505875,1,
smetric_optimized,codex509:14:509013:421,codex509,465.17721009254456,53337,55922,312,312,1,0.863069973886013,11.487876607099146,4.435954734683037,1,
smetric_optimized,codex421:5:421004:456,codex421,467.2844729423523,43485,45608,53,53,1,2.118104662746191,6.920328507056603,2.478106018155813,1,
smetric_optimized,codex70:21:70020:142,codex70,468.60413908958435,88289,91779,47,47,1,1.288891676813364,17.59785753877267,2.0984310880303383,1,
smetric_optimized,codex509:15:509014:425,codex509,470.413937330246,59263,62152,107,107,1,2.924323309212923,10.633576204473117,4.051631677895784,1,
smetric_optimized,codex152:18:152017:319,codex152,470.69478607177734,84085,87817,69,69,1,0.5677861608564854,9.137630900915932,1.189493928104639,1,
smetric_optimized,codex220:6:220005:445,codex220,472.573769569397,58632,61798,201,201,1,7.564194660633802,21.9552587158978,11.955405805259943,0,
smetric_optimized,codex382:2:382001:482,codex382,472.77145504951477,20518,21564,325,325,1,1.240471862256527,6.135231654309196,3.2284232936799526,1,
smetric_optimized,codex166:6:166005:430,codex166,473.18139004707336,55769,58413,1706,1706,1,1.0253679268062115,8.780940054011834,15.997013371437788,1,
smetric_optimized,codex152:19:152018:325,codex152,475.70135736465454,84246,87983,86,86,1,0.5563409216701984,12.357271637986686,1.6067490056157112,1,
smetric_optimized,codex508:1:508000:489,codex508,475.7765347957611,12977,13678,291,291,1,1.5346956141293049,5.340878421376491,3.083588533103466,1,
smetric_optimized,codex70:22:70021:151,codex70,477.3010778427124,88630,92142,1407,1407,1,2.8440123721957207,16.840354834880632,26.52183463051915,1,
smetric_optimized,codex294:9:294008:417,codex294,478.8553249835968,54037,56703,867,867,1,1.1940522380173206,14.416267166202394,13.678756799548864,1,
smetric_optimized,codex506:23:506022:360,codex506,480.915908575058,91818,96133,311,311,1,1.2012237459421158,15.605206042528152,6.038933999836445,1,
smetric_optimized,codex493:27:493026:264,codex493,481.6089096069336,81696,84803,79,79,1,0.7364414818584919,13.339206576347351,1.776955597102642,1,
smetric_optimized,codex548:4:548003:480,codex548,482.5133605003357,37876,39849,341,341,1,1.034691859036684,16.901771559873048,6.781389854848385,1,
smetric_optimized,codex508:2:508001:502,codex508,483.16122674942017,26068,27460,343,343,1,2.426928009837866,6.506759401040467,4.6523947194218636,1,
smetric_optimized,codex382:3:382002:497,codex382,483.38101959228516,27038,28405,250,250,1,1.4559723809361458,10.659750027350155,4.110394354909658,1,
smetric_optimized,codex152:20:152019:337,codex152,484.10359930992126,84364,88103,186,186,1,0.4619978219270706,9.651283517077163,2.247637316584587,1,
smetric_optimized,codex509:16:509015:454,codex509,489.0495204925537,59944,62870,39,39,1,0.5988951176404953,7.4261533782670375,0.8812309093773365,1,
smetric_optimized,codex213:8:213007:413,codex213,489.60659432411194,34080,35329,247,247,1,0.24241293221712112,6.869747492719472,1.9325159937143326,1,
smetric_optimized,codex308:1:308000:510,codex308,492.17927265167236,12525,13069,256,256,1,5.289320696145296,6.860537827014923,7.0389711409807205,0,
smetric_optimized,codex509:17:509016:458,codex509,492.380779504776,61650,64673,39,39,1,2.9952796772122383,25.05407266710934,3.947433590888977,1,
smetric_optimized,codex508:3:508002:508,codex508,492.5183720588684,36170,38088,43,43,1,3.419771831482649,10.262750710050264,3.8509498722851276,1,
smetric_optimized,codex152:21:152020:344,codex152,493.0782742500305,91046,95114,54,54,1,4.446801412850618,10.383587049425772,4.997230790555477,1,
smetric_optimized,codex135:7:135006:397,codex135,493.4646272659302,53474,56055,1811,1811,1,1.3257491141557693,17.17516084443469,32.41303664445877,1,
smetric_optimized,codex294:10:294009:424,codex294,493.64564871788025,56005,58728,211,211,1,0.9777932576835155,14.063664720881553,3.9315132945775986,1,
smetric_optimized,codex166:7:166006:438,codex166,493.82512068748474,58727,61434,3634,3634,1,0.9608255550265312,12.558767205463635,46.586986903101206,1,
smetric_optimized,codex506:24:506023:373,codex506,495.16929841041565,95043,99534,220,220,1,2.5473681204020977,29.55912116523747,9.021089181303978,1,
smetric_optimized,codex220:7:220006:469,codex220,495.364107131958,59050,62223,35,35,1,0.5195537023246288,40.17785060055116,1.885745856910944,1,
smetric_optimized,codex548:5:548004:493,codex548,495.87166810035706,40750,42872,397,397,1,1.0500601381063461,17.348509846311625,7.920347075909376,1,
smetric_optimized,codex493:28:493027:279,codex493,496.2804641723633,81853,84963,91,91,1,0.49219051748514175,12.907724289430513,1.6540502570569515,1,
smetric_optimized,codex213:9:213008:426,codex213,496.9085626602173,35836,37148,418,418,1,0.6627488695085049,7.025116916111619,3.5923907086253166,1,
smetric_optimized,codex436:14:436013:361,codex436,498.5952558517456,52712,54762,1002,1002,1,3.9027126505970955,11.079236690129909,14.993066232651472,1,
smetric_optimized,codex152:22:152021:347,codex152,499.1636211872101,91213,95283,571,571,1,0.7000137716531754,10.007958172967559,6.404690783470869,1,
smetric_optimized,codex508:4:508003:517,codex508,499.50685811042786,38100,40118,339,339,1,1.7570018656551838,8.311674252328787,4.566385038197041,1,
smetric_optimized,codex509:18:509017:467,codex509,499.84850239753723,63532,66630,71,71,1,1.4613767638802528,10.809369225587165,2.2181282564997673,1,
smetric_optimized,codex382:4:382003:514,codex382,501.0768780708313,27664,29047,112,112,1,1.4165232107043266,15.541789029632602,3.1417520865797997,1,
smetric_optimized,codex493:29:493028:290,codex493,502.4822885990143,82036,85154,77,77,1,0.4963114410638809,14.42946611266387,1.5929888002574444,1,
smetric_optimized,codex294:11:294010:436,codex294,504.0678963661194,60062,62980,691,691,1,3.2156805247068405,6.688975391612536,7.831108495593071,1,
smetric_optimized,codex203:9:203008:406,codex203,504.7399139404297,58451,61119,244,244,1,0.3652668744325638,8.929854021273522,2.535260882228613,1,
smetric_optimized,codex152:23:152022:350,codex152,506.1999945640564,95430,99731,449,449,1,3.633445631712675,10.452631278894842,8.316366042941809,1,
smetric_optimized,codex70:23:70022:155,codex70,506.48847794532776,90076,93592,193,193,1,2.900172680616379,23.387068455728393,7.39076055586338,1,
smetric_optimized,codex493:30:493029:296,codex493,506.7336542606354,84992,88201,35,35,1,2.6233781799674034,12.105088571415228,3.035186756402254,1,
smetric_optimized,codex548:6:548005:498,codex548,506.90594124794006,44992,47322,152,152,1,2.487925134599209,26.976698799835923,6.561450108885765,1,
smetric_optimized,codex308:2:308001:525,codex308,507.01809644699097,29265,30688,331,331,1,6.721260234713554,14.930018545551734,11.648263599723577,0,
smetric_optimized,codex422:16:422015:442,codex422,507.14401030540466,40805,42422,143,143,1,6.598524920642376,22.973024168274772,9.86099299043417,0,
smetric_optimized,codex382:5:382004:522,codex382,507.2492370605469,31387,32966,308,308,1,1.5279102623462677,9.409145260963843,4.416615221649408,1,
smetric_optimized,codex509:19:509018:483,codex509,508.57283067703247,64542,67690,82,82,1,5.175035681575537,26.02934216459592,7.283504530787468,0,
smetric_optimized,codex220:8:220007:491,codex220,508.768630027771,59302,62489,41,41,1,0.6845614239573479,27.268298715353012,1.775510810315609,1,
smetric_optimized,codex508:5:508004:526,codex508,510.16475772857666,48401,50899,248,248,1,4.3597661703825,14.57047987322093,7.9588832706213,1,
smetric_optimized,codex250:20:250019:338,codex250,511.89370703697205,66907,69731,50,50,1,0.4223489500582218,11.943072460743846,1.0076533667743206,1,
smetric_optimized,codex493:31:493030:305,codex493,513.4569439888,99512,103469,65,65,1,9.635436192154884,17.32833922142163,10.744494248181581,0,
smetric_optimized,codex213:10:213009:451,codex213,513.5835695266724,40253,41796,214,214,1,1.3866388574242592,7.20586659203113,2.9216355606913567,1,
smetric_optimized,codex220:9:220008:500,codex220,515.5195240974426,59561,62760,186,186,1,3.2220996022224426,15.673168426429903,6.121684145182371,1,
smetric_optimized,codex548:7:548006:503,codex548,515.7487299442291,52639,55387,4342,4342,1,3.0483847446739674,17.304943617458196,78.16919292509556,1,
smetric_optimized,codex308:3:308002:528,codex308,520.9385960102081,42981,45110,206,206,1,4.90268374606967,13.935949108222635,7.759704761207104,1,
smetric_optimized,codex70:24:70023:170,codex70,521.275547504425,90492,94032,243,243,1,0.8816163800656796,16.87840755628653,4.966287061572075,1,
smetric_optimized,codex436:15:436014:377,codex436,521.4398789405823,53782,55840,292,292,1,0.32693757861852646,12.032227520270855,3.828356571495533,1,
smetric_optimized,codex508:6:508005:530,codex508,521.6351506710052,50868,53482,262,262,1,4.274690806865692,13.111452190241138,7.696983899921179,1,
smetric_optimized,codex250:21:250020:349,codex250,522.0797231197357,67049,69886,159,159,1,0.500395480543375,12.55251922279219,2.483788162469864,1,
smetric_optimized,codex294:12:294011:459,codex294,524.1964302062988,61037,63970,144,144,1,1.1282362416386604,7.005789870773995,2.130157485604286,1,
smetric_optimized,codex65:23:65022:233,codex65,524.9078052043915,101876,106155,70,70,1,0.8939354978501797,12.523474576680558,1.7582770735025406,1,
smetric_optimized,codex506:25:506024:411,codex506,525.2592823505402,97659,102296,259,259,1,2.455213326960802,18.21112079733564,7.154025249183178,1,
smetric_optimized,codex524:1:524000:552,codex524,525.316294670105,12728,13343,276,276,1,1.223966158926487,6.1547210812568665,2.916556943207979,1,
smetric_optimized,codex422:17:422016:457,codex422,525.4778864383698,40991,42609,373,373,1,0.43605927005410194,11.901390007747116,4.863415904343128,1,
smetric_optimized,codex250:22:250021:355,codex250,527.2004685401917,67404,70249,79,79,1,0.5793900452554226,28.4254621141232,2.796739675104618,1,
smetric_optimized,codex436:16:436015:384,codex436,528.0255334377289,56611,58804,161,161,1,1.543670516461134,14.889407181181014,3.926189087331295,1,
smetric_optimized,codex220:10:220009:507,codex220,528.2264881134033,59837,63044,37,37,1,0.4386685863137245,10.91462415125635,0.8316885828971863,1,
smetric_optimized,codex294:13:294012:465,codex294,528.5239579677582,64296,67349,414,414,1,1.949709840118885,15.908504576934163,8.520131152123213,1,
smetric_optimized,codex203:10:203009:448,codex203,530.336688041687,58877,61555,280,280,1,0.5615065693855286,8.24511648025564,2.861989799886942,1,
smetric_optimized,codex213:11:213010:479,codex213,530.4626185894012,41616,43214,1067,1067,1,0.639913871884346,7.4095161802940925,8.538605161011219,1,
smetric_optimized,codex524:2:524001:558,codex524,530.9511590003967,14528,15204,295,295,1,0.8467775844037533,4.607432122741427,2.201401010155678,1,
smetric_optimized,codex220:11:220010:511,codex220,531.6070744991302,59964,63174,50,50,1,0.6107872426509857,41.64109774390046,2.651241596788168,1,
smetric_optimized,codex135:8:135007:409,codex135,531.7934529781342,58148,60904,1437,1437,1,1.7039212808012962,17.71161256197186,27.137893851846457,1,
smetric_optimized,codex65:24:65023:242,codex65,533.1457142829895,105797,110278,15019,15019,1,3.3477294743061066,15.545309170384051,236.80732141435146,1,
smetric_optimized,codex70:25:70024:183,codex70,534.2507376670837,90774,94315,605,605,1,0.5690523274242878,19.755483876346357,12.50145722180605,1,
smetric_optimized,codex524:3:524002:564,codex524,534.33238530159,21738,22707,313,313,1,1.2859735749661922,6.208881568641235,3.2233139239251614,1,
smetric_optimized,codex308:4:308003:538,codex308,534.7697615623474,52478,55125,412,412,1,4.104252096265554,21.36805339052439,12.886569239199162,0,
smetric_optimized,codex203:11:203010:453,codex203,535.0562772750854,59710,62427,179,179,1,3.8216396421194077,30.851879795448163,9.313614904880524,0,
smetric_optimized,codex493:32:493031:324,codex493,535.4803194999695,102459,106544,35,35,1,2.619013737887144,12.619572198566269,3.0482902601361275,1,
smetric_optimized,codex422:18:422017:468,codex422,535.6107234954834,41408,43027,615,615,1,3.2596201449632645,16.522570194658318,13.404580973088741,1,
smetric_optimized,codex250:23:250022:362,codex250,535.9666452407837,81171,84711,43,43,1,7.679978556931019,14.542369970253535,8.291046764701605,0,
smetric_optimized,codex382:6:382005:549,codex382,536.0745220184326,31706,33285,141,141,1,0.2052534781396389,64.2803605645895,9.204544752836227,0,
smetric_optimized,codex220:12:220011:519,codex220,536.822026014328,60046,63261,68,68,1,0.43221767246723175,31.029961058008137,2.511375557631254,1,
smetric_optimized,codex436:17:436016:396,codex436,538.7324316501617,56783,58977,530,530,1,4.918905705213547,13.056010486723569,11.82575549557805,1,
smetric_optimized,codex524:4:524003:568,codex524,538.8617136478424,26271,27461,283,283,1,1.0740443542599678,6.387806041760647,2.87560910359025,1,
smetric_optimized,codex508:7:508006:544,codex508,539.9263324737549,55824,58664,214,214,1,2.121133677661419,20.053704946953363,6.392670713365078,1,
smetric_optimized,codex213:12:213011:485,codex213,540.3471283912659,42800,44399,250,250,1,0.30689892172813416,8.23722438639905,2.358012743294239,1,
smetric_optimized,codex278:1:278000:577,codex278,541.3954586982727,12612,13270,242,242,1,1.313759621232748,25.556202545081927,7.473155729472637,0,
smetric_optimized,codex294:14:294013:481,codex294,542.7007677555084,67296,70514,1673,1673,1,1.583683654665947,16.66538144403881,29.448422867804766,1,
smetric_optimized,codex73:9:73008:322,codex73,544.615517616272,41482,43206,1052,1052,1,0.6702216379344463,23.675916218451384,25.553886380046606,0,
smetric_optimized,codex524:5:524004:575,codex524,544.9587378501892,34614,36251,220,220,1,2.7060893662273884,6.298024343437256,4.085542216897011,1,
smetric_optimized,codex250:24:250023:367,codex250,545.2732429504395,81306,84848,125,125,1,0.5374976731836796,13.206202116224073,2.1751745603978634,1,
smetric_optimized,codex213:13:213012:490,codex213,546.7369949817657,44644,46333,356,356,1,0.9318355433642864,7.930555299554073,3.7472219318151474,1,
smetric_optimized,codex220:13:220012:527,codex220,547.3261256217957,60225,63444,655,655,1,0.47092748433351517,16.63441942372453,11.34999868273735,1,
smetric_optimized,codex382:7:382006:553,codex382,547.6524202823639,34492,36206,315,315,1,0.9520283751189709,11.005464158240398,4.407781478017569,1,
smetric_optimized,codex166:8:166007:455,codex166,549.5155358314514,62405,65115,591,591,1,0.5754481367766857,27.745584265912992,16.94548174738884,0,
smetric_optimized,codex278:2:278001:582,codex278,549.6722640991211,38512,40484,521,521,1,11.52863584086299,56.319985947070215,40.81512155756354,0,
smetric_optimized,codex508:8:508007:550,codex508,549.8666100502014,56599,59479,292,292,1,11.3394475877285,83.45095321689685,35.62402780354023,0,
smetric_optimized,codex308:5:308004:546,codex308,550.4751951694489,90183,94804,271,271,1,24.715581439435482,37.04094097570137,34.71673782542348,0,
smetric_optimized,codex250:25:250024:372,codex250,550.9465599060059,81521,85069,179,179,1,0.5192987620830536,11.161946262536423,2.5061641670763493,1,
smetric_optimized,codex213:14:213013:495,codex213,551.755713224411,46635,48396,2138,2138,1,0.8851622976362705,7.7175294922008435,17.377675898373127,1,
smetric_optimized,codex509:20:509019:529,codex509,552.0513372421265,64778,67928,1442,1442,1,23.127733130007982,18.84575208324595,50.28451578691602,0,
smetric_optimized,codex493:33:493032:343,codex493,553.4451792240143,117013,121853,91,91,1,11.171712391078472,15.030033555295732,12.524627961218357,0,
smetric_optimized,codex422:19:422018:484,codex422,555.6359720230103,42067,43686,613,613,1,19.53857507556677,27.629341151005303,36.447886768728495,0,
smetric_optimized,codex203:12:203011:474,codex203,556.261557340622,60087,62818,58,58,1,18.933475468307734,36.64179361964527,21.02226324006915,0,
smetric_optimized,codex250:26:250025:380,codex250,557.8710010051727,81731,85279,133,133,1,0.5035120099782944,9.411068887195805,1.7458688952028751,1,
smetric_optimized,codex352:1:352000:600,codex352,557.9276595115662,12527,13195,220,220,1,1.4114145450294018,17.405026018211288,5.223213836550713,1,
smetric_optimized,codex524:6:524005:591,codex524,558.069531917572,40375,42320,639,639,1,1.8267096504569054,7.3050044850682765,6.4874461479485035,1,
smetric_optimized,codex250:27:250026:387,codex250,560.6487455368042,82057,85611,269,269,1,0.5845266133546829,15.166110776142398,4.649262521415949,1,
smetric_optimized,codex382:8:382007:569,codex382,561.4275543689728,35824,37600,343,343,1,0.5424419790506363,14.333421004968779,5.444682251662016,1,
smetric_optimized,codex119:15:119014:357,codex119,563.6784708499908,91494,95751,97,97,1,5.2616593316197395,20.138132579935093,7.195011470466852,1,
smetric_optimized,codex506:26:506025:466,codex506,564.0102763175964,98199,102847,240,240,1,0.8552951775491238,12.744362742706322,3.9013411961495876,1,
smetric_optimized,codex421:6:421005:595,codex421,564.4110856056213,44229,46400,484,484,1,0.55192094668746,7.556383168290121,4.201770517975092,1,
smetric_optimized,codex352:2:352001:610,codex352,565.1978001594543,31522,33099,192,192,1,6.234322655946016,11.803043138294319,8.4887974858284,0,
smetric_optimized,codex135:9:135008:423,codex135,565.817877292633,64603,67603,58,58,1,5.676151905208826,13.602579633394877,6.451655097305775,0,
smetric_optimized,codex524:7:524006:599,codex524,568.9016585350037,44704,46852,259,259,1,1.4826049469411373,7.485113879160363,3.4139077812433243,1,
smetric_optimized,codex506:27:506026:470,codex506,569.7036280632019,98718,103386,70,70,1,0.8880282938480377,21.392354066821113,2.364201094955206,1,
smetric_optimized,codex382:9:382008:578,codex382,570.5643858909607,38192,40076,1210,1210,1,0.864899042993784,7.799305369949617,10.294416215270758,1,
smetric_optimized,codex166:9:166008:463,codex166,571.1271879673004,63040,65754,173,173,1,0.42197681218385696,8.308468429848205,1.8511805981397629,1,
smetric_optimized,codex135:10:135009:428,codex135,573.4965927600861,65110,68139,206,206,1,0.6210855394601822,43.72710580142533,9.585291147232056,0,
smetric_optimized,codex73:10:73009:327,codex73,573.6475808620453,42653,44385,111,111,1,0.44534527510404587,22.17593870379708,2.8847479708492756,1,
smetric_optimized,codex220:14:220013:547,codex220,574.082287311554,68135,71705,88,88,1,3.650807950645685,38.19897458299823,6.974162418395281,1,
smetric_optimized,codex109:1:109000:636,codex109,574.2081892490387,12563,13194,249,249,1,1.5175901465117931,11.72330563948039,4.425097208470106,1,
smetric_optimized,codex119:16:119015:364,codex119,574.5064113140106,92322,96618,86,86,1,1.193347442895174,19.50842212228214,2.8517765253782272,1,
smetric_optimized,codex524:8:524007:606,codex524,574.672162771225,49762,52154,608,608,1,1.986603856086731,7.831377322483299,6.7405528128147125,1,
smetric_optimized,codex166:10:166009:472,codex166,576.2525672912598,65720,68575,131,131,1,1.806283213198185,10.505002106611546,3.171973206102848,1,
smetric_optimized,codex250:28:250027:404,codex250,576.52263879776,82444,86002,38,38,1,0.528905663639307,11.384418989355499,0.9502324312925339,1,
smetric_optimized,codex203:13:203012:477,codex203,577.7209491729736,60237,62971,38,38,1,0.4908408410847187,40.58247623411385,1.9924314580857754,1,
smetric_optimized,codex119:17:119016:369,codex119,579.0542657375336,93677,98035,8668,8668,1,1.7999081537127495,18.245552227311965,159.9341463111341,1,
smetric_optimized,codex493:34:493033:365,codex493,579.417249917984,120000,124987,33,33,1,2.9624169059097767,13.437307439744473,3.3926150128245354,1,
smetric_optimized,codex352:3:352002:631,codex352,579.708598613739,36016,37865,656,656,1,1.3780429400503635,18.488240577564895,13.487988024950027,1,
smetric_optimized,codex166:11:166010:476,codex166,580.8393151760101,65895,68752,6042,6042,1,1.5686707943677902,13.688178672249439,84.25910346955061,1,
smetric_optimized,codex73:11:73010:336,codex73,581.2564401626587,45008,46855,1004,1004,1,1.0020581409335136,22.321553442140637,23.39067605137825,1,
smetric_optimized,codex250:29:250028:415,codex250,583.9074387550354,82604,86169,46,46,1,0.5154553391039371,8.735953768094381,0.90871462225914,1,
smetric_optimized,codex220:15:220014:556,codex220,586.9731409549713,69349,72980,268,268,1,1.2973375618457794,23.680423306168688,7.620103247463703,1,
smetric_optimized,codex508:9:508008:555,codex508,587.686781167984,58366,61321,180,180,1,1.5908238850533962,18.63424590263287,4.926562998443842,1,
smetric_optimized,codex203:14:203013:494,codex203,587.8721165657043,60368,63114,35,35,1,1.4974778965115547,28.868784141891144,2.479236502200365,1,
smetric_optimized,codex135:11:135010:437,codex135,588.0737092494965,65958,69017,232,232,1,0.9413187094032764,24.292534773612953,6.553037732839584,1,
smetric_optimized,codex524:9:524008:620,codex524,588.2563815116882,55398,58036,243,243,1,2.2083557583391666,8.100684916923854,4.168867222964764,1,
smetric_optimized,codex88:1:88000:663,codex88,590.6216912269592,13989,14659,340,340,1,1.3982761316001415,5.752495718037484,3.3485126681625843,1,
smetric_optimized,codex493:35:493034:379,codex493,591.644463300705,128358,133789,491,491,1,7.5462524481117725,16.886793084594668,15.820875205099583,1,
smetric_optimized,codex109:2:109001:666,codex109,593.6596059799194,14407,15110,302,302,1,0.45751920714974403,6.840035344081068,2.5164075903594494,1,
smetric_optimized,codex524:10:524009:628,codex524,593.9140617847443,56488,59165,46,46,1,0.6973775066435337,18.220707277456917,1.5173611864447594,1,
smetric_optimized,codex508:10:508009:559,codex508,594.9737946987152,61630,64725,179,179,1,2.7653049416840076,12.216045552592599,4.9399726167321205,1,
smetric_optimized,codex250:30:250029:435,codex250,595.2442011833191,82771,86342,43,43,1,0.9392118789255619,8.953662766587167,1.3153116144239902,1,
smetric_optimized,codex203:15:203014:501,codex203,595.4259469509125,60494,63251,75,75,1,2.3089875243604183,10.867708438151592,3.1133121140301228,1,
smetric_optimized,codex220:16:220015:560,codex220,596.1699981689453,70145,73800,2352,2352,1,0.6809789873659611,26.22780775843859,62.34259636327624,0,
smetric_optimized,codex524:11:524010:633,codex524,596.5554482936859,56746,59433,1888,1888,1,2.89365466684103,12.20933128410884,25.932788122445345,1,
smetric_optimized,codex88:2:88001:670,codex88,596.6510233879089,27097,28486,305,305,1,2.793852034956217,10.41882994927858,5.9613941088318825,1,
smetric_optimized,codex294:15:294014:518,codex294,597.2124490737915,72277,75639,899,899,1,2.6101361364126205,16.3003463082364,17.248143505305052,1,
smetric_optimized,codex135:12:135011:443,codex135,597.4268236160278,66373,69438,5998,5998,1,0.7930744215846062,25.678537857444045,154.7877221107483,0,
smetric_optimized,codex250:31:250030:441,codex250,597.7011635303497,82933,86508,400,400,1,0.5403287969529629,13.753294944763184,6.027940209954977,1,
smetric_optimized,codex109:3:109002:673,codex109,599.8134112358093,15750,16498,299,299,1,0.3422374278306961,13.578796059193227,4.3888913951814175,1,
smetric_optimized,codex382:10:382009:613,codex382,601.6565389633179,39825,41731,362,362,1,0.6861712262034416,9.410648526742518,4.0835084691643715,1,
smetric_optimized,codex508:11:508010:565,codex508,602.1091146469116,65968,69281,2487,2487,1,5.047597497701645,37.478681046842375,98.21969268098474,0,
smetric_optimized,codex278:3:278002:605,codex278,602.3302066326141,53579,56257,295,295,1,8.217712078243494,40.721743323263674,20.190209586173296,0,
smetric_optimized,codex422:20:422019:499,codex422,602.7932851314545,42726,44348,292,292,1,7.757832154631615,40.72595131663522,19.609705816954374,0,
smetric_optimized,codex548:8:548007:516,codex548,603.3446929454803,57516,60298,4991,4991,1,0.6075881980359554,28.22137173854994,141.43227170407772,0,
smetric_optimized,codex509:21:509020:532,codex509,603.7224497795105,67612,70820,1572,1572,1,6.900464296340942,39.076478270912226,68.28982369229198,0,
smetric_optimized,codex88:3:88002:683,codex88,606.4806866645813,32712,34385,202,202,1,1.5191922970116138,10.70625244162569,3.671833161264658,1,
smetric_optimized,codex382:11:382010:617,codex382,606.9764671325684,42725,44770,2450,2450,1,1.1274977624416351,7.557438226342931,19.63586935400963,1,
smetric_optimized,codex511:1:511000:690,codex511,607.0270721912384,12443,13052,295,295,1,1.4268289916217327,11.308275644673783,4.7515767849981785,1,
smetric_optimized,codex203:16:203015:512,codex203,608.4453392028809,60661,63422,315,315,1,2.1835359558463097,40.90593941509724,15.028038401156664,0,
smetric_optimized,codex70:26:70025:260,codex70,608.9149458408356,91646,95197,33,33,1,0.7842447236180305,34.629748901352286,1.8925577849149704,1,
smetric_optimized,codex70:27:70026:265,codex70,612.4507372379303,92990,96605,503,503,1,1.5201502293348312,36.316694283627896,19.751253992319107,0,
smetric_optimized,codex88:4:88003:689,codex88,612.620142698288,45317,47697,315,315,1,4.125703793019056,11.71519294096406,7.804492145776749,1,
smetric_optimized,codex73:12:73011:345,codex73,612.750063419342,46063,47911,323,323,1,0.6837265677750111,12.741027087528513,4.786433942615986,1,
smetric_optimized,codex493:36:493035:393,codex493,613.4169182777405,136292,142106,1245,1245,1,7.274002011865377,17.722204582124853,29.32052644342184,1,
smetric_optimized,codex511:2:511001:699,codex511,613.7639434337616,18223,19143,371,371,1,1.0868727788329124,5.9876529248179615,3.3024674020707607,1,
smetric_optimized,codex511:3:511002:704,codex511,618.2313356399536,25922,27252,463,463,1,1.9711585268378258,5.987554732145685,4.737607721239328,1,
smetric_optimized,codex73:13:73012:348,codex73,618.419139623642,53663,55847,894,894,1,2.872355468571186,21.48344840808518,22.05753730610013,1,
smetric_optimized,codex308:6:308005:607,codex308,620.189090013504,92130,96833,283,283,1,1.6158434674143791,56.78377237091673,17.62896140664816,0,
smetric_optimized,codex88:5:88004:697,codex88,623.4655163288116,79671,83846,1243,1243,1,19.851140473037958,17.37674263616403,41.43309584259987,0,
smetric_optimized,codex603:1:603000:718,codex603,623.5212073326111,12414,13081,297,297,1,5.533958312124014,68.50076289344076,25.81039472296834,0,
smetric_optimized,codex238:17:238016:185,codex238,625.3090617656708,135331,141252,219,219,1,0.892314225435257,22.936619732768165,5.892706599086523,1,
smetric_optimized,codex511:4:511003:709,codex511,625.4145865440369,28113,29537,284,284,1,0.5781352482736111,6.8201465867854685,2.5082743987441063,1,
smetric_optimized,codex278:4:278003:619,codex278,627.2333364486694,65725,68993,467,467,1,5.58721574395895,26.825967216824257,18.08820942416787,0,
smetric_optimized,codex294:16:294015:533,codex294,627.9164109230042,73412,76784,6415,6415,1,0.6363948658108711,16.54868909179012,106.77990727499127,1,
smetric_optimized,codex109:4:109003:715,codex109,627.9974331855774,20246,21202,281,281,1,0.9820002168416977,7.095123840762036,2.968733210116625,1,
smetric_optimized,codex213:15:213014:573,codex213,628.9727852344513,48827,50589,295,295,1,0.8588561788201332,10.114628428808686,3.83259916305542,1,
smetric_optimized,codex382:12:382011:624,codex382,629.383270740509,45282,47330,9830,9830,1,0.7614843361079693,10.592027188790683,104.87062308564782,1,
smetric_optimized,codex524:12:524011:645,codex524,629.7198417186737,63140,66035,79,79,1,13.702497381716967,21.588838492066433,15.386862758547068,0,
smetric_optimized,codex511:5:511004:714,codex511,629.8239417076111,30034,31548,749,749,1,0.6157386936247349,7.7264633547654125,6.395272821187973,1,
smetric_optimized,codex238:18:238017:187,codex238,632.79514503479,138283,144338,343,343,1,3.390889100730419,21.0566831458556,10.59237015992403,1,
smetric_optimized,codex422:21:422020:513,codex422,633.6189253330231,46925,48761,205,205,1,1.6035211458802223,26.898830069922933,7.091326888650656,1,
smetric_optimized,codex70:28:70027:272,codex70,636.999041557312,93532,97150,211,211,1,0.6240802221000195,36.45067172391074,8.278935983777046,1,
smetric_optimized,codex109:5:109004:728,codex109,637.0869357585907,22654,23710,312,312,1,0.5908681787550449,9.757244654023761,3.625520210713148,1,
smetric_optimized,codex213:16:213015:583,codex213,637.3225054740906,54188,56232,278,278,1,2.184945583343506,7.9812341460467255,4.395842593163252,1,
smetric_optimized,codex421:7:421006:719,codex421,639.0433957576752,48438,50807,313,313,1,4.387131996452808,20.110799417568323,10.661801494657993,0,
smetric_optimized,codex250:32:250031:504,codex250,642.0678424835205,83503,87080,79,79,1,0.7456916570663452,12.190932981096783,1.6966759599745274,1,
smetric_optimized,codex422:22:422021:521,codex422,642.2173230648041,47174,49012,305,305,1,0.30742451548576355,35.63765486653306,11.141431290656328,0,
smetric_optimized,codex250:33:250032:506,codex250,644.8755693435669,83863,87464,76,76,1,2.1345176100730896,6.90941646695137,2.652765080332756,1,
smetric_optimized,codex109:6:109005:737,codex109,644.9806559085846,26658,27917,112,112,1,2.012409519404173,7.597972915784733,2.8558821827173233,1,
smetric_optimized,codex308:7:308006:625,codex308,646.5296199321747,95028,99865,2593,2593,1,5.122162293642759,36.6551160113886,100.13232171162963,0,
smetric_optimized,codex524:13:524012:652,codex524,646.7542378902435,64042,66982,4489,4489,1,1.1103306747972965,14.415491125820315,65.80727400630713,1,
smetric_optimized,codex278:5:278004:629,codex278,646.9860739707947,70845,74375,321,321,1,4.659280523657799,38.21048690006137,16.886726196855307,0,
smetric_optimized,codex238:19:238018:195,codex238,647.5159542560577,138661,144720,477,477,1,0.7774160839617252,18.7497596812098,9.702395997941494,1,
smetric_optimized,codex506:28:506027:585,codex506,651.6241633892059,99325,104026,181,181,1,0.9158400408923626,16.261587457524406,3.843017004430294,1,
smetric_optimized,codex109:7:109006:749,codex109,652.7174971103668,26780,28039,713,713,1,0.20112743228673935,11.280364597613891,8.232800472527742,1,
smetric_optimized,codex64:1:64000:773,codex64,656.2508132457733,14528,15360,256,256,1,1.5081041604280472,5.758395382002288,2.976720329374075,1,
smetric_optimized,codex421:8:421007:734,codex421,657.6520526409149,50498,52973,42,42,1,1.2149216048419476,12.773536236547843,1.7388035506010056,1,
smetric_optimized,codex238:20:238019:200,codex238,658.4988777637482,139172,145233,414,414,1,1.196985125541687,18.74520503363367,8.938793778419495,1,
smetric_optimized,codex70:29:70028:292,codex70,658.8061509132385,93783,97402,163,163,1,0.5721883401274681,18.405486933059162,3.5541215613484383,1,
smetric_optimized,codex213:17:213016:615,codex213,659.6729922294617,54883,56942,226,226,1,0.49607835337519646,8.005759881602392,2.297474853694439,1,
smetric_optimized,codex203:17:203016:562,codex203,660.94469165802,61353,64138,48,48,1,0.5923730060458183,45.51953053537836,2.7319396547973156,1,
smetric_optimized,codex421:9:421008:740,codex421,661.4617185592651,51461,53984,868,868,1,0.7314142026007175,13.80323292526407,12.698853354901075,1,
smetric_optimized,codex603:2:603001:750,codex603,664.2182941436768,28511,29988,356,356,1,3.2281800881028175,7.727070362635062,5.971428964287043,1,
smetric_optimized,codex109:8:109007:757,codex109,664.3957588672638,27564,28825,239,239,1,0.21050792932510376,9.719925439533066,2.5240586288273335,1,
smetric_optimized,codex70:30:70029:298,codex70,664.8886947631836,94215,97844,33,33,1,0.7803404331207275,16.90787880215794,1.3216661736369133,1,
smetric_optimized,codex278:6:278005:637,codex278,666.8965361118317,73878,77597,605,605,1,1.8866102434694767,35.47202559521064,23.311870083212852,0,
smetric_optimized,codex220:17:220016:576,codex220,667.1956689357758,72507,76162,2937,2937,1,0.7053883709013462,27.883746495028852,82.57247931137681,0,
smetric_optimized,codex213:18:213017:626,codex213,667.4320683479309,55283,57351,79,79,1,0.4644079618155956,9.922209745034193,1.2383802086114883,1,
smetric_optimized,codex70:31:70030:300,codex70,667.8816676139832,94470,98114,136,136,1,0.7997164577245712,36.06307572788663,5.668268784880638,1,
smetric_optimized,codex203:18:203017:570,codex203,668.6648752689362,61512,64302,46,46,1,0.4485771842300892,46.01873540216022,2.519628930836916,1,
smetric_optimized,codex109:9:109008:759,codex109,669.2863130569458,28086,29364,213,213,1,0.29066262394189835,9.70566886002725,2.348465859889984,1,
smetric_optimized,codex603:3:603002:756,codex603,671.1027195453644,38955,40985,276,276,1,3.1193418987095356,12.638033628463745,6.59501326456666,1,
smetric_optimized,codex213:19:213018:635,codex213,671.8707232475281,55536,57613,133,133,1,2.355511114001274,15.507196160880003,4.402735013514757,1,
smetric_optimized,codex287:1:287000:803,codex287,672.6453516483307,12815,13449,291,291,1,1.522021934390068,4.824008021889062,2.9211327359080315,1,
smetric_optimized,codex238:21:238020:207,codex238,673.5164124965668,139621,145682,2173,2173,1,1.4588148295879364,20.409460591142018,45.788592748343945,1,
smetric_optimized,codex511:6:511005:778,codex511,673.661651134491,32066,33650,278,278,1,1.2960323803126812,10.48200210347933,4.199691109359264,1,
smetric_optimized,codex509:22:509021:534,codex509,673.8852725028992,70284,73540,54,54,1,1.278431423008442,35.40632437984898,3.155060041695833,1,
smetric_optimized,codex250:34:250033:537,codex250,674.1485731601715,84066,87673,82,82,1,0.8162795528769493,9.944196974421725,1.6219747923314571,1,
smetric_optimized,codex421:10:421009:745,codex421,674.945983171463,52579,55110,776,776,1,0.4199708253145218,13.949106941300055,11.230626370757818,1,
smetric_optimized,codex287:2:287001:811,codex287,676.6682779788971,19704,20669,325,325,1,1.1465196646749973,6.126971823381789,3.1318019926548004,1,
smetric_optimized,codex88:6:88005:729,codex88,678.5437500476837,80916,85091,177,177,1,0.6034438945353031,17.786652527072214,3.7339875251054764,1,
smetric_optimized,codex109:10:109009:771,codex109,678.6713714599609,29874,31251,2904,2904,1,0.6116609759628773,11.241090180152783,33.24475619196892,1,
smetric_optimized,codex250:35:250034:542,codex250,679.1187717914581,84259,87867,41,41,1,0.5044050142168999,21.912713069468737,1.381255578249693,1,
smetric_optimized,codex213:20:213019:648,codex213,682.9540886878967,55842,57928,82,82,1,0.4444959871470928,7.241945897723421,1.0312488749623299,1,
smetric_optimized,codex509:23:509022:543,codex509,683.384569644928,72036,75392,70,70,1,1.2658334486186504,36.40053799186928,3.777917269617319,1,
smetric_optimized,codex250:36:250035:551,codex250,685.5883955955505,84442,88062,59,59,1,0.6097490601241589,15.746322813732869,1.5231844075024128,1,
smetric_optimized,codex73:14:73013:420,codex73,685.8827395439148,54608,56797,97,97,1,0.43184247612953186,23.660595101925235,2.703350964933634,1,
smetric_optimized,codex166:12:166011:509,codex166,686.9253258705139,71982,74845,354,354,1,0.4175950884819031,9.030227947758547,3.6054058372974396,1,
smetric_optimized,codex88:7:88006:741,codex88,688.1490988731384,81558,85766,261,261,1,0.7842593677341938,14.94933465638986,4.671125799417496,1,
smetric_optimized,codex343:1:343000:838,codex343,689.0544261932373,13165,13864,247,247,1,1.4177170246839523,7.2014746748334995,3.189422719180584,1,
smetric_optimized,codex422:23:422022:566,codex422,689.647412776947,47594,49438,169,169,1,0.3745409771800041,27.997448796495085,5.078373849391937,1,
smetric_optimized,codex213:21:213020:660,codex213,690.4645495414734,56099,58191,88,88,1,0.38775648176670074,9.153053849592975,1.1844103671610355,1,
smetric_optimized,codex203:19:203018:601,codex203,691.3583328723907,61670,64467,285,285,1,0.7799318879842758,23.507692405140737,7.4563842080533504,1,
smetric_optimized,codex73:15:73014:431,codex73,691.8428680896759,54926,57121,393,393,1,0.7609212920069695,24.29500760092419,10.284724615514278,1,
smetric_optimized,codex250:37:250036:557,codex250,692.1218802928925,84588,88212,39,39,1,0.71147695556283,11.003314272353524,1.1297592893242836,1,
smetric_optimized,codex343:2:343001:842,codex343,692.5267109870911,30144,31676,266,266,1,3.4722272492945194,6.704544149479776,5.249097850173712,1,
smetric_optimized,codex421:11:421010:758,codex421,692.8158464431763,54003,56556,42,42,1,0.6511872485280037,12.037344731208755,1.1448169276118279,1,
smetric_optimized,codex511:7:511006:816,codex511,696.4031279087067,32352,33936,754,754,1,0.8740055374801159,12.198513104106643,10.059640184044838,1,
smetric_optimized,codex603:4:603003:793,codex603,696.6139330863953,44068,46369,418,418,1,1.961980801075697,11.358521726848982,6.6985850147902966,1,
smetric_optimized,codex421:12:421011:762,codex421,696.9410810470581,54253,56817,314,314,1,0.7373014464974403,21.05796441864282,7.328498266637325,1,
smetric_optimized,codex88:8:88007:752,codex88,697.2601284980774,82732,86974,843,843,1,1.3244459815323353,16.786666405597376,15.458913750946522,1,
smetric_optimized,codex422:24:422023:571,codex422,698.2660295963287,47859,49707,35,35,1,0.35696275904774666,44.14375268799417,1.8578876815736294,1,
smetric_optimized,codex509:24:509023:563,codex509,698.515585899353,73110,76514,195,195,1,1.057765282690525,24.999588612735884,5.9079635962843895,1,
smetric_optimized,codex166:13:166012:523,codex166,700.1127696037292,72431,75303,285,285,1,0.4607758894562721,8.97092069171264,3.008662313222885,1,
smetric_optimized,codex352:4:352003:821,codex352,700.7494037151337,37336,39211,1173,1173,1,0.5167496427893639,31.166382671139957,37.044130973517895,0,
smetric_optimized,codex213:22:213021:679,codex213,701.2316102981567,56363,58466,348,348,1,0.4012247435748577,12.072427085565902,4.590568605810404,1,
smetric_optimized,codex278:7:278006:656,codex278,702.0046138763428,77076,80938,2701,2701,1,1.8411098457872868,41.08610965173553,112.77387263998389,0,
smetric_optimized,codex508:12:508011:572,codex508,704.2594513893127,69188,72544,959,959,1,0.8116294108331203,42.25965641781159,41.29653200134635,0,
smetric_optimized,codex421:13:421012:766,codex421,705.4426119327545,54672,57245,200,200,1,0.4715223126113415,18.11646754343306,4.07679059356451,1,
smetric_optimized,codex171:1:171000:859,codex171,705.4972755908966,13509,14166,284,284,1,2.1813928857445717,14.0972355176619,6.171036351472139,1,
smetric_optimized,codex287:3:287002:857,codex287,706.1604413986206,24171,25376,370,370,1,1.5467441976070404,13.449391849884174,6.5097795985639095,1,
smetric_optimized,codex509:25:509024:567,codex509,706.9353108406067,75049,78547,3722,3722,1,1.5221134014427662,37.005985450541196,139.22166118770838,0,
smetric_optimized,codex422:25:422024:587,codex422,707.9774062633514,47989,49837,39,39,1,0.5804141983389854,39.59290379364239,2.0853638239204884,1,
smetric_optimized,codex511:8:511007:824,codex511,708.8305127620697,33203,34794,43,43,1,0.5239818133413792,0.7754344315755934,0.5566506944596767,1,
smetric_optimized,codex166:14:166013:531,codex166,709.3391356468201,76190,79214,2050,2050,1,2.161331620067358,13.455680001067092,29.732136368751526,1,
smetric_optimized,codex603:5:603004:807,codex603,710.9377160072327,54294,57112,305,305,1,4.547229345887899,11.664622830913254,8.093311421573162,1,
smetric_optimized,codex511:9:511008:833,codex511,714.0702683925629,33745,35358,1506,1506,1,1.408910695463419,10.256254351218278,16.84474117308855,1,
smetric_optimized,codex70:32:70031:358,codex70,715.1934459209442,94780,98438,35,35,1,0.968366090208292,24.02429436059559,1.7854858711361885,1,
smetric_optimized,codex64:2:64001:874,codex64,715.2816829681396,22411,23612,321,321,1,1.743359487503767,6.287210644222796,3.755306165665388,1,
smetric_optimized,codex213:23:213022:695,codex213,715.467159986496,56942,59056,109,109,1,0.4277392141520977,14.521076723381324,1.9962988533079624,1,
smetric_optimized,codex422:26:422025:596,codex422,716.147346496582,48124,49975,43,43,1,0.35278238356113434,90.88366833471116,4.170456286519766,1,
smetric_optimized,codex203:20:203019:639,codex203,716.7806265354156,66135,69117,46,46,1,2.4212136268615723,48.89358969198332,4.621464904397726,1,
smetric_optimized,codex109:11:109010:783,codex109,716.9184756278992,32844,34223,188,188,1,0.256113950163126,10.777695453103213,2.2717860899865627,1,
smetric_optimized,codex88:9:88008:760,codex88,719.0219457149506,86247,90638,205,205,1,2.3914584070444107,19.50780760642945,6.3713403865695,1,
smetric_optimized,codex109:12:109011:786,codex109,719.7048726081848,33255,34657,75,75,1,0.26297199353575706,10.768749625296207,1.0600785799324512,1,
smetric_optimized,codex171:2:171001:877,codex171,719.949405670166,16653,17439,436,436,1,0.6849956437945366,17.692207014081124,8.38126664236188,1,
smetric_optimized,codex343:3:343002:880,codex343,720.4806442260742,32941,34630,384,384,1,2.682536605745554,19.320832074233195,10.082627087831497,1,
smetric_optimized,codex287:4:287003:873,codex287,720.9981391429901,32735,34348,340,340,1,2.3189761862158775,19.9241129390258,9.07352627441287,1,
smetric_optimized,codex70:33:70032:366,codex70,721.3910753726959,94966,98639,266,266,1,0.8970576636493206,26.52661904411496,7.926845591515303,1,
smetric_optimized,codex250:38:250037:604,codex250,722.1110455989838,84747,88380,281,281,1,0.7550189197063446,13.81347498723439,4.6229591332376,1,
smetric_optimized,codex291:1:291000:889,codex291,722.1688015460968,12910,13540,287,287,1,1.3858781233429909,16.04827307164669,5.975726835429668,1,
smetric_optimized,codex64:3:64002:887,codex64,722.2728846073151,29992,31521,310,310,1,1.927568044513464,12.707469785965761,5.854219414293766,1,
smetric_optimized,codex524:14:524013:668,codex524,722.7606987953186,68568,71509,310,310,1,1.495607640594244,12.552235649241599,5.374344699084759,1,
smetric_optimized,codex603:6:603005:827,codex603,725.9265840053558,61563,64774,50,50,1,3.9792594835162163,16.048488036102178,4.765796195715666,1,
smetric_optimized,codex213:24:213023:710,codex213,726.1117568016052,57132,59252,105,105,1,3.8211676441133022,14.064140152186155,5.283876735717058,1,
smetric_optimized,codex238:22:238021:215,codex238,726.567792892456,141830,147891,412,412,1,1.2161491513252258,19.756129623329553,9.335960172116756,1,
smetric_optimized,codex109:13:109012:801,codex109,726.6939632892609,33575,34987,119,119,1,0.2921459898352623,11.196337924417803,1.6133509390056133,1,
smetric_optimized,codex88:10:88009:767,codex88,727.7568259239197,95292,100188,502,502,1,10.23265127837658,18.808907615448426,19.65605967119336,0,
smetric_optimized,codex250:39:250038:609,codex250,728.1149423122406,92830,96836,379,379,1,5.209205895662308,13.990831507182627,10.497779458761215,1,
smetric_optimized,codex422:27:422026:611,codex422,728.3022589683533,48263,50118,83,83,1,0.35474182292819023,40.658058871219794,3.688912119716406,1,
smetric_optimized,codex64:4:64003:894,codex64,731.3875870704651,47664,50039,287,287,1,7.6169392094016075,17.25781828790278,12.552792210131884,0,
smetric_optimized,codex287:5:287004:885,codex287,733.179337978363,37117,38965,187,187,1,1.3434817679226398,12.37100923574099,3.6446575336158276,1,
smetric_optimized,codex213:25:213024:717,codex213,733.7425441741943,74415,77514,94,94,1,8.376221496611834,13.774999567577916,9.65733290091157,0,
smetric_optimized,codex291:2:291001:907,codex291,735.7148044109344,27990,29439,276,276,1,3.4215034916996956,24.500864866104994,10.159282021224499,0,
smetric_optimized,codex382:13:382012:632,codex382,735.8979239463806,55151,57201,339,339,1,0.5739022269845009,9.810507209343319,3.8900780491530895,1,
smetric_optimized,codex294:17:294016:535,codex294,736.4574820995331,80003,83387,205,205,1,2.6859392188489437,27.97654524956848,8.39340690523386,1,
smetric_optimized,codex511:10:511009:845,codex511,736.5983819961548,35307,36925,131,131,1,5.525071427226067,13.178152189804957,7.238271817564964,0,
smetric_optimized,codex422:28:422027:622,codex422,737.4894156455994,48440,50296,65,65,1,0.42710118740797043,40.57653626659885,3.0242236629128456,1,
smetric_optimized,codex238:23:238022:219,codex238,738.6020815372467,142278,148340,586,586,1,2.0404024682939053,16.08062743758544,11.447613928467035,1,
smetric_optimized,codex129:1:129000:923,codex129,738.6698830127716,12797,13392,287,287,1,1.9573940597474575,14.54653116789731,6.117913968861103,1,
smetric_optimized,codex70:34:70033:382,codex70,738.9713821411133,95393,99077,33,33,1,0.6904789954423904,35.787637112662196,1.8360467292368412,1,
smetric_optimized,codex421:14:421013:825,codex421,739.4863035678864,55328,57920,175,175,1,0.5455092005431652,19.34375318473783,3.9113674499094486,1,
smetric_optimized,codex203:21:203020:678,codex203,742.45729637146,66342,69330,153,153,1,0.5311719179153442,35.85288570703644,5.980963092297316,1,
smetric_optimized,codex109:14:109013:830,codex109,742.97616314888,34055,35481,35,35,1,0.8655776120722294,0.11977498583933886,0.869685061275959,1,
smetric_optimized,codex166:15:166014:536,codex166,743.3918905258179,78306,81331,228,228,1,0.9952320642769337,14.668631379693615,4.325048305094242,1,
smetric_optimized,codex603:7:603006:854,codex603,743.6084406375885,62313,65557,410,410,1,0.968882467597723,14.332520777774032,6.830920152366161,1,
smetric_optimized,codex524:15:524014:696,codex524,743.8229508399963,68917,71858,180,180,1,0.5580086335539818,15.93768170009778,3.412873961031437,1,
smetric_optimized,codex343:4:343003:910,codex343,744.365492105484,35389,37184,1560,1560,1,0.8763714246451855,11.062196555659128,18.122373022139072,1,
smetric_optimized,codex511:11:511010:850,codex511,744.7712662220001,39802,41627,291,291,1,1.8694225400686264,10.31168155885976,4.860080789774656,1,
smetric_optimized,codex421:15:421014:829,codex421,745.8655364513397,55599,58192,53,53,1,0.7802523709833622,11.306316878360052,1.3683632425963879,1,
smetric_optimized,codex506:29:506028:742,codex506,746.6224827766418,99777,104495,238,238,1,0.731902152299881,11.379295873616819,3.4288344755768776,1,
smetric_optimized,codex291:3:291002:918,codex291,747.0498332977295,35378,37202,168,168,1,2.3666109144687653,19.137586751383935,5.562808930873871,1,
smetric_optimized,codex294:18:294017:539,codex294,747.7105708122253,80392,83778,156,156,1,1.7148230895400047,19.53781124564909,4.743272978812456,1,
smetric_optimized,codex171:3:171002:919,codex171,747.7991170883179,22316,23387,308,308,1,1.110911052674055,10.662926124342102,4.384474251419306,1,
smetric_optimized,codex508:13:508012:581,codex508,749.3968405723572,71760,75206,66,66,1,2.347952339798212,7.0346913658655605,2.805366974323988,1,
smetric_optimized,codex382:14:382013:651,codex382,750.0444657802582,55529,57585,974,974,1,1.6878594122827053,9.745186916480696,11.169968750327826,1,
smetric_optimized,codex119:18:119017:390,codex119,750.4172055721283,102483,106842,1833,1833,1,1.338868860155344,14.447536002275205,27.80774824693799,1,
smetric_optimized,codex287:6:287005:915,codex287,750.5805234909058,38846,40762,1540,1540,1,1.158567026257515,9.844505429616449,16.309410899877548,1,
smetric_optimized,codex308:8:308007:638,codex308,750.977650642395,97628,102465,1726,1726,1,1.2228391207754612,41.349377558715105,72.55067718401551,0,
smetric_optimized,codex548:9:548008:524,codex548,751.2758600711823,62591,65379,315,315,1,0.918069701641798,18.466991532570237,6.717425629496574,1,
smetric_optimized,codex524:16:524015:707,codex524,751.5199620723724,69134,72081,369,369,1,1.136517722159624,16.07213736228321,7.051274444907904,1,
smetric_optimized,codex352:5:352004:847,codex352,751.6606733798981,38519,40394,4955,4955,1,0.5531488209962845,23.80171399691387,118.46687654033303,0,
smetric_optimized,codex129:2:129001:935,codex129,751.7264566421509,16596,17400,323,323,1,0.8825594782829285,16.615843296236136,6.2331397123634815,1,
smetric_optimized,codex506:30:506029:747,codex506,752.17134308815,100787,105536,75,75,1,1.419843167066574,10.091698401280352,2.1672849133610725,1,
smetric_optimized,codex508:14:508013:586,codex508,753.5705809593201,71950,75395,38,38,1,0.7666694819927216,33.56589185627731,2.008823148906231,1,
smetric_optimized,codex109:15:109014:852,codex109,754.0244624614716,34378,35811,287,287,1,0.8895226679742336,10.185369466255594,3.802768003195524,1,
smetric_optimized,codex70:35:70034:405,codex70,754.3190004825592,95617,99305,187,187,1,0.6586517654359341,29.72274295665244,6.187248338013887,1,
smetric_optimized,codex166:16:166015:548,codex166,754.5943150520325,78741,81777,308,308,1,0.8532269857823849,15.046564661912887,5.472616892307997,1,
smetric_optimized,codex135:13:135012:450,codex135,754.8526277542114,72405,75470,339,339,1,0.5994327701628208,35.67454194616989,12.657690737396479,0,
smetric_optimized,codex359:1:359000:955,codex359,754.9078199863434,12687,13395,294,294,1,1.254238586872816,5.691549337052647,2.922135889530182,1,
smetric_optimized,codex64:5:64004:926,codex64,755.4310007095337,52653,55310,193,193,1,2.111460614949465,13.214212493039668,4.648685846477747,1,
smetric_optimized,codex203:22:203021:692,codex203,756.6022765636444,66526,69514,39,39,1,0.5850560180842876,49.99798173575025,2.4852666296064854,1,
smetric_optimized,codex508:15:508014:589,codex508,757.1719720363617,72683,76148,298,298,1,0.8199619762599468,47.209046643089366,14.841093584895134,0,
smetric_optimized,codex129:3:129002:944,codex129,759.242625951767,20053,21000,635,635,1,0.683285016566515,6.9147078702314415,5.067253198474646,1,
smetric_optimized,codex70:36:70035:408,codex70,761.2045443058014,102471,106479,73,73,1,4.928689807653427,17.619635702835186,6.197398152202368,1,
smetric_optimized,codex238:24:238023:232,codex238,761.9943127632141,142899,148962,472,472,1,2.5817244574427605,17.943711923692383,11.033425644040108,1,
smetric_optimized,codex294:19:294018:554,codex294,762.481775522232,80740,84140,122,122,1,1.9269507378339767,5.816571506833242,2.6309706792235374,1,
smetric_optimized,codex603:8:603007:868,codex603,762.7915270328522,63692,66994,57,57,1,1.6290215328335762,0.021364406815596988,1.630258359014988,1,
smetric_optimized,codex524:17:524016:713,codex524,763.0223393440247,69541,72500,294,294,1,1.3929260671138763,24.494829450959635,8.569951377809048,1,
smetric_optimized,codex203:23:203022:703,codex203,763.23681640625,66701,69694,140,140,1,1.5831114426255226,51.74759660157369,8.776069547981024,0,
smetric_optimized,codex88:11:88010:802,codex88,763.601845741272,96882,101827,1433,1433,1,4.113203752785921,38.73035138181551,59.57541037723422,0,
smetric_optimized,codex506:31:506030:764,codex506,763.9874033927917,101398,106169,273,273,1,2.710386462509632,20.514704574666478,8.290432393550873,1,
smetric_optimized,codex64:6:64005:931,codex64,764.3017568588257,57251,60130,317,317,1,3.40574811398983,16.87831232394976,8.739391196519136,1,
smetric_optimized,codex359:2:359001:973,codex359,764.392172574997,21725,22846,294,294,1,2.294738944619894,19.357254620603328,7.966566100716591,1,
smetric_optimized,codex511:12:511011:870,codex511,764.5625410079956,42464,44388,46,46,1,0.9923663809895515,6.825259990162319,1.299650326371193,1,
smetric_optimized,codex171:4:171003:949,codex171,765.3097856044769,25048,26226,227,227,1,0.8151635676622391,21.577155712035907,5.69210597500205,1,
smetric_optimized,codex382:15:382014:657,codex382,766.1167423725128,56544,58601,310,310,1,0.6120165847241879,18.677232359026625,6.383375845849514,1,
smetric_optimized,codex109:16:109015:861,codex109,767.3686821460724,34797,36241,34,34,1,0.3333898298442364,16.56485123164726,0.8801594860851765,1,
smetric_optimized,codex511:13:511012:875,codex511,767.6919496059418,42614,44540,83,83,1,0.3071911297738552,7.1492211938631245,0.89351911470294,1,
smetric_optimized,codex603:9:603008:878,codex603,769.191974401474,64340,67665,939,939,1,0.7584160566329956,11.402267235905123,11.453890975564718,1,
smetric_optimized,codex511:14:511013:881,codex511,770.9420101642609,43815,45804,120,120,1,1.3473838232457638,5.756964202688522,2.0326329357922077,1,
smetric_optimized,codex548:10:548009:540,codex548,771.5849449634552,63111,65908,65,65,1,0.8937494903802872,19.148686318658292,2.119303345680237,1,
smetric_optimized,codex65:25:65024:250,codex65,771.9967002868652,120854,125337,51,51,1,0.9205554537475109,15.78237980604172,1.7097101882100105,1,
smetric_optimized,codex220:18:220017:612,codex220,772.266613483429,75488,79145,1041,1041,1,0.48824527487158775,44.607122733186074,46.87999236211181,0,
smetric_optimized,codex171:5:171004:956,codex171,773.2249126434326,28179,29553,273,273,1,0.9589400105178356,12.953415965004003,4.482366416603327,1,
smetric_optimized,codex70:37:70036:419,codex70,773.6979711055756,102546,106554,541,541,1,0.5265917256474495,45.10452303069609,24.883252266794443,0,
smetric_optimized,codex213:26:213025:770,codex213,774.1741573810577,74686,77789,323,323,1,1.060079738497734,12.597817823475932,5.116622529923916,1,
smetric_optimized,codex508:16:508015:593,codex508,774.8355453014374,72989,76454,8114,8114,1,0.8770843930542469,32.10052156252204,261.30890310928226,0,
smetric_optimized,codex135:14:135013:462,codex135,775.0622267723083,75568,78801,1405,1405,1,3.1336501576006413,42.885688863206454,63.34552612900734,0,
smetric_optimized,codex382:16:382015:667,codex382,775.219349861145,56895,58955,93,93,1,0.48766912519931793,7.77982616716105,1.2034559063613415,1,
smetric_optimized,codex64:7:64006:938,codex64,775.6888287067413,91627,96331,1438,1438,1,21.141562186181545,31.197826718301016,65.9728923626244,0,
smetric_optimized,codex548:11:548010:545,codex548,776.417191028595,65341,68222,555,555,1,1.8213521763682365,40.50927781348625,24.26365364715457,0,
smetric_optimized,codex359:3:359002:985,codex359,776.6740190982819,27185,28604,302,302,1,1.2425896264612675,7.131036606143875,3.3894599229097366,1,
smetric_optimized,codex524:18:524017:727,codex524,778.708310842514,69872,72837,179,179,1,18.130891986191273,29.444254809216165,23.372031841427088,0,
smetric_optimized,codex65:26:65025:258,codex65,779.2760951519012,120963,125449,495,495,1,0.9516647011041641,17.771502383626423,9.730935640633106,1,
smetric_optimized,codex287:7:287006:936,codex287,779.4495360851288,43388,45504,428,428,1,1.4292461685836315,16.94813031328087,8.6661395765841,1,
smetric_optimized,codex109:17:109016:882,codex109,779.5557827949524,34967,36415,71,71,1,0.4567130543291569,5.065153432743889,0.8114190883934498,1,
smetric_optimized,codex203:24:203023:716,codex203,780.0017826557159,69257,72379,308,308,1,1.6485457085072994,43.58134762132207,15.028436236083508,0,
smetric_optimized,codex129:4:129003:983,codex129,780.5985481739044,31592,33065,605,605,1,16.27109269797802,29.89732649251325,34.329482074826956,0,
smetric_optimized,codex382:17:382016:676,codex382,780.869128704071,57025,59090,95,95,1,0.47064799815416336,6.788184549263183,1.1087884418666363,1,
smetric_optimized,codex166:17:166016:580,codex166,781.3237421512604,85649,88965,59,59,1,4.128465346992016,14.047432305483982,4.943259906023741,1,
smetric_optimized,codex359:4:359003:987,codex359,781.9402606487274,30527,32110,486,486,1,0.9604030922055244,12.242606643241706,6.898320265114307,1,
smetric_optimized,codex291:4:291003:981,codex291,782.1858396530151,42501,44683,244,244,1,2.8674800023436546,15.324283605863037,6.591633044183254,1,
smetric_optimized,codex238:25:238024:239,codex238,782.7167842388153,143407,149473,347,347,1,0.8725885823369026,18.299926998298293,7.204471431672573,1,
smetric_optimized,codex382:18:382017:681,codex382,783.5689256191254,57208,59277,201,201,1,0.34548959136009216,13.76626094803214,3.098897859454155,1,
smetric_optimized,codex171:6:171005:970,codex171,783.684975862503,28825,30225,242,242,1,0.31200336664915085,19.051188023382203,4.903378073126078,1,
smetric_optimized,codex511:15:511014:905,codex511,784.5459434986115,44543,46567,188,188,1,0.5578973740339279,7.467883653978613,1.9546247497200966,1,
smetric_optimized,codex109:18:109017:893,codex109,785.0450923442841,35049,36498,345,345,1,0.20106390491127968,13.582488760178867,4.873587753623724,1,
smetric_optimized,codex119:19:119018:401,codex119,786.2559487819672,104372,108737,323,323,1,0.665673267096281,16.249859925382626,5.898166347295046,1,
smetric_optimized,codex506:32:506031:791,codex506,787.4140598773956,102167,106981,76,76,1,0.9688573889434338,13.685830334822336,1.9955082386732101,1,
smetric_optimized,codex532:1:532000:1020,codex532,787.4864723682404,13104,13777,208,208,1,3.7316748090088367,20.47352978716726,7.969845861196518,0,
smetric_optimized,codex421:16:421015:895,codex421,787.6930418014526,56511,59168,105,105,1,9.184363670647144,26.986499388630573,11.991177469491959,0,
smetric_optimized,codex511:16:511015:912,codex511,788.0921683311462,50808,53146,46,46,1,3.1609278582036495,14.166414572132958,3.7984574027359486,1,
smetric_optimized,codex343:5:343004:965,codex343,788.5839202404022,41392,43376,47,47,1,1.5526815578341484,6.838781678158305,1.8673664592206478,1,
smetric_optimized,codex294:20:294019:594,codex294,789.7414767742157,81057,84483,82,82,1,0.7203713804483414,8.949252466360727,1.445375069975853,1,
smetric_optimized,codex359:5:359004:993,codex359,789.8554067611694,32382,34030,512,512,1,0.5830506794154644,6.944736710033305,4.13194715231657,1,
smetric_optimized,codex238:26:238025:243,codex238,791.8777244091034,150342,156781,665,665,1,7.3568855337798595,20.92732054304825,21.25266518443823,1,
smetric_optimized,codex603:10:603009:900,codex603,792.1439340114594,68502,71985,3936,3936,1,3.0211011059582233,13.24323771907232,55.13343990966678,1,
smetric_optimized,codex343:6:343005:972,codex343,792.3941042423248,41768,43769,350,350,1,0.4159820228815079,7.399740567521585,2.99863475933671,1,
smetric_optimized,codex511:17:511016:917,codex511,792.783807516098,53523,55994,435,435,1,2.436838712543249,13.623435161836136,8.349453367292881,1,
smetric_optimized,codex294:21:294020:598,codex294,793.2446343898773,81334,84778,125,125,1,0.6065795160830021,13.002534306818438,2.2190167866647243,1,
smetric_optimized,codex65:27:65026:268,codex65,793.8333477973938,121496,125985,48,48,1,0.6207645982503891,15.742359326240866,1.3608680963516235,1,
smetric_optimized,codex166:18:166017:597,codex166,796.3374605178833,87050,90431,1138,1138,1,1.2896690294146538,17.95481059867348,21.704331792891026,1,
smetric_optimized,codex506:33:506032:806,codex506,797.499386548996,103258,108125,273,273,1,1.5660196468234062,12.559794752365526,4.982323329895735,1,
smetric_optimized,codex203:25:203024:723,codex203,797.8971123695374,75662,79080,359,359,1,4.6024177968502045,42.3449281207676,19.762036241590977,0,
smetric_optimized,codex291:5:291004:1001,codex291,798.9292051792145,49682,52211,428,428,1,3.561892408877611,9.395835611454496,7.573956251144409,1,
smetric_optimized,codex171:7:171006:989,codex171,799.0498843193054,34714,36432,250,250,1,1.7248879708349705,26.436739732103653,8.307737220078707,0,
smetric_optimized,codex343:7:343006:984,codex343,799.5824925899506,44390,46484,2369,2369,1,1.0681608021259308,15.321601715530393,37.34981186315417,1,
smetric_optimized,codex213:27:213026:813,codex213,800.0400679111481,75188,78305,569,569,1,0.638012707233429,19.229472149163485,11.560454167425632,1,
smetric_optimized,codex359:6:359005:1007,codex359,800.1514422893524,33778,35462,320,320,1,0.5201154723763466,25.465980767736614,8.64399440959096,1,
smetric_optimized,codex421:17:421016:899,codex421,800.5001618862152,56872,59543,229,229,1,0.6450391113758087,28.52705565460941,7.149430278688669,1,
smetric_optimized,codex287:8:287007:967,codex287,801.1231915950775,48888,51269,564,564,1,2.050049278885126,16.801818742104153,11.509635511785746,1,
smetric_optimized,codex70:38:70037:429,codex70,801.7716212272644,113341,117878,588,588,1,8.307829935103655,43.53090089442783,33.86078151315451,0,
smetric_optimized,codex511:18:511017:922,codex511,802.0019862651825,57547,60210,124,124,1,2.2874964587390423,25.66091907097072,5.4438854791224,1,
smetric_optimized,codex532:2:532001:1039,codex532,802.0695521831512,13776,14477,302,302,1,0.7548818960785866,22.58708533456555,7.553736295551062,1,
smetric_optimized,codex119:20:119019:418,codex119,802.4454708099365,104963,109338,127,127,1,0.8991728685796261,32.97820072325449,5.05465230718255,1,
smetric_optimized,codex109:19:109018:925,codex109,803.5524687767029,38566,40178,75,75,1,3.86889286339283,20.05779672716115,5.35372494161129,0,
smetric_optimized,codex506:34:506033:810,codex506,803.9273283481598,107236,112260,53,53,1,3.6226730160415173,22.185397764238026,4.7765304781496525,1,
smetric_optimized,codex389:1:389000:1058,codex389,803.9864764213562,12928,13608,287,287,1,1.2813205607235432,10.028207687648026,4.149604074656963,1,
smetric_optimized,codex65:28:65027:282,codex65,806.493889093399,121604,126094,1305,1305,1,0.6272786147892475,14.406762105852732,19.41379553452134,1,
smetric_optimized,codex421:18:421017:902,codex421,808.4890096187592,58092,60817,1596,1596,1,0.8410577923059464,28.077040383808292,45.62410166487098,0,
smetric_optimized,codex506:35:506034:819,codex506,810.9671721458435,108751,113832,70,70,1,2.1878257915377617,10.436733131823331,2.9080586060881615,1,
smetric_optimized,codex359:7:359006:1014,codex359,811.2903170585632,35082,36835,2912,2912,1,1.8533869311213493,11.97391860020689,36.70960982143879,1,
smetric_optimized,codex213:28:213027:817,codex213,813.1247465610504,76104,79239,119,119,1,0.7057711370289326,14.084246009588242,2.3677497394382954,1,
smetric_optimized,codex524:19:524018:751,codex524,814.2430248260498,70087,73056,244,244,1,0.4418129213154316,35.863836085109554,9.157003551721573,1,
smetric_optimized,codex171:8:171007:1008,codex171,814.6068201065063,37119,38953,175,175,1,0.8924780488014221,7.988154995201648,2.2824591882526875,1,
smetric_optimized,codex287:9:287008:977,codex287,815.4857947826385,52146,54666,4272,4272,1,1.41566963493824,15.897633724596707,69.31468047201633,1,
smetric_optimized,codex238:27:238026:252,codex238,816.3493611812592,152316,158814,1097,1097,1,2.809762541204691,24.77990996677184,29.968892138451338,1,
smetric_optimized,codex506:36:506035:826,codex506,816.7583513259888,109125,114223,266,266,1,1.296866286545992,25.0096599307825,7.924518495798111,1,
smetric_optimized,codex109:20:109019:934,codex109,816.8810906410217,38776,40392,511,511,1,0.3074411191046238,22.24388050974584,11.651857059448957,1,
smetric_optimized,codex511:19:511018:939,codex511,817.1243093013763,58398,61090,119,119,1,0.7054332830011845,13.010297286308418,2.2407437451183796,1,
smetric_optimized,codex389:2:389001:1079,codex389,818.0365147590637,17771,18679,423,423,1,0.8183842748403549,17.12338451596233,8.044552728533745,1,
smetric_optimized,codex548:12:548011:574,codex548,819.1339540481567,71404,74548,1115,1115,1,2.989401403814554,22.886788419028157,28.485472455620766,0,
smetric_optimized,codex532:3:532002:1062,codex532,819.4646346569061,18688,19607,289,289,1,0.8828439712524414,20.105043581376474,6.673385821282864,1,
smetric_optimized,codex294:22:294021:643,codex294,819.8360381126404,81652,85109,266,266,1,0.8068964257836342,19.701807060331667,6.027913801372051,1,
smetric_optimized,codex511:20:511019:943,codex511,820.0397043228149,58831,61540,72,72,1,0.6084929518401623,12.575305001416677,1.5014383271336555,1,
smetric_optimized,codex362:1:362000:1086,codex362,820.3058035373688,13228,13910,234,234,1,1.5571653470396996,28.57303675344062,8.214723605662584,0,
smetric_optimized,codex171:9:171008:1021,codex171,820.9648613929749,37301,39135,318,318,1,0.9029747359454632,28.246106491762006,9.857030935585499,0,
smetric_optimized,codex119:21:119020:446,codex119,821.3059976100922,105298,109681,81,81,1,0.8355738893151283,31.43418645486236,3.3505595326423645,1,
smetric_optimized,codex220:19:220018:618,codex220,821.8517878055573,76573,80232,161,161,1,0.5137760117650032,46.30415372084826,7.9224785305559635,1,
smetric_optimized,codex511:21:511020:952,codex511,822.9771077632904,59164,61883,1045,1045,1,0.508543461561203,14.86285218176828,16.02540287002921,1,
smetric_optimized,codex524:20:524019:753,codex524,824.3231236934662,70367,73339,59,59,1,2.382449496537447,31.37148916721344,4.202033903449774,1,
smetric_optimized,codex129:5:129004:1002,codex129,824.4612600803375,38909,40730,142,142,1,2.23740566149354,32.22163045342932,6.7806989550590515,0,
smetric_optimized,codex291:6:291005:1046,codex291,825.8544874191284,56174,59001,195,195,1,2.696628652513027,24.067422547905714,7.365923415869474,1,
smetric_optimized,codex532:4:532003:1067,codex532,826.6892974376678,21534,22612,263,263,1,1.8298705331981182,4.861380222417017,3.1040316000580788,1,
smetric_optimized,codex166:19:166018:616,codex166,827.2795634269714,88251,91635,200,200,1,1.2782917320728302,21.189860232062077,5.495223309844732,1,
smetric_optimized,codex119:22:119021:452,codex119,827.6337647438049,105541,109937,85,85,1,2.151835523545742,23.598880374005862,4.134424727410078,1,
smetric_optimized,codex308:9:308008:644,codex308,827.9905002117157,99773,104624,264,264,1,1.8014638498425484,39.51288271029639,12.19392853975296,1,
smetric_optimized,codex88:12:88011:808,codex88,828.3752586841583,100326,105384,141,141,1,2.4604732170701027,33.63624616925206,7.169611889868975,1,
smetric_optimized,codex389:3:389002:1082,codex389,828.4836523532867,29078,30514,335,335,1,2.438788130879402,10.251173493034113,5.862778350710869,1,
smetric_optimized,codex506:37:506036:837,codex506,829.5945978164673,110966,116164,357,357,1,2.016078718006611,15.330094498781007,7.473971873521805,1,
smetric_optimized,codex73:16:73015:623,codex73,829.7670893669128,55571,57774,128,128,1,0.5113213956356049,21.50404256746525,3.242427498102188,1,
smetric_optimized,codex65:29:65028:293,codex65,830.8125097751617,123084,127586,35,35,1,0.8131070397794247,15.92866944916108,1.3547729440033436,1,
smetric_optimized,codex278:8:278007:688,codex278,831.2290909290314,82682,86717,678,678,1,2.22314041480422,25.39510658475814,19.41572568193078,1,
smetric_optimized,codex129:6:129005:1010,codex129,833.9852693080902,40078,41965,155,155,1,0.6322076693177223,20.068757356954862,3.7232679463922977,1,
smetric_optimized,codex65:30:65029:299,codex65,835.069198846817,124633,129201,532,532,1,1.994370386004448,26.35348674520261,15.988110862672329,1,
smetric_optimized,codex422:29:422028:790,codex422,835.5390198230743,48536,50392,321,321,1,0.3990194611251354,30.067330156452954,10.020659297704697,1,
smetric_optimized,codex532:5:532004:1081,codex532,835.9230682849884,23566,24695,61,61,1,0.5672695301473141,13.271096038321655,1.363624345511198,1,
smetric_optimized,codex362:2:362001:1098,codex362,836.3397977352142,32002,33610,319,319,1,3.8696047961711884,19.662866650043796,10.122599616646767,0,
smetric_optimized,codex272:1:272000:1104,codex272,836.7090508937836,13201,13914,213,213,1,1.356479000300169,11.74751663896835,3.8470512479543686,1,
smetric_optimized,codex88:13:88012:818,codex88,838.9872097969055,102969,108119,7693,7693,1,2.4240194894373417,26.36499304830005,205.2239701077342,0,
smetric_optimized,codex532:6:532005:1084,codex532,839.5728878974915,26526,27804,287,287,1,0.8781414106488228,9.467293319481236,3.5858269929885864,1,
smetric_optimized,codex129:7:129006:1019,codex129,840.4424579143524,40235,42122,220,220,1,0.9956559538841248,22.44583527519278,5.91133851185441,1,
smetric_optimized,codex389:4:389003:1093,codex389,840.7680804729462,48587,51066,379,379,1,6.785740293562412,13.835298064997586,12.015518311411142,0,
smetric_optimized,codex291:7:291006:1066,codex291,840.9702031612396,57667,60546,214,214,1,6.588914982974529,18.551872632173303,10.54050299525261,0,
smetric_optimized,codex272:2:272001:1108,codex272,841.1077196598053,14780,15589,370,370,1,0.4350668080151081,24.42010884806716,9.446133747696877,0,
smetric_optimized,codex135:15:135014:471,codex135,841.9701731204987,77052,80289,2895,2895,1,0.5177142359316349,14.527224255281642,42.5597313567996,1,
smetric_optimized,codex343:8:343007:991,codex343,842.1779580116272,46761,48855,3538,3538,1,0.2732163816690445,16.69416538075535,59.32062990963459,1,
smetric_optimized,codex119:23:119022:473,codex119,843.1473596096039,105789,110200,131,131,1,0.7398216612637043,21.005444744458565,3.4706707149744034,1,
smetric_optimized,codex382:19:382018:776,codex382,844.2481353282928,58146,60267,52,52,1,0.6557393036782742,11.738305144450244,1.2544304504990578,1,
smetric_optimized,codex524:21:524020:779,codex524,845.4953308105469,70958,73964,1182,1182,1,0.765096690505743,22.026820885842376,26.778817255049944,1,
smetric_optimized,codex166:20:166019:641,codex166,846.956921339035,93198,96828,308,308,1,3.4946694038808346,23.07190846785272,10.57778750360012,1,
smetric_optimized,codex511:22:511021:969,codex511,848.2701268196106,60862,63614,248,248,1,0.8659706823527813,8.372776949333275,2.9341901428997517,1,
smetric_optimized,codex422:30:422029:799,codex422,848.4236552715302,48964,50820,38,38,1,0.4744609035551548,24.660560025556666,1.3869447149336338,1,
smetric_optimized,codex382:20:382019:784,codex382,848.8878438472748,58616,60752,141,141,1,0.9334643967449665,40.952544073973385,6.666969284415245,1,
smetric_optimized,codex506:38:506037:855,codex506,849.8017416000366,115915,121338,354,354,1,4.646386455744505,15.870528701935543,10.248781446367502,1,
smetric_optimized,codex119:24:119023:486,codex119,851.0437035560608,106085,110512,102,102,1,0.7908458597958088,10.496836856450184,1.851064320653677,1,
smetric_optimized,codex220:20:220019:659,codex220,851.5030245780945,76820,80482,52,52,1,0.5088554210960865,17.37500939006899,1.3950212933123112,1,
smetric_optimized,codex359:8:359007:1031,codex359,851.8188588619232,38854,40661,298,298,1,3.6567005068063736,13.93883028114685,7.796574257314205,1,
smetric_optimized,codex509:26:509025:579,codex509,852.3375833034515,79637,83177,1445,1445,1,1.0893222726881504,28.29042528020708,41.94073312357068,0,
smetric_optimized,codex73:17:73016:662,codex73,852.7774765491486,55750,57953,254,254,1,0.35327934101223946,9.280229701472837,2.7012176997959614,1,
smetric_optimized,codex272:3:272002:1111,codex272,852.891275882721,23057,24282,433,433,1,1.926001649349928,15.080179010207454,8.440680526196957,1,
smetric_optimized,codex40:1:40000:1128,codex40,853.112226486206,12784,13459,218,218,1,1.3254646211862564,8.179043209360492,3.1005906388163567,1,
smetric_optimized,codex291:8:291007:1073,codex291,853.9654898643494,60848,63880,290,290,1,1.8789093159139156,9.78770391906009,4.707701966166496,1,
smetric_optimized,codex532:7:532006:1100,codex532,854.065233707428,28168,29499,58,58,1,1.006567556411028,14.68108953875408,1.8434845991432667,1,
smetric_optimized,codex220:21:220020:664,codex220,854.4285111427307,76954,80624,33,33,1,1.0683452151715755,0.165809178724885,1.0736921280622482,1,
smetric_optimized,codex129:8:129007:1038,codex129,854.6042990684509,41536,43480,1221,1221,1,0.8862289935350418,21.722521684819558,27.387930136173964,1,
smetric_optimized,codex511:23:511022:980,codex511,854.8106501102448,61217,63973,140,140,1,0.6904927156865597,14.5978181482219,2.7196254543960094,1,
smetric_optimized,codex603:11:603010:921,codex603,855.0637836456299,72571,76066,375,375,1,0.9431662820279598,10.5100504874705,4.8739651478827,1,
smetric_optimized,codex65:31:65030:307,codex65,855.4667127132416,125203,129773,48,48,1,0.6708480566740036,14.836886620267908,1.3683950304985046,1,
smetric_optimized,codex421:19:421018:908,codex421,855.8292708396912,60469,63235,5345,5345,1,0.7039579376578331,26.588965782443967,142.79549986496568,0,
smetric_optimized,codex119:25:119024:492,codex119,857.5146384239197,127171,132655,614,614,1,27.656544875353575,45.1597511391558,55.339515056461096,0,
smetric_optimized,codex238:28:238027:273,codex238,859.5986649990082,166746,173918,2588,2588,1,31.779161605983973,30.890897519751135,111.6941300444305,0,
smetric_optimized,codex220:22:220021:671,codex220,859.8591644763947,77461,81153,361,361,1,1.7904596477746964,15.011867332375711,7.194891981780529,1,
smetric_optimized,codex40:2:40001:1135,codex40,859.9232513904572,16307,17133,323,323,1,0.8528380356729031,5.148961943406496,2.510945849120617,1,
smetric_optimized,codex389:5:389004:1107,codex389,860.5966279506683,52523,55156,1639,1639,1,5.359439253807068,18.16436669292322,35.11271505057812,1,
smetric_optimized,codex382:21:382020:798,codex382,860.770569562912,58791,60928,273,273,1,1.305179227143526,10.055927819955874,4.040433302521706,1,
smetric_optimized,codex291:9:291008:1076,codex291,861.0073282718658,68830,72263,345,345,1,5.332639046013355,20.789718407011307,12.48475931212306,0,
smetric_optimized,codex166:21:166020:653,codex166,861.3210215568542,93925,97569,317,317,1,0.8213344886898994,17.8914563848248,6.47512724250555,1,
smetric_optimized,codex73:18:73017:675,codex73,861.5075881481171,56249,58467,86,86,1,29.854921907186508,45.875428573173636,33.75462835282087,0,
smetric_optimized,codex359:9:359008:1034,codex359,861.6395797729492,39664,41501,430,430,1,0.8323312923312187,14.068511043325728,6.867769457399845,1,
smetric_optimized,codex308:10:308009:685,codex308,862.0178894996643,100078,104930,4866,4866,1,0.667341660708189,35.03718649449721,171.12329440936446,0,
smetric_optimized,codex65:32:65031:316,codex65,863.5240452289581,125312,129885,6392,6392,1,2.8258844055235386,19.820377216071815,129.4980588965118,1,
smetric_optimized,codex278:9:278008:712,codex278,864.1769144535065,83368,87403,1555,1555,1,1.0917267240583897,40.683536383981405,64.31428996101022,0,
smetric_optimized,codex506:39:506038:862,codex506,864.5712070465088,116671,122110,254,254,1,1.0258176252245903,23.48417061355274,6.967460714280605,1,
smetric_optimized,codex422:31:422030:828,codex422,864.8051195144653,49108,50974,50,50,1,0.4841265007853508,39.923393528680414,2.4409364610910416,1,
smetric_optimized,codex382:22:382021:804,codex382,868.5017075538635,63994,66383,311,311,1,2.636843506246805,12.903970407862817,6.637344166636467,1,
smetric_optimized,codex272:4:272003:1126,codex272,869.1339764595032,43053,45311,58,58,1,5.396460097283125,14.299375119439343,6.211648739874363,0,
smetric_optimized,codex251:1:251000:1155,codex251,869.5231282711029,12610,13343,268,268,1,2.749722633510828,18.02303915501534,7.5619682259857655,0,
smetric_optimized,codex220:23:220022:680,codex220,869.8421380519867,77866,81570,72,72,1,0.7365046553313732,13.88714646159763,1.7226229198276997,1,
smetric_optimized,codex422:32:422031:835,codex422,870.0087242126465,49264,51132,55,55,1,0.5751853585243225,40.674547078432866,2.772050451487303,1,
smetric_optimized,codex40:3:40002:1152,codex40,870.1238584518433,26025,27336,287,287,1,2.6289738714694977,16.015745178386048,7.209569506347179,1,
smetric_optimized,codex532:8:532007:1119,codex532,870.2236287593842,28575,29928,43,43,1,0.9486492238938808,13.520950894980203,1.5166232995688915,1,
smetric_optimized,codex603:12:603011:946,codex603,872.2620124816895,73031,76531,614,614,1,0.49721119180321693,12.517875829198038,8.170727666467428,1,
smetric_optimized,codex359:10:359009:1042,codex359,872.5931866168976,40512,42370,1571,1571,1,0.7101120166480541,11.322111463186088,18.48586094379425,1,
smetric_optimized,codex362:3:362002:1139,codex362,872.7427535057068,39275,41295,263,263,1,18.72919638827443,34.07878936303936,27.657878514379263,0,
smetric_optimized,codex532:9:532008:1123,codex532,872.9159729480743,29016,30386,258,258,1,0.40275605767965317,11.838719756106922,3.4454788602888584,1,
smetric_optimized,codex548:13:548012:621,codex548,875.892507314682,74812,78072,1289,1289,1,1.5999927781522274,14.693971312610628,20.52586491778493,1,
smetric_optimized,codex272:5:272004:1137,codex272,878.1050140857697,43435,45704,252,252,1,0.4455005116760731,16.632652273809768,4.6203486658632755,1,
smetric_optimized,codex171:10:171009:1103,codex171,878.9409885406494,40499,42471,169,169,1,12.526227723807096,37.256050699700914,18.785505454987288,0,
smetric_optimized,codex524:22:524021:796,codex524,879.194899559021,72179,75187,312,312,1,0.6071683652698994,27.08815457449082,9.031803213059902,1,
smetric_optimized,codex220:24:220023:693,codex220,879.6236889362335,78039,81745,35,35,1,0.8202253468334675,17.041794736595715,1.399958722293377,1,
smetric_optimized,codex422:33:422032:848,codex422,879.7867250442505,50762,52712,63,63,1,0.9869752824306488,41.98317434037885,3.5903026796877384,1,
smetric_optimized,codex511:24:511023:1026,codex511,880.0349695682526,61473,64236,558,558,1,1.004173755645752,22.20503414715214,13.372470933943987,1,
smetric_optimized,codex532:10:532009:1130,codex532,880.1507904529572,29552,30937,263,263,1,0.33709414303302765,9.65157843671227,2.8658987656235695,1,
smetric_optimized,codex251:2:251001:1162,codex251,880.4297304153442,15652,16524,337,337,1,0.616536621004343,27.950827132112213,10.00824848935008,0,
smetric_optimized,codex40:4:40003:1159,codex40,880.9852945804596,42489,44666,220,220,1,4.701078098267317,15.103045391709838,8.00892698764801,1,
smetric_optimized,codex506:40:506039:884,codex506,882.7156369686127,118621,124144,280,280,1,1.9939688220620155,14.866263101605103,6.1418312303721905,1,
smetric_optimized,codex422:34:422033:853,codex422,884.147625207901,50933,52890,44,44,1,0.4080364294350147,41.94418470873389,2.2120520286262035,1,
smetric_optimized,codex129:9:129008:1048,codex129,885.1541452407837,48303,50518,2881,2881,1,2.319402117282152,26.995817851275206,80.06764815375209,0,
smetric_optimized,codex135:16:135015:475,codex135,886.0900857448578,80095,83344,147,147,1,0.6227980963885784,16.475690988032785,3.028524737805128,1,
smetric_optimized,codex158:1:158000:1171,codex158,886.1481938362122,12671,13320,276,276,1,1.319384939968586,9.142680696465751,3.8339551277458668,1,
smetric_optimized,codex352:6:352005:871,codex352,887.1824264526367,43516,45395,1714,1714,1,0.6026796959340572,10.763815234992077,19.04123628884554,1,
smetric_optimized,codex603:13:603012:962,codex603,887.4536120891571,73684,77186,615,615,1,0.5133331753313541,14.740046447428119,9.563891746103764,1,
smetric_optimized,codex294:23:294022:754,codex294,888.7344334125519,82190,85659,206,206,1,0.8063666671514511,20.55045246351056,5.01948107406497,1,
smetric_optimized,codex532:11:532010:1144,codex532,889.5222737789154,29817,31202,144,144,1,0.2137814648449421,9.38739648440501,1.5562249533832073,1,
smetric_optimized,codex506:41:506040:890,codex506,891.0621867179871,119276,124818,283,283,1,1.1881924979388714,12.275973202805993,4.650051862001419,1,
smetric_optimized,codex135:17:135016:487,codex135,892.2240138053894,80280,83529,433,433,1,0.4303778223693371,15.137225225636804,6.96969923004508,1,
smetric_optimized,codex166:22:166021:698,codex166,894.2693798542023,94624,98281,848,848,1,0.8283687680959702,16.39924899904759,14.71881877630949,1,
smetric_optimized,codex158:2:158001:1180,codex158,894.6269698143005,19968,20962,300,300,1,1.4909815229475498,7.215631646057435,3.648597873747349,1,
smetric_optimized,codex382:23:382022:846,codex382,895.0351538658142,64495,66888,272,272,1,0.4677097164094448,11.3970051722333,3.556391816586256,1,
smetric_optimized,codex287:10:287009:999,codex287,895.7050414085388,56461,58982,137,137,1,0.7282428927719593,15.648338697193301,2.8565089851617813,1,
smetric_optimized,codex524:23:524022:812,codex524,895.970691204071,72697,75726,117,117,1,0.6656687892973423,23.37832247902607,3.3777863793075085,1,
smetric_optimized,codex359:11:359010:1057,codex359,896.1131632328033,42314,44180,202,202,1,0.8337395936250687,11.149706847187298,3.07487091422081,1,
smetric_optimized,codex509:27:509026:584,codex509,896.4065637588501,81282,84827,3563,3563,1,0.6250158660113811,35.224847648248854,126.09596189856529,0,
smetric_optimized,codex422:35:422034:864,codex422,896.8674011230469,51136,53100,290,290,1,0.4665325880050659,42.78045292028506,12.830604027956724,0,
smetric_optimized,codex294:24:294023:765,codex294,899.1812553405762,82439,85913,52,52,1,0.5306490585207939,17.154824719125152,1.4056406542658806,1,
smetric_optimized,codex287:11:287010:1004,codex287,899.5632095336914,57519,60084,696,696,1,1.008983999490738,14.456691207002393,11.056561581790447,1,
rendezvous_hash,codex238:12:238011:110,codex238,301.51680541038513,106587,111760,1567,1567,1,1.8012857176363468,14.38301524068889,24.325226243585348,1,
rendezvous_hash,codex506:10:506009:156,codex506,306.85640716552734,74394,77901,335,335,1,1.8822464607656002,15.702749429616386,7.127136431634426,1,
rendezvous_hash,codex509:2:509001:231,codex509,306.938001871109,18693,19652,311,311,1,1.3174135126173496,5.616504074104371,3.0586679354310036,1,
rendezvous_hash,codex65:16:65015:153,codex65,307.234117269516,84420,88447,343,343,1,1.0395203717052937,9.028743767337494,4.127504348754883,1,
rendezvous_hash,codex152:7:152006:209,codex152,308.24802589416504,65213,68383,837,837,1,4.337114222347736,11.198956929325487,13.699585292488337,1,
rendezvous_hash,codex493:18:493017:97,codex493,308.5047821998596,69184,71919,264,264,1,0.3505443185567856,8.895609258698874,2.6901302225887775,1,
rendezvous_hash,codex436:5:436004:226,codex436,311.1905653476715,28247,29508,317,317,1,2.0171175822615623,13.24376714993504,6.202312935143709,1,
rendezvous_hash,codex73:1:73000:234,codex73,311.70604395866394,12906,13617,213,213,1,2.0498865582048893,12.06536872206994,4.607835557311773,1,
rendezvous_hash,codex586:12:586011:205,codex586,312.2691912651062,47032,49357,142,142,1,0.4582919664680958,7.473803448972973,1.5121944472193718,1,
rendezvous_hash,codex526:9:526008:199,codex526,312.3945071697235,40831,42628,282,282,1,0.8785078376531601,7.222543805307341,2.9081393405795097,1,
rendezvous_hash,codex65:17:65016:161,codex65,315.0340344905853,85321,89373,5147,5147,1,1.143104363232851,13.21890710440768,69.16769520938396,1,
rendezvous_hash,codex493:19:493018:101,codex493,315.9107975959778,69503,72239,1136,1136,1,0.6537574157118797,8.984637700251021,10.851433750241995,1,
rendezvous_hash,codex506:11:506010:163,codex506,316.1641209125519,75303,78838,338,338,1,0.901774063706398,15.934555517725137,6.271757274866104,1,
rendezvous_hash,codex586:13:586012:212,codex586,317.57500672340393,47318,49656,120,120,1,0.4114851541817188,7.421633933021241,1.2947561331093311,1,
rendezvous_hash,codex250:12:250011:208,codex250,320.4510040283203,53668,56161,90,90,1,0.5146494284272194,7.747807445820798,1.2042998410761356,1,
rendezvous_hash,codex586:14:586013:217,codex586,322.4317674636841,48221,50609,264,264,1,0.5953284949064255,7.689098767341316,2.6177115328609943,1,
rendezvous_hash,codex250:13:250012:210,codex250,322.7501618862152,54597,57145,5922,5922,1,0.6320241913199425,8.336300045136081,49.99129701778293,1,
rendezvous_hash,codex73:2:73001:248,codex73,322.85190773010254,19970,21047,263,263,1,1.1889909952878952,6.098746855295341,2.7870043702423573,1,
rendezvous_hash,codex70:14:70013:91,codex70,324.643253326416,77574,80942,1498,1498,1,0.4403144456446171,12.067773418579408,18.505912218242884,1,
rendezvous_hash,codex526:10:526009:214,codex526,326.5727844238281,49395,51620,44,44,1,3.0984572283923626,12.056376091962639,3.617084003984928,1,
rendezvous_hash,codex506:12:506011:175,codex506,328.20915055274963,75992,79551,422,422,1,1.8895827904343605,10.992336558120552,6.517393451184034,1,
rendezvous_hash,codex135:1:135000:259,codex135,328.25983119010925,12832,13483,293,293,1,1.8291437067091465,10.863309088226867,5.001321721822023,1,
rendezvous_hash,codex436:6:436005:238,codex436,328.35036754608154,28936,30208,409,409,1,1.2641138136386871,8.567001780166345,4.759546156972647,1,
rendezvous_hash,codex73:3:73002:256,codex73,328.4314126968384,24663,25947,442,442,1,1.1975249759852886,8.385361288410197,4.895579770207405,1,
rendezvous_hash,codex509:3:509002:262,codex509,331.3523757457733,24300,25522,397,397,1,1.1475576683878899,6.394367062985295,3.6799779795110226,1,
rendezvous_hash,codex493:20:493019:103,codex493,331.63485836982727,70679,73416,658,658,1,0.390976682305336,9.026101292812662,6.321308687329292,1,
rendezvous_hash,codex152:8:152007:224,codex152,333.7387111186981,66433,69622,263,263,1,1.1107187159359455,12.413769718686133,4.363367009907961,1,
rendezvous_hash,codex238:13:238012:126,codex238,334.7192311286926,115776,121347,281,281,1,6.349574863910675,11.464735785765308,9.559738863259554,1,
rendezvous_hash,codex436:7:436006:241,codex436,334.8358931541443,33431,34911,295,295,1,1.2320195510983467,9.515787797922991,4.029763329774141,1,
rendezvous_hash,codex526:11:526010:223,codex526,336.60644912719727,50052,52304,135,135,1,0.5942588336765766,13.034436184523711,2.341031514108181,1,
rendezvous_hash,codex422:10:422009:246,codex422,337.45608043670654,31835,33271,145,145,1,0.6452492140233517,12.339209749673804,2.4222648665308952,1,
rendezvous_hash,codex436:8:436007:245,codex436,339.78026151657104,34346,35862,55,55,1,0.4396563768386841,6.493433551103981,0.790451392531395,1,
rendezvous_hash,codex73:4:73003:271,codex73,341.2035286426544,25714,27044,175,175,1,0.5916945263743401,6.1048873025795505,1.6541040055453777,1,
rendezvous_hash,codex119:10:119009:235,codex119,341.3999354839325,59577,62511,1194,1194,1,0.6624054051935673,8.492485300793133,10.794103048741817,1,
rendezvous_hash,codex422:11:422010:251,codex422,341.5076985359192,33216,34728,1586,1586,1,0.5655603259801865,17.589792355377966,28.445608768612146,1,
rendezvous_hash,codex493:21:493020:114,codex493,341.78759241104126,71379,74116,1478,1478,1,0.40649520233273506,9.112724732953145,13.86609386280179,1,
rendezvous_hash,codex526:12:526011:227,codex526,344.27292037010193,50418,52679,46,46,1,0.3948912248015404,6.99865064687199,0.7099253945052624,1,
rendezvous_hash,codex509:4:509003:276,codex509,344.51909041404724,28202,29576,222,222,1,0.9750354737043381,6.601803577863253,2.4341412372887135,1,
rendezvous_hash,codex203:1:203000:280,codex203,344.56735014915466,12685,13394,308,308,1,1.268089920282364,14.059143450341706,5.5843365006148815,1,
rendezvous_hash,codex152:9:152008:230,codex152,345.75278544425964,67024,70235,1023,1023,1,0.8861952424049377,10.890214359515335,12.016135662794113,1,
rendezvous_hash,codex506:13:506012:188,codex506,346.4616870880127,81212,85028,409,409,1,3.2969085685908794,12.921576990800746,8.569195326417685,1,
rendezvous_hash,codex526:13:526012:229,codex526,346.6276116371155,51283,53591,1513,1513,1,0.6273362040519714,7.971326896930655,12.680076476186514,1,
rendezvous_hash,codex436:9:436008:263,codex436,349.3432457447052,34606,36129,598,598,1,0.2978743463754654,12.584589396789045,7.810968764126301,1,
rendezvous_hash,codex135:2:135001:287,codex135,351.15436005592346,19238,20236,371,371,1,1.0887528955936432,9.623809078255215,4.649657979607582,1,
rendezvous_hash,codex73:5:73004:281,codex73,352.08054876327515,25899,27229,397,397,1,0.17954722419381142,13.082439409136171,5.360296197235584,1,
rendezvous_hash,codex203:2:203001:288,codex203,352.4595432281494,30920,32571,373,373,1,3.64450741186738,14.730591006496901,9.124379307031631,1,
rendezvous_hash,codex238:14:238013:139,codex238,355.53087878227234,118324,124016,4163,4163,1,2.401636078953743,15.579358866578797,67.24296493828297,1,
rendezvous_hash,codex493:22:493021:116,codex493,356.7548291683197,72897,75636,501,501,1,0.5578142516314983,9.04788339883089,5.08185325935483,1,
rendezvous_hash,codex586:15:586014:254,codex586,356.91042709350586,48614,51008,75,75,1,0.35630735754966736,7.238536116641921,0.8920534513890743,1,
rendezvous_hash,codex73:6:73005:284,codex73,358.53685092926025,29718,31248,215,215,1,1.0014442056417465,9.096420866167433,2.9482381641864777,1,
rendezvous_hash,codex436:10:436009:270,codex436,359.675173997879,35300,36832,298,298,1,0.24491526931524277,8.304101010464658,2.711330272257328,1,
rendezvous_hash,codex70:15:70014:106,codex70,360.5026960372925,79112,82480,199,199,1,0.43457547947764397,9.209928488490558,2.2582380175590515,1,
rendezvous_hash,codex294:1:294000:308,codex294,360.9277241230011,12607,13225,284,284,1,1.2535027489066124,8.23889674072552,3.5851449444890022,1,
rendezvous_hash,codex586:16:586015:266,codex586,363.1283860206604,49585,52017,71,71,1,0.6820974051952362,10.02634604062353,1.3839798867702484,1,
rendezvous_hash,codex70:16:70015:113,codex70,364.3001461029053,79534,82915,70,70,1,0.7540860995650291,10.466150723505711,1.4762908183038235,1,
rendezvous_hash,codex119:11:119010:257,codex119,364.5074055194855,63254,66308,243,243,1,1.7997533306479454,19.70376436067514,6.568239152431488,1,
rendezvous_hash,codex152:10:152009:236,codex152,364.7656834125519,76538,80172,2079,2079,1,4.808152660727501,10.902820535083018,27.464306820183992,1,
rendezvous_hash,codex586:17:586016:267,codex586,365.7717387676239,49771,52207,33,33,1,0.583097942173481,79.19190300162882,3.1172958575189114,1,
rendezvous_hash,codex203:3:203002:301,codex203,365.8997800350189,37948,39892,341,341,1,2.2007622607052326,13.641982405062983,6.839073166251183,1,
rendezvous_hash,codex436:11:436010:274,codex436,366.0063638687134,35609,37141,58,58,1,3.57068357616663,10.380215027876067,4.1625188663601875,1,
rendezvous_hash,codex294:2:294001:312,codex294,366.0905237197876,24132,25331,331,331,1,2.1919339410960674,10.25152313664104,5.575091574341059,1,
rendezvous_hash,codex526:14:526013:237,codex526,367.0738134384155,52835,55145,1715,1715,1,0.44569405913352966,13.295971204895121,23.235081307590008,1,
rendezvous_hash,codex509:5:509004:309,codex509,367.18322563171387,33641,35311,41,41,1,1.7125451527535915,0.44213319197297096,1.7303543724119663,1,
rendezvous_hash,codex70:17:70016:118,codex70,368.8745307922363,80505,83925,4198,4198,1,1.0474755130708218,11.964446559906971,51.26238464936614,1,
rendezvous_hash,codex119:12:119011:261,codex119,372.7319893836975,69661,73010,227,227,1,3.2556587904691696,10.343106842673986,5.593343827873468,1,
rendezvous_hash,codex509:6:509005:321,codex509,374.33217668533325,34392,36098,486,486,1,0.4683580696582794,7.011838856431626,3.8692377880215645,1,
rendezvous_hash,codex586:18:586017:277,codex586,376.7658996582031,49941,52380,76,76,1,0.8580711036920547,7.2260089715321865,1.4000657945871353,1,
rendezvous_hash,codex203:4:203003:310,codex203,377.0139820575714,43775,46015,837,837,1,1.9581239633262157,12.155186968663948,12.119951225817204,1,
rendezvous_hash,codex250:14:250013:216,codex250,377.31425404548645,60616,63171,318,318,1,0.7032774724066257,8.384508242366442,3.3612649142742157,1,
rendezvous_hash,codex506:14:506013:220,codex506,377.61033844947815,84614,88574,298,298,1,2.505383428186178,33.95665169815825,12.590601913630962,0,
rendezvous_hash,codex73:7:73006:313,codex73,378.16259479522705,30071,31604,3740,3740,1,0.2509244792163372,14.531592038161424,54.584645956754684,1,
rendezvous_hash,codex135:3:135002:328,codex135,380.10377311706543,37830,39765,624,624,1,4.5503475069999695,17.66113154171558,15.55326522141695,1,
rendezvous_hash,codex509:7:509006:329,codex509,382.9401926994324,41886,43966,54,54,1,2.435998260974884,5.640294051395272,2.7349757216870785,1,
rendezvous_hash,codex65:18:65017:166,codex65,385.1337878704071,92090,96235,69,69,1,1.5316707007586956,12.903509935473695,2.4092019461095333,1,
rendezvous_hash,codex250:15:250014:222,codex250,385.3645050525665,66202,69002,71,71,1,2.6584229730069637,8.144760131835938,3.2287006452679634,1,
rendezvous_hash,codex586:19:586018:291,codex586,385.6715178489685,51322,53832,568,568,1,0.8268057741224766,7.93430535040625,5.32564852014184,1,
rendezvous_hash,codex509:8:509007:334,codex509,387.1913306713104,42947,45082,219,219,1,0.6666156873106956,7.368782945319053,2.2731031104922295,1,
rendezvous_hash,codex493:23:493022:158,codex493,392.64737367630005,73440,76183,258,258,1,0.41320672631263733,10.094746468943844,3.0075958110392094,1,
rendezvous_hash,codex213:1:213000:354,codex213,393.74014115333557,12454,13027,248,248,1,1.1865063980221748,5.963725886243557,2.6595852226018906,1,
rendezvous_hash,codex506:15:506014:225,codex506,395.27498483657837,87342,91450,273,273,1,2.376408126205206,17.0023055637584,7.001138832420111,1,
rendezvous_hash,codex526:15:526014:247,codex526,395.4493510723114,54589,56899,589,589,1,0.5870096422731876,13.783239563103436,8.691647671163082,1,
rendezvous_hash,codex250:16:250015:228,codex250,395.6483459472656,66362,69165,33,33,1,0.38354839012026787,7.532765273936093,0.6247378438711166,1,
rendezvous_hash,codex294:3:294002:351,codex294,396.3969466686249,28703,30119,522,522,1,1.145459521561861,6.6655451528399094,4.618307296186686,1,
rendezvous_hash,codex436:12:436011:314,codex436,396.89887499809265,35987,37540,6189,6189,1,0.3616005703806877,24.98515599191131,154.96987212076783,0,
rendezvous_hash,codex493:24:493023:164,codex493,397.9581506252289,79971,83043,526,526,1,3.721149642020464,9.873146287032537,8.904592473059893,1,
rendezvous_hash,codex213:2:213001:359,codex213,398.4403440952301,20123,21037,266,266,1,1.266471665352583,6.762492066284396,3.0585694797337055,1,
rendezvous_hash,codex65:19:65018:182,codex65,399.096800327301,93839,98076,369,369,1,1.824744001030922,16.155679700086296,7.770072601735592,1,
rendezvous_hash,codex422:12:422011:297,codex422,399.6577386856079,35463,37006,2450,2450,1,1.2752778865396976,10.83700773988806,27.81526540964842,1,
rendezvous_hash,codex152:11:152010:255,codex152,401.49132204055786,80169,83872,1720,1720,1,1.3682941123843193,23.946975793964715,42.53362161666155,0,
rendezvous_hash,codex203:5:203004:332,codex203,402.041565656662,45444,47732,404,404,1,0.6569243334233761,13.788212432754838,6.213664498180151,1,
rendezvous_hash,codex509:9:509008:353,codex509,403.1730296611786,43723,45882,61,61,1,0.46222127601504326,6.944804017742475,0.8790597729384899,1,
rendezvous_hash,codex526:16:526015:253,codex526,406.85756254196167,55228,57540,201,201,1,0.6587467901408672,12.479587215930223,3.154708530753851,1,
rendezvous_hash,codex250:17:250016:240,codex250,407.42427110671997,66486,69289,35,35,1,0.41560279950499535,7.308319430140888,0.6641849391162395,1,
rendezvous_hash,codex213:3:213002:370,codex213,407.50929021835327,23980,25069,293,293,1,0.8574007228016853,6.389544077523768,2.7232439406216145,1,
rendezvous_hash,codex250:18:250017:244,codex250,409.87600111961365,66611,69422,70,70,1,0.7570257894694805,5.08270666435145,1.1078258194029331,1,
rendezvous_hash,codex294:4:294003:363,codex294,410.0075361728668,37939,39816,264,264,1,5.200531419366598,11.186353989767031,8.142639871686697,1,
rendezvous_hash,codex135:4:135003:352,codex135,410.14400243759155,40930,42988,555,555,1,1.1120466403663158,14.814244018403631,9.319229807704687,1,
rendezvous_hash,codex166:1:166000:376,codex166,410.19744396209717,13597,14321,244,244,1,1.8631949946284294,14.759995288564344,5.449912376701832,1,
rendezvous_hash,codex119:13:119012:311,codex119,410.62023997306824,74678,78287,218,218,1,4.5938482247292995,11.998921770104614,7.197817239910364,1,
rendezvous_hash,codex493:25:493024:177,codex493,411.8310549259186,80601,83680,72,72,1,0.7233674600720406,8.85263730732488,1.3520451374351978,1,
rendezvous_hash,codex250:19:250018:249,codex250,412.0551815032959,66771,69592,44,44,1,0.40599268302321434,7.803969345120496,0.7416657321155071,1,
rendezvous_hash,codex493:26:493025:179,codex493,414.9599895477295,81005,84104,298,298,1,0.8719285316765308,9.45673378730061,3.6807240061461926,1,
rendezvous_hash,codex203:6:203005:340,codex203,415.1299431324005,49413,51878,125,125,1,1.856866367161274,16.075814112780556,3.850420143455267,1,
rendezvous_hash,codex65:20:65019:193,codex65,415.638955116272,94382,98624,278,278,1,1.407121904194355,14.285045074103971,5.3641701973974705,1,
rendezvous_hash,codex213:4:213003:381,codex213,416.0376968383789,24541,25652,259,259,1,0.21086933463811874,6.386274515196335,1.858672384172678,1,
rendezvous_hash,codex166:2:166001:386,codex166,417.59966135025024,24429,25678,289,289,1,2.0135329701006413,23.01401555693398,8.64166522398591,0,
rendezvous_hash,codex509:10:509009:375,codex509,419.93105840682983,44332,46523,59,59,1,0.5274986512959003,17.34374213064539,1.5335922203958035,1,
rendezvous_hash,codex294:5:294004:371,codex294,420.35713291168213,41385,43436,336,336,1,1.5759309120476246,6.254002718783137,3.671116631478071,1,
rendezvous_hash,codex213:5:213004:389,codex213,420.4513168334961,27304,28539,959,959,1,0.7290277555584908,9.607326900411499,9.932938814163208,1,
rendezvous_hash,codex70:18:70017:123,codex70,421.9210820198059,84742,88162,449,449,1,0.47299375385046005,12.433880000441734,6.0435281582176685,1,
rendezvous_hash,codex509:11:509010:378,codex509,422.1903693675995,46435,48727,51,51,1,1.2824388705193996,3.3929240703582764,1.4522452130913734,1,
rendezvous_hash,codex203:7:203006:346,codex203,422.76970386505127,51022,53577,1130,1130,1,0.9598970748484135,11.909136659176186,14.405404943972826,1,
rendezvous_hash,codex238:15:238014:143,codex238,423.4578845500946,125720,131578,184,184,1,3.3515625596046448,11.835212732761935,5.517502129077911,1,
rendezvous_hash,codex294:6:294005:374,codex294,425.3381781578064,45790,48086,325,325,1,2.0021046325564384,6.2630228399310575,4.031482953578234,1,
rendezvous_hash,codex509:12:509011:383,codex509,425.53916788101196,47548,49873,418,418,1,0.6813714653253555,10.056033310630054,4.874878820031881,1,
rendezvous_hash,codex421:1:421000:402,codex421,426.55211210250854,12750,13368,304,304,1,1.2637393698096275,6.114558233778075,3.1164879873394966,1,
rendezvous_hash,codex65:21:65020:204,codex65,427.1546003818512,95152,99417,115,115,1,1.0323897190392017,13.5117944395333,2.572828784584999,1,
rendezvous_hash,codex220:4:220003:398,codex220,427.33048915863037,38133,40182,782,782,1,3.485453963279724,23.85248540019409,22.114397697150707,0,
rendezvous_hash,codex422:13:422012:302,codex422,429.66437125205994,37955,39499,810,810,1,0.2548620067536831,12.544279487524987,10.403220854699612,1,
rendezvous_hash,codex135:5:135004:368,codex135,430.26855731010437,44716,46959,671,671,1,1.4739924855530262,7.322414236059829,6.380104809999466,1,
rendezvous_hash,codex526:17:526016:283,codex526,431.73439049720764,55563,57887,79,79,1,0.39347540959715843,7.777053576249342,1.0001844018697739,1,
rendezvous_hash,codex166:3:166002:399,codex166,432.884685754776,28289,29754,295,295,1,1.5598029494285583,29.961874404427956,10.368965685367584,0,
rendezvous_hash,codex213:6:213005:394,codex213,433.01948070526123,28555,29805,216,216,1,0.32024188712239265,6.778008820012558,1.7775579057633877,1,
rendezvous_hash,codex73:8:73007:317,codex73,433.79704308509827,36857,38581,4578,4578,1,1.437490701675415,26.98324178035196,124.93982755765319,0,
rendezvous_hash,codex65:22:65021:211,codex65,434.13319516181946,95407,99686,6431,6431,1,0.9329189583659172,13.656343784455563,88.74325259029865,1,
rendezvous_hash,codex70:19:70018:131,codex70,434.4371819496155,85230,88651,1403,1403,1,0.44350719079375267,17.189734792084398,24.543646581470966,1,
rendezvous_hash,codex526:18:526017:289,codex526,434.79296374320984,55982,58321,355,355,1,0.5950902663171291,23.231646488026037,8.819249983876944,1,
rendezvous_hash,codex294:7:294006:388,codex294,435.6124653816223,49368,51855,959,959,1,1.4905003309249878,13.731129634697652,14.645079456269741,1,
rendezvous_hash,codex238:16:238015:154,codex238,437.99140524864197,127108,133025,8188,8188,1,2.1807212345302105,17.779179291438602,147.73903374001384,1,
rendezvous_hash,codex421:2:421001:422,codex421,438.10206294059753,29006,30401,373,373,1,3.171106893569231,18.258870539245425,9.963499505072832,1,
rendezvous_hash,codex119:14:119013:342,codex119,440.06170082092285,79915,83767,4202,4202,1,3.179071694612503,12.30094930694887,54.85545512661338,1,
rendezvous_hash,codex213:7:213006:403,codex213,440.1576364040375,28781,30031,5258,5258,1,0.17071081325411797,8.305727968526382,43.833962332457304,1,
rendezvous_hash,codex203:8:203007:356,codex203,442.2754056453705,54382,57047,3997,3997,1,1.2081119194626808,14.818305641904965,60.42209833860397,1,
rendezvous_hash,codex548:1:548000:434,codex548,442.9655570983887,13026,13754,279,279,1,1.313718218356371,5.753084199784471,2.913172483444214,1,
rendezvous_hash,codex526:19:526018:294,codex526,444.60546016693115,59379,61928,68,68,1,1.6226762048900127,16.258857699472514,2.7122768089175224,1,
rendezvous_hash,codex509:13:509012:410,codex509,445.59320068359375,51948,54457,90,90,1,1.7474702596664429,13.099596239207836,2.9133722372353077,1,
rendezvous_hash,codex548:2:548001:439,codex548,446.53813195228577,24720,26039,361,361,1,2.2193575985729694,6.66796023853951,4.619863361120224,1,
rendezvous_hash,codex166:4:166003:407,codex166,446.63924860954285,30069,31615,512,512,1,0.5907072089612484,15.144887043130375,8.33011880517006,1,
rendezvous_hash,codex422:14:422013:315,codex422,448.1872236728668,38808,40356,232,232,1,0.3251805379986763,17.154935247454294,4.288181535899639,1,
rendezvous_hash,codex506:16:506015:285,codex506,448.49727964401245,89314,93505,100,100,1,3.376869298517704,21.213863383639943,5.477198529988527,1,
rendezvous_hash,codex135:6:135005:391,codex135,449.781259059906,50113,52623,1659,1659,1,2.142922267317772,17.0425369670509,30.39954163879156,1,
rendezvous_hash,codex152:12:152011:269,codex152,451.15091729164124,81931,85640,1091,1091,1,0.6714910790324211,40.43386951430676,44.74450095742941,0,
rendezvous_hash,codex526:20:526019:303,codex526,451.80855798721313,59684,62250,219,219,1,0.4818921722471714,22.885722543941725,5.471070840954781,1,
rendezvous_hash,codex421:3:421002:440,codex421,454.13852548599243,36711,38457,39,39,1,2.22412396222353,16.43709828586955,2.8490093536674976,1,
rendezvous_hash,codex548:3:548002:449,codex548,454.2576861381531,34751,36559,534,534,1,2.733275171369314,7.023317931572895,6.476805582642555,1,
rendezvous_hash,codex509:14:509013:421,codex509,454.4319097995758,53337,55922,312,312,1,0.8647135831415653,10.151865433937484,4.022036354988813,1,
rendezvous_hash,codex506:17:506016:295,codex506,456.20464873313904,89506,93703,70,70,1,0.5855845063924789,21.28769079412239,2.0545836724340916,1,
rendezvous_hash,codex294:8:294007:400,codex294,458.1334128379822,51588,54150,277,277,1,0.8691352717578411,13.398119410418944,4.567220713943243,1,
rendezvous_hash,codex509:15:509014:425,codex509,459.2759666442871,59263,62152,107,107,1,2.6259117797017097,10.562173495034003,3.745596881955862,1,
rendezvous_hash,codex382:1:382000:460,codex382,459.364470243454,13136,13800,422,422,1,4.309499874711037,39.57842938124143,20.972243826836348,0,
rendezvous_hash,codex166:5:166004:414,codex166,459.7403976917267,51392,53969,2788,2788,1,7.580967381596565,29.333099589195566,89.33258602768183,0,
rendezvous_hash,codex70:20:70019:134,codex70,460.0701267719269,86672,90096,261,261,1,0.9094736091792583,12.54816400603606,4.172088976949453,1,
rendezvous_hash,codex421:4:421003:447,codex421,460.2040877342224,37190,38966,317,317,1,0.7276392541825771,11.731405011555063,4.434863809496164,1,
rendezvous_hash,codex422:15:422014:330,codex422,460.69059705734253,40595,42212,168,168,1,0.7999904677271843,17.508147473999127,3.7240606918931007,1,
rendezvous_hash,codex220:5:220004:432,codex220,465.8691031932831,39109,41168,266,266,1,1.457516435533762,34.31846056625528,10.552329305559397,0,
rendezvous_hash,codex526:21:526020:318,codex526,467.0157701969147,59905,62471,588,588,1,0.31502076238393784,14.642315274152073,8.910096775740385,1,
rendezvous_hash,codex421:5:421004:456,codex421,468.7642502784729,43485,45608,53,53,1,2.3047693371772766,36.744972762580105,4.215673863887787,1,
rendezvous_hash,codex70:21:70020:142,codex70,470.6311254501343,88289,91779,47,47,1,1.2964758463203907,23.78801466978115,2.390933223068714,1,
rendezvous_hash,codex250:20:250019:338,codex250,471.05653190612793,66907,69731,50,50,1,0.4201960377395153,7.763287090525336,0.800735343247652,1,
rendezvous_hash,codex294:9:294008:417,codex294,472.48144268989563,54037,56703,867,867,1,1.2187486290931702,13.822705031095145,13.189374681562185,1,
rendezvous_hash,codex506:18:506017:323,codex506,475.6734571456909,89665,93863,51,51,1,0.6490592584013939,20.356909334659576,1.6670542880892754,1,
rendezvous_hash,codex508:1:508000:489,codex508,475.7673020362854,12977,13678,291,291,1,2.1925442442297935,8.438497948749312,4.639877080917358,1,
rendezvous_hash,codex548:4:548003:480,codex548,475.91980719566345,37876,39850,341,341,1,2.043433368206024,8.241896287483327,4.8457753621041775,1,
rendezvous_hash,codex509:16:509015:454,codex509,477.60775899887085,59944,62870,39,39,1,0.6770601309835911,9.812982654885241,1.0500543341040611,1,
rendezvous_hash,codex70:22:70021:151,codex70,479.616140127182,88630,92142,1407,1407,1,1.0674325674772263,14.596336374157355,21.58997391536832,1,
rendezvous_hash,codex506:19:506018:326,codex506,479.94504380226135,89775,93975,66,66,1,0.5930568687617779,16.96708517578932,1.6960147880017757,1,
rendezvous_hash,codex250:21:250020:349,codex250,481.02694749832153,67049,69886,159,159,1,0.598505400121212,8.322558471862274,1.913609828799963,1,
rendezvous_hash,codex509:17:509016:458,codex509,481.22669529914856,61650,64673,39,39,1,1.0939105935394764,10.00877303120337,1.4743331782519817,1,
rendezvous_hash,codex135:7:135006:397,codex135,483.1347076892853,53474,56055,1811,1811,1,1.0138350799679756,18.309724555242784,34.15447514504194,1,
rendezvous_hash,codex220:6:220005:445,codex220,483.98673725128174,58632,61798,201,201,1,8.425040390342474,30.455210525542498,14.516175776720047,0,
rendezvous_hash,codex508:2:508001:502,codex508,484.71212100982666,26068,27460,343,343,1,2.698155038058758,12.799510775863777,7.075828339904547,1,
rendezvous_hash,codex526:22:526021:333,codex526,485.0417139530182,67103,69970,754,754,1,3.326792497187853,14.436036754018598,14.19729371741414,1,
rendezvous_hash,codex250:22:250021:355,codex250,485.6090884208679,67404,70249,79,79,1,0.6269374899566174,6.009759715734384,1.0957400649785995,1,
rendezvous_hash,codex509:18:509017:467,codex509,486.2231831550598,63532,66630,71,71,1,1.2482503615319729,7.873655908874103,1.7995084188878536,1,
rendezvous_hash,codex294:10:294009:424,codex294,486.7007038593292,56005,58728,211,211,1,1.4270940385758877,13.238272656287466,4.207343026995659,1,
rendezvous_hash,codex506:20:506019:335,codex506,487.0073127746582,90197,94418,75,75,1,1.2236531861126423,22.401204433392834,2.8813848346471786,1,
rendezvous_hash,codex493:27:493026:264,codex493,487.24066281318665,81696,84802,79,79,1,1.6619125083088875,13.779245890103855,2.736852176487446,1,
rendezvous_hash,codex548:5:548004:493,codex548,487.40399980545044,40750,42873,397,397,1,1.4329153150320053,9.895179797001559,5.351550962775946,1,
rendezvous_hash,codex382:2:382001:482,codex382,488.12092995643616,20518,21564,325,325,1,4.3059841468930244,26.982317874093116,13.0485748834908,0,
rendezvous_hash,codex213:8:213007:413,codex213,489.88424706459045,34080,35329,247,247,1,0.2253737896680832,6.864002050180745,1.9140317887067795,1,
rendezvous_hash,codex506:21:506020:339,codex506,491.59789633750916,90363,94585,58,58,1,0.6398886628448963,21.110506042053824,1.8432901948690414,1,
rendezvous_hash,codex308:1:308000:510,codex308,492.18043851852417,12525,13069,256,256,1,1.2391635812819004,8.51271789447934,3.4100321270525455,1,
rendezvous_hash,codex250:23:250022:362,codex250,493.2296075820923,81171,84711,43,43,1,7.390840880572796,8.409858282123293,7.744156341999769,0,
rendezvous_hash,codex509:19:509018:483,codex509,494.5163640975952,64542,67690,82,82,1,0.9191277846693993,8.130688772157388,1.5779077894985676,1,
rendezvous_hash,codex548:6:548005:498,codex548,495.26947236061096,44992,47323,152,152,1,3.434905454516411,11.88414047984098,5.229635559022427,1,
rendezvous_hash,codex508:3:508002:508,codex508,496.5831332206726,36170,38088,43,43,1,2.710257973521948,9.409073562849136,3.105607770383358,1,
rendezvous_hash,codex506:22:506021:341,codex506,496.9321599006653,90548,94786,152,152,1,0.7310423068702221,21.842012959008187,4.029405921697617,1,
rendezvous_hash,codex213:9:213008:426,codex213,497.16328740119934,35836,37148,418,418,1,0.6671630665659904,7.026783451973963,3.5974269211292267,1,
rendezvous_hash,codex294:11:294010:436,codex294,497.3627016544342,60062,62980,691,691,1,2.0621912851929665,21.185060612101488,16.680101927369833,1,
rendezvous_hash,codex152:13:152012:275,codex152,501.9166660308838,83065,86777,298,298,1,1.29830801486969,32.141438199313804,10.844354629516602,1,
rendezvous_hash,codex250:24:250023:367,codex250,502.1786518096924,81306,84848,125,125,1,1.0306145995855331,4.707766967194695,1.614523846656084,1,
rendezvous_hash,codex548:7:548006:503,codex548,502.69217920303345,52639,55388,4342,4342,1,4.088920079171658,19.187299892103802,87.3811532817781,1,
rendezvous_hash,codex493:28:493027:279,codex493,502.9336202144623,81853,84962,91,91,1,3.9593247026205063,14.709079927868313,5.283405650407076,1,
rendezvous_hash,codex508:4:508003:517,codex508,503.0849642753601,38100,40118,339,339,1,3.812549091875553,11.777982633759285,7.793598257005215,1,
rendezvous_hash,codex308:2:308001:525,codex308,503.19685101509094,29265,30688,331,331,1,7.81956010311842,11.362846308585368,11.569437596946955,0,
rendezvous_hash,codex70:23:70022:155,codex70,503.7075641155243,90076,93592,193,193,1,0.5371316820383072,9.801748480337361,2.4191993959248066,1,
rendezvous_hash,codex119:15:119014:357,codex119,504.6223826408386,91494,95751,97,97,1,6.481804393231869,17.27409241721034,8.140152670443058,1,
rendezvous_hash,codex250:25:250024:372,codex250,507.2586979866028,81521,85069,179,179,1,0.5534847490489483,9.384488979919572,2.2240246012806892,1,
rendezvous_hash,codex382:3:382002:497,codex382,508.52756667137146,27038,28405,250,250,1,1.701618254184723,23.114043501127195,7.457313202321529,1,
rendezvous_hash,codex220:7:220006:469,codex220,509.3338871002197,59050,62224,35,35,1,0.929602675139904,35.58331629370942,2.139525629580021,1,
rendezvous_hash,codex493:29:493028:290,codex493,512.755199432373,82036,85153,77,77,1,1.2148542776703835,6.941331207360092,1.7424393072724342,1,
rendezvous_hash,codex70:24:70023:170,codex70,513.5538084506989,90492,94032,243,243,1,0.9618718214333057,10.081292445625156,3.4015805572271347,1,
rendezvous_hash,codex213:10:213009:451,codex213,513.6791121959686,40253,41796,214,214,1,2.014960967004299,5.909600745484303,3.273744385689497,1,
rendezvous_hash,codex250:26:250025:380,codex250,513.9533531665802,81731,85279,133,133,1,0.556524109095335,8.894899662471179,1.7306922860443592,1,
rendezvous_hash,codex506:23:506022:360,codex506,514.4877781867981,91818,96132,311,311,1,1.3477549329400063,19.53686327943879,7.40422111004591,1,
rendezvous_hash,codex152:14:152013:278,codex152,515.6763741970062,83541,87265,61,61,1,0.7173098139464855,26.043586619198322,2.280135899782181,1,
rendezvous_hash,codex119:16:119015:364,codex119,516.3774540424347,92322,96618,86,86,1,1.083962768316269,56.79512755835758,5.9116518795490265,1,
rendezvous_hash,codex250:27:250026:387,codex250,516.673910856247,82057,85611,269,269,1,0.8355977609753609,9.6272824248716,3.415859881788492,1,
rendezvous_hash,codex493:30:493029:296,codex493,516.9462449550629,84992,88200,35,35,1,5.553600057959557,17.72954753216575,6.156445160508156,1,
rendezvous_hash,codex508:5:508004:526,codex508,517.12890791893,48401,50899,248,248,1,5.364270396530628,11.95848926238203,8.318113211542368,1,
rendezvous_hash,codex308:3:308002:528,codex308,517.2801485061646,42981,45110,206,206,1,4.073853332549334,9.476578217454072,6.016652286052704,1,
rendezvous_hash,codex152:15:152014:286,codex152,521.8848786354065,83694,87418,39,39,1,0.5744210034608841,39.00002874433994,2.0564615167677402,1,
rendezvous_hash,codex220:8:220007:491,codex220,522.8685746192932,59302,62490,41,41,1,0.5320373252034187,22.513630334287882,1.432932261377573,1,
rendezvous_hash,codex135:8:135007:409,codex135,523.0972192287445,58148,60904,1437,1437,1,1.5534876622259617,18.723107568276294,28.439966309815645,1,
rendezvous_hash,codex119:17:119016:369,codex119,523.933965921402,93677,98035,8668,8668,1,1.4085769914090633,21.024297069217887,183.62626011297107,0,
rendezvous_hash,codex524:1:524000:552,codex524,524.9927532672882,12728,13343,276,276,1,1.3532241471111774,5.281315825202249,2.8057968132197857,1,
rendezvous_hash,codex70:25:70024:183,codex70,525.2945759296417,90774,94315,605,605,1,0.4402692951261997,10.64997912070017,6.872898735105991,1,
rendezvous_hash,codex294:12:294011:459,codex294,526.3385760784149,61037,63970,144,144,1,0.6121180355548859,14.635676739515958,2.705111425369978,1,
rendezvous_hash,codex493:31:493030:305,codex493,526.7760000228882,99512,103468,65,65,1,10.303673602640629,16.788163338787854,11.378271594643593,0,
rendezvous_hash,codex508:6:508005:530,codex508,528.9805150032043,50868,53482,262,262,1,8.137289229780436,12.782870038944186,11.473777662962675,0,
rendezvous_hash,codex220:9:220008:500,codex220,529.2470383644104,59561,62761,186,186,1,0.9035663530230522,27.7422355840335,6.035917099565268,1,
rendezvous_hash,codex308:4:308003:538,codex308,529.4247510433197,52478,55125,412,412,1,5.143546834588051,18.749199336317623,12.849558964371681,0,
rendezvous_hash,codex382:4:382003:514,codex382,529.5162928104401,27664,29047,112,112,1,0.6293673254549503,28.210788394685263,3.760977115482092,1,
rendezvous_hash,codex506:24:506023:373,codex506,530.1339724063873,95043,99533,220,220,1,2.46827282756567,22.811398862703747,7.4641178995370865,1,
rendezvous_hash,codex524:2:524001:558,codex524,530.5144407749176,14528,15204,295,295,1,0.350413016974926,6.937587925163256,2.390179604291916,1,
rendezvous_hash,codex294:13:294012:465,codex294,531.2141003608704,64296,67349,414,414,1,3.359599005430937,18.71885031858599,11.090640373528004,1,
rendezvous_hash,codex250:28:250027:404,codex250,531.4726183414459,82444,86002,38,38,1,0.9299066141247749,0.9247252868639456,0.9642808251082897,1,
rendezvous_hash,codex213:11:213010:479,codex213,531.5937485694885,41616,43214,1067,1067,1,0.8022731952369213,11.87426639864078,13.460279747843742,1,
rendezvous_hash,codex152:16:152015:304,codex152,532.1606841087341,83824,87554,38,38,1,0.7789139859378338,35.51788154888798,2.09342297911644,1,
rendezvous_hash,codex509:20:509019:529,codex509,532.3749146461487,64778,67928,1442,1442,1,0.5400974825024605,11.48800416426225,17.094349175691605,1,
rendezvous_hash,codex203:9:203008:406,codex203,533.7192964553833,58451,61119,244,244,1,0.3680489920079708,8.197233617428399,2.360117230564356,1,
rendezvous_hash,codex524:3:524002:564,codex524,533.9531486034393,21738,22707,313,313,1,1.335603579878807,6.0677005646702575,3.2288233637809753,1,
rendezvous_hash,codex152:17:152016:306,codex152,535.2742516994476,83952,87682,39,39,1,0.5158870927989483,46.884104021285715,2.297571424394846,1,
rendezvous_hash,codex382:5:382004:522,codex382,535.975661277771,31387,32966,308,308,1,1.110455084592104,23.871961786906184,8.439452297985554,1,
rendezvous_hash,codex422:16:422015:442,codex422,536.328991651535,40805,42422,143,143,1,0.2552368640899658,7.16105016919089,1.2723499536514282,1,
rendezvous_hash,codex524:4:524003:568,codex524,538.4932339191437,26271,27460,283,283,1,1.1804698817431927,11.606070919768184,4.453477378934622,1,
rendezvous_hash,codex250:29:250028:415,codex250,538.8662791252136,82604,86169,46,46,1,0.8729294016957283,10.157204419374466,1.3302181661128998,1,
rendezvous_hash,codex278:1:278000:577,codex278,541.3974680900574,12612,13270,242,242,1,1.2308432087302208,6.051384159885502,2.6893798373639584,1,
rendezvous_hash,codex220:10:220009:507,codex220,541.7349746227264,59837,63045,37,37,1,0.43142520636320114,29.63129627621836,1.4985537715256214,1,
rendezvous_hash,codex278:2:278001:582,codex278,544.6119208335876,38512,40484,521,521,1,7.905195143073797,12.72307405821406,14.521239630877972,0,
rendezvous_hash,codex308:5:308004:546,codex308,545.0472257137299,90183,94805,271,271,1,20.610507059842348,20.313502310050858,26.09538345783949,0,
rendezvous_hash,codex152:18:152017:319,codex152,545.8503956794739,84085,87816,69,69,1,0.9387441910803318,32.73199652047718,3.1648055724799633,1,
rendezvous_hash,codex220:11:220010:511,codex220,546.0513503551483,59964,63175,50,50,1,0.741577785462141,36.35768432702337,2.5233809612691402,1,
rendezvous_hash,codex422:17:422016:457,codex422,546.1742916107178,40991,42609,373,373,1,0.6073099300265312,8.680098379651705,3.8364465795457363,1,
rendezvous_hash,codex524:5:524004:575,codex524,546.2870817184448,34614,36250,220,220,1,6.542232673615217,10.591055194264678,8.861838150769472,0,
rendezvous_hash,codex213:12:213011:485,codex213,546.4179723262787,42800,44399,250,250,1,0.6206433586776257,11.062662704402664,3.375388603657484,1,
rendezvous_hash,codex65:23:65022:233,codex65,546.7422935962677,101876,106155,70,70,1,0.6917830631136894,13.00461352735326,1.5891978777945042,1,
rendezvous_hash,codex294:14:294013:481,codex294,547.9666492938995,67296,70514,1673,1673,1,17.76377370581031,15.703496262520266,44.020111717283726,0,
rendezvous_hash,codex493:32:493031:324,codex493,549.46164727211,102459,106543,35,35,1,4.689177129417658,4.929565221947782,4.857295352965593,1,
rendezvous_hash,codex250:30:250029:435,codex250,550.4575998783112,82771,86342,43,43,1,2.3781535290181637,7.15274949158941,2.6786631755530834,1,
rendezvous_hash,codex509:21:509020:532,codex509,550.8666350841522,67612,70820,1572,1572,1,1.4214850887656212,12.21527126016016,20.611836697906256,1,
rendezvous_hash,codex508:7:508006:544,codex508,551.0464553833008,55824,58664,214,214,1,3.096494384109974,11.07955781716696,5.45656019076705,1,
rendezvous_hash,codex220:12:220011:519,codex220,551.2293722629547,60046,63262,68,68,1,0.389102540910244,11.764138992597807,1.1773930713534355,1,
rendezvous_hash,codex166:6:166005:430,codex166,552.2010908126831,55769,58413,1706,1706,1,1.0388395935297012,22.727606827912094,39.79288397356868,0,
rendezvous_hash,codex152:19:152018:325,codex152,552.8185589313507,84246,87982,86,86,1,0.5638309232890606,21.279957802856668,2.3727765567600727,1,
rendezvous_hash,codex436:13:436012:320,codex436,553.712352514267,42321,43877,506,506,1,1.1073996908962727,19.655082219898112,11.033597994595766,1,
rendezvous_hash,codex213:13:213012:490,codex213,553.8568444252014,44644,46333,356,356,1,1.1919021606445312,11.9903231380691,5.44855984300375,1,
rendezvous_hash,codex250:31:250030:441,codex250,554.1264314651489,82933,86508,400,400,1,0.6997812129557133,12.14354696279779,5.545152921229601,1,
rendezvous_hash,codex65:24:65023:242,codex65,554.8049762248993,105797,110278,15019,15019,1,3.352302599698305,18.003502102361125,273.72904613241553,1,
rendezvous_hash,codex422:18:422017:468,codex422,555.0403306484222,41408,43027,615,615,1,3.7008162327110767,20.277884518818666,16.151529129594564,0,
rendezvous_hash,codex352:1:352000:600,codex352,557.8038198947906,12527,13195,220,220,1,1.334961462765932,13.196643612020091,4.22506408393383,1,
rendezvous_hash,codex506:25:506024:411,codex506,558.5165936946869,97659,102295,259,259,1,4.7266367971897125,23.35630981035011,10.752606604248285,1,
rendezvous_hash,codex135:9:135008:423,codex135,558.7307469844818,64603,67603,58,58,1,4.410907071083784,22.553461097311555,5.696559481322765,1,
rendezvous_hash,codex203:10:203009:448,codex203,559.1263999938965,58877,61555,280,280,1,0.4460115320980549,24.050424656560345,7.156244151294231,1,
rendezvous_hash,codex508:8:508007:550,codex508,559.9412548542023,56599,59479,292,292,1,0.7798399552702904,12.689799147168385,4.472782619297504,1,
rendezvous_hash,codex73:9:73008:322,codex73,560.0591156482697,41482,43206,1052,1052,1,0.4786406122148037,26.28305463295795,28.102293353527784,0,
rendezvous_hash,codex220:13:220012:527,codex220,560.3903579711914,60225,63445,655,655,1,0.5705315358936787,29.717189644318108,20.005810897797346,0,
rendezvous_hash,codex213:14:213013:495,codex213,560.5299408435822,46635,48396,2138,2138,1,0.8374046236276627,10.474323567437077,23.22113310918212,1,
rendezvous_hash,codex152:20:152019:337,codex152,562.0208683013916,84364,88102,186,186,1,0.4672922231256962,32.21022957885587,6.426352940499783,1,
rendezvous_hash,codex352:2:352001:610,codex352,564.1234652996063,31522,33099,192,192,1,4.629845168441534,84.26788936890857,20.725107576698065,0,
rendezvous_hash,codex524:6:524005:591,codex524,564.2852931022644,40375,42319,639,639,1,1.8251290284097195,7.437217192356489,6.57011055201292,1,
rendezvous_hash,codex135:10:135009:428,codex135,565.6257176399231,65110,68139,206,206,1,0.6424688287079334,21.160812039927738,4.980525851249695,1,
rendezvous_hash,codex508:9:508008:555,codex508,566.605409860611,58366,61321,180,180,1,2.1532225012779236,89.07821888946954,18.098513554781675,0,
rendezvous_hash,codex421:6:421005:595,codex421,567.6289701461792,44229,46400,484,484,1,0.5647850334644318,7.518746120774228,4.196446478366852,1,
rendezvous_hash,codex203:11:203010:453,codex203,568.1313126087189,59710,62427,179,179,1,0.6640826687216759,20.514865604679237,4.315828882157803,1,
rendezvous_hash,codex382:6:382005:549,codex382,568.6161651611328,31706,33285,141,141,1,0.6675032302737236,14.488538700555052,2.6960443295538425,1,
rendezvous_hash,codex493:33:493032:343,codex493,569.2431354522705,117013,121852,91,91,1,11.860096640884876,36.03598719669713,15.103377483785152,0,
rendezvous_hash,codex278:3:278002:605,codex278,570.8505682945251,53579,56257,295,295,1,6.496026933193207,11.009464851346147,9.732951894402504,1,
rendezvous_hash,codex509:22:509021:534,codex509,573.0329058170319,70284,73540,54,54,1,0.9398447833955288,11.588756697920134,1.554158329963684,1,
rendezvous_hash,codex382:7:382006:553,codex382,573.6715273857117,34492,36206,315,315,1,0.9515328891575336,36.178533735263876,12.311887424439192,0,
rendezvous_hash,codex109:1:109000:636,codex109,574.2132408618927,12563,13194,249,249,1,7.254267070442438,18.536607269197702,11.851438339799643,0,
rendezvous_hash,codex152:21:152020:344,codex152,575.1758058071136,91046,95113,54,54,1,4.470911201089621,30.738572537336708,6.100149150937796,1,
rendezvous_hash,codex524:7:524006:599,codex524,575.3385164737701,44704,46851,259,259,1,2.0442200154066086,11.303194834626922,4.960541721433401,1,
rendezvous_hash,codex135:11:135010:437,codex135,575.5727787017822,65958,69017,232,232,1,0.8011982031166553,17.159905945841885,4.765230443328619,1,
rendezvous_hash,codex422:19:422018:484,codex422,577.7434463500977,42067,43686,613,613,1,0.26260312646627426,16.55371665491972,10.393568698316813,1,
rendezvous_hash,codex509:23:509022:543,codex509,580.9536216259003,72036,75392,70,70,1,1.6301866061985493,8.526821175347203,2.218580812215805,1,
rendezvous_hash,codex152:22:152021:347,codex152,582.388186454773,91213,95282,571,571,1,0.7973729446530342,17.44314270714919,10.74012440815568,1,
rendezvous_hash,codex524:8:524007:606,codex524,582.5698323249817,49762,52153,608,608,1,1.9904435761272907,19.83765342090236,14.031934704631567,1,
rendezvous_hash,codex135:12:135011:443,codex135,583.1660542488098,66373,69438,5998,5998,1,0.5288074314594269,13.179984459911603,79.56930004432797,1,
rendezvous_hash,codex203:12:203011:474,codex203,584.3391971588135,60087,62818,58,58,1,0.4392401985824108,26.41006349994425,1.9447630755603313,1,
rendezvous_hash,codex278:4:278003:619,codex278,585.2737863063812,65725,68993,467,467,1,5.449448030441999,12.612322361364384,11.326828498393297,1,
rendezvous_hash,codex203:13:203012:477,codex203,586.7046749591827,60237,62971,38,38,1,0.4106343016028404,26.0945070232894,1.3762814328074455,1,
rendezvous_hash,codex508:10:508009:559,codex508,586.9991533756256,61630,64725,179,179,1,1.6889577470719814,10.886829660347338,3.6268519535660744,1,
rendezvous_hash,codex88:1:88000:663,codex88,590.6235444545746,13989,14659,340,340,1,1.411810863763094,5.774767118833058,3.3695556558668613,1,
rendezvous_hash,codex352:3:352002:631,codex352,590.8664002418518,36016,37865,656,656,1,1.3542442955076694,21.278578384231974,15.291747786104679,1,
rendezvous_hash,codex73:10:73009:327,codex73,591.6685674190521,42653,44385,111,111,1,0.32527273893356323,11.658073487606917,1.6078021302819252,1,
rendezvous_hash,codex508:11:508010:565,codex508,592.8215577602386,65968,69281,2487,2487,1,2.292299762368202,26.05884633838459,67.07480744645,0,
rendezvous_hash,codex152:23:152022:350,codex152,593.7423765659332,95430,99730,449,449,1,6.224414072930813,51.018805550743956,29.08088205754757,0,
rendezvous_hash,codex70:26:70025:260,codex70,594.5537497997284,91646,95197,33,33,1,0.8276865035295486,12.937837047502398,1.241736527532339,1,
rendezvous_hash,codex509:24:509023:563,codex509,594.7883570194244,73110,76514,195,195,1,1.059603400528431,9.996529092493747,2.9989676028490067,1,
rendezvous_hash,codex382:8:382007:569,codex382,595.3559257984161,35824,37601,343,343,1,7.444096494466066,44.063258774535,22.514271173626184,0,
rendezvous_hash,codex220:14:220013:547,codex220,595.7907483577728,68135,71706,88,88,1,9.484552696347237,33.78809979934802,12.424212098121643,0,
rendezvous_hash,codex203:14:203013:494,codex203,596.1543426513672,60368,63114,35,35,1,0.550657756626606,9.798504740876309,0.8839731551706791,1,
rendezvous_hash,codex166:7:166006:438,codex166,596.434499502182,58727,61434,3634,3634,1,8.836505189538002,26.024866054496457,103.3850558847189,0,
rendezvous_hash,codex436:14:436013:361,codex436,596.5957598686218,52712,54762,1002,1002,1,8.671511959284544,34.435490684046016,43.141585525125265,0,
rendezvous_hash,codex88:2:88001:670,codex88,596.6940069198608,27097,28486,305,305,1,3.4627304151654243,12.714910835615898,7.328163854777813,1,
rendezvous_hash,codex70:27:70026:265,codex70,597.4213244915009,92990,96605,503,503,1,2.743410639464855,11.937459010586322,8.736051734536886,1,
rendezvous_hash,codex493:34:493033:365,codex493,597.7802360057831,120000,124986,33,33,1,3.4920327700674534,41.30460775922984,4.814060524106026,1,
rendezvous_hash,codex250:32:250031:504,codex250,598.0577867031097,83503,87080,79,79,1,3.2219005338847637,13.539491460109367,4.2781489454209805,1,
rendezvous_hash,codex73:11:73010:336,codex73,598.1970584392548,45008,46855,1004,1004,1,7.0658298432827,34.40796882136988,41.57717549055815,0,
rendezvous_hash,codex278:5:278004:629,codex278,598.4349534511566,70845,74375,321,321,1,2.895912989974022,23.639246716629714,10.460626017302275,1,
rendezvous_hash,codex422:20:422019:499,codex422,598.8513467311859,42726,44348,292,292,1,0.2629227787256241,18.057673311827518,5.517799071967602,1,
rendezvous_hash,codex548:8:548007:516,codex548,599.5181157588959,57516,60299,4991,4991,1,2.20488578081131,20.84018374029883,106.19755357131362,0,
rendezvous_hash,codex509:25:509024:567,codex509,600.5324170589447,75049,78547,3722,3722,1,1.6999293975532055,9.432699416184162,36.79915293678641,1,
rendezvous_hash,codex506:26:506025:466,codex506,600.8616666793823,98199,102846,240,240,1,0.9771208949387074,14.799262221637631,4.51425489410758,1,
rendezvous_hash,codex109:2:109001:666,codex109,601.091295003891,14407,15110,302,302,1,0.6257038451731205,18.113675431357663,6.077962476760149,1,
rendezvous_hash,codex203:15:203014:501,codex203,601.7069113254547,60494,63251,75,75,1,0.4380209483206272,26.76538101120575,2.4187591671943665,1,
rendezvous_hash,codex524:9:524008:620,codex524,603.2273128032684,55398,58034,243,243,1,2.9975636936724186,17.050111604746707,7.123784724622965,1,
rendezvous_hash,codex250:33:250032:506,codex250,603.5387370586395,83863,87464,76,76,1,2.7310918532311916,33.00953740874926,5.206858783960342,1,
rendezvous_hash,codex238:17:238016:185,codex238,605.2414629459381,135331,141251,219,219,1,0.9402199275791645,21.989512214556747,5.733972892165184,1,
rendezvous_hash,codex308:6:308005:607,codex308,606.1496858596802,92130,96834,283,283,1,1.7855824492871761,16.591432590222528,6.464408341795206,1,
rendezvous_hash,codex506:27:506026:470,codex506,607.1596534252167,98718,103385,70,70,1,1.0463404096662998,22.754089501888856,2.6165257208049297,1,
rendezvous_hash,codex511:1:511000:690,codex511,607.215873003006,12443,13052,295,295,1,1.2613433189690113,8.74208657666534,3.8315548188984394,1,
rendezvous_hash,codex88:3:88002:683,codex88,607.9201691150665,32712,34385,202,202,1,1.5105475634336472,7.6790341171459175,3.0540748350322247,1,
rendezvous_hash,codex70:28:70027:272,codex70,610.9631757736206,93532,97150,211,211,1,0.5798290595412254,27.755350513117655,6.408501610159874,1,
rendezvous_hash,codex109:3:109002:673,codex109,611.0390048027039,15750,16498,299,299,1,1.101410862058401,51.60236861181739,16.4791974760592,0,
rendezvous_hash,codex493:35:493034:379,codex493,611.5178618431091,128358,133788,491,491,1,7.560292538255453,26.28733010164329,20.441234938800335,0,
rendezvous_hash,codex278:6:278005:637,codex278,611.9272181987762,73878,77598,605,605,1,3.3422701321542263,16.521068851136608,13.321225721389055,1,
rendezvous_hash,codex524:10:524009:628,codex524,612.135507106781,56488,59163,46,46,1,3.199901230633259,12.621466484334734,3.7679620906710625,1,
rendezvous_hash,codex238:18:238017:187,codex238,612.6036229133606,138283,144337,343,343,1,3.342223107814789,17.569175044521256,9.351053830236197,1,
rendezvous_hash,codex88:4:88003:689,codex88,613.3966903686523,45317,47697,315,315,1,3.9810601510107517,7.541426831180123,6.349164426326752,1,
rendezvous_hash,codex511:2:511001:699,codex511,613.5117483139038,18223,19143,371,371,1,1.8263655714690685,13.66015902242145,6.880781475454569,1,
rendezvous_hash,codex203:16:203015:512,codex203,614.033846616745,60661,63422,315,315,1,0.6326378211379051,21.787184913446946,7.47385860979557,1,
rendezvous_hash,codex220:15:220014:556,codex220,614.2766757011414,69349,72981,268,268,1,1.02596440538764,40.8243259715007,11.926099989563227,0,
rendezvous_hash,codex422:21:422020:513,codex422,615.5490438938141,46925,48761,205,205,1,1.6911536008119583,18.09053002473186,5.381715223193169,1,
rendezvous_hash,codex294:15:294014:518,codex294,617.0447511672974,72277,75639,899,899,1,2.3284753747284412,22.478632695292575,22.51444200053811,1,
rendezvous_hash,codex524:11:524010:633,codex524,617.2288589477539,56746,59431,1888,1888,1,0.428529504686594,15.764909487950087,30.176958791911602,1,
rendezvous_hash,codex308:7:308006:625,codex308,621.3708655834198,95028,99866,2593,2593,1,2.2502590008080006,21.971446566893086,59.20053770393133,0,
rendezvous_hash,codex511:3:511002:704,codex511,621.5037906169891,25922,27252,463,463,1,1.7443696521222591,11.854859189940738,7.221414029598236,1,
rendezvous_hash,codex382:9:382008:578,codex382,621.6553897857666,38192,40077,1210,1210,1,1.1455299817025661,27.42080567319892,34.29743707925081,0,
rendezvous_hash,codex422:22:422021:521,codex422,622.4520442485809,47174,49012,305,305,1,0.5942290723323822,19.285081040212198,6.457106173038483,1,
rendezvous_hash,codex88:5:88004:697,codex88,622.7629318237305,79671,83846,1243,1243,1,15.907006870955229,13.623518692314528,32.82751323282719,0,
rendezvous_hash,codex603:1:603000:718,codex603,623.4371447563171,12414,13081,297,297,1,1.2475349716842175,15.514393148289338,5.839887574315071,1,
rendezvous_hash,codex238:19:238018:195,codex238,626.1860315799713,138661,144719,477,477,1,0.8569519743323326,17.64222583537843,9.254822246730328,1,
rendezvous_hash,codex220:16:220015:560,codex220,627.7857139110565,70145,73801,2352,2352,1,0.6750946417450905,27.111926119614537,64.41538770869374,0,
rendezvous_hash,codex70:29:70028:292,codex70,630.9026789665222,93783,97402,163,163,1,7.774175137281418,14.904370715404735,10.188782569020987,0,
rendezvous_hash,codex511:4:511003:709,codex511,631.0239350795746,28113,29536,284,284,1,0.595760028809309,10.726137909472198,3.631347384303808,1,
rendezvous_hash,codex250:34:250033:537,codex250,635.0376164913177,84066,87673,82,82,1,0.5914500690996647,14.64897863290928,1.7780578956007957,1,
rendezvous_hash,codex238:20:238019:200,codex238,636.8002064228058,139172,145232,414,414,1,1.3013235107064247,17.656857053102073,8.59376248717308,1,
rendezvous_hash,codex511:5:511004:714,codex511,636.9307639598846,30034,31547,749,749,1,2.364294894039631,18.342654160995853,16.084640704095364,1,
rendezvous_hash,codex278:7:278006:656,codex278,637.218900680542,77076,80939,2701,2701,1,2.145494442433119,15.741997046603098,44.64909693226218,1,
rendezvous_hash,codex493:36:493035:393,codex493,638.0576767921448,136292,142105,1245,1245,1,7.183517653495073,27.817326217554392,41.78846728801727,0,
rendezvous_hash,codex250:35:250034:542,codex250,640.5964350700378,84259,87867,41,41,1,0.57022525370121,30.45873325318098,1.788743481040001,1,
rendezvous_hash,codex421:7:421006:719,codex421,642.2615158557892,48438,50807,313,313,1,1.7200327925384045,17.065443982107517,7.044579029083252,1,
rendezvous_hash,codex509:26:509025:579,codex509,643.4927563667297,79637,83177,1445,1445,1,1.5158591866493225,12.373720605308165,19.383609358221292,1,
rendezvous_hash,codex70:30:70029:298,codex70,643.8064498901367,94215,97844,33,33,1,0.9585399329662323,16.538923839107156,1.488069698214531,1,
rendezvous_hash,codex213:15:213014:573,codex213,643.9662156105042,48827,50589,295,295,1,1.0681897923350334,12.88456270838676,4.856347545981407,1,
rendezvous_hash,codex603:2:603001:750,codex603,644.1663029193878,28511,29988,356,356,1,3.4310954473912716,12.8176947399764,7.981469910591841,1,
rendezvous_hash,codex70:31:70030:300,codex70,646.9853911399841,94470,98114,136,136,1,0.6261026486754417,17.625347083365476,3.0056170634925365,1,
rendezvous_hash,codex250:36:250035:551,codex250,647.3950343132019,84442,88062,59,59,1,0.8173463456332684,16.513403376628613,1.7754380702972412,1,
rendezvous_hash,codex436:15:436014:377,codex436,647.5869388580322,53782,55840,292,292,1,0.3958847261965275,27.063928058057307,8.271722707897425,1,
rendezvous_hash,codex73:12:73011:345,codex73,647.7936909198761,46063,47911,323,323,1,0.35741008073091507,25.833485613328328,8.675884045660496,1,
rendezvous_hash,codex238:21:238020:207,codex238,651.4783847332001,139621,145681,2173,2173,1,0.899276826530695,17.00948160930672,37.84393858537078,1,
rendezvous_hash,codex109:4:109003:715,codex109,651.5683987140656,20246,21202,281,281,1,0.8863556981086731,33.52962821455938,10.275160055607557,0,
rendezvous_hash,codex294:16:294015:533,codex294,653.0088398456573,73412,76784,6415,6415,1,0.8702354095876217,27.601072787750645,177.90361062437296,0,
rendezvous_hash,codex603:3:603002:756,codex603,653.148996591568,38955,40985,276,276,1,2.9888175390660763,17.024040628563274,7.6706955544650555,1,
rendezvous_hash,codex213:16:213015:583,codex213,653.3141705989838,54188,56232,278,278,1,2.2970243990421295,13.058302823171719,5.914264231920242,1,
rendezvous_hash,codex250:37:250036:557,codex250,654.2050087451935,84588,88212,39,39,1,0.5504371672868729,69.47938254789302,3.1906939521431923,1,
rendezvous_hash,codex524:12:524011:645,codex524,654.739684343338,63140,66033,79,79,1,2.664704415947199,10.392801931653267,3.475438877940178,1,
rendezvous_hash,codex64:1:64000:773,codex64,656.2587087154388,14528,15360,256,256,1,1.5814093872904778,24.425349077757666,7.81010927259922,0,
rendezvous_hash,codex421:8:421007:734,codex421,657.2275214195251,50498,52973,42,42,1,1.0997713953256607,7.07508814407558,1.3899548277258873,1,
rendezvous_hash,codex73:13:73012:348,codex73,657.387932062149,53663,55847,894,894,1,3.9574002623558044,25.526265135037004,26.752511229366064,0,
rendezvous_hash,codex436:16:436015:384,codex436,658.5649914741516,56611,58804,161,161,1,2.808805573731661,29.6142635634169,7.547301031649113,1,
rendezvous_hash,codex203:17:203016:562,codex203,659.0605666637421,61353,64138,48,48,1,0.6609600372612476,24.69822574169078,1.821870643645525,1,
rendezvous_hash,codex524:13:524012:652,codex524,659.7079582214355,64042,66980,4489,4489,1,1.0032861903309822,16.34501790504989,74.35976355522871,1,
rendezvous_hash,codex421:9:421008:740,codex421,660.6914398670197,51461,53984,868,868,1,0.7250318564474583,7.955094015240806,7.622210942208767,1,
rendezvous_hash,codex508:12:508011:572,codex508,663.8325343132019,69188,72544,959,959,1,1.067007277160883,22.336769067450955,22.465671990066767,1,
rendezvous_hash,codex509:27:509026:584,codex509,664.8820374011993,81282,84827,3563,3563,1,0.5769730880856514,10.56573073422052,38.2122015543282,1,
rendezvous_hash,codex135:13:135012:450,codex135,665.2060351371765,72405,75470,339,339,1,0.6690772622823715,18.592853055021465,6.953508522361517,1,
rendezvous_hash,codex422:23:422022:566,codex422,665.3525333404541,47594,49438,169,169,1,0.5154512412846088,15.537547568480173,3.125851072371006,1,
rendezvous_hash,codex203:18:203017:570,codex203,665.8521494865417,61512,64302,46,46,1,0.4245985932648182,18.599350998799007,1.2617288827896118,1,
rendezvous_hash,codex109:5:109004:728,codex109,667.9417455196381,22654,23710,312,312,1,0.5893689207732677,31.506962032084292,10.388072401285172,0,
rendezvous_hash,codex421:10:421009:745,codex421,669.1320812702179,52579,55110,776,776,1,0.7298249378800392,9.396433205373825,8.01216583698988,1,
rendezvous_hash,codex88:6:88005:729,codex88,669.444393157959,80916,85091,177,177,1,0.5937894508242607,13.318472647700798,2.9380615465343,1,
rendezvous_hash,codex422:24:422023:571,codex422,672.097341299057,47859,49706,35,35,1,0.38960980996489525,13.41898158630904,0.8459471613168716,1,
rendezvous_hash,codex287:1:287000:803,codex287,672.6518964767456,12815,13449,291,291,1,1.3874357007443905,28.931038184412596,9.777477446943521,0,
rendezvous_hash,codex436:17:436016:396,codex436,672.8928561210632,56783,58977,530,530,1,0.3595724292099476,30.783654935305872,16.644216861575842,0,
rendezvous_hash,codex382:10:382009:613,codex382,676.7458000183105,39825,41732,362,362,1,0.4330729693174362,32.217512706970574,12.063923355191946,0,
rendezvous_hash,codex213:17:213016:615,codex213,677.1298935413361,54883,56942,226,226,1,0.5248191431164742,14.074534210893844,3.6916299648582935,1,
rendezvous_hash,codex88:7:88006:741,codex88,678.3178374767303,81558,85766,261,261,1,0.7849997095763683,9.601358037728529,3.281849678605795,1,
rendezvous_hash,codex135:14:135013:462,codex135,679.5443737506866,75568,78801,1405,1405,1,2.096055582165718,14.958013016252947,23.097252763807774,1,
rendezvous_hash,codex603:4:603003:793,codex603,679.7077901363373,44068,46369,418,418,1,1.8385141156613827,16.43484409192769,8.691883977502584,1,
rendezvous_hash,codex422:25:422024:587,codex422,680.8183844089508,47989,49836,39,39,1,0.8361247703433037,17.309189921146945,1.4939724877476692,1,
rendezvous_hash,codex109:6:109005:737,codex109,682.4266839027405,26658,27917,112,112,1,0.9664609059691429,15.639457046180159,2.702589474618435,1,
rendezvous_hash,codex287:2:287001:811,codex287,683.5363578796387,19704,20669,325,325,1,1.4077685475349426,32.176492551778566,11.83316395431757,0,
rendezvous_hash,codex421:11:421010:758,codex421,683.7950637340546,54003,56556,42,42,1,0.6566517613828182,11.833256610283039,1.141852930188179,1,
rendezvous_hash,codex308:8:308007:638,codex308,684.9266889095306,97628,102466,1726,1726,1,0.6078237518668175,23.327767181655634,40.848638501018286,1,
rendezvous_hash,codex88:8:88007:752,codex88,686.009039402008,82732,86974,843,843,1,1.428989253938198,14.711138719334455,13.816043641418219,1,
rendezvous_hash,codex250:38:250037:604,codex250,686.2903764247894,84747,88380,281,281,1,1.0895203948020935,20.777939832104103,6.9075747691094875,1,
rendezvous_hash,codex213:18:213017:626,codex213,686.4652843475342,55283,57351,79,79,1,0.41829540580511093,13.061146227977215,1.438427921384573,1,
rendezvous_hash,codex203:19:203018:601,codex203,687.3599591255188,61670,64467,285,285,1,0.5483589395880699,16.159900975689084,5.1379824839532375,1,
rendezvous_hash,codex421:12:421011:762,codex421,687.8936643600464,54253,56817,314,314,1,0.5161031037569046,15.956589208243374,5.51061113551259,1,
rendezvous_hash,codex422:26:422025:596,codex422,688.3950588703156,48124,49974,43,43,1,0.34784237667918205,18.661148047872953,1.1317597702145576,1,
rendezvous_hash,codex506:28:506027:585,codex506,689.3150932788849,99325,104025,181,181,1,1.217191830277443,14.172379341390398,3.7684587463736534,1,
rendezvous_hash,codex343:1:343000:838,codex343,689.3760945796967,13165,13864,247,247,1,1.8272754289209843,44.10502997537454,12.677154075354338,0,
rendezvous_hash,codex382:11:382010:617,codex382,690.0357372760773,42725,44771,2450,2450,1,1.43516331538558,15.283510457038295,38.864517625421286,1,
rendezvous_hash,codex109:7:109006:749,codex109,690.1484377384186,26780,28039,713,713,1,0.5538273304700851,15.52583235891515,11.608449269086123,1,
rendezvous_hash,codex508:13:508012:581,codex508,690.3962819576263,71760,75206,66,66,1,1.4161743633449078,15.211528425033276,2.4050144515931606,1,
rendezvous_hash,codex511:6:511005:778,codex511,690.5169787406921,32066,33649,278,278,1,0.689744807779789,54.75434681084612,15.85673650354147,0,
rendezvous_hash,codex70:32:70031:358,codex70,691.0023753643036,94780,98438,35,35,1,0.8270787186920643,28.35154500516022,1.7911262959241867,1,
rendezvous_hash,codex213:19:213018:635,codex213,691.1955654621124,55536,57613,133,133,1,0.39572152122855186,13.605518351224337,2.191748086363077,1,
rendezvous_hash,codex508:14:508013:586,codex508,694.1743304729462,71950,75395,38,38,1,0.6219450868666172,11.837225105311418,1.0600185208022594,1,
rendezvous_hash,codex250:39:250038:609,codex250,694.588137626648,92830,96836,379,379,1,7.131541110575199,36.93233839379101,21.09229040890932,0,
rendezvous_hash,codex421:13:421012:766,codex421,694.7801043987274,54672,57245,200,200,1,0.3825962096452713,16.708842118331535,3.707813635468483,1,
rendezvous_hash,codex603:5:603004:807,codex603,696.0045874118805,54294,57112,305,305,1,4.573747847229242,15.793976398478998,9.375216409564018,1,
rendezvous_hash,codex238:22:238021:215,codex238,696.4798781871796,141830,147890,412,412,1,0.8358524516224861,16.492671113452193,7.614437617361546,1,
rendezvous_hash,codex508:15:508014:589,codex508,696.8302204608917,72683,76148,298,298,1,0.8349816873669624,15.737588821537164,5.50908687338233,1,
rendezvous_hash,codex70:33:70032:366,codex70,697.2027220726013,94966,98639,266,266,1,0.6392227001488209,13.656902271059325,4.258397489786148,1,
rendezvous_hash,codex422:27:422026:611,codex422,697.5336062908173,48263,50117,83,83,1,3.037639793008566,16.812731534606073,4.416430111974478,1,
rendezvous_hash,codex278:8:278007:688,codex278,698.3456568717957,82682,86718,678,678,1,3.4385499097406864,26.977774471132584,21.702669445425272,0,
rendezvous_hash,codex213:20:213019:648,codex213,700.0639436244965,55842,57928,82,82,1,0.5108793415129185,12.207319891011274,1.499763522297144,1,
rendezvous_hash,codex220:17:220016:576,codex220,700.5558178424835,72507,76162,2937,2937,1,0.3996531665325165,18.81523482877081,55.641490679234266,1,
rendezvous_hash,codex343:2:343001:842,codex343,702.3359758853912,30144,31676,266,266,1,4.034885052591562,28.595861483295007,11.612932175397873,0,
rendezvous_hash,codex508:16:508015:593,codex508,704.897388458252,72989,76454,8114,8114,1,0.792909536510706,27.106963153150215,220.71174347773194,0,
rendezvous_hash,codex509:28:509027:588,codex509,705.1734480857849,84962,88513,1905,1905,1,1.6753224171698093,10.449249993915819,21.57078905031085,1,
rendezvous_hash,codex109:8:109007:757,codex109,705.2693634033203,27564,28825,239,239,1,0.4331059344112873,11.052516656888633,3.063834313303232,1,
rendezvous_hash,codex171:1:171000:859,codex171,705.4552450180054,13509,14166,284,284,1,1.3860457837581635,31.46135080408292,10.289653033018112,0,
rendezvous_hash,codex88:9:88008:760,codex88,706.0958633422852,86247,90638,205,205,1,2.4217560291290283,9.762394643735652,4.41338199749589,1,
rendezvous_hash,codex135:15:135014:471,codex135,706.3410592079163,77052,80289,2895,2895,1,1.1329989470541477,13.281057909923994,39.568536546081305,1,
rendezvous_hash,codex238:23:238022:219,codex238,706.8237771987915,142278,148339,586,586,1,1.004977758973837,17.872332915281635,11.460385389626026,1,
rendezvous_hash,codex422:28:422027:622,codex422,707.4609684944153,48440,50295,65,65,1,0.34341486170887947,16.06049493420869,1.3713239431381226,1,
rendezvous_hash,codex213:21:213020:660,codex213,708.041535615921,56099,58191,88,88,1,0.4592019319534302,13.42137620366853,1.6269556209445,1,
rendezvous_hash,codex166:8:166007:455,codex166,708.8273873329163,62405,65115,591,591,1,0.38481899723410606,24.562738078125452,14.876926321536303,1,
rendezvous_hash,codex203:20:203019:639,codex203,710.4462614059448,66135,69117,46,46,1,5.170085124671459,19.37005188730028,6.041891809552908,1,
rendezvous_hash,codex109:9:109008:759,codex109,710.6941049098969,28086,29364,213,213,1,0.6025474369525909,17.722547968041223,4.360065121203661,1,
rendezvous_hash,codex70:34:70033:382,codex70,711.0084803104401,95393,99077,33,33,1,0.6211716644465923,8.851010701619089,0.9045019596815109,1,
rendezvous_hash,codex548:9:548008:524,codex548,711.8361735343933,62591,65380,315,315,1,0.4335172027349472,17.88104253162624,6.048262655735016,1,
rendezvous_hash,codex603:6:603005:827,codex603,712.2565312385559,61563,64774,50,50,1,3.397632397711277,18.633060917562368,4.310749184340239,1,
rendezvous_hash,codex88:10:88009:767,codex88,712.8775594234467,95292,100188,502,502,1,6.0966031439602375,10.45142024933935,11.33286652714014,1,
rendezvous_hash,codex352:4:352003:821,codex352,713.7046327590942,37336,39211,1173,1173,1,0.489791601896286,21.836042350139024,26.08167890831828,1,
rendezvous_hash,codex119:18:119017:390,codex119,718.8202331066132,102483,106842,1833,1833,1,0.7641722112894058,30.037412212502748,55.792889691889286,0,
rendezvous_hash,codex213:22:213021:679,codex213,719.2437498569489,56363,58466,348,348,1,0.40437228605151176,14.080458258946965,5.290384359657764,1,
rendezvous_hash,codex64:2:64001:874,codex64,720.0083832740784,22411,23612,321,321,1,1.4051978960633278,21.82764469180256,8.390081118792295,1,
rendezvous_hash,codex287:3:287002:857,codex287,721.7127087116241,24171,25376,370,370,1,1.6704086512327194,29.981869406654905,12.734034024178982,0,
rendezvous_hash,codex291:1:291000:889,codex291,721.8764452934265,12910,13540,287,287,1,2.1601564809679985,29.437049585101487,10.579299442470074,0,
rendezvous_hash,codex109:10:109009:771,codex109,721.9824955463409,29874,31251,2904,2904,1,0.6061066761612892,32.282993568301904,94.32367351278663,0,
rendezvous_hash,codex171:2:171001:877,codex171,724.0312807559967,16653,17439,436,436,1,0.5612893663346767,14.65156929588866,6.934831719845533,1,
rendezvous_hash,codex70:35:70034:405,codex70,725.3461756706238,95617,99305,187,187,1,0.7317389249801636,10.276208020826822,2.6432094387710094,1,
rendezvous_hash,codex511:7:511006:816,codex511,725.4603867530823,32352,33935,754,754,1,0.22983122617006302,11.84424707495359,9.148732163012028,1,
rendezvous_hash,codex166:9:166008:463,codex166,728.3919007778168,63040,65754,173,173,1,0.9542627930641174,16.546503012610035,3.8007074557244778,1,
rendezvous_hash,codex421:14:421013:825,codex421,728.5773677825928,55328,57920,175,175,1,5.5023854449391365,10.335769825454417,7.300847597420216,1,
rendezvous_hash,codex70:36:70035:408,codex70,728.8897104263306,102471,106479,73,73,1,5.201677951961756,12.004890789588293,6.066251799464226,1,
rendezvous_hash,codex603:7:603006:854,codex603,729.2889964580536,62313,65557,410,410,1,1.1817088015377522,15.124783912687255,7.367786183953285,1,
rendezvous_hash,codex238:24:238023:232,codex238,729.7989025115967,142899,148961,472,472,1,1.9080901853740215,20.176956307483074,11.411479242146015,1,
rendezvous_hash,codex73:14:73013:420,codex73,729.9705910682678,54608,56797,97,97,1,0.8363276273012161,18.803841007562976,2.6416459530591965,1,
rendezvous_hash,codex308:9:308008:644,codex308,730.4457638263702,99773,104625,264,264,1,1.2507968172430992,23.802421193839024,7.511068519204855,1,
rendezvous_hash,codex548:10:548009:540,codex548,731.4797329902649,63111,65909,65,65,1,2.2628879472613335,27.485281345434487,4.022310260683298,1,
rendezvous_hash,codex382:12:382011:624,codex382,731.6783180236816,45282,47331,9830,9830,1,0.3621823117136955,13.308863040040475,131.17514481395483,1,
rendezvous_hash,codex64:3:64002:887,codex64,731.9024906158447,29992,31521,310,310,1,1.8717590421438217,25.628834504718533,9.791113194078207,0,
rendezvous_hash,codex278:9:278008:712,codex278,733.6131165027618,83368,87404,1555,1555,1,0.5391884371638298,13.963003948503479,22.23779659718275,1,
rendezvous_hash,codex213:23:213022:695,codex213,734.0597870349884,56942,59056,109,109,1,0.41541486606001854,9.303468417514253,1.4202428385615349,1,
rendezvous_hash,codex166:10:166009:472,codex166,735.4740691184998,65720,68575,131,131,1,1.7392197959125042,22.93110595872769,4.720302775502205,1,
rendezvous_hash,codex73:15:73014:431,codex73,735.8738930225372,54926,57121,393,393,1,1.3666515536606312,23.0459641494161,10.40088102594018,1,
rendezvous_hash,codex343:3:343002:880,codex343,736.6520547866821,32941,34630,384,384,1,0.9979881532490253,13.025355148408805,5.986905384808779,1,
rendezvous_hash,codex511:8:511007:824,codex511,736.9754359722137,33203,34793,43,43,1,0.7021470852196217,14.354123955681212,1.3051135800778866,1,
rendezvous_hash,codex203:21:203020:678,codex203,737.530505657196,66342,69330,153,153,1,0.680276270955801,14.447594894782492,2.8764038011431694,1,
rendezvous_hash,codex421:15:421014:829,codex421,737.8933849334717,55599,58192,53,53,1,0.3945500925183296,7.331743120000913,0.7758951410651207,1,
rendezvous_hash,codex548:11:548010:545,codex548,738.1959743499756,65341,68223,555,555,1,1.377847645431757,31.797616974541427,18.99389674142003,0,
rendezvous_hash,codex129:1:129000:923,codex129,738.2655792236328,12797,13392,287,287,1,1.3344789259135723,13.388064032146982,5.163622565567493,1,
rendezvous_hash,codex88:11:88010:802,codex88,740.1875128746033,96882,101827,1433,1433,1,1.5285869911313057,21.127877369335742,31.783802215009928,1,
rendezvous_hash,codex291:2:291001:907,codex291,740.2971110343933,27990,29439,276,276,1,4.715527713298798,28.631393895907834,12.589580412954092,0,
rendezvous_hash,codex70:37:70036:419,codex70,741.1994268894196,102546,106554,541,541,1,0.5100095681846142,17.338304642449927,9.872857175767422,1,
rendezvous_hash,codex166:11:166010:476,codex166,741.6884820461273,65895,68752,6042,6042,1,0.4008704647421837,14.945625055731183,90.68742501735687,1,
rendezvous_hash,codex287:4:287003:873,codex287,742.7689199447632,32735,34348,340,340,1,2.4142209105193615,26.65581233293961,11.45058299973607,0,
rendezvous_hash,codex511:9:511008:833,codex511,742.9603505134583,33745,35357,1506,1506,1,0.42518535256385803,12.651482343277662,19.46582417935133,1,
rendezvous_hash,codex213:24:213023:710,codex213,743.9907057285309,57132,59252,105,105,1,0.368262343108654,7.875248252485808,1.1873848848044872,1,
rendezvous_hash,codex524:14:524013:668,codex524,744.2697083950043,68568,71506,310,310,1,0.6182520277798176,17.03788788573256,5.883062198758125,1,
rendezvous_hash,codex64:4:64003:894,codex64,744.8741385936737,47664,50039,287,287,1,5.877133816480637,26.416468232140673,13.432568788528442,0,
rendezvous_hash,codex135:16:135015:475,codex135,747.500424861908,80095,83344,147,147,1,0.8206737972795963,9.274775060276463,2.174944818019867,1,
rendezvous_hash,codex213:25:213024:717,codex213,747.7440936565399,74415,77514,94,94,1,8.304403878748417,8.729683335429879,9.116382259875536,0,
rendezvous_hash,codex203:22:203021:692,codex203,748.5613811016083,66526,69514,39,39,1,0.4418356157839298,45.59472271878468,2.174476359039545,1,
rendezvous_hash,codex603:8:603007:868,codex603,748.8438453674316,63692,66994,57,57,1,0.8654710240662098,18.342240247875452,1.8926715701818466,1,
rendezvous_hash,codex129:2:129001:935,codex129,749.987743139267,16596,17400,323,323,1,0.7582210749387741,14.797732314985732,5.5231372974812984,1,
rendezvous_hash,codex171:3:171002:919,codex171,750.2372531890869,22316,23387,308,308,1,1.5622745789587498,24.33808407585473,9.03441871702671,0,
rendezvous_hash,codex238:25:238024:239,codex238,750.7266044616699,143407,149472,347,347,1,0.7214275524020195,19.750973801909154,7.555507589131594,1,
rendezvous_hash,codex135:17:135016:487,codex135,752.7149748802185,80280,83529,433,433,1,0.7516375444829464,16.841064077905482,8.027017418295145,1,
rendezvous_hash,codex352:5:352004:847,codex352,753.4545948505402,38519,40394,4955,4955,1,0.2795572429895401,31.366897003216085,155.67120882496238,0,
rendezvous_hash,codex70:38:70037:429,codex70,754.2088270187378,113341,117878,588,588,1,8.189070168882608,17.10285815637197,18.22854571416974,1,
rendezvous_hash,codex291:3:291002:918,codex291,754.3390064239502,35378,37202,168,168,1,2.0738584399223328,33.730185518186246,7.70712049305439,0,
rendezvous_hash,codex203:23:203022:703,codex203,754.7176620960236,66701,69694,140,140,1,2.0738026462495327,28.480838582241276,6.032680667936802,1,
rendezvous_hash,codex359:1:359000:955,codex359,754.7734332084656,12687,13395,294,294,1,2.01181985065341,22.236247937935612,8.527132246643305,0,
rendezvous_hash,codex603:9:603008:878,codex603,755.5029366016388,64340,67665,939,939,1,1.2941530533134937,26.490059353585945,26.141925558447838,0,
rendezvous_hash,codex343:4:343003:910,codex343,756.4033222198486,35389,37184,1560,1560,1,0.8466159924864769,12.649967905666829,20.568137764930725,1,
rendezvous_hash,codex129:3:129002:944,codex129,756.7792732715607,20053,21001,635,635,1,0.7302904538810253,30.654048600031373,20.16524077579379,0,
rendezvous_hash,codex287:5:287004:885,codex287,757.4498109817505,37117,38965,187,187,1,1.4033071137964725,32.3700629655392,7.424479618668556,0,
rendezvous_hash,codex308:10:308009:685,codex308,759.8339619636536,100078,104931,4866,4866,1,1.5722600109875202,32.27976884344499,158.61338054388762,0,
rendezvous_hash,codex509:29:509028:646,codex509,760.145268201828,86900,90451,1053,1053,1,1.0672301203012466,9.985295255374545,11.57186072692275,1,
rendezvous_hash,codex238:26:238025:243,codex238,760.7254257202148,150342,156780,665,665,1,10.165111765265465,20.129279401826572,23.53099451586604,1,
rendezvous_hash,codex524:15:524014:696,codex524,765.5793335437775,68917,71855,180,180,1,0.4285452738404274,14.959797783437388,3.1067062355577946,1,
rendezvous_hash,codex278:10:278009:732,codex278,766.7804341316223,84967,89004,1392,1392,1,0.5398271083831787,16.059251626689687,22.878345783799887,1,
rendezvous_hash,codex135:18:135017:496,codex135,767.1757762432098,85978,89493,1651,1651,1,3.7839136756956577,24.131917373249024,43.60167004913092,0,
rendezvous_hash,codex511:10:511009:845,codex511,768.1233487129211,35307,36924,131,131,1,0.36053626239299774,15.401122403832582,2.3629001826047897,1,
rendezvous_hash,codex203:24:203023:716,codex203,768.4704148769379,69257,72379,308,308,1,2.9345201179385185,33.32203419132807,13.164546962827444,0,
rendezvous_hash,codex359:2:359001:973,codex359,769.5310032367706,21725,22846,294,294,1,2.043631676584482,33.44203024441472,11.842320505529642,0,
rendezvous_hash,codex64:5:64004:926,codex64,769.7851853370667,52653,55310,193,193,1,2.101724613457918,17.698263477844495,5.500125087797642,1,
rendezvous_hash,codex511:11:511010:850,codex511,771.3933568000793,39802,41626,291,291,1,1.4893771149218082,23.07872269944898,8.18239725753665,1,
rendezvous_hash,codex171:4:171003:949,codex171,772.4024510383606,25048,26226,227,227,1,0.7084085531532764,32.17818080323987,7.980851747095585,0,
rendezvous_hash,codex524:16:524015:707,codex524,772.6711807250977,69134,72078,369,369,1,0.4440991245210171,21.077558033816192,8.200675573199987,1,
rendezvous_hash,codex509:30:509029:654,codex509,775.1564664840698,91222,94944,24,24,1,2.6005578115582466,7.483257709637932,2.7728084214031696,1,
rendezvous_hash,codex548:12:548011:574,codex548,775.6828706264496,71404,74549,1115,1115,1,3.222253743559122,52.57703565542638,61.793111354112625,0,
rendezvous_hash,codex88:12:88011:808,codex88,776.6479454040527,100326,105384,141,141,1,2.2641173973679543,14.004713483154774,4.2248114459216595,1,
rendezvous_hash,codex287:6:287005:915,codex287,778.4218134880066,38846,40762,1540,1540,1,1.0403780825436115,34.38137417696683,53.95334782078862,0,
rendezvous_hash,codex220:18:220017:612,codex220,778.689685344696,75488,79145,1041,1041,1,0.6858264952898026,18.079887437992372,19.48894851654768,1,
rendezvous_hash,codex64:6:64005:931,codex64,778.8880817890167,57251,60130,317,317,1,2.139329072088003,38.37735900254567,14.266621720045805,0,
rendezvous_hash,codex421:16:421015:895,codex421,779.0987734794617,56511,59168,105,105,1,0.7847276329994202,11.77620293142704,2.0095521584153175,1,
rendezvous_hash,codex509:31:509030:661,codex509,780.8642899990082,91260,94982,39,39,1,0.47739458829164505,8.746579975674027,0.8098624087870121,1,
rendezvous_hash,codex421:17:421016:899,codex421,781.9152619838715,56872,59543,229,229,1,0.7837968170642853,6.8441230738372125,2.3442914597690105,1,
rendezvous_hash,codex119:19:119018:401,codex119,782.5708568096161,104372,108737,323,323,1,0.7621605806052685,44.52696087428872,15.100226808339357,0,
rendezvous_hash,codex171:5:171004:956,codex171,782.6876213550568,28179,29553,273,273,1,0.8679691180586815,44.63361468001762,13.008574947714806,0,
rendezvous_hash,codex88:13:88012:818,codex88,784.2482843399048,102969,108119,7693,7693,1,3.8491243980824947,19.062141316361217,150.47521030157804,1,
rendezvous_hash,codex506:29:506028:742,codex506,784.6119108200073,99777,104492,238,238,1,1.2287374027073383,24.730869329176876,7.090431742370129,1,
rendezvous_hash,codex203:25:203024:723,codex203,784.8541569709778,75662,79080,359,359,1,4.552673514932394,36.18309801891862,17.50631285458803,0,
rendezvous_hash,codex524:17:524016:713,codex524,785.1557712554932,69541,72497,294,294,1,0.6775322072207928,13.506177151671041,4.634936533868313,1,
rendezvous_hash,codex421:18:421017:902,codex421,785.688360452652,58092,60817,1596,1596,1,2.395639218389988,15.400992999536491,26.96025912836194,1,
rendezvous_hash,codex359:3:359002:985,codex359,785.8217329978943,27185,28604,302,302,1,3.597122546285391,38.490677840289884,15.182853307574987,0,
rendezvous_hash,codex213:26:213025:770,codex213,787.2107968330383,74686,77789,323,323,1,0.8781250268220901,12.603426780204595,4.936648063361645,1,
rendezvous_hash,codex532:1:532000:1020,codex532,787.490371465683,13104,13777,208,208,1,1.3839960172772408,32.84771254529124,8.183883521705866,0,
rendezvous_hash,codex238:27:238026:252,codex238,788.0610134601593,152316,158813,1097,1097,1,2.2287527807056904,26.258087530052357,31.007655575871468,1,
rendezvous_hash,codex509:32:509031:674,codex509,788.7085251808167,91588,95330,510,510,1,0.7959164902567863,11.962973810951931,6.8851687125861645,1,
rendezvous_hash,codex278:11:278010:738,codex278,791.5175220966339,86399,90438,156,156,1,0.7335983105003834,9.669385682190619,2.232518870383501,1,
rendezvous_hash,codex291:4:291003:981,codex291,791.6917824745178,42501,44683,244,244,1,2.3813302479684353,28.513796213600372,9.31022310629487,0,
rendezvous_hash,codex603:10:603009:900,codex603,792.753160238266,68502,71985,3936,3936,1,2.0141443088650703,30.412926604400898,121.68946778401732,0,
rendezvous_hash,codex129:4:129003:983,codex129,793.1484949588776,31592,33066,605,605,1,3.6741480864584446,26.357226968058292,19.59400226548314,0,
rendezvous_hash,codex506:30:506029:747,codex506,793.5082383155823,100787,105532,75,75,1,3.3245930671691895,42.88410536340765,6.498234946280718,1,
rendezvous_hash,codex511:12:511011:870,codex511,794.520120382309,42464,44387,46,46,1,1.0037045180797577,14.700928661558365,1.6652838662266731,1,
rendezvous_hash,codex64:7:64006:938,codex64,796.1769530773163,91627,96331,1438,1438,1,18.601766660809517,30.9665697674081,63.100766625255346,0,
rendezvous_hash,codex524:18:524017:727,codex524,796.4858422279358,69872,72834,179,179,1,0.4349817670881748,9.480126725321405,2.1226032190024853,1,
rendezvous_hash,codex511:13:511012:875,codex511,798.17041182518,42614,44539,83,83,1,0.3434906117618084,7.714280495192946,0.9761547707021236,1,
rendezvous_hash,codex509:33:509032:684,codex509,800.7213795185089,92337,96090,37,37,1,0.9617244079709053,7.4273070527447596,1.2292060814797878,1,
rendezvous_hash,codex220:19:220018:618,codex220,800.9948813915253,76573,80232,161,161,1,0.5222159624099731,17.401761771179736,3.3066995330154896,1,
rendezvous_hash,codex511:14:511013:881,codex511,801.5023937225342,43815,45803,120,120,1,0.6542415358126163,7.448138089991417,1.540606465190649,1,
rendezvous_hash,codex171:6:171005:970,codex171,801.6709876060486,28825,30225,242,242,1,0.3545282445847988,39.49920038588314,9.873874373733997,0,
rendezvous_hash,codex532:2:532001:1039,codex532,801.9417922496796,13776,14477,302,302,1,12.823583394289017,37.49774036266875,24.110443640500307,0,
rendezvous_hash,codex359:4:359003:987,codex359,802.8539626598358,30527,32110,486,486,1,1.0921556986868382,29.401908077530024,15.352195728570223,0,
rendezvous_hash,codex343:5:343004:965,codex343,803.0389187335968,41392,43376,47,47,1,1.5844977423548698,6.587914231678714,1.8876406885683537,1,
rendezvous_hash,codex422:29:422028:790,codex422,803.8447842597961,48536,50391,321,321,1,0.4439803324639797,33.96106171421707,11.311628736555576,0,
rendezvous_hash,codex389:1:389000:1058,codex389,803.9038965702057,12928,13608,287,287,1,1.376639187335968,16.61174521631711,6.127692226320505,1,
rendezvous_hash,codex509:34:509033:691,codex509,806.5502214431763,92536,96301,65,65,1,0.6549126021564007,13.431813509669155,1.514590609818697,1,
rendezvous_hash,codex343:6:343005:972,codex343,806.8681266307831,41768,43769,350,350,1,0.43544822186231613,12.147539239216671,4.674992609769106,1,
rendezvous_hash,codex119:20:119019:418,codex119,807.7206072807312,104963,109338,127,127,1,1.420346237719059,52.766567923956444,8.068994585424662,1,
rendezvous_hash,codex278:12:278011:761,codex278,808.0584170818329,86595,90635,232,232,1,0.5593779422342777,14.412208036942914,3.8888647072017193,1,
rendezvous_hash,codex506:31:506030:764,codex506,809.1184837818146,101398,106165,273,273,1,1.32339720800519,21.5611073654145,7.188051916658878,1,
rendezvous_hash,codex524:19:524018:751,codex524,810.4229874610901,70087,73053,244,244,1,0.45558248460292816,10.89526202391695,3.1032803393900394,1,
rendezvous_hash,codex291:5:291004:1001,codex291,811.1511633396149,49682,52211,428,428,1,2.7048583813011646,32.23808921123276,16.470875270664692,0,
rendezvous_hash,codex509:35:509034:700,codex509,811.5367703437805,92858,96634,133,133,1,0.6559395752847195,13.491768361718364,2.436959333717823,1,
rendezvous_hash,codex213:27:213026:813,codex213,812.6414403915405,75188,78305,569,569,1,0.5425124764442444,12.97728388084912,7.9136555306613445,1,
rendezvous_hash,codex421:19:421018:908,codex421,814.3765625953674,60469,63235,5345,5345,1,0.9442201144993305,20.34498403172293,109.66785110905766,1,
rendezvous_hash,codex524:20:524019:753,codex524,814.6092026233673,70367,73336,59,59,1,0.8829216733574867,24.78983914800759,2.3210001699626446,1,
rendezvous_hash,codex511:15:511014:905,codex511,814.7600202560425,44543,46566,188,188,1,0.6585775800049305,15.597081738200417,3.575667429715395,1,
rendezvous_hash,codex343:7:343006:984,codex343,815.7486279010773,44390,46484,2369,2369,1,1.0728339925408363,17.494299266537702,42.49956851452589,1,
rendezvous_hash,codex509:36:509035:706,codex509,816.2953271865845,93033,96812,247,247,1,0.5181930661201477,15.211834549540427,4.260339260101318,1,
rendezvous_hash,codex135:19:135018:505,codex135,817.4726068973541,88031,91561,158,158,1,0.8615371994674206,11.680296770516476,2.6954385824501514,1,
rendezvous_hash,codex422:30:422029:799,codex422,817.8180029392242,48964,50819,38,38,1,0.36675751954317093,23.936243878828513,1.2524367943406105,1,
rendezvous_hash,codex359:5:359004:993,codex359,819.0622801780701,32382,34030,512,512,1,0.5885200574994087,26.13326889661427,13.94271107390523,0,
rendezvous_hash,codex511:16:511015:912,codex511,819.9621515274048,50808,53145,46,46,1,2.6216594129800797,16.24320770303408,3.352752022445202,1,
rendezvous_hash,codex389:2:389001:1079,codex389,820.0343134403229,17771,18679,423,423,1,0.8195201829075813,17.294167227584037,8.117696035653353,1,
rendezvous_hash,codex278:13:278012:777,codex278,820.5441737174988,86867,90908,153,153,1,2.1129085272550583,24.364479425314226,5.816545024514198,1,
rendezvous_hash,codex362:1:362000:1086,codex362,820.607008934021,13228,13910,234,234,1,1.7954557500779629,31.827672500595003,9.211340956389904,0,
rendezvous_hash,codex109:11:109010:783,codex109,821.2410883903503,32844,34223,188,188,1,0.28420529142022133,38.25888993905827,7.438902013003826,0,
rendezvous_hash,codex171:7:171006:989,codex171,821.9677150249481,34714,36432,250,250,1,2.004974313080311,25.774550066894317,8.4228729121387,0,
rendezvous_hash,codex213:28:213027:817,codex213,822.2195978164673,76104,79239,119,119,1,0.8668510019779205,8.914233264276538,1.9188847281038761,1,
rendezvous_hash,codex129:5:129004:1002,codex129,822.3984098434448,38909,40731,142,142,1,2.079956442117691,6.989534680090897,3.0655806064605713,1,
rendezvous_hash,codex511:17:511016:917,codex511,823.9594538211823,53523,55993,435,435,1,1.4305094853043556,12.614198535474763,6.905199524015188,1,
rendezvous_hash,codex509:37:509036:711,codex509,825.0455551147461,97751,101744,35,35,1,3.446910087019205,14.896076720427065,3.9534196257591248,1,
rendezvous_hash,codex220:20:220019:659,codex220,826.0436556339264,76820,80482,52,52,1,0.5137805268168449,17.13641732931137,1.3878875896334648,1,
rendezvous_hash,codex129:6:129005:1010,codex129,828.147510766983,40078,41966,155,155,1,0.861396498978138,5.499671491516101,1.7085371725261211,1,
rendezvous_hash,codex220:21:220020:664,codex220,828.99036860466,76954,80624,33,33,1,0.5562937371432781,26.30901162046939,1.398226037621498,1,
rendezvous_hash,codex109:12:109011:786,codex109,829.1846148967743,33255,34657,75,75,1,0.6819366440176964,40.62884990629312,3.688529137521982,1,
rendezvous_hash,codex119:21:119020:446,codex119,829.5242886543274,105298,109681,81,81,1,1.2056604698300362,20.54903428070247,2.849625311791897,1,
rendezvous_hash,codex389:3:389002:1082,codex389,829.8134200572968,29078,30514,335,335,1,2.6098045744001865,17.320054666903204,8.394741002470255,1,
rendezvous_hash,codex65:25:65024:250,codex65,830.3816022872925,120854,125337,51,51,1,1.2911708988249302,14.113669022917747,1.9968872740864754,1,
rendezvous_hash,codex278:14:278013:787,codex278,830.7059261798859,87062,91109,155,155,1,0.9586612582206726,28.81312162264601,5.396214861422777,1,
rendezvous_hash,codex506:32:506031:791,codex506,831.4263293743134,102167,106977,76,76,1,1.4600119031965733,198.59567830959958,16.354845341295004,0,
rendezvous_hash,codex511:18:511017:922,codex511,831.6487658023834,57547,60209,124,124,1,1.845916997641325,24.23381178480823,4.826896049082279,1,
rendezvous_hash,codex238:28:238027:273,codex238,832.3643817901611,166746,173917,2588,2588,1,14.782679244875908,27.561472152126864,86.08424514532089,0,
rendezvous_hash,codex294:17:294016:535,codex294,832.7156691551208,80003,83387,205,205,1,0.75976886972785,21.27976101987502,5.100878186523914,1,
rendezvous_hash,codex129:7:129006:1019,codex129,832.8642241954803,40235,42123,220,220,1,14.26952375471592,17.72923396738697,18.15238692611456,0,
rendezvous_hash,codex524:21:524020:779,codex524,833.8813147544861,70958,73959,1182,1182,1,0.7437370866537094,17.01861072984618,20.84275660663843,1,
rendezvous_hash,codex422:31:422030:828,codex422,834.0624225139618,49108,50973,50,50,1,0.5580293275415897,10.12514349149198,1.0542018003761768,1,
rendezvous_hash,codex220:22:220021:671,codex220,834.6052067279816,77461,81153,361,361,1,0.7218190468847752,13.111389490465324,5.442010320723057,1,
rendezvous_hash,codex119:22:119021:452,codex119,835.1059067249298,105541,109937,85,85,1,0.8007926605641842,22.74017630233651,2.7110022231936455,1,
rendezvous_hash,codex532:3:532002:1062,codex532,835.8946142196655,18688,19607,289,289,1,0.8697869889438152,28.58016342442069,9.100910745561123,0,
rendezvous_hash,codex272:1:272000:1104,codex272,836.710595369339,13201,13914,213,213,1,1.6296012550592422,54.30891869132811,13.14319983124733,0,
rendezvous_hash,codex278:15:278014:792,codex278,837.4655563831329,87260,91309,355,355,1,0.9916816055774689,18.470896934132792,7.530414178967476,1,
rendezvous_hash,codex362:2:362001:1098,codex362,837.6053276062012,32002,33610,319,319,1,5.514662116765976,40.110731403688966,18.26990880817175,0,
rendezvous_hash,codex422:32:422031:835,codex422,837.8066816329956,49264,51131,55,55,1,5.334718309342861,36.68428377972709,7.316305320709944,0,
rendezvous_hash,codex65:26:65025:258,codex65,838.193311214447,120963,125449,495,495,1,4.936574149876833,37.67151120099945,23.54657968133688,0,
rendezvous_hash,codex171:8:171007:1008,codex171,838.335312128067,37119,38953,175,175,1,4.799499791115522,37.91982928911845,11.397595487535,0,
rendezvous_hash,codex109:13:109012:801,codex109,838.4430515766144,33575,34987,119,119,1,0.3218959756195545,29.163175341436418,3.763359185308218,1,
rendezvous_hash,codex359:6:359005:1007,codex359,839.025041103363,33778,35462,320,320,1,4.11304285004735,39.924589502493795,16.849027570337057,0,
rendezvous_hash,codex294:18:294017:539,codex294,841.0381233692169,80392,83778,156,156,1,0.5892169363796711,16.31277316520291,3.117793530225754,1,
rendezvous_hash,codex220:23:220022:680,codex220,842.8441424369812,77866,81571,72,72,1,0.4912990443408489,12.491123619633662,1.378260426223278,1,
rendezvous_hash,codex389:4:389003:1093,codex389,844.8287076950073,48587,51066,379,379,1,6.180508624762297,19.50717683901232,13.554258581250906,0,
rendezvous_hash,codex287:7:287006:936,codex287,844.9890067577362,43388,45504,428,428,1,1.3107376880943775,30.386453664554086,14.285792127251625,0,
rendezvous_hash,codex532:4:532003:1067,codex532,845.5404198169708,21534,22612,263,263,1,0.6641193181276321,23.860838676568207,6.915699169039726,1,
rendezvous_hash,codex511:19:511018:939,codex511,846.1416430473328,58398,61089,119,119,1,0.8531055934727192,14.958197945507905,2.6183239556849003,1,
rendezvous_hash,codex291:6:291005:1046,codex291,846.9801981449127,56174,59001,195,195,1,2.7588878832757473,33.94902067393372,9.345091357827187,0,
rendezvous_hash,codex511:20:511019:943,codex511,849.3661890029907,58831,61537,72,72,1,0.913392823189497,16.373729989142486,2.0760860480368137,1,
rendezvous_hash,codex119:23:119022:473,codex119,849.7168040275574,105789,110200,131,131,1,0.7363885380327702,38.43543071013231,5.733048297464848,1,
rendezvous_hash,codex272:2:272001:1108,codex272,850.4117164611816,14780,15589,370,370,1,0.4719010591506958,32.71664125809502,12.5444880053401,0,
rendezvous_hash,codex422:33:422032:848,codex422,852.1485450267792,50762,52711,63,63,1,1.2672416120767593,39.66088484852544,3.7262488156557083,1,
rendezvous_hash,codex220:24:220023:693,codex220,852.444185256958,78039,81746,35,35,1,0.5565024688839912,11.326896684134708,0.9419767335057259,1,
rendezvous_hash,codex511:21:511020:952,codex511,852.8780152797699,59164,61880,1045,1045,1,0.5432704463601112,17.785125090901197,19.111032344400883,1,
rendezvous_hash,codex40:1:40000:1128,codex40,853.1129891872406,12784,13459,218,218,1,1.6258485838770866,24.160041426596006,6.8686781749129295,0,
rendezvous_hash,codex171:9:171008:1021,codex171,853.792683839798,37301,39135,318,318,1,0.941614605486393,27.754622714282586,9.73986640945077,0,
rendezvous_hash,codex294:19:294018:554,codex294,854.183751821518,80740,84140,122,122,1,1.2276445552706718,21.088014087401145,3.779658142477274,1,
rendezvous_hash,codex166:12:166011:509,codex166,854.4129474163055,71982,74845,354,354,1,0.7434379495680332,13.451849719873568,5.491979833692312,1,
rendezvous_hash,codex278:16:278015:809,codex278,854.7156026363373,89236,93368,345,345,1,1.5866090580821037,17.601126588361208,7.641437873244286,1,
rendezvous_hash,codex506:33:506032:806,codex506,855.8611228466034,103258,108121,273,273,1,1.4021618850529194,24.720493156243773,8.12617589533329,1,
rendezvous_hash,codex422:34:422033:853,codex422,856.6383838653564,50933,52889,44,44,1,0.42998066172003746,35.39817130496336,1.9521617032587528,1,
rendezvous_hash,codex109:14:109013:830,codex109,856.8824095726013,34055,35481,35,35,1,0.36859483644366264,33.24081091319814,1.4988218508660793,1,
rendezvous_hash,codex359:7:359006:1014,codex359,858.3776762485504,35082,36835,2912,2912,1,0.5453612394630909,31.810609141971923,93.14608178660274,0,
rendezvous_hash,codex532:5:532004:1081,codex532,858.5838599205017,23566,24695,61,61,1,0.7005812004208565,13.099328614771366,1.4867752268910408,1,
rendezvous_hash,codex129:8:129007:1038,codex129,859.2709031105042,41536,43481,1221,1221,1,0.6782879866659641,29.14053078313343,36.229967564344406,0,
rendezvous_hash,codex119:24:119023:486,codex119,859.8936414718628,106085,110512,102,102,1,0.7684041485190392,17.494888515165535,2.535510715097189,1,
rendezvous_hash,codex524:22:524021:796,codex524,861.5392374992371,72179,75182,312,312,1,0.44637715071439743,18.97492911367171,6.347758028656244,1,
rendezvous_hash,codex532:6:532005:1084,codex532,862.352192401886,26526,27804,287,287,1,1.3417075425386429,24.895509262080793,8.462030999362469,0,
rendezvous_hash,codex40:2:40001:1135,codex40,863.0569264888763,16307,17133,323,323,1,0.6394566707313061,25.481180675466607,8.844490732997656,0,
rendezvous_hash,codex278:17:278016:815,codex278,863.5237827301025,89621,93755,163,163,1,0.8512291759252548,22.31979954205913,4.467270068824291,1,
rendezvous_hash,codex343:8:343007:991,codex343,863.6837594509125,46761,48855,3538,3538,1,0.3124481402337551,10.288578926556387,36.70329315587878,1,
rendezvous_hash,codex291:7:291006:1066,codex291,863.9755778312683,57667,60546,214,214,1,0.9440010599792004,110.58668738029932,24.499214336276054,0,
rendezvous_hash,codex382:13:382012:632,codex382,864.3435311317444,55151,57202,339,339,1,0.36830782890319824,7.963618461990499,3.060114823281765,1,
rendezvous_hash,codex506:34:506033:810,codex506,865.4365458488464,107236,112256,53,53,1,3.3495985753834248,34.929923999768036,5.166048016399145,1,
rendezvous_hash,codex272:3:272002:1111,codex272,865.5313506126404,23057,24281,433,433,1,1.5604467019438744,24.853564177950222,12.297279119491577,0,
rendezvous_hash,codex548:13:548012:621,codex548,866.0483019351959,74812,78073,1289,1289,1,1.8330725468695164,30.818505637833606,41.52734874933958,0,
rendezvous_hash,codex389:5:389004:1107,codex389,866.2977228164673,52523,55156,1639,1639,1,2.0257995165884495,20.902611028689606,36.264371536672115,1,
rendezvous_hash,codex65:27:65026:268,codex65,866.6535949707031,121496,125985,48,48,1,1.0293538570404053,31.24727863580623,2.4981596246361732,1,
rendezvous_hash,codex119:25:119024:492,codex119,867.0771179199219,127171,132655,614,614,1,19.021721694618464,51.20352753491231,50.40957600995898,0,
rendezvous_hash,codex109:15:109014:852,codex109,868.5708639621735,34378,35811,287,287,1,0.520822811871767,29.192810826055656,8.870276231318712,1,
rendezvous_hash,codex422:35:422034:864,codex422,869.0811715126038,51136,53099,290,290,1,0.44648244231939316,25.46781835155916,7.806989632546902,1,
rendezvous_hash,codex166:13:166012:523,codex166,869.4600596427917,72431,75303,285,285,1,0.4818899631500244,10.145375780551367,3.3632155060768127,1,
rendezvous_hash,codex251:1:251000:1155,codex251,869.5216665267944,12610,13343,268,268,1,1.272670827805996,22.17415622557594,7.193381387740374,0,
rendezvous_hash,codex278:18:278017:822,codex278,870.564492225647,89826,93962,112,112,1,0.6072306036949158,16.957144781544404,2.489685393869877,1,
rendezvous_hash,codex287:8:287007:967,codex287,872.251461982727,48888,51269,564,564,1,14.506522633135319,52.31091885647172,43.957863569259644,0,
rendezvous_hash,codex506:35:506034:819,codex506,872.8152501583099,108751,113828,70,70,1,1.7578275799751282,38.945601578207985,4.445117320865393,1,
rendezvous_hash,codex73:16:73015:623,codex73,873.573849439621,55571,57774,128,128,1,0.4409160949289799,7.889803176320443,1.4430170468986034,1,
rendezvous_hash,codex524:23:524022:812,codex524,875.6126263141632,72697,75721,117,117,1,0.5431383550167084,12.836468823511025,2.0322103053331375,1,
rendezvous_hash,codex422:36:422035:866,codex422,877.2546198368073,51471,53439,54,54,1,0.39552149549126625,14.504164457321167,1.1644687317311764,1,
rendezvous_hash,codex382:14:382013:651,codex382,877.6371641159058,55529,57586,974,974,1,0.3257352337241173,16.109797464184012,16.000610399991274,1,
rendezvous_hash,codex166:14:166013:531,codex166,879.0254216194153,76190,79214,2050,2050,1,2.5663884356617928,14.77684377133119,32.8442458063364,1,
rendezvous_hash,codex40:3:40002:1152,codex40,879.2442412376404,26025,27336,287,287,1,2.33505941927433,25.566299608745776,9.647325288504362,0,
rendezvous_hash,codex506:36:506035:826,codex506,879.8356890678406,109125,114220,266,266,1,1.0195862874388695,35.336669000252236,10.38395855948329,1,
rendezvous_hash,codex251:2:251001:1162,codex251,880.049661397934,15652,16524,337,337,1,0.5346655920147896,57.021168781267036,19.694253895431757,0,
rendezvous_hash,codex65:28:65027:282,codex65,880.4250493049622,121604,126094,1305,1305,1,0.5901455990970135,39.29884764051602,51.83612946048379,0,
rendezvous_hash,codex511:22:511021:969,codex511,881.2479069232941,60862,63609,248,248,1,1.6112124472856522,12.83984109457688,4.782825469970703,1,
rendezvous_hash,codex135:20:135019:590,codex135,881.5709452629089,88633,92189,128,128,1,1.2957486771047115,25.68014406078444,4.557351682335138,1,
rendezvous_hash,codex532:7:532006:1100,codex532,881.6922676563263,28168,29499,58,58,1,1.1558929570019245,12.336187130003646,1.859478686004877,1,
rendezvous_hash,codex362:3:362002:1139,codex362,882.0683627128601,39275,41295,263,263,1,2.194712270051241,57.57746121753718,17.280045047402382,0,
rendezvous_hash,codex278:19:278018:841,codex278,882.5512211322784,89980,94117,105,105,1,0.8501689061522484,17.833723507534998,2.7049868889153004,1,
rendezvous_hash,codex294:20:294019:594,codex294,882.83971118927,81057,84483,82,82,1,3.9256046302616596,40.71355546698158,7.223566934466362,1,
rendezvous_hash,codex220:25:220024:748,codex220,883.9633855819702,78198,81916,315,315,1,0.7468724697828293,17.40174894784666,6.211297646164894,1,
rendezvous_hash,codex422:37:422036:879,codex422,884.6914241313934,51605,53576,75,75,1,0.38812438026070595,106.97993953284379,8.304846704006195,0,
rendezvous_hash,codex272:4:272003:1126,codex272,885.6142220497131,43053,45310,58,58,1,5.427701722830534,38.148668774387296,7.602390665560961,0,
rendezvous_hash,codex158:1:158000:1171,codex158,885.9247982501984,12671,13320,276,276,1,1.3675117157399654,46.34831447492947,14.114278122782707,0,
rendezvous_hash,codex509:38:509037:820,codex509,887.1613886356354,97901,101896,674,674,1,0.740601684898138,11.076895362333591,8.195392463356256,1,
rendezvous_hash,codex109:16:109015:861,codex109,887.2843894958496,34797,36241,34,34,1,0.5401472114026546,23.145667418385997,1.3040490671992302,1,
rendezvous_hash,codex135:21:135020:592,codex135,887.7943806648254,89465,93047,567,567,1,1.0494024194777012,39.073989749639274,23.165320713073015,0,
rendezvous_hash,codex511:23:511022:980,codex511,889.5238871574402,61217,63968,140,140,1,0.4579336605966091,11.80876083940053,2.099521592259407,1,
rendezvous_hash,codex291:8:291007:1073,codex291,890.9285545349121,60848,63880,290,290,1,2.003249656409025,48.41649158500057,15.995770677924156,0,
rendezvous_hash,codex294:21:294020:598,codex294,892.161789894104,81334,84778,125,125,1,0.8147499114274979,51.37229533565621,7.184953484684229,1,
rendezvous_hash,codex40:4:40003:1159,codex40,892.5072755813599,42489,44666,220,220,1,4.665948137640953,29.757242887940038,11.183033011853695,0,
rendezvous_hash,codex220:26:220025:755,codex220,893.6300849914551,78594,82317,33,33,1,0.5151626542210579,13.455102103762329,0.9458974413573742,1,
rendezvous_hash,codex73:17:73016:662,codex73,894.7775053977966,55750,57953,254,254,1,0.8916772454977036,13.302471076429127,4.257297709584236,1,
rendezvous_hash,codex422:38:422037:886,codex422,894.9557118415833,51786,53763,33,33,1,0.9908484667539597,37.4854285037145,2.190664391964674,1,
rendezvous_hash,codex506:37:506036:837,codex506,895.3471591472626,110966,116161,357,357,1,1.911857195198536,43.07849826605133,17.25387179479003,0,
rendezvous_hash,codex272:5:272004:1137,codex272,895.9349863529205,43435,45703,252,252,1,0.45423952490091324,38.704584957475205,10.169238030910492,0,
rendezvous_hash,codex532:8:532007:1119,codex532,897.6575746536255,28575,29928,43,43,1,0.32593176141381264,23.914377781606856,1.3306052535772324,1,
rendezvous_hash,codex382:15:382014:657,codex382,898.5576419830322,56544,58602,310,310,1,0.8026269376277924,18.43307040704107,6.4984960705041885,1,
rendezvous_hash,codex129:9:129008:1048,codex129,898.7305479049683,48303,50519,2881,2881,1,2.477046851068735,17.127044337232494,51.80303110182285,1,
rendezvous_hash,codex220:27:220026:763,codex220,899.340918302536,79423,83187,325,325,1,0.9054562412202358,18.32880477570457,6.844082772731781,1,
rendezvous_hash,codex109:17:109016:882,codex109,899.6596531867981,34967,36415,71,71,1,0.2933608219027519,35.958451085856986,2.810544740408659,1,
cache_aware,codex250:9:250008:191,codex250,300.6388657093048,47752,50139,369,369,1,1.735662829130888,16.757491469869148,7.902509946376085,1,
cache_aware,codex65:11:65010:87,codex65,300.93617582321167,74650,78163,84,84,1,1.0174710489809513,29.31788963187172,3.4510096833109856,1,
cache_aware,codex436:4:436003:218,codex436,301.0183107852936,22230,23251,364,364,1,0.373716838657856,6.26303631165796,2.6473595909774303,1,
cache_aware,codex238:11:238010:99,codex238,302.35994362831116,104123,109200,836,836,1,1.3639761805534363,16.140262662115212,14.841185458004475,1,
cache_aware,codex586:11:586010:203,codex586,304.10185050964355,45289,47614,1673,1673,1,0.6093432158231735,18.581679712481904,31.67824288085103,1,
cache_aware,codex493:17:493016:84,codex493,304.7023572921753,68681,71416,459,459,1,0.39652619883418083,24.18477809682944,11.473303776234388,1,
cache_aware,codex506:12:506011:175,codex506,308.19131803512573,75992,79551,422,422,1,0.7077828161418438,9.254327773906272,4.604032207280397,1,
cache_aware,codex509:2:509001:231,codex509,309.74156379699707,18693,19652,311,311,1,0.9881675131618977,10.11099709618476,4.12266867980361,1,
cache_aware,codex250:10:250009:197,codex250,309.9511287212372,48390,50787,114,114,1,0.46424973011016846,26.006657630205154,3.403275027871132,1,
cache_aware,codex73:1:73000:234,codex73,311.71375250816345,12906,13617,213,213,1,1.2516760639846325,5.729433131527226,2.466459035873413,1,
cache_aware,codex436:5:436004:226,codex436,312.2992537021637,28247,29508,317,317,1,1.3606356158852577,6.772852903585645,3.5009977780282497,1,
cache_aware,codex250:11:250010:201,codex250,314.1209979057312,50327,52798,2827,2827,1,1.0253019146621227,17.205738680673168,49.648813024163246,1,
cache_aware,codex152:7:152006:209,codex152,315.50829458236694,65213,68383,837,837,1,3.1284130066633224,12.783076311127422,13.815281927585602,1,
cache_aware,codex73:2:73001:248,codex73,320.7305107116699,19970,21047,263,263,1,1.2942150346934795,6.1024487843267785,2.8932012356817722,1,
cache_aware,codex506:13:506012:188,codex506,324.4423849582672,81212,85028,409,409,1,3.0713820420205593,11.056983706486575,7.582774832844734,1,
cache_aware,codex73:3:73002:256,codex73,326.27351331710815,24663,25947,442,442,1,1.1853105761110783,8.093392590478974,4.754636455327272,1,
cache_aware,codex238:12:238011:110,codex238,326.80894446372986,106587,111760,1567,1567,1,1.9262334927916527,21.803107443307248,36.06999709457159,1,
cache_aware,codex436:6:436005:238,codex436,326.90603399276733,28936,30208,409,409,1,0.569936741143465,8.202781709020629,3.9167799577116966,1,
cache_aware,codex135:1:135000:259,codex135,328.11419582366943,12832,13483,293,293,1,1.2506453059613705,5.70013038558911,2.915209662169218,1,
cache_aware,codex493:18:493017:97,codex493,329.7346866130829,69184,71919,264,264,1,0.38918486982584,24.96309506179262,6.95474798604846,1,
cache_aware,codex436:7:436006:241,codex436,332.25165343284607,33431,34911,295,295,1,1.1971758306026459,10.521570702089745,4.290558483451605,1,
cache_aware,codex65:12:65011:120,codex65,334.64619064331055,75608,79173,117,117,1,1.0143570378422737,32.266159124415495,4.757324483245611,1,
cache_aware,codex509:3:509002:262,codex509,335.1946141719818,24300,25522,397,397,1,1.1333862952888012,10.899599763856392,5.449845988303423,1,
cache_aware,codex586:12:586011:205,codex586,336.5371124744415,47032,49357,142,142,1,0.32084859907627106,14.55028347195463,2.3724768087267876,1,
cache_aware,codex436:8:436007:245,codex436,337.44369888305664,34346,35862,55,55,1,0.9095404595136642,10.706055219526645,1.4878766126930714,1,
cache_aware,codex422:10:422009:246,codex422,337.5799984931946,31835,33271,145,145,1,0.7993206270039082,12.102589450983537,2.5425061360001564,1,
cache_aware,codex73:4:73003:271,codex73,338.90703868865967,25714,27044,175,175,1,0.34665461629629135,9.267417885277462,1.9593261256814003,1,
cache_aware,codex152:8:152007:224,codex152,341.10332894325256,66433,69622,263,263,1,0.6846375502645969,8.538022736897904,2.9217423237860203,1,
cache_aware,codex493:19:493018:101,codex493,341.3831133842468,69503,72239,1136,1136,1,0.40922634303569794,19.434113062031994,22.467044208198786,1,
cache_aware,codex422:11:422010:251,codex422,341.7770483493805,33216,34728,1586,1586,1,0.5720473863184452,13.088307414521179,21.317109413444996,1,
cache_aware,codex586:13:586012:212,codex586,342.70175552368164,47318,49656,120,120,1,0.35845285281538963,25.763755241612426,3.4244932383298874,1,
cache_aware,codex203:1:203000:280,codex203,344.52006697654724,12685,13394,308,308,1,1.2325222082436085,6.458534370707378,3.2153359539806843,1,
cache_aware,codex119:10:119009:235,codex119,347.4771456718445,59577,62511,1194,1194,1,0.9277881719172001,16.323759015228003,20.402078479528427,1,
cache_aware,codex65:13:65012:132,codex65,347.7292494773865,75809,79379,84,84,1,0.6119465678930283,32.37431262990078,3.2991146817803383,1,
cache_aware,codex436:9:436008:263,codex436,347.84225726127625,34606,36129,598,598,1,0.6177798956632614,19.41389881286589,12.208005648106337,1,
cache_aware,codex135:2:135001:287,codex135,348.91029930114746,19238,20236,371,371,1,1.3768114410340786,7.230771755849993,4.05240136384964,1,
cache_aware,codex586:14:586013:217,codex586,349.6839671134949,48221,50609,264,264,1,0.6092277206480503,28.717544241436535,8.162100534886122,1,
cache_aware,codex73:5:73004:281,codex73,350.07856154441833,25899,27229,397,397,1,0.389248289167881,22.747338006291727,9.397455606609583,1,
cache_aware,codex509:4:509003:276,codex509,350.1733400821686,28202,29576,222,222,1,1.1744184978306293,25.517516411267795,6.814188376069069,1,
cache_aware,codex203:2:203001:288,codex203,350.2787482738495,30920,32571,373,373,1,3.720888063311577,6.756621993757705,6.234495025128126,1,
cache_aware,codex152:9:152008:230,codex152,351.6757745742798,67024,70235,1023,1023,1,0.628911342471838,12.50435876680097,13.408418387174606,1,
cache_aware,codex65:14:65013:136,codex65,352.86789059638977,77201,80834,249,249,1,1.2244151271879673,32.69231432087479,9.33220949023962,1,
cache_aware,codex526:9:526008:199,codex526,353.35669136047363,40831,42628,282,282,1,0.868615411221981,21.204213296921655,6.827193815261126,1,
cache_aware,codex506:14:506013:220,codex506,354.5180058479309,84614,88574,298,298,1,2.2355489656329155,14.478389136116913,6.535842455923557,1,
cache_aware,codex73:6:73005:284,codex73,360.61353969573975,29718,31248,215,215,1,1.1316154040396214,13.681411673532468,4.059529431164265,1,
cache_aware,codex203:3:203002:301,codex203,360.77213859558105,37948,39892,341,341,1,2.0174571126699448,7.117540893309257,4.437627710402012,1,
cache_aware,codex294:1:294000:308,codex294,360.9221022129059,12607,13225,284,284,1,1.266236923635006,5.578535500347825,2.845103334635496,1,
cache_aware,codex436:10:436009:270,codex436,362.575186252594,35300,36832,298,298,1,0.2861474044620991,11.787575139642163,3.7871559858322144,1,
cache_aware,codex294:2:294001:312,codex294,365.08093070983887,24132,25331,331,331,1,2.1683005690574646,7.973124109434359,4.799666341394186,1,
cache_aware,codex506:15:506014:225,codex506,366.12659978866577,87342,91450,273,273,1,1.9690134935081005,9.799134657334756,4.634518515318632,1,
cache_aware,codex65:15:65014:144,codex65,367.8740293979645,84048,88055,44,44,1,4.440175104886293,141.22651387439217,10.512960482388735,0,
cache_aware,codex493:20:493019:103,codex493,368.756628036499,70679,73416,658,658,1,1.064922384917736,17.487974794896225,12.554561022669077,1,
cache_aware,codex250:12:250011:208,codex250,368.9277558326721,53668,56161,90,90,1,0.8636573366820812,12.661668231313149,1.990748554468155,1,
cache_aware,codex203:4:203003:310,codex203,369.4873523712158,43775,46015,837,837,1,2.8182370103895664,6.496525356216294,8.249489266425371,1,
cache_aware,codex436:11:436010:274,codex436,369.758332490921,35609,37141,58,58,1,0.20228863134980202,6.68008311798698,0.5831928625702858,1,
cache_aware,codex526:10:526009:214,codex526,371.4521996974945,49395,51620,44,44,1,3.8562747314572334,15.603875264871952,4.527392644435167,1,
cache_aware,codex238:13:238012:126,codex238,371.8314323425293,115776,121347,281,281,1,6.537735924124718,16.762703909937823,11.231677610427141,1,
cache_aware,codex152:10:152009:236,codex152,372.1229934692383,76538,80172,2079,2079,1,5.168572250753641,12.337471474109073,30.805986378341913,1,
cache_aware,codex250:13:250012:210,codex250,372.2991461753845,54597,57145,5922,5922,1,3.0140503868460655,19.411086292458915,117.9471295028925,1,
cache_aware,codex509:5:509004:309,codex509,377.14813232421875,33641,35311,41,41,1,1.6067464016377926,6.315940618515015,1.8595268800854683,1,
cache_aware,codex135:3:135002:328,codex135,377.28114581108093,37830,39765,624,624,1,4.553563307970762,12.445938864642123,12.30759059637785,1,
cache_aware,codex119:11:119010:257,codex119,380.015474319458,63254,66308,243,243,1,1.5712322406470776,10.693598846512392,4.159331250935793,1,
cache_aware,codex73:7:73006:313,codex73,381.30802059173584,30071,31604,3740,3740,1,0.30000944063067436,19.3629938861,72.69828234612942,1,
cache_aware,codex526:11:526010:223,codex526,382.41210103034973,50052,52304,135,135,1,0.5948843397200108,11.381996906737783,2.1201731003820896,1,
cache_aware,codex509:6:509005:321,codex509,384.4277114868164,34392,36098,486,486,1,0.7171854265034199,17.938699780665722,9.417733911424875,1,
cache_aware,codex65:16:65015:153,codex65,384.9467625617981,84420,88447,343,343,1,0.8928952105343342,14.464741964873514,5.839983969926834,1,
cache_aware,codex493:21:493020:114,codex493,385.1391386985779,71379,74116,1478,1478,1,0.37217098847031593,24.849623645994416,37.075347036123276,0,
cache_aware,codex119:12:119011:261,codex119,385.8242235183716,69661,73010,227,227,1,3.2320072427392006,14.201582088011556,6.44165663048625,1,
cache_aware,codex586:15:586014:254,codex586,389.5564715862274,48614,51008,75,75,1,0.37631863728165627,20.59524687560829,1.9004703871905804,1,
cache_aware,codex526:12:526011:227,codex526,389.83120584487915,50418,52679,46,46,1,0.43856120482087135,19.335738155576916,1.3087631538510323,1,
cache_aware,codex203:5:203004:332,codex203,390.64181876182556,45444,47732,404,404,1,0.5962467044591904,7.668320810602557,3.686619896441698,1,
cache_aware,codex526:13:526012:229,codex526,392.7665059566498,51283,53591,1513,1513,1,0.7389938905835152,31.360485960566805,48.15613980218768,0,
cache_aware,codex422:12:422011:297,codex422,392.87775349617004,35463,37006,2450,2450,1,0.4593880698084831,19.95795697472737,49.33657545596361,1,
cache_aware,codex213:1:213000:354,codex213,393.75123262405396,12454,13027,248,248,1,1.1973514072597027,27.763512287183328,8.055029563605785,0,
cache_aware,codex238:14:238013:139,codex238,394.32090306282043,118324,124016,4163,4163,1,3.1719017550349236,19.492167218667504,84.2985756136477,1,
cache_aware,codex65:17:65016:161,codex65,394.60996651649475,85321,89373,5147,5147,1,2.928379088640213,18.731022172553548,99.31841371580958,1,
cache_aware,codex294:3:294002:351,codex294,394.71347641944885,28703,30119,522,522,1,1.1266081482172012,27.478933227096547,15.443179748952389,0,
cache_aware,codex586:16:586015:266,codex586,396.7820014953613,49585,52017,71,71,1,0.692647859454155,22.425198501774243,2.2626818381249905,1,
cache_aware,codex436:12:436011:314,codex436,397.04550409317017,35987,37540,6189,6189,1,0.3670088164508343,24.15794958845118,149.85643821954727,0,
cache_aware,codex509:7:509006:329,codex509,398.5827398300171,41886,43966,54,54,1,2.2543564438819885,19.73711263458684,3.3005725406110287,1,
cache_aware,codex586:17:586016:267,codex586,400.0541367530823,49771,52207,33,33,1,0.3960327170789242,21.851411904208362,1.095377303659916,1,
cache_aware,codex203:6:203005:340,codex203,401.47867250442505,49413,51878,125,125,1,1.5763921588659286,8.067494678881861,2.5768006555736065,1,
cache_aware,codex509:8:509007:334,codex509,403.3963634967804,42947,45082,219,219,1,0.6669198982417583,20.348782813467018,5.1030451618134975,1,
cache_aware,codex213:2:213001:359,codex213,403.8399324417114,20123,21037,266,266,1,2.217641767114401,8.723899131675935,4.529572807252407,1,
cache_aware,codex135:4:135003:352,codex135,404.05169200897217,40930,42988,555,555,1,2.0091839469969273,8.04856938010734,6.468234419822693,1,
cache_aware,codex203:7:203006:346,codex203,407.8407447338104,51022,53577,1130,1130,1,0.9163607358932495,7.942892353655068,9.884031746536493,1,
cache_aware,codex586:18:586017:277,codex586,409.02760648727417,49941,52380,76,76,1,0.40468939393758774,21.084086696306866,1.986144695430994,1,
cache_aware,codex166:1:166000:376,codex166,410.15410137176514,13597,14321,244,244,1,1.3384578600525856,5.71590280275286,2.7275667935609818,1,
cache_aware,codex152:11:152010:255,codex152,412.22135043144226,80169,83872,1720,1720,1,1.3772700279951096,15.390805061418973,27.834225099533796,1,
cache_aware,codex213:3:213002:370,codex213,414.4020357131958,23980,25069,293,293,1,0.8666806034743786,19.947039142046886,6.69130814820528,1,
cache_aware,codex166:2:166001:386,codex166,414.82809352874756,24429,25678,289,289,1,2.1795326247811317,5.630644672136341,3.80131109431386,1,
cache_aware,codex506:16:506015:285,codex506,416.9950532913208,89314,93505,100,100,1,1.5556091144680977,24.269766277737087,3.958417847752571,1,
cache_aware,codex586:19:586018:291,codex586,418.5368540287018,51322,53832,568,568,1,2.873994965106249,34.25848982058715,22.298705626279116,0,
cache_aware,codex294:4:294003:363,codex294,419.0970323085785,37939,39816,264,264,1,2.6693744212388992,34.2950218785625,11.689062308520079,0,
cache_aware,codex135:5:135004:368,codex135,421.3549852371216,44716,46959,671,671,1,1.4486708082258701,14.555230625529788,11.200765985995531,1,
cache_aware,codex509:9:509008:353,codex509,422.20778608322144,43723,45882,61,61,1,0.5988122932612896,19.406089186668396,1.7632774822413921,1,
cache_aware,codex203:8:203007:356,codex203,422.79262709617615,54382,57047,3997,3997,1,1.2216652780771255,8.24856235402393,34.18307341635227,1,
cache_aware,codex506:17:506016:295,codex506,423.17538380622864,89506,93703,70,70,1,0.7769023962318897,19.088806989400283,2.0940750502049923,1,
cache_aware,codex493:22:493021:116,codex493,423.37094497680664,72897,75636,501,501,1,0.4173269346356392,34.207835882902145,17.521479178220034,0,
cache_aware,codex119:13:119012:311,codex119,424.5677115917206,74678,78287,218,218,1,2.9301578737795353,38.462034842935026,11.276847019791603,0,
cache_aware,codex166:3:166002:399,codex166,425.2658443450928,28289,29754,295,295,1,0.984515842050314,6.609377242168602,2.927822608500719,1,
cache_aware,codex421:1:421000:402,codex421,426.5499589443207,12750,13368,304,304,1,1.2831099852919579,5.6206367467299545,2.9863075986504555,1,
cache_aware,codex213:4:213003:381,codex213,426.89348101615906,24541,25652,259,259,1,0.28000231459736824,15.09529193357904,4.174682781100273,1,
cache_aware,codex220:4:220003:398,codex220,430.7463548183441,38133,40182,782,782,1,3.4858154729008675,19.741383437234216,18.90399682894349,1,
cache_aware,codex166:4:166003:407,codex166,431.5490822792053,30069,31615,512,512,1,0.5777022242546082,6.732963914973862,4.018448933959007,1,
cache_aware,codex294:5:294004:371,codex294,433.0212211608887,41385,43436,336,336,1,1.2735857516527176,25.135363560559146,9.693971205502748,1,
cache_aware,codex213:5:213004:389,codex213,433.57937693595886,27304,28539,959,959,1,0.7593657709658146,9.224872818383892,9.596947629004717,1,
cache_aware,codex70:14:70013:91,codex70,437.2186210155487,77574,80942,1498,1498,1,0.5227926708757877,23.031366223801594,35.00079370290041,1,
cache_aware,codex421:2:421001:422,codex421,437.9674422740936,29006,30401,373,373,1,7.515946675091982,15.757713937551102,13.377941213548183,0,
cache_aware,codex509:10:509009:375,codex509,439.83748507499695,44332,46523,59,59,1,0.5764060541987419,24.25298859076253,1.9834764935076237,1,
cache_aware,codex166:5:166004:414,codex166,440.346880197525,51392,53969,2788,2788,1,7.23304932191968,10.17376454363256,35.58747450634837,1,
cache_aware,codex506:18:506017:323,codex506,442.70833587646484,89665,93863,51,51,1,0.7185742221772671,9.013891741633415,1.169417779892683,1,
cache_aware,codex509:11:509010:378,codex509,442.86681723594666,46435,48727,51,51,1,1.0684585236012936,24.147412329912186,2.276040155440569,1,
cache_aware,codex548:1:548000:434,codex548,442.9738018512726,13026,13754,279,279,1,1.2889098078012466,5.709421586432903,2.876272074878216,1,
cache_aware,codex294:6:294005:374,codex294,444.1695852279663,45790,48086,325,325,1,1.6448509357869625,12.494804625065974,5.693318702280521,1,
cache_aware,codex422:13:422012:302,codex422,444.3753271102905,37955,39499,810,810,1,0.26901358366012573,23.41525473059771,19.212439496070147,1,
cache_aware,codex135:6:135005:391,codex135,445.6604039669037,50113,52623,1659,1659,1,2.2658700346946716,15.890325079205816,28.6120652705431,1,
cache_aware,codex213:6:213005:394,codex213,445.8062345981598,28555,29805,216,216,1,2.279332712292671,19.44873592881269,6.461045756936073,1,
cache_aware,codex506:19:506018:326,codex506,446.2310128211975,89775,93975,66,66,1,1.8637542985379696,28.96922053052829,3.7469654865562916,1,
cache_aware,codex548:2:548001:439,codex548,446.5000808238983,24720,26039,361,361,1,2.195318214595318,6.189946757836474,4.423845764249563,1,
cache_aware,codex152:12:152011:269,codex152,447.1517505645752,81931,85641,1091,1091,1,0.9847078025341034,18.43585515856196,21.07988153398037,1,
cache_aware,codex509:12:509011:383,codex509,447.330335855484,47548,49873,418,418,1,0.7261567637324333,21.523227285352544,9.701486211270094,1,
cache_aware,codex526:14:526013:237,codex526,448.68653988838196,52835,55145,1715,1715,1,0.32305702194571495,15.86451496855033,27.514927979558706,1,
cache_aware,codex548:3:548002:449,codex548,454.00192165374756,34751,36559,534,534,1,2.564992994070053,7.0044016692696545,6.298489447683096,1,
cache_aware,codex506:20:506019:335,codex506,455.2288296222687,90197,94418,75,75,1,0.9866834320127964,18.45428564057157,2.3523913957178593,1,
cache_aware,codex73:8:73007:317,codex73,455.35433530807495,36857,38581,4578,4578,1,1.078867632895708,23.67966241608782,109.4607753418386,0,
cache_aware,codex294:7:294006:388,codex294,456.1059184074402,49368,51855,959,959,1,1.4813404269516468,16.468551604851054,17.258315555751324,1,
cache_aware,codex421:3:421002:440,codex421,457.41330885887146,36711,38457,39,39,1,2.206581387668848,10.036854465541087,2.5880767554044724,1,
cache_aware,codex213:7:213006:403,codex213,457.505478143692,28781,30031,5258,5258,1,0.19165747240185738,14.742018877099353,77.69057531282306,1,
cache_aware,codex119:14:119013:342,codex119,458.06687331199646,79915,83767,4202,4202,1,3.100456528365612,23.98396908467198,103.85746504366398,0,
cache_aware,codex506:21:506020:339,codex506,459.39502906799316,90363,94585,58,58,1,0.6333570629358292,28.589034420356416,2.2631417773663998,1,
cache_aware,codex382:1:382000:460,codex382,459.4560897350311,13136,13800,422,422,1,1.298954002559185,5.746792807219431,3.7184836864471436,1,
cache_aware,codex421:4:421003:447,codex421,463.04069447517395,37190,38966,317,317,1,0.3900429904460907,10.679275622662109,3.764787334948778,1,
cache_aware,codex506:22:506021:341,codex506,465.1401836872101,90548,94786,152,152,1,0.6774732209742069,23.38318107341299,4.208521708846092,1,
cache_aware,codex220:5:220004:432,codex220,466.0501673221588,39109,41168,266,266,1,0.32612593472003937,31.85214466362629,8.767234042286873,0,
cache_aware,codex421:5:421004:456,codex421,470.9497399330139,43485,45608,53,53,1,2.184322476387024,10.850875996626339,2.748661443591118,1,
cache_aware,codex382:2:382001:482,codex382,471.0264046192169,20518,21564,325,325,1,1.225541677325964,6.22711513467409,3.2431645058095455,1,
cache_aware,codex493:23:493022:158,codex493,471.6446940898895,73440,76183,258,258,1,0.5840366259217262,18.48821810189388,5.335603103041649,1,
cache_aware,codex422:14:422013:315,codex422,471.75973439216614,38808,40356,232,232,1,0.2752615958452225,33.208152190560384,7.946383748203516,1,
cache_aware,codex509:13:509012:410,codex509,472.2122085094452,51948,54457,90,90,1,2.0684303641319275,20.719983395230905,3.912851355969906,1,
cache_aware,codex152:13:152012:275,codex152,474.26299810409546,83065,86778,298,298,1,0.5226377211511135,16.571290402199686,5.44434691593051,1,
cache_aware,codex548:4:548003:480,codex548,475.47269678115845,37876,39850,341,341,1,0.9760698452591896,7.666042096474592,3.582580678164959,1,
cache_aware,codex508:1:508000:489,codex508,475.76422691345215,12977,13678,291,291,1,1.25643752515316,5.736254541010693,2.9201126471161842,1,
cache_aware,codex135:7:135006:397,codex135,477.2258815765381,53474,56055,1811,1811,1,0.9973012655973434,17.37007591564682,32.437244057655334,1,
cache_aware,codex166:6:166005:430,codex166,479.05139422416687,55769,58413,1706,1706,1,1.6382043808698654,8.565450807121143,16.24246645346284,1,
cache_aware,codex238:15:238014:143,codex238,479.4826936721802,125720,131578,184,184,1,3.6534819304943085,17.238141103683272,6.808099910616875,1,
cache_aware,codex493:24:493023:164,codex493,479.69580340385437,79971,83043,526,526,1,4.355742521584034,17.530535984606967,13.559319119900465,1,
cache_aware,codex294:8:294007:400,codex294,481.2383599281311,51588,54150,277,277,1,2.8855080269277096,20.636357421028443,8.581362385302782,1,
cache_aware,codex526:15:526014:247,codex526,481.4056701660156,54589,56899,589,589,1,2.726193878799677,16.39115847140348,12.36433582752943,1,
cache_aware,codex382:3:382002:497,codex382,481.6346809864044,27038,28405,250,250,1,1.4849382154643536,6.113391294776196,3.0073614940047264,1,
cache_aware,codex509:14:509013:421,codex509,482.0122399330139,53337,55922,312,312,1,1.1121932491660118,55.069056773779856,18.23870862275362,0,
cache_aware,codex220:6:220005:445,codex220,482.3706591129303,58632,61798,201,201,1,8.09619890153408,34.16154216974974,14.929088156670332,0,
cache_aware,codex152:14:152013:278,codex152,482.6745023727417,83541,87266,61,61,1,1.833565179258585,29.79903041074673,3.6215531267225742,1,
cache_aware,codex506:23:506022:360,codex506,482.99318647384644,91818,96132,311,311,1,1.5865593031048775,26.548122386297873,9.816699609160423,1,
cache_aware,codex508:2:508001:502,codex508,483.1116826534271,26068,27460,343,343,1,2.5407676957547665,11.74897513194391,6.5589599050581455,1,
cache_aware,codex548:5:548004:493,codex548,486.2856321334839,40750,42873,397,397,1,1.0173102505505085,8.630094174860101,4.434927325695753,1,
cache_aware,codex203:9:203008:406,codex203,487.5993707180023,58451,61119,244,244,1,0.3669787086546421,9.373631726935077,2.644816718995571,1,
cache_aware,codex422:15:422014:330,codex422,487.92391204833984,40595,42212,168,168,1,2.5470385514199734,33.88257677148202,8.20591001585126,0,
cache_aware,codex70:15:70014:106,codex70,489.6650331020355,79112,82480,199,199,1,0.5942724980413914,15.09515034279438,3.58315309882164,1,
cache_aware,codex152:15:152014:286,codex152,490.2384045124054,83694,87419,39,39,1,0.5758548453450203,30.660463104906835,1.7413041144609451,1,
cache_aware,codex308:1:308000:510,codex308,492.17871928215027,12525,13069,256,256,1,1.1893725506961346,7.520315708482967,3.1070926301181316,1,
cache_aware,codex548:6:548005:498,codex548,493.24386501312256,44992,47323,152,152,1,3.454483322799206,11.963623915089677,5.2611432410776615,1,
cache_aware,codex508:3:508002:508,codex508,494.3937532901764,36170,38088,43,43,1,2.9010719768702984,9.51800069638661,3.3009234219789505,1,
cache_aware,codex70:16:70015:113,codex70,494.7839267253876,79534,82915,70,70,1,1.0662017576396465,54.24315844109093,4.809018611907959,1,
cache_aware,codex65:18:65017:166,codex65,495.07955718040466,92090,96235,69,69,1,3.4610372334718704,25.197609766002966,5.17451848462224,1,
cache_aware,codex250:14:250013:216,codex250,495.28085827827454,60616,63171,318,318,1,0.8426892384886742,16.581324619543665,6.099002968519926,1,
cache_aware,codex238:16:238015:154,codex238,495.69518423080444,127108,133025,8188,8188,1,2.9614675119519234,27.840737725743537,230.89362831041217,0,
cache_aware,codex526:16:526015:253,codex526,496.48337864875793,55228,57540,201,201,1,0.3105060085654259,14.227859918028116,3.156172588467598,1,
cache_aware,codex493:25:493024:177,codex493,498.2559823989868,80601,83680,72,72,1,0.569545429199934,35.96510633196629,3.1231137439608574,1,
cache_aware,codex382:4:382003:514,codex382,498.3570191860199,27664,29047,112,112,1,0.3029046058654785,6.313547022170849,1.0038527324795723,1,
cache_aware,codex294:9:294008:417,codex294,499.587890625,54037,56703,867,867,1,1.8042003884911537,12.944269034899685,13.014179442077875,1,
cache_aware,codex152:16:152015:304,codex152,500.244913816452,83824,87555,38,38,1,1.1546665504574776,4.397117910352913,1.3175120651721954,1,
cache_aware,codex166:7:166006:438,codex166,500.46046113967896,58727,61434,3634,3634,1,0.982909981161356,8.501515966529135,31.869062181562185,1,
cache_aware,codex548:7:548006:503,codex548,500.6677861213684,52639,55388,4342,4342,1,3.5795843936502934,10.696898584602286,50.01787640154362,1,
cache_aware,codex508:4:508003:517,codex508,500.82459592819214,38100,40118,339,339,1,3.4682181738317013,10.578925219865946,7.04398600012064,1,
cache_aware,codex506:24:506023:373,codex506,501.1757881641388,95043,99533,220,220,1,2.679419983178377,26.381516072167656,8.45712922886014,1,
cache_aware,codex509:15:509014:425,codex509,501.36945271492004,59263,62152,107,107,1,2.6498826444149017,27.885793514971464,5.605867363512516,1,
cache_aware,codex382:5:382004:522,codex382,502.06341457366943,31387,32966,308,308,1,1.1475250869989395,6.47735589635877,3.1362140886485577,1,
cache_aware,codex70:17:70016:118,codex70,502.4513330459595,80505,83925,4198,4198,1,1.366585448384285,22.570179811305366,96.09390177205205,0,
cache_aware,codex152:17:152016:306,codex152,502.7444772720337,83952,87683,39,39,1,1.2561408467590809,30.534626621949048,2.4166033565998077,1,
cache_aware,codex308:2:308001:525,codex308,502.9900846481323,29265,30688,331,331,1,3.5622069612145424,6.6109639338471675,5.743973106145859,1,
cache_aware,codex493:26:493025:179,codex493,503.2017750740051,81005,84104,298,298,1,0.6747901253402233,22.275188028411034,7.290621001273394,1,
cache_aware,codex250:15:250014:222,codex250,506.09931564331055,66202,69002,71,71,1,2.6538310162723064,17.515628891331808,3.8800176940858364,1,
cache_aware,codex220:7:220006:469,codex220,508.1224343776703,59050,62224,35,35,1,0.46161384135484695,27.158873922684613,1.385108843445778,1,
cache_aware,codex308:3:308002:528,codex308,511.0029401779175,42981,45110,206,206,1,4.489333685487509,10.484135986828221,6.638672851026058,1,
cache_aware,codex65:19:65018:182,codex65,512.0393824577332,93839,98076,369,369,1,1.7367042191326618,23.18778715055922,10.270020078867674,1,
cache_aware,codex203:10:203009:448,codex203,513.3009974956512,58877,61555,280,280,1,2.195028904825449,9.931199613117402,4.965977393090725,1,
cache_aware,codex152:18:152017:319,codex152,513.5753331184387,84085,87817,69,69,1,0.752059031277895,11.54492565375917,1.5372217558324337,1,
cache_aware,codex294:10:294009:424,codex294,513.7613966464996,56005,58728,211,211,1,0.7931417562067509,8.11251774430275,2.49691428989172,1,
cache_aware,codex508:5:508004:526,codex508,513.9398381710052,48401,50899,248,248,1,3.57115039229393,11.35666671431499,6.3763397336006165,1,
cache_aware,codex135:8:135007:409,codex135,515.480851650238,58148,60904,1437,1437,1,1.5043756142258644,14.443711655261124,22.24568472802639,1,
cache_aware,codex250:16:250015:228,codex250,516.8187100887299,66362,69165,33,33,1,0.3854246065020561,7.642409298568964,0.6301246732473373,1,
cache_aware,codex152:19:152018:325,codex152,518.927020072937,84246,87983,86,86,1,0.5540581941604614,16.693057338981067,1.973006211221218,1,
cache_aware,codex203:11:203010:453,codex203,520.1195433139801,59710,62427,179,179,1,0.787447739392519,7.111097801100002,2.0533786080777645,1,
cache_aware,codex220:8:220007:491,codex220,520.8937289714813,59302,62490,41,41,1,0.6532995626330376,36.076532397419214,2.096585314720869,1,
cache_aware,codex526:17:526016:283,codex526,521.2183790206909,55563,57887,79,79,1,0.4117327071726322,7.847624329420237,1.0239789746701717,1,
cache_aware,codex509:16:509015:454,codex509,521.5395882129669,59944,62870,39,39,1,0.7246307246387005,31.72863412060236,1.930524118244648,1,
cache_aware,codex294:11:294010:436,codex294,522.8033726215363,60062,62980,691,691,1,2.258829202502966,13.983413587877715,11.907426536083221,1,
cache_aware,codex308:4:308003:538,codex308,523.7406837940216,52478,55125,412,412,1,4.2788665518164635,8.204461286102768,7.650941573083401,1,
cache_aware,codex508:6:508005:530,codex508,523.9089953899384,50868,53482,262,262,1,1.1434369795024395,11.685787546680348,4.1935167126357555,1,
cache_aware,codex526:18:526017:289,codex526,524.3021461963654,55982,58321,355,355,1,0.7866995446383953,12.877662597739764,5.345488127321005,1,
cache_aware,codex524:1:524000:552,codex524,525.0119004249573,12728,13343,276,276,1,1.2296815663576126,6.431002765893936,2.9982507042586803,1,
cache_aware,codex509:17:509016:458,codex509,525.878698348999,61650,64673,39,39,1,1.0967696867883205,27.842031105568534,2.1548584550619125,1,
cache_aware,codex152:20:152019:337,codex152,527.7924692630768,84364,88103,186,186,1,0.8146809302270412,27.844462865913236,5.965962328016758,1,
cache_aware,codex220:9:220008:500,codex220,528.0050797462463,59561,62761,186,186,1,0.5964786298573017,35.77649412122933,7.215791128575802,1,
cache_aware,codex250:17:250016:240,codex250,528.5872964859009,66486,69289,35,35,1,0.43948791548609734,15.768594053738257,0.9759420901536942,1,
cache_aware,codex382:6:382005:549,codex382,529.3923962116241,31706,33285,141,141,1,0.20938542112708092,11.316077916749887,1.7936794720590115,1,
cache_aware,codex506:25:506024:411,codex506,530.5403757095337,97659,102295,259,259,1,2.387462344020605,17.517529095905697,6.9072644002735615,1,
cache_aware,codex526:19:526018:294,codex526,530.7411978244781,59379,61928,68,68,1,1.8190918527543545,17.82247407445267,3.0132349245250225,1,
cache_aware,codex524:2:524001:558,codex524,530.7962040901184,14528,15204,295,295,1,0.7996344342827797,5.493848831677924,2.4149748533964157,1,
cache_aware,codex65:20:65019:193,codex65,531.1760473251343,94382,98624,278,278,1,1.1225245334208012,23.33097626532458,7.585304446518421,1,
cache_aware,codex250:18:250017:244,codex250,531.3856494426727,66611,69422,70,70,1,1.2325118407607079,16.46442992099817,2.3685941994190216,1,
cache_aware,codex509:18:509017:467,codex509,531.5864100456238,63532,66630,71,71,1,1.2395429760217667,36.28661456917013,3.7797291204333305,1,
cache_aware,codex382:7:382006:553,codex382,533.7500374317169,34492,36206,315,315,1,1.0625409930944443,72.67060251847195,23.881301183253527,0,
cache_aware,codex203:12:203011:474,codex203,534.0528039932251,60087,62818,58,58,1,0.7924586124718189,339.52448981111513,20.145574994385242,0,
cache_aware,codex308:5:308004:546,codex308,534.3809835910797,90183,94804,271,271,1,19.188384108245373,14.318981476955944,23.054635148495436,0,
cache_aware,codex524:3:524002:564,codex524,534.4678478240967,21738,22707,313,313,1,1.494356907904148,6.233755976725847,3.439430769532919,1,
cache_aware,codex250:19:250018:249,codex250,534.7023847103119,66771,69592,44,44,1,0.4369882829487324,7.94268676707911,0.7786652892827988,1,
cache_aware,codex526:20:526019:303,codex526,538.3180592060089,59684,62250,219,219,1,0.4429163858294487,8.380483408723402,2.270023074001074,1,
cache_aware,codex508:7:508006:544,codex508,538.6885035037994,55824,58664,214,214,1,2.1117577515542507,12.31546369446835,4.735072921961546,1,
cache_aware,codex524:4:524003:568,codex524,539.2081387042999,26271,27460,283,283,1,1.2815759479999542,5.6106942236846225,2.8639382869005203,1,
cache_aware,codex152:21:152020:344,codex152,540.4794163703918,91046,95114,54,54,1,4.575449075549841,54.695991974956584,7.47442939132452,1,
cache_aware,codex213:8:213007:413,codex213,541.0761404037476,34080,35329,247,247,1,3.971698209643364,18.588467811544735,8.544508595019579,0,
cache_aware,codex166:8:166007:455,codex166,541.3495059013367,62405,65115,591,591,1,0.5391219407320023,8.830903274780612,5.7493966072797775,1,
cache_aware,codex278:1:278000:577,codex278,541.4396049976349,12612,13270,242,242,1,1.2200116664171219,5.633841813599915,2.5778631679713726,1,
cache_aware,codex220:10:220009:507,codex220,541.6643307209015,59837,63045,37,37,1,0.6999265253543854,49.9273089485036,2.4975152760744095,1,
cache_aware,codex509:19:509018:483,codex509,541.8758127689362,64542,67690,82,82,1,1.1548215746879578,32.19127057143199,3.7625214345753193,1,
cache_aware,codex278:2:278001:582,codex278,544.5203804969788,38512,40484,521,521,1,6.165145378559828,16.35431763357841,14.669670149683952,0,
cache_aware,codex135:9:135008:423,codex135,544.7254929542542,64603,67603,58,58,1,2.8516577929258347,14.57906462121428,3.6827964521944523,1,
cache_aware,codex65:21:65020:204,codex65,545.034782409668,95152,99417,115,115,1,0.9541931226849556,23.390835020364374,3.6208390220999718,1,
cache_aware,codex524:5:524004:575,codex524,545.2440781593323,34614,36250,220,220,1,2.2215678431093693,7.292629479001102,3.818691436201334,1,
cache_aware,codex220:11:220010:511,codex220,546.7122986316681,59964,63175,50,50,1,0.6342160664498806,14.728173309442948,1.3561678044497967,1,
cache_aware,codex508:8:508007:550,codex508,546.8970243930817,56599,59479,292,292,1,0.8772480748593807,11.452637497604508,4.210108622908592,1,
cache_aware,codex294:12:294011:459,codex294,547.0912473201752,61037,63970,144,144,1,3.601942867040634,16.351391151026412,5.940234046429396,1,
cache_aware,codex152:22:152021:347,codex152,549.0548346042633,91213,95283,571,571,1,0.6895617991685867,13.49851481877921,8.384104900062084,1,
cache_aware,codex436:13:436012:320,codex436,549.1832685470581,42321,43877,506,506,1,0.44360554963350296,17.69700047403279,9.380635123699903,1,
cache_aware,codex135:10:135009:428,codex135,549.6154360771179,65110,68139,206,206,1,0.7186490222811699,13.37476719806834,3.46068999171257,1,
cache_aware,codex526:21:526020:318,codex526,550.3232264518738,59905,62471,588,588,1,0.40478818118572235,15.995517931561249,9.794194895774126,1,
cache_aware,codex220:12:220011:519,codex220,550.5810685157776,60046,63262,68,68,1,0.39118338003754616,30.745299950019636,2.451155863702297,1,
cache_aware,codex166:9:166008:463,codex166,551.7668509483337,63040,65754,173,173,1,0.37228886038064957,8.410320833845192,1.8190075531601906,1,
cache_aware,codex65:22:65021:211,codex65,553.0223088264465,95407,99686,6431,6431,1,0.7025424614548683,30.58164979491968,197.34258665144444,0,
cache_aware,codex508:9:508008:555,codex508,553.3164775371552,58366,61321,180,180,1,1.0366311967372894,8.09174453496267,2.485199213027954,1,
cache_aware,codex203:13:203012:477,codex203,554.6217067241669,60237,62971,38,38,1,0.5942219756543636,10.471457967887053,0.9818337075412273,1,
cache_aware,codex213:9:213008:426,codex213,554.9912917613983,35836,37148,418,418,1,0.876364141702652,18.137334472984435,8.439898300915956,1,
cache_aware,codex294:13:294012:465,codex294,555.2017233371735,64296,67349,414,414,1,1.760250598192215,11.830670014925788,6.64646303281188,1,
cache_aware,codex166:10:166009:472,codex166,556.8751571178436,65720,68575,131,131,1,1.8382478691637516,5.984240770339966,2.6163384206593037,1,
cache_aware,codex135:11:135010:437,codex135,557.9753522872925,65958,69017,232,232,1,3.7592903561890125,15.47084352025738,7.333096671849489,1,
cache_aware,codex152:23:152022:350,codex152,558.2905473709106,95430,99731,449,449,1,3.5207119658589363,12.958387877526027,9.326115485280752,1,
cache_aware,codex352:1:352000:600,codex352,558.3393440246582,12527,13195,220,220,1,1.781264290213585,14.234693236138723,4.898932371288538,1,
cache_aware,codex508:10:508009:559,codex508,558.5527284145355,61630,64725,179,179,1,2.5512821935117245,9.984671064976895,4.328647721558809,1,
cache_aware,codex524:6:524005:591,codex524,558.6994943618774,40375,42319,639,639,1,1.8150543943047523,7.270057075496378,6.453496467322111,1,
cache_aware,codex548:8:548007:516,codex548,560.1129870414734,57516,60299,4991,4991,1,0.9866672568023205,12.34781062958355,62.60228407755494,1,
cache_aware,codex166:11:166010:476,codex166,560.8926057815552,65895,68752,6042,6042,1,0.544916208833456,9.290994438355854,56.67195296660066,1,
cache_aware,codex220:13:220012:527,codex220,561.0870015621185,60225,63445,655,655,1,0.43135054409503937,12.092891795737298,8.34014679864049,1,
cache_aware,codex203:14:203013:494,codex203,563.6987144947052,60368,63114,35,35,1,0.40441763773560524,7.269789519555428,0.6517750062048435,1,
cache_aware,codex508:11:508010:565,codex508,565.0823030471802,65968,69281,2487,2487,1,2.5476003885269165,12.71944167279756,34.16822985187173,1,
cache_aware,codex352:2:352001:610,codex352,565.2794363498688,31522,33099,192,192,1,8.139018941670656,22.879235485461372,12.509110312908888,0,
cache_aware,codex73:9:73008:322,codex73,566.1061925888062,41482,43206,1052,1052,1,0.26423976197838783,45.434553725565195,48.01618234068155,0,
cache_aware,codex382:8:382007:569,codex382,566.9887387752533,35824,37601,343,343,1,0.6308137997984886,7.3418452660417,3.1419370137155056,1,
cache_aware,codex294:14:294013:481,codex294,567.6063327789307,67296,70514,1673,1673,1,5.82085245102644,14.909924511490257,30.750389851629734,1,
cache_aware,codex135:12:135011:443,codex135,568.1349544525146,66373,69438,5998,5998,1,1.453245121985674,11.46174808325858,70.18957496061921,1,
cache_aware,codex422:16:422015:442,codex422,568.2601406574249,40805,42422,143,143,1,1.313716359436512,4.726285088649937,1.985061876475811,1,
cache_aware,codex421:6:421005:595,codex421,568.4107971191406,44229,46400,484,484,1,1.171609777957201,10.728516802963016,6.35369985550642,1,
cache_aware,codex506:26:506025:466,codex506,569.0131301879883,98199,102846,240,240,1,1.222392339259386,15.01414142393168,4.810810390859842,1,
cache_aware,codex203:15:203014:501,codex203,569.2139320373535,60494,63251,75,75,1,0.7591715939342976,8.642386997470984,1.3987998254597187,1,
cache_aware,codex526:22:526021:333,codex526,569.4192898273468,67103,69970,754,754,1,4.065815847367048,19.319657290757576,18.613559056073427,1,
cache_aware,codex524:7:524006:599,codex524,569.5682642459869,44704,46851,259,259,1,1.4743093103170395,7.447969688232555,3.3961709402501583,1,
cache_aware,codex278:3:278002:605,codex278,570.8974063396454,53579,56257,295,295,1,10.105228550732136,56.44951413581972,26.701671987771988,0,
cache_aware,codex119:15:119014:357,codex119,571.6261994838715,91494,95751,97,97,1,9.476676031947136,34.27406493574381,12.767193984240294,0,
cache_aware,codex382:9:382008:578,codex382,573.8196573257446,38192,40077,1210,1210,1,0.8235413506627083,8.545476906278886,11.155061323195696,1,
cache_aware,codex109:1:109000:636,codex109,574.2055811882019,12563,13194,249,249,1,2.9538903050124645,9.273951077052661,5.2539244666695595,1,
cache_aware,codex524:8:524007:606,codex524,575.0312037467957,49762,52153,608,608,1,2.1598475202918053,8.403204307819315,7.2607426308095455,1,
cache_aware,codex506:27:506026:470,codex506,575.5824415683746,98718,103385,70,70,1,2.069756705313921,17.17721606078355,3.2551448456943035,1,
cache_aware,codex213:10:213009:451,codex213,576.1866347789764,40253,41796,214,214,1,1.4907752238214016,13.628008220117415,4.393637556582689,1,
cache_aware,codex493:27:493026:264,codex493,578.6692450046539,81696,84802,79,79,1,0.8107200227677822,17.927112583166515,2.2091903276741505,1,
cache_aware,codex422:17:422016:457,codex422,578.7940123081207,40991,42609,373,373,1,2.3447977490723133,52.67500031178677,21.940050523728132,0,
cache_aware,codex203:16:203015:512,codex203,580.5054035186768,60661,63422,315,315,1,0.3857278376817703,11.474934626062204,3.989020451903343,1,
cache_aware,codex509:20:509019:529,codex509,581.8310000896454,64778,67928,1442,1442,1,0.4991447478532791,54.65727617174367,79.26082326099277,0,
cache_aware,codex352:3:352002:631,codex352,583.8168392181396,36016,37865,656,656,1,1.3685963861644268,13.091290042600559,9.943428974598646,1,
cache_aware,codex220:14:220013:547,codex220,584.968504190445,68135,71706,88,88,1,4.29068049043417,81.54395162716679,11.38516402989626,0,
cache_aware,codex119:16:119015:364,codex119,588.0233976840973,92322,96618,86,86,1,1.2842563912272453,82.43451469084796,8.291463144123554,1,
cache_aware,codex524:9:524008:620,codex524,588.786212682724,55398,58034,243,243,1,2.199476696550846,8.101438934152776,4.160187311470509,1,
cache_aware,codex436:14:436013:361,codex436,590.5355200767517,52712,54762,1002,1002,1,4.088060963898897,51.426856548755204,55.56660785898566,0,
cache_aware,codex88:1:88000:663,codex88,590.6125111579895,13989,14659,340,340,1,1.3944757916033268,12.76814006818431,5.722969405353069,1,
cache_aware,codex308:6:308005:607,codex308,592.4365341663361,92130,96833,283,283,1,1.603884782642126,11.206325539883146,4.764162011444569,1,
cache_aware,codex493:28:493027:279,codex493,593.7533712387085,81853,84962,91,91,1,0.8762735426425934,15.297367382380697,2.2531301453709602,1,
cache_aware,codex250:20:250019:338,codex250,593.964236497879,66907,69731,50,50,1,0.6716392301023006,17.948351648389075,1.5512011162936687,1,
cache_aware,codex524:10:524009:628,codex524,594.4346985816956,56488,59163,46,46,1,0.8504824116826057,7.418410645590888,1.184591993689537,1,
cache_aware,codex213:11:213010:479,codex213,594.5625495910645,41616,43214,1067,1067,1,0.6869536004960537,12.160166591321996,13.649804055690765,1,
cache_aware,codex109:2:109001:666,codex109,594.6128680706024,14407,15110,302,302,1,0.5705989226698875,36.49806081506105,11.556557726114988,0,
cache_aware,codex524:11:524010:633,codex524,596.7711489200592,56746,59431,1888,1888,1,0.4405340850353241,8.339439140199415,16.17719953134656,1,
cache_aware,codex119:17:119016:369,codex119,597.9159300327301,93677,98035,8668,8668,1,1.393300510942936,37.099512521526975,322.93498154357076,0,
cache_aware,codex88:2:88001:670,codex88,598.9926719665527,27097,28486,305,305,1,2.7857336066663265,7.8585528842124495,5.174883183091879,1,
cache_aware,codex70:18:70017:123,codex70,600.3776850700378,84742,88162,449,449,1,0.7676818929612637,39.212394040077925,18.33509960398078,0,
cache_aware,codex493:29:493028:290,codex493,600.6055216789246,82036,85153,77,77,1,1.2235639058053493,11.114104601897692,2.0683285407721996,1,
cache_aware,codex220:15:220014:556,codex220,602.2581923007965,69349,72981,268,268,1,4.485549703240395,53.90495486027293,18.87890526652336,0,
cache_aware,codex278:4:278003:619,codex278,602.4792551994324,65725,68993,467,467,1,6.216226853430271,49.33885071634479,29.208339549601078,0,
cache_aware,codex508:12:508011:572,codex508,603.1562941074371,69188,72544,959,959,1,0.8436306118965149,12.878287369715894,13.181122593581676,1,
cache_aware,codex250:21:250020:349,codex250,604.6786668300629,67049,69886,159,159,1,0.42510155960917473,29.27341830881336,5.0505103170871735,1,
cache_aware,codex493:30:493029:296,codex493,604.9859538078308,84992,88200,35,35,1,2.0663455426692963,11.980376589824171,2.4737757109105587,1,
cache_aware,codex308:7:308006:625,codex308,605.8794870376587,95028,99865,2593,2593,1,2.6326829567551613,13.936464416070116,38.75609743222594,1,
cache_aware,codex382:10:382009:613,codex382,606.0474889278412,39825,41732,362,362,1,0.570558924227953,17.810707401040517,7.000433765351772,1,
cache_aware,codex422:18:422017:468,codex422,606.1631247997284,41408,43027,615,615,1,2.535650320351124,52.596497576962854,34.830004163086414,0,
cache_aware,codex511:1:511000:690,codex511,607.0380330085754,12443,13052,295,295,1,1.2812017239630222,36.7611343180444,12.089131936430931,0,
cache_aware,codex88:3:88002:683,codex88,608.0286138057709,32712,34385,202,202,1,1.5818653665482998,7.565290032334588,3.1025275252759457,1,
cache_aware,codex213:12:213011:485,codex213,609.5987374782562,42800,44399,250,250,1,0.3038157969713211,12.225019135867736,3.347946997731924,1,
cache_aware,codex109:3:109002:673,codex109,609.8010160923004,15750,16498,299,299,1,0.4818863943219185,33.703122125476,10.525456596165895,0,
cache_aware,codex493:31:493030:305,codex493,611.1232738494873,99512,103468,65,65,1,12.026701536029577,81.42225770279765,17.23776736855507,0,
cache_aware,codex250:22:250021:355,codex250,612.3362686634064,67404,70249,79,79,1,10.819180574268103,69.66543589264919,16.253122985363007,0,
cache_aware,codex88:4:88003:689,codex88,613.4649682044983,45317,47697,315,315,1,12.75584964454174,16.67400262063476,17.991694264113903,0,
cache_aware,codex382:11:382010:617,codex382,614.2698092460632,42725,44771,2450,2450,1,1.0785834342241287,13.001666198571685,32.919804744422436,1,
cache_aware,codex213:13:213012:490,codex213,616.9777834415436,44644,46333,356,356,1,0.8048496171832085,12.367669094196508,5.1954684890806675,1,
cache_aware,codex73:10:73009:327,codex73,617.7570719718933,42653,44385,111,111,1,0.37224986776709557,48.107189583507456,5.664081055670977,1,
cache_aware,codex524:12:524011:645,codex524,620.0897305011749,63140,66033,79,79,1,2.6360038593411446,8.900800290016027,3.3303028903901577,1,
cache_aware,codex508:13:508012:581,codex508,620.3201501369476,71760,75206,66,66,1,1.2734117098152637,12.450226854819517,2.082774668931961,1,
cache_aware,codex511:2:511001:699,codex511,621.1123883724213,18223,19143,371,371,1,1.0023207664489746,30.18562786683843,12.171212498098612,0,
cache_aware,codex203:17:203016:562,codex203,621.8802268505096,61353,64138,48,48,1,0.5612067393958569,20.82503285813839,1.5400186590850353,1,
cache_aware,codex220:16:220015:560,codex220,622.7095837593079,70145,73801,2352,2352,1,1.1721265390515327,50.25931252051748,119.33203761279583,0,
cache_aware,codex294:15:294014:518,codex294,623.4127058982849,72277,75639,899,899,1,2.8168159648776054,41.747284364494554,40.306661784648895,0,
cache_aware,codex213:14:213013:495,codex213,623.5761029720306,46635,48396,2138,2138,1,1.1425590924918652,11.056632119037863,24.770724967122078,1,
cache_aware,codex603:1:603000:718,codex603,623.6255099773407,12414,13081,297,297,1,1.723231002688408,4.737454252569257,3.1256597489118576,1,
cache_aware,codex508:14:508013:586,codex508,623.8671450614929,71950,75395,38,38,1,0.4578777328133583,7.7984626027377875,0.7465663254261017,1,
cache_aware,codex70:19:70018:131,codex70,625.1253921985626,85230,88651,1403,1403,1,0.6867736019194126,38.568003610648034,54.75915826484561,0,
cache_aware,codex524:13:524012:652,codex524,625.3438403606415,64042,66980,4489,4489,1,0.8813233263790607,8.83105341776701,40.51523180678487,1,
cache_aware,codex508:15:508014:589,codex508,626.191873550415,72683,76148,298,298,1,0.8537823706865311,10.503396467126981,3.9735174253582954,1,
cache_aware,codex73:11:73010:336,codex73,628.3572399616241,45008,46855,1004,1004,1,1.108154684305191,52.73016655477784,53.99680406600237,0,
cache_aware,codex203:18:203017:570,codex203,628.5822341442108,61512,64302,46,46,1,0.4601253718137741,17.250219649738735,1.2366667836904526,1,
cache_aware,codex548:9:548008:524,codex548,628.8141348361969,62591,65380,315,315,1,0.42973074316978455,9.518018063561172,3.4185831882059574,1,
cache_aware,codex508:16:508015:593,codex508,632.7623283863068,72989,76454,8114,8114,1,0.38976843655109406,10.864257035575164,88.53169732168317,1,
cache_aware,codex278:5:278004:629,codex278,633.1068754196167,70845,74375,321,321,1,2.6865233778953552,48.246446647681296,18.125489220023155,0,
cache_aware,codex88:5:88004:697,codex88,634.4712383747101,79671,83846,1243,1243,1,22.408789325505495,15.23963742606018,41.3364546969533,0,
cache_aware,codex250:23:250022:362,codex250,634.751543045044,81171,84711,43,43,1,24.88651754334569,35.95288097858429,26.396831177175045,0,
cache_aware,codex511:3:511002:704,codex511,634.8437595367432,25922,27252,463,463,1,1.6323370039463043,40.10811966573779,20.162669897079468,0,
cache_aware,codex166:12:166011:509,codex166,639.4229762554169,71982,74845,354,354,1,0.7294096238911152,23.008354335347924,8.851522479206324,1,
cache_aware,codex493:32:493031:324,codex493,639.7427396774292,102459,106543,35,35,1,19.908012181520462,36.93769521573011,21.164103485643864,0,
cache_aware,codex135:13:135012:450,codex135,640.8050289154053,72405,75470,339,339,1,0.42708899825811386,12.667759745960405,4.709129277616739,1,
cache_aware,codex603:2:603001:750,codex603,641.6350803375244,28511,29988,356,356,1,3.0599767453968525,15.442554799603744,8.542125765234232,1,
cache_aware,codex109:4:109003:715,codex109,643.9528357982635,20246,21202,281,281,1,0.9405185878276825,40.5630513759596,12.298215262591839,0,
cache_aware,codex421:7:421006:719,codex421,645.2017538547516,48438,50807,313,313,1,1.574532676488161,11.349489888510643,5.115779135376215,1,
cache_aware,codex548:10:548009:540,codex548,645.795979976654,63111,65909,65,65,1,0.4661760665476322,12.900613073725253,1.2920413129031658,1,
cache_aware,codex422:19:422018:484,codex422,647.4707791805267,42067,43686,613,613,1,0.39484941214323044,51.86829881535636,32.13870220258832,0,
cache_aware,codex308:8:308007:638,codex308,648.9716968536377,97628,102465,1726,1726,1,0.5457835718989372,16.033505898886833,28.203629698604345,1,
cache_aware,codex548:11:548010:545,codex548,649.8098540306091,65341,68223,555,555,1,1.7673167660832405,13.590838652547948,9.296846847981215,1,
cache_aware,codex382:12:382011:624,codex382,649.9657235145569,45282,47331,9830,9830,1,0.5693546012043953,14.125584908681018,139.40976731479168,1,
cache_aware,codex203:19:203018:601,codex203,650.1713795661926,61670,64467,285,285,1,0.5868792124092579,18.332192884154722,5.793372966349125,1,
cache_aware,codex603:3:603002:756,codex603,651.1142497062683,38955,40985,276,276,1,3.1280689164996147,6.545087004249746,4.928087189793587,1,
cache_aware,codex135:14:135013:462,codex135,652.8794338703156,75568,78801,1405,1405,1,1.876266933977604,10.523156443361374,16.65094381943345,1,
cache_aware,codex436:15:436014:377,codex436,653.9345364570618,53782,55840,292,292,1,0.4523877613246441,56.9398551795286,17.02203568816185,0,
cache_aware,codex278:6:278005:637,codex278,654.2283709049225,73878,77597,605,605,1,1.8568981885910034,49.38261091881833,31.684087969362736,0,
cache_aware,codex64:1:64000:773,codex64,656.2488384246826,14528,15360,256,256,1,1.5677606761455536,13.858824310933842,5.101856555789709,1,
cache_aware,codex511:4:511003:709,codex511,657.1177654266357,28113,29536,284,284,1,0.7015172764658928,36.75228371794991,11.102625828236341,0,
cache_aware,codex166:13:166012:523,codex166,657.8077690601349,72431,75303,285,285,1,0.8347961492836475,12.398646593513623,4.356049206107855,1,
cache_aware,codex506:28:506027:585,codex506,658.3673083782196,99325,104025,181,181,1,1.2016454450786114,15.478785936203268,3.987865272909403,1,
cache_aware,codex421:8:421007:734,codex421,658.5477728843689,50498,52973,42,42,1,1.1467863284051418,13.420336766213905,1.6973142474889755,1,
cache_aware,codex250:24:250023:367,codex250,662.1545362472534,81306,84848,125,125,1,0.7391221560537815,18.33184658279342,3.012484934180975,1,
cache_aware,codex421:9:421008:740,codex421,662.348137140274,51461,53984,868,868,1,1.0566350407898426,11.18312019429405,10.752437338232994,1,
cache_aware,codex109:5:109004:728,codex109,662.4410219192505,22654,23710,312,312,1,0.8449242189526558,35.4124637158929,11.858685854822397,0,
cache_aware,codex509:21:509020:532,codex509,662.659252166748,67612,70820,1572,1572,1,1.2248081229627132,49.14870415710477,78.43746156617999,0,
cache_aware,codex166:14:166013:531,codex166,668.5634932518005,76190,79214,2050,2050,1,2.418751511722803,15.904407700993714,35.00697772204876,1,
cache_aware,codex250:25:250024:372,codex250,668.8335094451904,81521,85069,179,179,1,0.5566920265555382,14.9791015500433,3.223272852599621,1,
cache_aware,codex511:5:511004:714,codex511,670.0274448394775,30034,31547,749,749,1,0.6632618978619576,40.04554107366877,30.61747618019581,0,
cache_aware,codex287:1:287000:803,codex287,672.6523008346558,12815,13449,291,291,1,1.529707308858633,10.334228197562283,4.526670467108488,1,
cache_aware,codex135:15:135014:471,codex135,673.0943460464478,77052,80289,2895,2895,1,1.0969325676560402,10.098465371416122,30.322041381150484,1,
cache_aware,codex436:16:436015:384,codex436,673.6583907604218,56611,58804,161,161,1,1.3751015663146973,47.659555287100375,9.000724084675312,0,
cache_aware,codex421:10:421009:745,codex421,673.8895153999329,52579,55110,776,776,1,0.7278038375079632,16.770986856952792,13.725522987544537,1,
cache_aware,codex203:20:203019:639,codex203,674.1709220409393,66135,69117,46,46,1,2.3084797374904156,15.684501412842007,3.014326073229313,1,
cache_aware,codex603:4:603003:793,codex603,674.8868021965027,44068,46369,418,418,1,1.853787887841463,16.396335882248636,8.691152207553387,1,
cache_aware,codex493:33:493032:343,codex493,675.79944896698,117013,121852,91,91,1,11.371970184147358,21.062045792738594,13.267593618482351,0,
cache_aware,codex524:14:524013:668,codex524,676.0482976436615,68568,71506,310,310,1,0.43655266985297203,8.89441374580837,3.185428898781538,1,
cache_aware,codex250:26:250025:380,codex250,676.4431767463684,81731,85279,133,133,1,10.740957967936993,18.75965336732792,13.217268753796816,0,
cache_aware,codex294:16:294015:533,codex294,677.1703283786774,73412,76784,6415,6415,1,10.00832001119852,25.082659400885706,170.88871429115534,0,
cache_aware,codex548:12:548011:574,codex548,677.5595421791077,71404,74549,1115,1115,1,3.0074105635285378,14.11054591369051,18.726772770285606,1,
cache_aware,codex287:2:287001:811,codex287,678.2807319164276,19704,20669,325,325,1,1.1513346247375011,10.748582857626456,4.633967384696007,1,
cache_aware,codex109:6:109005:737,codex109,678.3833150863647,26658,27917,112,112,1,1.0284616276621819,38.88832499180828,5.345467165112495,0,
cache_aware,codex70:20:70019:134,codex70,681.0556213855743,86672,90096,261,261,1,0.890493281185627,38.95324159127015,11.018379375338554,1,
cache_aware,codex308:9:308008:644,codex308,681.4090509414673,99773,104624,264,264,1,0.9334253743290901,14.26088900620493,4.684135913848877,1,
cache_aware,codex109:7:109006:749,codex109,688.5971364974976,26780,28039,713,713,1,0.2554820664227009,31.708925638054865,22.832444690167904,0,
cache_aware,codex343:1:343000:838,codex343,689.0639238357544,13165,13864,247,247,1,1.6963514871895313,4.191355386037167,2.727571226656437,1,
cache_aware,codex88:6:88005:729,codex88,689.4719336032867,80916,85091,177,177,1,0.6244290582835674,25.726313850927085,5.152305353432894,1,
cache_aware,codex436:17:436016:396,codex436,689.653920173645,56783,58977,530,530,1,0.35720599815249443,55.83327123455154,29.893224887549877,0,
cache_aware,codex422:20:422019:499,codex422,690.3335993289948,42726,44348,292,292,1,0.9095354415476322,50.27489763559755,15.53962554782629,0,
cache_aware,codex73:12:73011:345,codex73,690.479297876358,46063,47911,323,323,1,0.7698111087083817,51.44513643676449,17.335191875696182,0,
cache_aware,codex250:27:250026:387,codex250,690.7545943260193,82057,85611,269,269,1,0.6145738139748573,20.28201813740072,6.050252813845873,1,
cache_aware,codex603:5:603004:807,codex603,691.1945924758911,54294,57110,305,305,1,4.301348604261875,16.576084896529977,9.340522151440382,1,
cache_aware,codex343:2:343001:842,codex343,692.0703938007355,30144,31676,266,266,1,3.505761567503214,9.959488024689117,6.145062897354364,1,
cache_aware,codex421:11:421010:758,codex421,694.2607765197754,54003,56556,42,42,1,1.2759956009685993,23.455810619563593,2.237775791436434,1,
cache_aware,codex524:15:524014:696,codex524,694.6191337108612,68917,71855,180,180,1,0.9631465002894402,11.94337663870284,3.101049240678549,1,
cache_aware,codex278:7:278006:656,codex278,697.7062473297119,77076,80938,2701,2701,1,1.9192411415278912,38.91889889621073,107.00031033530831,0,
cache_aware,codex203:21:203020:678,codex203,698.2092385292053,66342,69330,153,153,1,0.8224808163940907,11.999728109099363,2.6465299874544144,1,
cache_aware,codex70:21:70020:142,codex70,698.5191521644592,88289,91779,47,47,1,1.3283374086022377,41.41263777147169,3.2333562932908535,1,
cache_aware,codex421:12:421011:762,codex421,699.4558157920837,54253,56817,314,314,1,0.4294416829943657,12.98471195057939,4.493804018944502,1,
cache_aware,codex88:7:88006:741,codex88,700.5281240940094,81558,85766,261,261,1,0.8109048008918762,30.359047078169308,8.70429527759552,1,
cache_aware,codex352:4:352003:821,codex352,701.5055451393127,37336,39211,1173,1173,1,0.7527562119066715,36.866024476650836,43.960115894675255,0,
cache_aware,codex524:16:524015:707,codex524,701.7439360618591,69134,72078,369,369,1,0.5203032121062279,8.683790888070412,3.715981598943472,1,
cache_aware,codex493:34:493033:365,codex493,702.2399950027466,120000,124986,33,33,1,2.951683834195137,32.57744014263153,3.994316726922989,1,
cache_aware,codex135:16:135015:475,codex135,704.9752469062805,80095,83344,147,147,1,0.7941262200474739,9.29172931570713,2.1508624143898487,1,
cache_aware,codex421:13:421012:766,codex421,705.1726970672607,54672,57245,200,200,1,0.3858361095190048,7.918209810951846,1.961661484092474,1,
cache_aware,codex171:1:171000:859,codex171,705.4582145214081,13509,14166,284,284,1,1.3442124836146832,6.942210343827629,3.3088986314833164,1,
cache_aware,codex603:6:603005:827,codex603,707.4357800483704,61563,64772,50,50,1,3.3789526224136353,12.839331842806875,4.008172687143087,1,
cache_aware,codex308:10:308009:685,codex308,707.8018703460693,100078,104930,4866,4866,1,1.5310462713241577,17.414034465050282,86.25036574527621,1,
cache_aware,codex166:15:166014:536,codex166,708.0449855327606,78306,81331,228,228,1,2.8253375329077244,10.053050363772766,5.107598405331373,1,
cache_aware,codex250:28:250027:404,codex250,708.32115483284,82444,86002,38,38,1,1.0661004707217216,19.4674518865508,1.7864381559193134,1,
cache_aware,codex213:15:213014:573,codex213,708.4838352203369,48827,50589,295,295,1,0.8393967673182487,15.309850146778587,5.3408573269844055,1,
cache_aware,codex70:22:70021:151,codex70,708.7601087093353,88630,92142,1407,1407,1,0.9979606084525585,26.777361107627158,38.64697473868728,0,
cache_aware,codex203:22:203021:692,codex203,709.0080151557922,66526,69514,39,39,1,0.7444052882492542,26.82134714957915,1.7639266289770603,1,
cache_aware,codex73:13:73012:348,codex73,709.227046251297,53663,55847,894,894,1,2.9935720041394234,43.738842811456315,42.0525124669075,0,
cache_aware,codex287:3:287002:857,codex287,709.3145620822906,24171,25376,370,370,1,0.9683231450617313,13.457449662895383,5.934159126132727,1,
cache_aware,codex524:17:524016:713,codex524,709.7383396625519,69541,72497,294,294,1,0.4132136106491089,8.89654463926273,3.0200488977134228,1,
cache_aware,codex135:17:135016:487,codex135,710.1013991832733,80280,83529,433,433,1,0.44219569489359856,12.512325835241764,5.847685422748327,1,
cache_aware,codex88:8:88007:752,codex88,713.7356362342834,82732,86974,843,843,1,1.521235205233097,54.048576111288085,47.030175380408764,0,
cache_aware,codex203:23:203022:703,codex203,714.7485840320587,66701,69694,140,140,1,0.8823226764798164,28.467519463395046,4.83960110321641,1,
cache_aware,codex493:35:493034:379,codex493,715.1464350223541,128358,133788,491,491,1,7.853577550500631,43.049480606402675,28.947993144392967,0,
cache_aware,codex109:8:109007:757,codex109,715.2434339523315,27564,28825,239,239,1,0.25487303733825684,36.49921801348193,8.941730815917253,0,
cache_aware,codex250:29:250028:415,codex250,716.5467259883881,82604,86169,46,46,1,6.460800774395466,45.45516884989208,8.50668302923441,0,
cache_aware,codex422:21:422020:513,codex422,717.0415511131287,46925,48761,205,205,1,1.6641344092786312,45.24937284854697,10.895353436470032,0,
cache_aware,codex171:2:171001:877,codex171,717.099657535553,16653,17439,436,436,1,0.650516040623188,26.128593729487783,12.016549494117498,0,
cache_aware,codex64:2:64001:874,codex64,717.2846846580505,22411,23612,321,321,1,1.4237904697656631,8.152534568216652,4.032693084329367,1,
cache_aware,codex213:16:213015:583,codex213,718.3511354923248,54188,56232,278,278,1,2.172336596995592,29.359641663111507,10.305167194455862,0,
cache_aware,codex524:18:524017:727,codex524,719.5367949008942,69872,72834,179,179,1,0.47791969031095505,13.132436870691482,2.81553815305233,1,
cache_aware,codex166:16:166015:548,codex166,719.9986503124237,78741,81777,308,308,1,0.5561334043741226,9.885549169118708,3.5910361893475056,1,
cache_aware,codex343:3:343002:880,codex343,721.2401204109192,32941,34630,384,384,1,1.1176881305873394,6.4381271425644355,3.5836559385061264,1,
cache_aware,codex291:1:291000:889,codex291,721.880820274353,12910,13540,287,287,1,1.2565603703260422,5.67841706992863,2.880732499063015,1,
cache_aware,codex135:18:135017:496,codex135,722.3427600860596,85978,89493,1651,1651,1,5.313922829926014,12.208402881568128,25.458213448524475,1,
cache_aware,codex287:4:287003:873,codex287,723.5831968784332,32735,34348,340,340,1,4.076929558068514,14.43685843969165,8.97111788392067,1,
cache_aware,codex603:7:603006:854,codex603,724.1762721538544,62313,65555,410,410,1,2.4357697628438473,9.83778587690484,6.459570411592722,1,
cache_aware,codex64:3:64002:887,codex64,724.3028676509857,29992,31521,310,310,1,2.301789067685604,10.279240321765826,5.478166792541742,1,
cache_aware,codex548:13:548012:621,codex548,724.5725269317627,74812,78073,1289,1289,1,1.5744033008813858,13.743143430361465,19.275780502706766,1,
cache_aware,codex109:9:109008:759,codex109,726.5817949771881,28086,29364,213,213,1,0.3118189834058285,26.25517823012932,5.878015100955963,1,
cache_aware,codex508:17:508016:602,codex508,727.3533532619476,81146,84613,1648,1648,1,0.776296179741621,12.850834444644745,21.941766321659088,1,
cache_aware,codex203:24:203023:716,codex203,727.6359462738037,69257,72379,308,308,1,1.622684333473444,29.134222442824214,10.567182704806328,1,
cache_aware,codex422:22:422021:521,codex422,729.4741876125336,47174,49012,305,305,1,0.3864145651459694,46.77217975748997,14.605200003832579,0,
cache_aware,codex291:2:291001:907,codex291,732.3104372024536,27990,29439,276,276,1,5.4862688370049,41.60930339585651,16.9295091368258,0,
cache_aware,codex64:4:64003:894,codex64,732.9670898914337,47664,50039,287,287,1,7.7753443494439125,30.275843711895543,16.434279896318913,0,
cache_aware,codex524:19:524018:751,codex524,734.1701128482819,70087,73053,244,244,1,0.39397650584578514,8.749698660501238,2.5203189738094807,1,
cache_aware,codex250:30:250029:435,codex250,735.3568153381348,82771,86342,43,43,1,0.6260829120874405,47.765848182496576,2.6326745972037315,1,
cache_aware,codex287:5:287004:885,codex287,735.6565675735474,37117,38965,187,187,1,1.4464880600571632,12.095954769881823,3.6965071745216846,1,
cache_aware,codex421:14:421013:825,codex421,737.0926420688629,55328,57920,175,175,1,3.654647618532181,13.444469856290981,5.994139149785042,1,
cache_aware,codex524:20:524019:753,codex524,737.6522705554962,70367,73336,59,59,1,0.5299079343676567,11.819579863342744,1.215481661260128,1,
cache_aware,codex511:6:511005:778,codex511,737.763014793396,32066,33649,278,278,1,1.2411824874579906,27.145393179319395,8.760497007519007,0,
cache_aware,codex129:1:129000:923,codex129,738.2724251747131,12797,13392,287,287,1,1.7313066460192204,24.433281077267406,8.719269309192896,0,
cache_aware,codex343:4:343003:910,codex343,738.5772349834442,35389,37184,1560,1560,1,1.0545627437531948,7.127959111548908,12.16709541529417,1,
cache_aware,codex250:31:250030:441,codex250,738.8591287136078,82933,86508,400,400,1,0.6013716906309128,53.39632658544639,21.90654383599758,0,
cache_aware,codex109:10:109009:771,codex109,739.3356645107269,29874,31251,2904,2904,1,0.6882148571312428,26.646401631782844,78.04314343258739,0,
cache_aware,codex203:25:203024:723,codex203,741.0857124328613,75662,79080,359,359,1,3.4744164273142815,20.57435662178687,10.840073108673096,1,
cache_aware,codex509:22:509021:534,codex509,742.6526720523834,70284,73540,54,54,1,1.1932125203311443,32.48615801896689,2.9153275080025196,1,
cache_aware,codex603:8:603007:868,codex603,742.8718702793121,63692,66992,57,57,1,0.8779896907508373,20.387611285384214,2.0197369381785393,1,
cache_aware,codex166:17:166016:580,codex166,744.8811254501343,85649,88965,59,59,1,4.3062433414161205,20.244373586671106,5.480457328259945,1,
cache_aware,codex421:15:421014:829,codex421,745.0907497406006,55599,58192,53,53,1,4.154577888548374,21.47672676409666,5.271402433514595,1,
cache_aware,codex238:17:238016:185,codex238,746.0885472297668,135331,141251,219,219,1,0.881964098662138,22.738122987911243,5.838918764144182,1,
cache_aware,codex213:17:213016:615,codex213,746.5170645713806,54883,56942,226,226,1,0.5029657445847988,14.870342993073994,3.848828412592411,1,
cache_aware,codex171:3:171002:919,codex171,748.3954138755798,22316,23387,308,308,1,1.9632754139602184,4.2073381791673965,3.25503209233284,1,
cache_aware,codex603:9:603008:878,codex603,749.6486058235168,64340,67663,939,939,1,3.226001352071762,12.171697820713526,14.643398597836494,1,
cache_aware,codex493:36:493035:393,codex493,750.0767574310303,136292,142105,1245,1245,1,7.838879596441984,32.99151138788826,48.88064445182681,0,
cache_aware,codex70:23:70022:155,codex70,750.3515779972076,90076,93592,193,193,1,0.9365363195538521,13.70894336529697,3.569080524146557,1,
cache_aware,codex220:17:220016:576,codex220,750.609739780426,72507,76162,2937,2937,1,0.6173146814107895,34.53723594612297,102.018683899194,0,
cache_aware,codex291:3:291002:918,codex291,750.7284207344055,35378,37202,168,168,1,2.1416284665465355,10.887372078831325,3.9598637223243713,1,
cache_aware,codex508:18:508017:608,codex508,751.2114317417145,82837,86303,1414,1414,1,0.4317183755338192,13.942763852634416,20.132994037121534,1,
cache_aware,codex509:23:509022:543,codex509,751.9200565814972,72036,75392,70,70,1,1.975604809820652,30.324441205332246,4.068140462040901,1,
cache_aware,codex287:6:287005:915,codex287,752.861766576767,38846,40762,1540,1540,1,1.0281713604927063,12.668485270935347,20.525175485759974,1,
cache_aware,codex238:18:238017:187,codex238,753.4770140647888,138283,144337,343,343,1,3.8609734140336514,19.65305003288545,10.58259542286396,1,
cache_aware,codex506:29:506028:742,codex506,753.8191802501678,99777,104494,238,238,1,0.8921372219920158,25.534736393373226,6.94390757009387,1,
cache_aware,codex129:2:129001:935,codex129,753.878167629242,16596,17400,323,323,1,3.3681518025696278,19.06652783292421,9.507930293679237,0,
cache_aware,codex135:19:135018:505,codex135,754.4565284252167,88031,91561,158,158,1,0.9012536853551865,27.100024471996697,5.156049553304911,1,
cache_aware,codex359:1:359000:955,codex359,754.686448097229,12687,13395,294,294,1,1.2490684613585472,11.493506463111057,4.616927143186331,1,
cache_aware,codex548:14:548013:647,codex548,755.3306636810303,80998,84513,569,569,1,3.1046173945069313,15.477672973516542,11.89597151428461,1,
cache_aware,codex524:21:524020:779,codex524,755.8079509735107,70958,73959,1182,1182,1,0.6484682150185108,11.08322856879961,13.737978413701057,1,
cache_aware,codex213:18:213017:626,codex213,756.1921629905701,55283,57351,79,79,1,0.41326260194182396,34.230344475079804,3.083523329347372,1,
cache_aware,codex352:5:352004:847,codex352,759.0901868343353,38519,40394,4955,4955,1,0.33678844198584557,20.645363694737405,102.61415121331811,0,
cache_aware,codex166:18:166017:597,codex166,760.7545120716095,87050,90431,1138,1138,1,3.2758577205240726,34.122493137706236,42.073509354144335,0,
cache_aware,codex64:5:64004:926,codex64,760.9510788917542,52653,55310,193,193,1,3.0134363658726215,14.21588701972117,5.743052892386913,1,
cache_aware,codex70:24:70023:170,codex70,761.3076708316803,90492,94032,243,243,1,0.6690992712974548,23.132072284448245,6.2672860361635685,1,
cache_aware,codex213:19:213018:635,codex213,762.4640421867371,55536,57613,133,133,1,0.7525785826146603,25.494136621780466,4.117952864617109,1,
cache_aware,codex506:30:506029:747,codex506,762.818630695343,100787,105535,75,75,1,1.252970401197672,25.876136949738942,3.1680126301944256,1,
cache_aware,codex129:3:129002:944,codex129,764.6581332683563,20053,21001,635,635,1,0.7604430578649044,23.064993439412643,15.383742045611143,0,
cache_aware,codex171:4:171003:949,codex171,764.7644579410553,25048,26226,227,227,1,0.7695261985063553,11.768204943004964,3.4291785024106503,1,
cache_aware,codex511:7:511006:816,codex511,765.010710477829,32352,33935,754,754,1,0.4278065860271454,22.2706757980593,17.19771934300661,1,
cache_aware,codex359:2:359001:973,codex359,765.5276184082031,21725,22846,294,294,1,1.9439295455813408,8.683141270086626,4.488251145929098,1,
cache_aware,codex88:9:88008:760,codex88,767.2161912918091,86247,90638,205,205,1,2.3919343538582325,38.019946411105934,10.148096214979887,1,
cache_aware,codex509:24:509023:563,codex509,767.4626431465149,73110,76514,195,195,1,0.9911774508655071,40.45175605443949,8.839388586580753,1,
cache_aware,codex238:19:238018:195,codex238,768.18270611763,138661,144719,477,477,1,0.779657319188118,25.929174252918788,13.121982902288437,1,
cache_aware,codex64:6:64005:931,codex64,770.35396027565,57251,60130,317,317,1,2.2009946405887604,19.845507673541956,8.472328949719667,1,
cache_aware,codex171:5:171004:956,codex171,770.4642887115479,28179,29553,273,273,1,0.8603101745247841,10.038622983676545,3.5910275280475616,1,
cache_aware,codex213:20:213019:648,codex213,773.2501587867737,55842,57927,82,82,1,0.390751700848341,11.285481813513202,1.3049131371080875,1,
cache_aware,codex65:23:65022:233,codex65,774.5477969646454,101876,106155,70,70,1,1.169360376894474,37.9445132246052,3.787687450647354,1,
cache_aware,codex359:3:359002:985,codex359,774.6640539169312,27185,28604,302,302,1,1.255805816501379,15.48922514895664,5.918245807290077,1,
cache_aware,codex506:31:506030:764,codex506,775.0455572605133,101398,106168,273,273,1,0.9489898383617401,10.776357067858472,3.880315162241459,1,
cache_aware,codex603:10:603009:900,codex603,775.3943700790405,68502,71983,3936,3936,1,2.2173862159252167,29.842296663998347,119.64692301303148,0,
cache_aware,codex70:25:70024:183,codex70,775.6987061500549,90774,94315,605,605,1,0.6115627251565456,39.98701464976894,24.763756349682808,0,
cache_aware,codex524:22:524021:796,codex524,776.2911152839661,72179,75182,312,312,1,0.5243914127349854,15.55774259078541,5.362886365503073,1,
cache_aware,codex343:5:343004:965,codex343,776.8037102222443,41392,43376,47,47,1,1.5913158096373081,15.904230592043502,2.3230050057172775,1,
cache_aware,codex509:25:509024:567,codex509,778.764023065567,75049,78547,3722,3722,1,1.4378991685807705,31.884666365085508,120.0809106901288,0,
cache_aware,codex88:10:88009:767,codex88,779.7182331085205,95292,100188,502,502,1,6.112273819744587,26.90906685864378,19.59375385940075,0,
cache_aware,codex171:6:171005:970,codex171,780.0317125320435,28825,30225,242,242,1,0.38697247207164764,7.211447766831307,2.125056978315115,1,
cache_aware,codex422:23:422022:566,codex422,780.4050166606903,47594,49438,169,169,1,1.2540038786828518,35.10451112829503,7.151867318898439,1,
cache_aware,codex548:15:548014:672,codex548,780.9977631568909,81612,85127,354,354,1,0.7968154810369015,12.729602752427542,5.290576051920652,1,
cache_aware,codex343:6:343005:972,codex343,781.1426134109497,41768,43769,350,350,1,0.9344282895326614,11.476622259292357,4.939859319478273,1,
cache_aware,codex213:21:213020:660,codex213,781.2965359687805,56099,58190,88,88,1,0.764643520116806,9.90211681045335,1.6261651441454887,1,
cache_aware,codex64:7:64006:938,codex64,781.6209232807159,91627,96331,1438,1438,1,20.812533635646105,32.98331882153938,68.20960326492786,0,
cache_aware,codex359:4:359003:987,codex359,782.4168531894684,30527,32110,486,486,1,0.9288910403847694,8.557240088883134,5.079192250967026,1,
cache_aware,codex238:20:238019:200,codex238,782.9117817878723,139172,145232,414,414,1,1.1045749001204967,54.235892591335,23.504036858677864,0,
cache_aware,codex508:19:508018:634,codex508,783.1713502407074,84295,87764,925,925,1,0.5287405028939247,13.867773966323504,13.342724222689867,1,
cache_aware,codex291:4:291003:981,codex291,784.2402584552765,42501,44683,244,244,1,18.22607608139515,22.040093953840035,23.58203848823905,0,
cache_aware,codex65:24:65023:242,codex65,784.7811965942383,105797,110278,15019,,0,,,,0,replay_cancelled
cache_aware,codex511:8:511007:824,codex511,784.8938858509064,33203,34793,43,43,1,0.32576076313853264,108.91916922160557,4.900651339441538,0,
cache_aware,codex287:7:287006:936,codex287,785.8089072704315,43388,45504,428,428,1,1.2597397975623608,7.508896858337612,4.466076567769051,1,
cache_aware,codex532:1:532000:1020,codex532,787.4936363697052,13104,13777,208,208,1,1.8896406255662441,16.5765520527167,5.321259055286646,1,
cache_aware,codex359:5:359004:993,codex359,788.2889819145203,32382,34030,512,512,1,1.0983792655169964,12.734916564186491,7.606011088937521,1,
cache_aware,codex548:16:548015:677,codex548,788.6241431236267,82318,85847,590,590,1,0.7914732061326504,13.952030688018265,9.009366910904646,1,
cache_aware,codex524:23:524022:812,codex524,789.3698415756226,72697,75721,117,117,1,0.5425646305084229,21.3679368447127,3.0214610137045383,1,
cache_aware,codex343:7:343006:984,codex343,790.2707343101501,44390,46484,2369,2369,1,1.1050366275012493,9.487913751571968,23.572517096996307,1,
cache_aware,codex382:13:382012:632,codex382,790.8609955310822,55151,57202,339,339,1,0.5184628292918205,11.01108266801171,4.240352217108011,1,
cache_aware,codex422:24:422023:571,codex422,791.1729238033295,47859,49706,35,35,1,0.6449445858597755,39.250770802883544,1.9797520227730274,1,
cache_aware,codex421:16:421015:895,codex421,791.3609251976013,56511,59168,105,105,1,11.151187885552645,27.758715745921318,14.038134347647429,0,
cache_aware,codex171:7:171006:989,codex171,792.5762512683868,34714,36432,250,250,1,1.9753208085894585,16.889698519165737,6.1810634434223175,1,
cache_aware,codex213:22:213021:679,codex213,792.7430503368378,56363,58465,348,348,1,2.29409621655941,13.826643387848774,7.091983377933502,1,
cache_aware,codex506:32:506031:791,codex506,794.0461881160736,102167,106980,76,76,1,1.1071823984384537,23.85756214459737,2.8967889063060284,1,
cache_aware,codex511:9:511008:833,codex511,794.4557909965515,33745,35357,1506,1506,1,0.540224589407444,34.46728925520796,52.413659788668156,0,
cache_aware,codex129:4:129003:983,codex129,796.24671459198,31592,33066,605,605,1,2.683006253093481,26.51623776490917,18.698852628469467,0,
cache_aware,codex73:14:73013:420,codex73,796.688244342804,54608,56797,97,97,1,0.38629336282610893,45.44918945369621,4.749571602791548,1,
cache_aware,codex250:32:250031:504,codex250,799.3042130470276,83503,87080,79,79,1,1.172321543097496,10.955997241231112,2.0269877202808857,1,
cache_aware,codex532:2:532001:1039,codex532,799.3588180541992,13776,14477,302,302,1,1.0996002592146397,6.493188960607662,3.0540894493460655,1,
cache_aware,codex548:17:548016:682,codex548,799.8299515247345,83329,86891,52,52,1,1.7501479387283325,16.361637296629887,2.5846283733844757,1,
cache_aware,codex508:20:508019:640,codex508,800.1044023036957,85264,88739,85,85,1,1.5502748303115368,11.83702889829874,2.544726375490427,1,
cache_aware,codex308:11:308010:694,codex308,800.451094865799,104991,109844,105,105,1,0.6471581719815731,12.645400774020414,1.962314311414957,1,
cache_aware,codex422:25:422024:587,codex422,801.0026659965515,47989,49836,39,39,1,0.40694235265254974,39.545604174858646,1.9100955538451672,1,
cache_aware,codex359:6:359005:1007,codex359,801.9016773700714,33778,35462,320,320,1,0.5239576250314713,10.193049393851181,3.7758179008960724,1,
cache_aware,codex250:33:250032:506,codex250,802.4057288169861,83863,87464,76,76,1,0.8523151688277721,16.346372266610466,2.0783862732350826,1,
cache_aware,codex287:8:287007:967,codex287,803.2449436187744,48888,51269,564,564,1,2.333435822278261,15.51608437569696,11.069026157259941,1,
cache_aware,codex508:21:508020:642,codex508,804.0029907226562,86137,89668,753,753,1,1.581927366554737,9.563178601773812,8.77347256988287,1,
cache_aware,codex389:1:389000:1058,codex389,804.057893037796,12928,13608,287,287,1,1.5099438726902008,12.000441954998704,4.942106623202562,1,
cache_aware,codex73:15:73014:431,codex73,804.7004778385162,54926,57121,393,393,1,1.1500238329172134,34.07821429855362,14.508775938302279,0,
cache_aware,codex308:12:308011:701,codex308,805.0444715023041,105143,109999,141,141,1,1.3859100826084614,15.4459949316723,3.5486336164176464,1,
cache_aware,codex506:33:506032:806,codex506,805.3805994987488,103258,108124,273,273,1,2.18811471760273,19.143303417984175,7.395130068063736,1,
cache_aware,codex382:14:382013:651,codex382,805.5613870620728,55529,57586,974,974,1,0.456373393535614,10.862850962170349,11.026031278073788,1,
cache_aware,codex171:8:171007:1008,codex171,806.0064842700958,37119,38953,175,175,1,1.5882972963154316,19.100996890458568,4.91225403174758,1,
cache_aware,codex421:17:421016:899,codex421,806.4083201885223,56872,59543,229,229,1,0.540802501142025,19.386192358899535,4.961146950721741,1,
cache_aware,codex359:7:359006:1014,codex359,808.1887867450714,35082,36835,2912,2912,1,0.5335761159658432,9.76952298329033,28.97287630289793,1,
cache_aware,codex422:26:422025:596,codex422,808.9956524372101,48124,49974,43,43,1,0.363599069416523,27.57258154451847,1.5220628827810287,1,
cache_aware,codex213:23:213022:695,codex213,809.9752559661865,56942,59055,109,109,1,0.4926468953490257,21.333956849519854,2.7967528253793716,1,
cache_aware,codex166:19:166018:616,codex166,812.0850176811218,88251,91635,200,200,1,1.7427160777151585,50.344477515274555,11.761513080447912,0,
cache_aware,codex421:18:421017:902,codex421,812.3002560138702,58092,60817,1596,1596,1,1.572419684380293,32.160533997332415,52.86850939318538,0,
cache_aware,codex238:21:238020:207,codex238,812.7612028121948,139621,145681,2173,2173,1,0.9361443109810352,43.48078948097444,95.37646057829261,0,
cache_aware,codex532:3:532002:1062,codex532,812.84801197052,18688,19607,289,289,1,0.8689861036837101,9.914802568447259,3.724655006080866,1,
cache_aware,codex506:34:506033:810,codex506,814.3032648563385,107236,112259,53,53,1,3.199932176619768,36.62245863905319,5.104475721716881,1,
cache_aware,codex508:22:508021:650,codex508,814.9356889724731,86929,90466,343,343,1,0.6525768376886845,10.284730685297509,4.1699949242174625,1,
cache_aware,codex171:9:171008:1021,codex171,815.0650589466095,37301,39135,318,318,1,2.47959890589118,23.505148416155897,9.931064750999212,0,
cache_aware,codex88:11:88010:802,codex88,815.4073536396027,96882,101827,1433,1433,1,1.2888318561017513,20.61048178158326,30.80331790447235,1,
cache_aware,codex287:9:287008:977,codex287,817.1739168167114,52146,54666,4272,4272,1,1.552133809775114,18.673473383400097,81.30662915483117,1,
cache_aware,codex532:4:532003:1067,codex532,817.2526593208313,21534,22612,263,263,1,0.7324814014136791,5.800963244365372,2.252445664256811,1,
cache_aware,codex291:5:291004:1001,codex291,817.9749932289124,49682,52211,428,428,1,2.9835438691079617,35.73560000198786,18.24279250204563,0,
cache_aware,codex422:27:422026:611,codex422,818.5137832164764,48263,50117,83,83,1,0.3884343020617962,24.98135983762218,2.4369556233286858,1,
cache_aware,codex389:2:389001:1079,codex389,818.8928027153015,17771,18679,423,423,1,0.9663163125514984,37.615290714948664,16.840012311935425,0,
cache_aware,codex343:8:343007:991,codex343,819.0997223854065,46761,48855,3538,3538,1,0.2555127702653408,11.153639705758462,39.70602831244469,1,
cache_aware,codex308:13:308012:722,codex308,820.4637417793274,105331,110194,622,622,1,1.9193894416093826,17.0459165605274,12.505205556750298,1,
cache_aware,codex362:1:362000:1086,codex362,820.523998260498,13228,13910,234,234,1,1.8308649361133575,17.326994003656083,5.868091579526663,1,
cache_aware,codex135:20:135019:590,codex135,820.9390072822571,88633,92189,128,128,1,1.4300702475011349,31.639608693873793,5.448336351662874,1,
cache_aware,codex213:24:213023:710,codex213,821.337877035141,57132,59251,105,105,1,1.0367193445563316,38.5815603300356,5.049238249659538,1,
cache_aware,codex506:35:506034:819,codex506,821.7071990966797,108751,113831,70,70,1,2.2136012986302376,29.309893863788552,4.236325930804014,1,
cache_aware,codex382:15:382014:657,codex382,821.8777267932892,56544,58602,310,310,1,0.8205149546265602,19.173972489475048,6.745329983532429,1,
cache_aware,codex278:8:278007:688,codex278,822.2146849632263,82682,86717,678,678,1,2.6264885030686855,39.58071182252209,29.42278391122818,0,
cache_aware,codex109:11:109010:783,codex109,822.3254654407501,32844,34223,188,188,1,0.29033587500452995,46.87051341575097,9.055168494582176,0,
cache_aware,codex129:5:129004:1002,codex129,824.5236086845398,38909,40731,142,142,1,2.405424665659666,43.48141834773916,8.536634378135204,0,
cache_aware,codex508:23:508022:658,codex508,824.8193037509918,87313,90850,1221,1221,1,0.5146496817469597,14.545944125437346,18.260737139731646,1,
cache_aware,codex532:5:532004:1081,codex532,825.6199729442596,23566,24695,61,61,1,0.9309864453971386,18.117657117545605,2.0181384682655334,1,
cache_aware,codex548:18:548017:725,codex548,826.3803679943085,83498,87064,944,944,1,0.7636236809194088,15.568934602234295,15.445222824811935,1,
cache_aware,codex422:28:422027:622,codex422,826.5421221256256,48440,50295,65,65,1,0.4193170964717865,40.491507796105,3.011014811694622,1,
cache_aware,codex135:21:135020:592,codex135,828.197845697403,89465,93047,567,567,1,4.897687673568726,26.187119939670545,19.71982891485095,0,
cache_aware,codex506:36:506035:826,codex506,828.6051049232483,109125,114222,266,266,1,8.215982750058174,26.34544660741428,15.197919357568026,0,
cache_aware,codex213:25:213024:717,codex213,828.854248046875,74415,77513,94,94,1,9.6875026114285,18.375804107035357,11.3966751024127,0,
cache_aware,codex532:6:532005:1084,codex532,829.9269287586212,26526,27804,287,287,1,0.8047229275107384,11.571056098787935,4.114182680845261,1,
cache_aware,codex250:34:250033:537,codex250,830.7003784179688,84066,87673,82,82,1,0.6930586099624634,23.128508233729704,2.5667359493672848,1,
cache_aware,codex382:16:382015:667,codex382,831.3756372928619,56895,58956,93,93,1,0.35564203560352325,15.879113470082698,1.8166847005486488,1,
cache_aware,codex109:12:109011:786,codex109,831.9002232551575,33255,34657,75,75,1,0.3746081665158272,30.3407429742652,2.6199154183268547,1,
cache_aware,codex362:2:362001:1098,codex362,834.3155536651611,32002,33610,319,319,1,4.9740694761276245,18.77887433383075,10.946026865392923,0,
cache_aware,codex129:6:129005:1010,codex129,835.7278864383698,40078,41966,155,155,1,0.8852943107485771,47.29709438012018,8.169197730720043,0,
cache_aware,codex250:35:250034:542,codex250,836.5971205234528,84259,87867,41,41,1,0.6913542561233044,31.03674128651619,1.9328756965696812,1,
cache_aware,codex272:1:272000:1104,codex272,836.7038214206696,13201,13914,213,213,1,2.880616247653961,18.68425703273629,6.841715056449175,0,
cache_aware,codex389:3:389002:1082,codex389,837.4049518108368,29078,30514,335,335,1,2.9870613254606724,31.54160400216808,13.522001948207617,0,
cache_aware,codex308:14:308013:731,codex308,837.7674469947815,106000,110865,586,586,1,1.827699612826109,16.380834222858788,11.410838335752487,1,
cache_aware,codex382:17:382016:676,codex382,837.9511637687683,57025,59091,95,95,1,1.6491660960018635,20.631830425972634,3.588780876249075,1,
cache_aware,codex166:20:166019:641,codex166,838.2461295127869,93198,96828,308,308,1,3.773699264973402,31.377217802143253,13.406603086739779,0,
cache_aware,codex524:24:524023:891,codex524,838.5207104682922,75088,78245,243,243,1,1.6033233180642128,21.109789902390528,6.711929481476545,1,
cache_aware,codex109:13:109012:801,codex109,839.9906871318817,33575,34987,119,119,1,0.4280009940266609,40.79147327249333,5.241432141512632,1,
cache_aware,codex359:8:359007:1031,codex359,840.9833228588104,38854,40661,298,298,1,0.573408555239439,17.093460592958664,5.650204591453075,1,
cache_aware,codex382:18:382017:681,codex382,843.0734012126923,57208,59278,201,201,1,0.4836702346801758,18.506899401545525,4.185146316885948,1,
cache_aware,codex250:36:250035:551,codex250,843.5392353534698,84442,88062,59,59,1,0.76629838347435,20.946626326647298,1.9812986738979816,1,
cache_aware,codex548:19:548018:730,codex548,844.2328476905823,86982,90697,799,799,1,2.422264114022255,22.10921571965803,20.06558820977807,1,
cache_aware,codex272:2:272001:1108,codex272,844.2944684028625,14780,15589,370,370,1,2.028003867715597,25.247751222797202,11.344464790076017,0,
cache_aware,codex532:7:532006:1100,codex532,844.937463760376,28168,29499,58,58,1,0.8061688430607319,17.529061227514035,1.8056064955890179,1,
cache_aware,codex508:24:508023:665,codex508,845.2242894172668,88582,92120,1150,1150,1,1.4247500337660313,18.803829341815593,23.030489526689053,1,
cache_aware,codex129:7:129006:1019,codex129,846.6303706169128,40235,42123,220,220,1,0.2696044333279133,24.737262290362356,5.687346842139959,1,
cache_aware,codex359:9:359008:1034,codex359,848.2142767906189,39664,41501,430,430,1,0.5035553835332394,10.805559385837098,5.139372408390045,1,
cache_aware,codex506:37:506036:837,codex506,848.6965191364288,110966,116163,357,357,1,2.2494677416980267,14.399804384186027,7.376011583954096,1,
cache_aware,codex294:17:294016:535,codex294,849.8229923248291,80003,83387,205,205,1,1.1143864952027798,23.688646435153252,5.947041288018227,1,
cache_aware,codex250:37:250036:557,codex250,850.5603227615356,84588,88212,39,39,1,0.9111212678253651,61.28712459222267,3.2403622418642044,1,
cache_aware,codex88:12:88011:808,codex88,850.9142854213715,100326,105384,141,141,1,2.2517745085060596,19.99858854604619,5.051671996712685,1,
cache_aware,codex308:15:308014:735,codex308,851.4216830730438,106633,111500,570,570,1,0.6459770612418652,11.537879541751998,7.2110706977546215,1,
cache_aware,codex511:10:511009:845,codex511,852.577436208725,35307,36924,131,131,1,0.2908580079674721,91.18033355245224,12.144343838095665,0,
cache_aware,codex40:1:40000:1128,codex40,853.1140875816345,12784,13459,218,218,1,1.340547252446413,80.15480079615172,18.73424707353115,0,
cache_aware,codex166:21:166020:653,codex166,855.1126532554626,93925,97569,317,317,1,3.533791333436966,21.232631399378747,10.243340477347374,1,
cache_aware,codex135:22:135021:603,codex135,855.4152283668518,90071,93653,39,39,1,0.7128771580755711,12.917764484882355,1.2040438503026962,1,
cache_aware,codex291:6:291005:1046,codex291,855.629068851471,56174,59001,195,195,1,3.025376930832863,22.84032578781708,7.456551559269428,1,
cache_aware,codex389:4:389003:1093,codex389,857.338534116745,48587,51066,379,379,1,7.04926311224699,54.06879870191453,27.487478118389845,0,
cache_aware,codex359:10:359009:1042,codex359,857.4697694778442,40512,42370,1571,1571,1,0.4203953258693218,9.942927814213332,16.03082909807563,1,
cache_aware,codex272:3:272002:1111,codex272,857.9774122238159,23057,24282,433,433,1,1.5597936399281025,15.884235027004724,8.421905416995287,1,
cache_aware,codex294:18:294017:539,codex294,858.626086473465,80392,83778,156,156,1,0.6966759227216244,26.80725724466385,4.851959262043238,1,
cache_aware,codex88:13:88012:818,codex88,859.3051834106445,102969,108119,7693,7693,1,2.351378098130226,16.603434529568123,130.06503236293793,1,
cache_aware,codex109:14:109013:830,codex109,859.9166524410248,34055,35481,35,35,1,4.475179556757212,87.75245431153213,7.458800870925188,0,
cache_aware,codex129:8:129007:1038,codex129,860.559894323349,41536,43481,1221,1221,1,3.8347460739314556,41.99522913845836,55.0691913664341,0,
cache_aware,codex532:8:532007:1119,codex532,860.8359367847443,28575,29928,43,43,1,0.32682328298687935,6.057021873337882,0.5813674777746201,1,
cache_aware,codex308:16:308015:744,codex308,862.3331971168518,107250,112117,2522,2522,1,0.6077531427145004,15.820681943880665,40.49190393462777,1,
cache_aware,codex70:26:70025:260,codex70,862.6472821235657,91646,95197,33,33,1,1.8339277654886246,90.42319608852267,4.727515798062086,1,
cache_aware,codex532:9:532008:1123,codex532,862.7546141147614,29016,30386,258,258,1,0.37333862856030464,13.868825575373053,3.937854278832674,1,
cache_aware,codex278:9:278008:712,codex278,865.1552450656891,83368,87403,1555,1555,1,0.6579941101372242,31.780273724285024,50.044579807668924,0,
cache_aware,codex343:9:343008:1006,codex343,865.3459439277649,50337,52433,1829,1829,1,0.37726926803588867,12.51108469787977,23.247570239007473,1,
cache_aware,codex511:11:511010:850,codex511,865.6170907020569,39802,41626,291,291,1,1.767250120639801,51.31674654267986,16.649256728589535,0,
cache_aware,codex421:19:421018:908,codex421,867.0587463378906,60469,63235,5345,5345,1,1.035332590341568,25.76590069879159,138.7285084836185,0,
cache_aware,codex135:23:135022:627,codex135,867.3631510734558,90401,94000,860,860,1,0.8220005631446838,31.297952040804418,27.707230038940907,0,
cache_aware,codex506:38:506037:855,codex506,868.8102691173553,115915,121337,354,354,1,4.705111011862755,38.05503805323633,18.13863267749548,0,
cache_aware,codex70:27:70026:265,codex70,869.106981754303,92990,96605,503,503,1,1.7142775543034077,40.98511971830134,22.289018880575895,0,
cache_aware,codex251:1:251000:1155,codex251,869.5195155143738,12610,13343,268,268,1,1.723622489720583,8.557748537831538,4.008750066161156,1,
cache_aware,codex524:25:524024:940,codex524,869.7690536975861,75677,78859,338,338,1,1.045673206448555,13.80556843931668,5.698428735136986,1,
cache_aware,codex532:10:532009:1130,codex532,870.2899746894836,29552,30937,263,263,1,0.518306277692318,22.739527064539097,6.476220745593309,1,
cache_aware,codex213:26:213025:770,codex213,870.5720899105072,74686,77788,323,323,1,3.789060976356268,37.06288673215031,15.723459847271442,0,
cache_aware,codex291:7:291006:1066,codex291,870.7641077041626,57667,60546,214,214,1,0.9665584675967693,17.252460297004717,4.641697738319635,1,
cache_aware,codex508:25:508024:669,codex508,871.2313189506531,89779,93323,2731,2731,1,0.5354019589722157,14.07926839813863,38.9718979857862,1,
cache_aware,codex362:3:362002:1139,codex362,871.4289443492889,39275,41295,263,263,1,2.1598422527313232,16.2949908297253,6.429283745586872,1,
cache_aware,codex171:10:171009:1103,codex171,873.0969884395599,40499,42471,169,169,1,1.2828214205801487,46.913682150521446,9.164417270570993,0,
cache_aware,codex294:19:294018:554,codex294,873.4917776584625,80740,84140,122,122,1,0.7245297692716122,23.766249295108576,3.600711341947317,1,
cache_aware,codex272:4:272003:1126,codex272,874.1959557533264,43053,45311,58,58,1,5.51079523563385,10.416025982091302,6.104719001799822,0,
cache_aware,codex220:18:220017:612,codex220,874.9188187122345,75488,79145,1041,1041,1,0.5829712375998497,36.44233989672592,38.48310123756528,0,
cache_aware,codex40:2:40001:1135,codex40,874.9813213348389,16307,17133,323,323,1,0.7370072603225708,16.28315989043772,5.980279166251421,1,
cache_aware,codex251:2:251001:1162,codex251,876.8771040439606,15652,16524,337,337,1,0.7615721672773361,11.67957489157007,4.6861332431435585,1,
cache_aware,codex109:15:109014:852,codex109,877.6271929740906,34378,35811,287,287,1,0.44437577575445175,39.76795379515295,11.818046815693378,0,
cache_aware,codex291:8:291007:1073,codex291,877.8475501537323,60848,63880,290,290,1,1.8637253493070602,16.53461029372826,6.642555445432663,1,
cache_aware,codex359:11:359010:1057,codex359,878.3517334461212,42314,44180,202,202,1,0.3257155790925026,13.014594565576582,2.941739983856678,1,
cache_aware,codex352:6:352005:871,codex352,878.6218934059143,43516,45395,1714,1714,1,0.3216898702085018,25.937151376938722,44.75223556160927,0,
cache_aware,codex362:4:362003:1147,codex362,879.6828966140747,43225,45451,409,409,1,1.457559384405613,15.550146646359387,7.802230857312679,1,
cache_aware,codex524:26:524025:958,codex524,882.1655023097992,76294,79497,117,117,1,0.8411787040531635,11.48803557815223,2.1740084290504456,1,
cache_aware,codex250:38:250037:604,codex250,882.6587324142456,84747,88380,281,281,1,0.5956541001796722,26.889652931796654,8.124859593808651,1,
cache_aware,codex272:5:272004:1137,codex272,882.9917209148407,43435,45704,252,252,1,0.4370999187231064,13.621375825538102,3.856158636510372,1,
cache_aware,codex532:11:532010:1144,codex532,883.2249226570129,29817,31202,144,144,1,0.23117412254214287,17.39742591247692,2.71904743462801,1,
cache_aware,codex158:1:158000:1171,codex158,885.9402778148651,12671,13320,276,276,1,1.2628428377211094,8.150033056735992,3.5041496716439724,1,
cache_aware,codex291:9:291008:1076,codex291,886.7437069416046,68830,72263,345,345,1,4.0847918801009655,25.18760441087706,12.749800886958838,0,
cache_aware,codex40:3:40002:1152,codex40,888.3152163028717,26025,27336,287,287,1,2.020438961684704,36.68323840450991,12.512031130492687,0,
cache_aware,codex171:11:171010:1112,codex171,888.5886218547821,42487,44558,54,54,1,0.8938068933784962,17.248615060212476,1.8081324063241482,1,
cache_aware,codex359:12:359011:1074,codex359,889.4404022693634,42901,44789,4453,4453,1,0.43510641902685165,15.311311732104043,68.6013670116663,1,
cache_aware,codex506:39:506038:862,codex506,891.2652325630188,116671,122109,254,254,1,1.132678147405386,18.238407835776627,5.747099194675684,1,
cache_aware,codex166:22:166021:698,codex166,891.8037631511688,94624,98281,848,848,1,0.8784039206802845,20.39278749873534,18.15113703906536,1,
cache_aware,codex250:39:250038:609,codex250,892.1871807575226,92830,96836,379,379,1,5.338375497609377,38.06339231906114,19.7266237847507,0,
cache_aware,codex362:5:362004:1154,codex362,892.3784725666046,51566,54255,282,282,1,3.1257996670901775,15.321493347662622,7.431384772062302,1,
cache_aware,codex389:5:389004:1107,codex389,892.6307873725891,52523,55156,1639,1639,1,1.7105198577046394,47.91901609490788,80.20233372971416,0,
cache_aware,codex158:2:158001:1180,codex158,894.095819234848,19968,20962,300,300,1,1.3154582865536213,11.912087184130947,4.877209782600403,1,
cache_aware,codex524:27:524026:982,codex524,894.8762938976288,79541,82881,608,608,1,2.092669937759638,17.393437344611577,12.65065661817789,1,
cache_aware,codex70:28:70027:272,codex70,896.1691265106201,93532,97150,211,211,1,0.5638433583080769,54.78926068615346,12.069735519587994,0,
cache_aware,codex171:12:171011:1125,codex171,896.9266533851624,42887,44971,1361,1361,1,0.4610861763358116,9.403862576822148,13.250375781208277,1,
cache_aware,codex511:12:511011:870,codex511,897.1933097839355,42464,44387,46,46,1,1.0968220680952072,52.07386298312081,3.4405542500317097,1,
cache_aware,codex343:10:343009:1032,codex343,897.9303183555603,52206,54304,139,139,1,0.33906834200024605,25.032120554343514,3.7935413494706154,1,
cache_aware,codex109:16:109015:861,codex109,898.9688303470612,34797,36241,34,34,1,0.42398691177368164,47.790438275445595,2.0012812204658985,1,
power_of_two,codex96:20:96019:174,codex96,300.46237206459045,50113,52500,321,321,1,0.5867964141070843,14.678788860328496,5.284099832177162,1,
power_of_two,codex65:14:65013:136,codex65,301.0381510257721,77201,80834,249,249,1,1.267794232815504,9.76282678123924,3.6890124194324017,1,
power_of_two,codex586:11:586010:203,codex586,301.75425839424133,45289,47614,1673,1673,1,0.7707715518772602,18.69510434808557,32.029076512902975,1,
power_of_two,codex526:6:526005:186,codex526,301.9734857082367,34853,36513,71,71,1,0.47952038794755936,6.561626227838652,0.9389350451529026,1,
power_of_two,codex526:7:526006:190,codex526,303.9392411708832,35612,37302,226,226,1,0.7928537204861641,12.734670970175001,3.6583195365965366,1,
power_of_two,codex250:9:250008:191,codex250,304.4143862724304,47752,50139,369,369,1,2.266927231103182,15.959069790804515,8.139957800507545,1,
power_of_two,codex506:12:506011:175,codex506,304.69871068000793,75992,79551,422,422,1,1.464590072631836,10.04621905944976,5.6940960846841335,1,
power_of_two,codex493:17:493016:84,codex493,306.5286991596222,68681,71414,459,459,1,1.3670766837894917,13.218847693118986,7.421346344053745,1,
power_of_two,codex436:4:436003:218,codex436,306.607764005661,22230,23251,364,364,1,1.300309643149376,13.97826907432769,6.374520346522331,1,
power_of_two,codex509:2:509001:231,codex509,306.673645734787,18693,19652,311,311,1,1.0193705037236214,11.676052056493297,4.638984005898237,1,
power_of_two,codex526:8:526007:194,codex526,309.6525709629059,35840,37530,3032,3032,1,0.7489582784473896,11.69323999986559,36.19131136313081,1,
power_of_two,codex65:15:65014:144,codex65,310.38669633865356,84048,88055,44,44,1,5.311175335198641,22.86516424528388,6.294470254331827,1,
power_of_two,codex119:8:119007:178,codex119,311.3076753616333,56666,59496,433,433,1,3.5474948696792126,23.149711838750925,13.548393338918686,0,
power_of_two,codex73:1:73000:234,codex73,311.7053964138031,12906,13617,213,213,1,4.544878404587507,6.666900431913025,5.9584084786474705,1,
power_of_two,codex250:10:250009:197,codex250,313.9459421634674,48390,50787,114,114,1,0.947054173797369,35.24851073733473,4.930416040122509,1,
power_of_two,codex152:7:152006:209,codex152,316.1282844543457,65213,68383,837,837,1,3.616990454494953,12.055627582817557,13.69574786350131,1,
power_of_two,codex250:11:250010:201,codex250,319.65726685523987,50327,52798,2827,2827,1,1.0435443967580795,9.45168928429748,27.75415864214301,1,
power_of_two,codex436:5:436004:226,codex436,321.61683893203735,28247,29508,317,317,1,1.6323706395924091,13.569343304615233,5.9203207939863205,1,
power_of_two,codex506:13:506012:188,codex506,322.0134115219116,81212,85028,409,409,1,3.408604361116886,9.589045080264993,7.321077052503824,1,
power_of_two,codex65:16:65015:153,codex65,323.2384340763092,84420,88447,343,343,1,1.0213179886341095,13.460770608824594,5.625160086899996,1,
power_of_two,codex73:2:73001:248,codex73,324.21585512161255,19970,21047,263,263,1,1.300049800425768,10.564984583103929,4.068112667649984,1,
power_of_two,codex119:9:119008:181,codex119,326.20355677604675,58810,61730,401,401,1,1.5592709593474865,8.28888670541346,4.874958548694849,1,
power_of_two,codex493:18:493017:97,codex493,327.52924704551697,69184,71917,264,264,1,0.8155073747038841,27.92857491018201,8.160842884331942,1,
power_of_two,codex238:12:238011:110,codex238,328.27652168273926,106587,111760,1567,1567,1,2.535138577222824,15.096542483735664,26.17638885229826,1,
power_of_two,codex135:1:135000:259,codex135,328.3347520828247,12832,13483,293,293,1,1.2786302007734776,10.06206377626282,4.2167897410690784,1,
power_of_two,codex73:3:73002:256,codex73,330.9852123260498,24663,25947,442,442,1,0.9936147853732109,6.593822554395853,3.9015255831182003,1,
power_of_two,codex65:17:65016:161,codex65,332.54288816452026,85321,89373,5147,5147,1,1.1440721713006496,21.648237446965155,112.54604835063219,0,
power_of_two,codex509:3:509002:262,codex509,332.64186239242554,24300,25522,397,397,1,1.3344495855271816,15.11233106180273,7.319104664027691,1,
power_of_two,codex586:12:586011:205,codex586,334.5455982685089,47032,49357,142,142,1,1.1867741905152798,7.512282395193763,2.2461043521761894,1,
power_of_two,codex422:10:422009:246,codex422,334.8835027217865,31835,33271,145,145,1,0.680210430175066,10.562175729622444,2.2013323716819286,1,
power_of_two,codex436:6:436005:238,codex436,338.36728167533875,28936,30208,409,409,1,0.9945695586502552,9.289187178307888,4.784617185592651,1,
power_of_two,codex422:11:422010:251,codex422,338.72199034690857,33216,34728,1586,1586,1,0.6602679267525673,10.346650839886077,17.059859167784452,1,
power_of_two,codex493:19:493018:101,codex493,340.41739082336426,69503,72236,1136,1136,1,0.6429922804236412,11.441281979435868,13.629008557647467,1,
power_of_two,codex586:13:586012:212,codex586,340.6014184951782,47318,49656,120,120,1,0.5493532940745354,11.091870670559025,1.8694462552666664,1,
power_of_two,codex152:8:152007:224,codex152,341.65959310531616,66433,69622,263,263,1,1.3478819206357002,8.698554595804396,3.6270424239337444,1,
power_of_two,codex73:4:73003:271,codex73,342.77978587150574,25714,27044,175,175,1,0.3745344579219818,8.758914153808835,1.8987896926701069,1,
power_of_two,codex436:7:436006:241,codex436,344.57843804359436,33431,34911,295,295,1,1.6757776364684105,11.383501065223395,5.022634256631136,1,
power_of_two,codex203:1:203000:280,codex203,344.6314067840576,12685,13394,308,308,1,1.6175123117864132,14.9037282222257,6.193185564130545,1,
power_of_two,codex586:14:586013:217,codex586,346.099116563797,48221,50609,264,264,1,0.8632594011723995,12.247152045765757,4.084353901445866,1,
power_of_two,codex526:9:526008:199,codex526,346.24402236938477,40831,42628,282,282,1,1.7791668251156807,11.377154017576544,4.976362280547619,1,
power_of_two,codex509:4:509003:276,codex509,349.4695563316345,28202,29576,222,222,1,1.0949629582464695,19.694411579300375,5.4476360231637955,1,
power_of_two,codex135:2:135001:287,codex135,350.4418637752533,19238,20236,371,371,1,1.4192512184381485,8.549753435560175,4.582806583493948,1,
power_of_two,codex436:8:436007:245,codex436,350.55973863601685,34346,35862,55,55,1,0.6693977080285549,11.660613533523348,1.2991062924265862,1,
power_of_two,codex506:14:506013:220,codex506,351.8511526584625,84614,88574,298,298,1,2.818969700485468,12.741264181606697,6.603340532630682,1,
power_of_two,codex250:12:250011:208,codex250,352.4160635471344,53668,56161,90,90,1,1.8421888761222363,10.212844593471356,2.7512705884873867,1,
power_of_two,codex152:9:152008:230,codex152,352.93117332458496,67024,70235,1023,1023,1,0.8755933530628681,21.383404899425003,22.729691714048386,1,
power_of_two,codex203:2:203001:288,codex203,353.1203110218048,30920,32571,373,373,1,3.7242816127836704,6.765258208077441,6.241103086620569,1,
power_of_two,codex73:5:73004:281,codex73,353.90426874160767,25899,27229,397,397,1,0.410228967666626,6.489508267905976,2.980218380689621,1,
power_of_two,codex250:13:250012:210,codex250,356.2767930030823,54597,57145,5922,5922,1,0.8223686963319778,8.78171478485441,52.81909425929189,1,
power_of_two,codex73:6:73005:284,codex73,357.98568058013916,29718,31248,215,215,1,1.1687048748135567,32.574866785206524,8.140128057450056,0,
power_of_two,codex493:20:493019:103,codex493,358.9183280467987,70679,73413,658,658,1,1.1284289732575417,22.53750591472222,15.935854069888592,1,
power_of_two,codex436:9:436008:263,codex436,360.6503360271454,34606,36129,598,598,1,0.2805080972611904,11.7210205238768,7.278055027127266,1,
power_of_two,codex294:1:294000:308,codex294,360.92585587501526,12607,13225,284,284,1,1.3035340681672096,21.544377855930225,7.400845371186733,1,
power_of_two,codex526:10:526009:214,codex526,362.4925305843353,49395,51620,44,44,1,11.21295627206564,51.6600223301455,13.434553295373917,0,
power_of_two,codex238:13:238012:126,codex238,363.27284717559814,115776,121347,281,281,1,11.604783061891794,30.89491022484643,20.255452297627926,0,
power_of_two,codex506:15:506014:225,codex506,363.56746649742126,87342,91450,273,273,1,2.507072474807501,11.203804162933546,5.554602079093456,1,
power_of_two,codex203:3:203002:301,codex203,363.70026874542236,37948,39892,341,341,1,10.00879006832838,31.00688445436604,20.551358982920647,0,
power_of_two,codex294:2:294001:312,codex294,369.5990455150604,24132,25331,331,331,1,2.1743646189570427,6.357852787230954,4.272594947367907,1,
power_of_two,codex436:10:436009:270,codex436,370.45889544487,35300,36832,298,298,1,0.6240016706287861,6.9920857647051315,2.7007962204515934,1,
power_of_two,codex509:5:509004:309,codex509,375.0821180343628,33641,35311,41,41,1,1.5570774488151073,4.866853449493647,1.751897171139717,1,
power_of_two,codex70:14:70013:91,codex70,376.49041986465454,77574,80942,1498,1498,1,3.717639695852995,10.81166131472938,19.902843061834574,1,
power_of_two,codex436:11:436010:274,codex436,376.63073086738586,35609,37141,58,58,1,0.42051810026168823,12.260029778668756,1.1194356083869934,1,
power_of_two,codex493:21:493020:114,codex493,378.7056849002838,71379,74113,1478,1478,1,0.4431780017912388,34.78346504245808,51.81864023953676,0,
power_of_two,codex119:10:119009:235,codex119,379.1380913257599,59577,62511,1194,1194,1,0.792343258857727,12.471133891464978,15.670446064323187,1,
power_of_two,codex135:3:135002:328,codex135,379.3109838962555,37830,39765,624,624,1,4.647971644997597,7.356076948284911,9.230846401304007,1,
power_of_two,codex586:15:586014:254,codex586,381.8938660621643,48614,51008,75,75,1,0.9068668633699417,6.710372412124196,1.4036052711308002,1,
power_of_two,codex509:6:509005:321,codex509,382.2388117313385,34392,36098,486,486,1,1.1269023045897484,6.990513412915554,4.517427928745747,1,
power_of_two,codex526:11:526010:223,codex526,382.4340670108795,50052,52304,135,135,1,4.97540682554245,33.94002650878323,9.523635517805815,0,
power_of_two,codex152:10:152009:236,codex152,382.69026589393616,76538,80172,2079,2079,1,6.020646870136261,30.032143842955982,68.42754569649696,0,
power_of_two,codex73:7:73006:313,codex73,382.79204988479614,30071,31604,3740,3740,1,0.3591930754482746,10.687114861670521,40.31841403990984,1,
power_of_two,codex422:12:422011:297,codex422,385.49985575675964,35463,37006,2450,2450,1,3.2052940614521503,27.02633711167529,69.39284126460552,0,
power_of_two,codex203:4:203003:310,codex203,388.5384829044342,43775,46015,837,837,1,2.4468209743499756,7.894444421967536,9.046677265316248,1,
power_of_two,codex586:16:586015:266,codex586,388.6955056190491,49585,52017,71,71,1,0.7235473208129406,7.316251578075545,1.2358278036117554,1,
power_of_two,codex586:17:586016:267,codex586,390.9743914604187,49771,52207,33,33,1,0.5075239613652229,8.699601865373552,0.7860824428498745,1,
power_of_two,codex509:7:509006:329,codex509,391.4724774360657,41886,43966,54,54,1,2.4742201566696167,16.285758324951498,3.33739810064435,1,
power_of_two,codex213:1:213000:354,codex213,393.7414357662201,12454,13027,248,248,1,1.2294068485498428,9.972030711680771,3.692993625998497,1,
power_of_two,codex238:14:238013:139,codex238,394.7990393638611,118324,124016,4163,4163,1,3.5236021168529987,22.227811107500592,96.03591657802463,0,
power_of_two,codex509:8:509007:334,codex509,396.3331985473633,42947,45082,219,219,1,0.7504593320190907,7.332572286282111,2.349054340273142,1,
power_of_two,codex526:12:526011:227,codex526,397.259957075119,50418,52679,46,46,1,1.0951562076807022,12.942779064178467,1.6777650341391563,1,
power_of_two,codex294:3:294002:351,codex294,398.6017279624939,28703,30119,522,522,1,1.3487332314252853,9.183307605547089,6.133445344865322,1,
power_of_two,codex213:2:213001:359,codex213,399.490602016449,20123,21037,266,266,1,1.5567344389855862,6.108083126117599,3.175520807504654,1,
power_of_two,codex586:18:586017:277,codex586,399.6678261756897,49941,52380,76,76,1,0.5246523506939411,25.499885479609173,2.437303226441145,1,
power_of_two,codex526:13:526012:229,codex526,400.56614422798157,51283,53591,1513,1513,1,0.7353570237755775,12.319031597740908,19.361771780997515,1,
power_of_two,codex135:4:135003:352,codex135,403.14801359176636,40930,42988,555,555,1,1.3883598633110523,7.49667363395975,5.5415587574243546,1,
power_of_two,codex436:12:436011:314,codex436,404.46556186676025,35987,37540,6189,6189,1,0.37557587400078773,16.198784719162898,100.6138762421906,1,
power_of_two,codex119:11:119010:257,codex119,406.9681613445282,63254,66308,243,243,1,1.9869924560189247,8.411837449251127,4.0227553099393845,1,
power_of_two,codex213:3:213002:370,codex213,408.68556237220764,23980,25069,293,293,1,1.057506661862135,46.392652231638564,14.604307435452938,0,
power_of_two,codex586:19:586018:291,codex586,409.6229841709137,51322,53832,568,568,1,1.4851318188011646,44.75515576266738,26.86159573495388,0,
power_of_two,codex166:1:166000:376,codex166,410.1525893211365,13597,14321,244,244,1,1.6261300407350063,39.79887502122318,11.29772150889039,0,
power_of_two,codex203:5:203004:332,codex203,410.50612354278564,45444,47732,404,404,1,0.9991832338273525,22.86437903496231,10.213692218065262,1,
power_of_two,codex509:9:509008:353,codex509,412.3987765312195,43723,45882,61,61,1,0.6879622265696526,10.997790098190308,1.3478749319911003,1,
power_of_two,codex119:12:119011:261,codex119,412.6249430179596,69661,73010,227,227,1,3.385915607213974,11.128860220840547,5.901250340044498,1,
power_of_two,codex70:15:70014:106,codex70,413.74140214920044,79112,82480,199,199,1,1.8858385793864727,13.71906500196818,4.602415524423122,1,
power_of_two,codex250:14:250013:216,codex250,413.949702501297,60616,63171,318,318,1,0.5655461475253105,15.061269881503438,5.340070325881243,1,
power_of_two,codex294:4:294003:363,codex294,414.08621764183044,37939,39816,264,264,1,4.245490841567516,12.206961772627704,7.456022597849369,1,
power_of_two,codex506:16:506015:285,codex506,415.356228351593,89314,93505,100,100,1,2.982909210026264,18.700911654065354,4.834529861807823,1,
power_of_two,codex135:5:135004:368,codex135,419.50712728500366,44716,46959,671,671,1,1.7457917109131813,10.040392515374654,8.473079204559326,1,
power_of_two,codex70:16:70015:113,codex70,419.92164850234985,79534,82915,70,70,1,0.7706456258893013,16.79248389774475,1.9294907301664352,1,
power_of_two,codex506:17:506016:295,codex506,422.45241475105286,89506,93703,70,70,1,0.6036312989890575,10.191080740828445,1.306853998452425,1,
power_of_two,codex166:2:166001:386,codex166,423.3976275920868,24429,25678,289,289,1,2.0981833450496197,39.966433852290116,13.60872384160757,0,
power_of_two,codex294:5:294004:371,codex294,423.75605297088623,41385,43436,336,336,1,4.666447665542364,19.24620268505011,11.114047974348068,0,
power_of_two,codex250:15:250014:222,codex250,423.9999084472656,66202,69002,71,71,1,5.693114932626486,19.82413056705679,7.081088002771139,0,
power_of_two,codex73:8:73007:317,codex73,424.1532793045044,36857,38581,4578,4578,1,5.857062466442585,9.80469820826028,50.73332506418228,1,
power_of_two,codex70:17:70016:118,codex70,424.7162027359009,80505,83925,4198,4198,1,1.1003813408315182,11.854507426704881,50.85400542244315,1,
power_of_two,codex421:1:421000:402,codex421,426.55940437316895,12750,13368,304,304,1,1.2457563057541847,5.86317707062161,3.0223961770534515,1,
power_of_two,codex203:6:203005:340,codex203,427.59570384025574,49413,51878,125,125,1,2.1559281013906,16.38699004486684,4.1879511177539825,1,
power_of_two,codex526:14:526013:237,codex526,427.7647533416748,52835,55145,1715,1715,1,1.0348248668015003,8.072317331212126,14.870983880013227,1,
power_of_two,codex213:4:213003:381,codex213,429.0973093509674,24541,25652,259,259,1,0.9255330711603165,16.033232356457745,5.062325894832611,1,
power_of_two,codex509:10:509009:375,codex509,429.9777796268463,44332,46523,59,59,1,0.463725283741951,7.066286907627664,0.8736700750887394,1,
power_of_two,codex220:4:220003:398,codex220,430.78701639175415,38133,40182,782,782,1,3.676013618707657,19.874495042728856,19.19814019277692,0,
power_of_two,codex509:11:509010:378,codex509,431.56705498695374,46435,48727,51,51,1,1.5082032904028893,14.743171855807304,2.2455282881855965,1,
power_of_two,codex493:22:493021:116,codex493,431.7774772644043,72897,75633,501,501,1,1.2811072878539562,9.070634000003338,5.8166294656693935,1,
power_of_two,codex203:7:203006:346,codex203,435.58996057510376,51022,53577,1130,1130,1,2.1158784106373787,22.745217471338144,27.795374270528555,0,
power_of_two,codex509:12:509011:383,codex509,435.75140619277954,47548,49873,418,418,1,2.31980549544096,19.760118131871987,10.559934347867966,1,
power_of_two,codex294:6:294005:374,codex294,436.17526721954346,45790,48086,325,325,1,1.9774703979492188,22.928779461869485,9.406487707048655,1,
power_of_two,codex213:5:213004:389,codex213,436.6669502258301,27304,28539,959,959,1,0.8987077660858631,6.53859411049362,7.162775158882141,1,
power_of_two,codex250:16:250015:228,codex250,437.9402530193329,66362,69165,33,33,1,0.5190660059452057,10.34480519592762,0.8501932397484779,1,
power_of_two,codex421:2:421001:422,codex421,438.0481164455414,29006,30401,373,373,1,3.3164148703217506,8.001434336346325,6.293087866157293,1,
power_of_two,codex506:18:506017:323,codex506,441.17820620536804,89665,93863,51,51,1,0.8608086705207825,11.289231404662132,1.4255951158702374,1,
power_of_two,codex135:6:135005:391,codex135,441.354279756546,50113,52623,1659,1659,1,2.3451293259859085,38.470070564218396,66.12886107712984,0,
power_of_two,codex548:1:548000:434,codex548,442.9614520072937,13026,13754,279,279,1,2.356553230434656,36.261251933283084,12.43738318234682,0,
power_of_two,codex166:3:166002:399,codex166,443.6503896713257,28289,29754,295,295,1,1.6907217130064964,35.81245450087551,12.219804648309946,0,
power_of_two,codex506:19:506018:326,codex506,444.9838721752167,89775,93975,66,66,1,0.6737207621335983,14.537452161312103,1.618748765438795,1,
power_of_two,codex65:18:65017:166,codex65,446.02237462997437,92090,96235,69,69,1,4.991630211472511,49.431796569158045,8.353293403983116,0,
power_of_two,codex213:6:213005:394,codex213,446.46595454216003,28555,29805,216,216,1,0.6767118349671364,11.957477102446003,3.2477316968142986,1,
power_of_two,codex526:15:526014:247,codex526,447.713992357254,54589,56899,589,589,1,1.368130151182413,24.190473218201372,15.592291884124279,1,
power_of_two,codex250:17:250016:240,codex250,449.949006319046,66486,69289,35,35,1,0.5007112100720406,114.74958292263396,4.4022598043084145,1,
power_of_two,codex421:3:421002:440,codex421,450.4123659133911,36711,38457,39,39,1,3.684253204613924,9.557779584276048,4.047736328095198,1,
power_of_two,codex119:13:119012:311,codex119,450.79625058174133,74678,78287,218,218,1,3.389304056763649,25.81725310757413,8.991800740361214,1,
power_of_two,codex506:20:506019:335,codex506,451.8352355957031,90197,94418,75,75,1,1.606831144541502,36.6045659458315,4.315607737749815,1,
power_of_two,codex294:7:294006:388,codex294,452.02786684036255,49368,51855,959,959,1,2.120134301483631,11.702415904726266,13.33120707795024,1,
power_of_two,codex213:7:213006:403,codex213,454.88909363746643,28781,30031,5258,5258,1,0.3526734374463558,12.922938133609232,68.28860029578209,1,
power_of_two,codex250:18:250017:244,codex250,456.1429777145386,66611,69422,70,70,1,2.9569869861006737,35.2170467376709,5.387004137039185,1,
power_of_two,codex548:2:548001:439,codex548,456.2370171546936,24720,26039,361,361,1,2.857189156115055,23.271756639911068,11.23511453345418,0,
power_of_two,codex422:13:422012:302,codex422,457.0674180984497,37955,39499,810,810,1,0.9533150903880596,17.72568603270723,15.29360232502222,1,
power_of_two,codex421:4:421003:447,codex421,457.5043296813965,37190,38966,317,317,1,0.4631623476743698,16.883693081385726,5.798554472625256,1,
power_of_two,codex506:21:506020:339,codex506,457.9542911052704,90363,94585,58,58,1,0.8289476223289967,29.580312470595043,2.515268325805664,1,
power_of_two,codex166:4:166003:407,codex166,459.23698806762695,30069,31615,512,512,1,0.7960360459983349,11.635610042777781,6.74187047034502,1,
power_of_two,codex382:1:382000:460,codex382,459.3617353439331,13136,13800,422,422,1,1.3378658331930637,19.61908191265516,9.597653031349182,1,
power_of_two,codex152:11:152010:255,codex152,460.3616843223572,80169,83872,1720,1720,1,2.792892638593912,13.119768945109088,25.345911856740713,1,
power_of_two,codex509:13:509012:410,codex509,461.5220489501953,51948,54457,90,90,1,1.9896354600787163,7.554765162842997,2.6621128991246223,1,
power_of_two,codex250:19:250018:249,codex250,462.4214737415314,66771,69592,44,44,1,0.4516732767224312,32.84856226555137,1.864253655076027,1,
power_of_two,codex506:22:506021:341,codex506,463.95193815231323,90548,94786,152,152,1,0.8556038998067379,25.35730166151034,4.685090467333794,1,
power_of_two,codex65:19:65018:182,codex65,465.9713978767395,93839,98076,369,369,1,4.181441403925419,23.25642247603315,12.739893767982721,1,
power_of_two,codex526:16:526015:253,codex526,466.152587890625,55228,57540,201,201,1,0.7467818707227707,24.117701165378094,5.570542935281992,1,
power_of_two,codex220:5:220004:432,codex220,466.37873005867004,39109,41168,266,266,1,0.7836628146469593,7.159804791774389,2.681150857359171,1,
power_of_two,codex421:5:421004:456,codex421,467.4264905452728,43485,45608,53,53,1,2.748619306832552,41.84697697368952,4.924871366471052,0,
power_of_two,codex493:23:493022:158,codex493,468.35411167144775,73440,76180,258,258,1,2.786331258714199,55.39348272150129,17.022848907858133,0,
power_of_two,codex203:8:203007:356,codex203,468.5302858352661,54382,57047,3997,3997,1,2.574084036052227,22.589274533876072,92.84091810882092,0,
power_of_two,codex509:14:509013:421,codex509,470.0741150379181,53337,55922,312,312,1,1.3502744734287262,21.86076828185768,8.149165511131287,1,
power_of_two,codex548:3:548002:449,codex548,470.5457954406738,34751,36559,534,534,1,2.7491647228598595,9.734789003909864,7.93796844035387,1,
power_of_two,codex166:5:166004:414,codex166,470.94150018692017,51392,53969,2788,2788,1,6.97363131865859,8.030009290566356,29.353366412222385,1,
power_of_two,codex294:8:294007:400,codex294,473.2286624908447,51588,54150,277,277,1,0.8334018401801586,7.856612566156664,3.001922558993101,1,
power_of_two,codex508:1:508000:489,codex508,475.77749729156494,12977,13678,291,291,1,1.5590104721486568,6.452227306777033,3.4303089193999767,1,
power_of_two,codex73:9:73008:322,codex73,476.1765513420105,41482,43206,1052,1052,1,4.306947767734528,20.63311003751124,25.99239033460617,0,
power_of_two,codex220:6:220005:445,codex220,476.6277525424957,58632,61800,201,201,1,8.502239760011435,20.096429251134396,12.521760795265436,0,
power_of_two,codex382:2:382001:482,codex382,476.7345097064972,20518,21564,325,325,1,4.35482107847929,41.55616349552149,17.819248735904694,0,
power_of_two,codex70:18:70017:123,codex70,477.32887291908264,84742,88162,449,449,1,3.8159373588860035,36.04229595345844,19.962923280894756,0,
power_of_two,codex509:15:509014:425,codex509,479.05122900009155,59263,62152,107,107,1,3.3396958522498608,3.1061208332484624,3.6691010147333145,1,
power_of_two,codex422:14:422013:315,codex422,480.3982677459717,38808,40356,232,232,1,0.7375249527394772,12.341176018570408,3.5885474421083927,1,
power_of_two,codex119:14:119013:342,codex119,482.0236098766327,79915,83767,4202,4202,1,4.14518678933382,15.566548443860707,69.54034579917789,1,
power_of_two,codex506:23:506022:360,codex506,482.35689401626587,91818,96132,311,311,1,1.4452571906149387,10.108106198810761,4.57887452468276,1,
power_of_two,codex508:2:508001:502,codex508,483.52309823036194,26068,27460,343,343,1,2.558452069759369,18.24277128523205,8.797570332884789,1,
power_of_two,codex294:9:294008:417,codex294,486.0236179828644,54037,56703,867,867,1,1.7059871517121792,27.580561438966843,25.590795177966356,0,
power_of_two,codex65:20:65019:193,codex65,487.4841275215149,94382,98624,278,278,1,1.6839196160435677,10.173760152788368,4.502156067639589,1,
power_of_two,codex493:24:493023:164,codex493,487.7163324356079,79971,83040,526,526,1,4.147231992334127,9.950234833217802,9.371145885437727,1,
power_of_two,codex238:15:238014:143,codex238,491.5562889575958,125720,131578,184,184,1,6.621487226337194,14.854769400560139,9.340006444603205,1,
power_of_two,codex422:15:422014:330,codex422,492.22927713394165,40595,42212,168,168,1,0.8271485976874828,12.773899194187747,2.9604241997003555,1,
power_of_two,codex308:1:308000:510,codex308,492.2828369140625,12525,13069,256,256,1,1.1963254399597645,6.7033560983106195,2.905719641596079,1,
power_of_two,codex152:12:152011:269,codex152,492.83868432044983,81931,85640,1091,1091,1,0.49343572184443474,12.530301846222047,14.15150796994567,1,
power_of_two,codex526:17:526016:283,codex526,493.3169229030609,55563,57887,79,79,1,1.8857256509363651,21.548333410651257,3.566641643643379,1,
power_of_two,codex548:4:548003:480,codex548,493.649719953537,37876,39850,341,341,1,1.548952043056488,19.08687268767287,8.038530241698027,1,
power_of_two,codex506:24:506023:373,codex506,495.18227982521057,95043,99533,220,220,1,2.9449503235518932,18.7837389302036,7.058683503419161,1,
power_of_two,codex508:3:508002:508,codex508,497.0838634967804,36170,38088,43,43,1,3.8868466280400753,17.120684452709696,4.605954252183437,0,
power_of_two,codex509:16:509015:454,codex509,497.2864782810211,59944,62870,39,39,1,1.0699658133089542,23.564194182032033,1.965596780180931,1,
power_of_two,codex65:21:65020:204,codex65,498.10951256752014,95152,99417,115,115,1,2.868570499122143,10.926373825784315,4.1143160574138165,1,
power_of_two,codex526:18:526017:289,codex526,498.96052837371826,55982,58321,355,355,1,1.0226060077548027,30.039432242849454,11.656724765896797,0,
power_of_two,codex220:7:220006:469,codex220,499.97094678878784,59050,62225,35,35,1,0.7709879949688911,29.743434861302376,1.7825349234044552,1,
power_of_two,codex509:17:509016:458,codex509,501.68218445777893,61650,64673,39,39,1,2.302981626242399,18.016466478768148,2.987761627882719,1,
power_of_two,codex382:3:382002:497,codex382,501.9031722545624,27038,28405,250,250,1,1.8046520799398422,6.486752964406607,3.4199476465582848,1,
power_of_two,codex493:25:493024:177,codex493,502.11939573287964,80601,83677,72,72,1,1.9149444550275803,16.37844059249045,3.078035056591034,1,
power_of_two,codex308:2:308001:525,codex308,502.4742693901062,29265,30688,331,331,1,3.3886130079627037,17.51140643927184,9.16758605837822,1,
power_of_two,codex166:6:166005:430,codex166,503.4098069667816,55769,58413,1706,1706,1,1.0214661732316017,15.224024349730735,26.978566527366638,1,
power_of_two,codex70:19:70018:131,codex70,503.69715094566345,85230,88651,1403,1403,1,1.29851895570755,26.956807394191813,39.09202041849494,0,
power_of_two,codex508:4:508003:517,codex508,504.83840799331665,38100,40118,339,339,1,0.8309782184660435,7.510451633020266,3.3695483952760696,1,
power_of_two,codex73:10:73009:327,codex73,505.65517926216125,42653,44385,111,111,1,0.9361685179173946,9.663754600015553,1.9993814527988434,1,
power_of_two,codex65:22:65021:211,codex65,506.5769076347351,95407,99686,6431,6431,1,0.8591623678803444,19.60547772202855,126.92252385616302,1,
power_of_two,codex493:26:493025:179,codex493,506.98291873931885,81005,84101,298,298,1,0.9039647579193115,16.03267157469133,5.665707558393478,1,
power_of_two,codex436:13:436012:320,codex436,507.1133449077606,42321,43877,506,506,1,0.3682437725365162,7.3981378633196995,4.104444250464439,1,
power_of_two,codex509:18:509017:467,codex509,508.2033052444458,63532,66630,71,71,1,2.566639792174101,15.099442643778666,3.624059848487377,1,
power_of_two,codex548:5:548004:493,codex548,508.34124541282654,40750,42873,397,397,1,2.3899192176759243,17.0249402466597,9.132033865898848,1,
power_of_two,codex238:16:238015:154,codex238,509.90786123275757,127108,133025,8188,8188,1,3.502735823392868,52.123062499163275,430.23460130766034,0,
power_of_two,codex135:7:135006:397,codex135,510.44108033180237,53474,56055,1811,1811,1,4.014776971191168,26.42058586465061,51.836072362959385,0,
power_of_two,codex526:19:526018:294,codex526,511.61054944992065,59379,61928,68,68,1,1.789747927337885,9.408406968881835,2.420320473611355,1,
power_of_two,codex73:11:73010:336,codex73,512.3786196708679,45008,46855,1004,1004,1,1.0175391659140587,15.35547266928767,16.419174928218126,1,
power_of_two,codex294:10:294009:424,codex294,512.6435654163361,56005,58728,211,211,1,1.8165993727743626,42.91986097537335,10.830060377717018,0,
power_of_two,codex152:13:152012:275,codex152,513.1719734668732,83065,86777,298,298,1,0.7517139464616776,15.544524849063217,5.368479296565056,1,
power_of_two,codex220:8:220007:491,codex220,513.3857624530792,59302,62491,41,41,1,0.5771880522370338,12.123939953744411,1.0621904022991657,1,
power_of_two,codex308:3:308002:528,codex308,513.9098083972931,42981,45110,206,206,1,3.996163137257099,11.475226537483495,6.348748125135899,1,
power_of_two,codex508:5:508004:526,codex508,514.426121711731,48401,50899,248,248,1,4.120503485202789,21.11545476594917,9.336062978953123,0,
power_of_two,codex509:19:509018:483,codex509,518.3245034217834,64542,67690,82,82,1,1.1319288946688175,14.400736877211818,2.298479624092579,1,
power_of_two,codex526:20:526019:303,codex526,518.5318598747253,59684,62250,219,219,1,0.9293881207704544,20.507548106919735,5.400299027562141,1,
power_of_two,codex382:4:382003:514,codex382,518.8633248806,27664,29047,112,112,1,0.5759673565626144,13.526015151459893,2.077590961009264,1,
power_of_two,codex220:9:220008:500,codex220,519.4059991836548,59561,62762,186,186,1,0.6006019115447998,40.31287910970482,8.05863979831338,1,
power_of_two,codex548:6:548005:498,codex548,519.9947302341461,44992,47323,152,152,1,1.6747050993144512,38.942126520224754,7.555215165019035,0,
power_of_two,codex152:14:152013:278,codex152,521.3903002738953,83541,87265,61,61,1,1.7981970682740211,47.6004316781958,4.654574651271105,1,
power_of_two,codex250:20:250019:338,codex250,522.5698256492615,66907,69731,50,50,1,0.9418317489326,17.763403453388992,1.8124398402869701,1,
power_of_two,codex506:25:506024:411,codex506,523.1429545879364,97659,102295,259,259,1,2.471028484404087,19.767744192319324,7.571149572730064,1,
power_of_two,codex382:5:382004:522,codex382,523.6413657665253,31387,32966,308,308,1,1.0786301530897617,15.071443606665547,5.705724224448204,1,
power_of_two,codex524:1:524000:552,codex524,524.9926769733429,12728,13343,276,276,1,1.364591334015131,12.365016571500085,4.765032801777124,1,
power_of_two,codex308:4:308003:538,codex308,526.3492922782898,52478,55125,412,412,1,3.9456104077398777,16.079691875445,10.55457018315792,1,
power_of_two,codex508:6:508005:530,codex508,527.3098464012146,50868,53482,262,262,1,1.4806150011718273,7.821320402667897,3.5221273005008698,1,
power_of_two,codex213:8:213007:413,codex213,529.0704116821289,34080,35329,247,247,1,1.6292173266410828,6.938094909234745,3.3360861130058765,1,
power_of_two,codex548:7:548006:503,codex548,529.7466087341309,52639,55388,4342,4342,1,4.23127156868577,23.034195734269055,104.22292199730873,0,
power_of_two,codex152:15:152014:286,codex152,530.032466173172,83694,87418,39,39,1,1.4492259845137596,17.468018555327465,2.1131631545722485,1,
power_of_two,codex294:11:294010:436,codex294,530.2316269874573,60062,62980,691,691,1,2.1305115297436714,8.444506405056387,7.9573190324008465,1,
power_of_two,codex524:2:524001:558,codex524,532.963618516922,14528,15204,295,295,1,0.7869942300021648,10.74602581611296,3.9464225731790066,1,
power_of_two,codex250:21:250020:349,codex250,533.5559840202332,67049,69886,159,159,1,0.6762887090444565,13.631327855813353,2.830246537923813,1,
power_of_two,codex526:21:526020:318,codex526,533.7451360225677,59905,62471,588,588,1,0.6789665892720222,9.593025535294307,6.310167692601681,1,
power_of_two,codex220:10:220009:507,codex220,533.945077419281,59837,63046,37,37,1,0.6405766271054745,7.83495863692628,0.9226801954209805,1,
power_of_two,codex166:7:166006:438,codex166,534.8588325977325,58727,61434,3634,3634,1,1.9786544144153595,44.4119789296935,163.32769223675132,0,
power_of_two,codex73:12:73011:345,codex73,536.8265419006348,46063,47911,323,323,1,0.284098319709301,8.080965740987972,2.8862076066434383,1,
power_of_two,codex220:11:220010:511,codex220,537.411872625351,59964,63176,50,50,1,0.7853104546666145,16.25938607113702,1.5820554122328758,1,
power_of_two,codex213:9:213008:426,codex213,537.7783069610596,35836,37148,418,418,1,0.9748858660459518,31.851020692992837,14.256912119686604,0,
power_of_two,codex524:3:524002:564,codex524,537.9421517848969,21738,22707,313,313,1,1.7789104841649532,22.51102609368853,8.802650794386864,0,
power_of_two,codex250:22:250021:355,codex250,538.9891211986542,67404,70249,79,79,1,0.7645617574453354,344.02000445585986,27.598275296390057,0,
power_of_two,codex308:5:308004:546,codex308,539.7060430049896,90183,94805,271,271,1,20.485200461000204,56.29638932921268,35.68527154251933,0,
power_of_two,codex152:16:152015:304,codex152,540.3635611534119,83824,87554,38,38,1,1.3775535635650158,86.52847290441797,4.579217255115509,1,
power_of_two,codex73:13:73012:348,codex73,540.5567898750305,53663,55847,894,894,1,3.3556373566389084,11.757019248114188,13.854698687791824,1,
power_of_two,codex508:7:508006:544,codex508,541.431450843811,55824,58664,214,214,1,2.926618166267872,32.004579184620596,9.743984870612621,0,
power_of_two,codex220:12:220011:519,codex220,541.6641862392426,60046,63263,68,68,1,0.9529863446950912,34.68001745085218,3.277003984898329,1,
power_of_two,codex278:1:278000:577,codex278,541.7282106876373,12612,13270,242,242,1,22.82102981954813,40.07016807114435,32.79661913588643,0,
power_of_two,codex436:14:436013:361,codex436,543.0614438056946,52712,54762,1002,1002,1,4.105853818356991,8.003640912480645,12.11763647198677,1,
power_of_two,codex70:20:70019:134,codex70,543.9020206928253,86672,90096,261,261,1,1.3337081484496593,9.855197456020575,3.8962061665952206,1,
power_of_two,codex152:17:152016:306,codex152,545.9871044158936,83952,87682,39,39,1,0.5494205430150032,8.608741587714144,0.8766497150063515,1,
power_of_two,codex524:4:524003:568,codex524,548.0757124423981,26271,27461,283,283,1,1.2732315473258495,23.451354645245466,7.886556789278984,1,
power_of_two,codex526:22:526021:333,codex526,549.1724238395691,67103,69970,754,754,1,15.445814918726683,29.582739801481267,37.72182422876358,0,
power_of_two,codex294:12:294011:459,codex294,550.4936103820801,61037,63970,144,144,1,0.574008010327816,8.220570565728876,1.749686524271965,1,
power_of_two,codex220:13:220012:527,codex220,552.9301493167877,60225,63446,655,655,1,0.7523515783250332,16.377726569771767,11.463476069271564,1,
power_of_two,codex382:6:382005:549,codex382,553.5484676361084,31706,33285,141,141,1,0.27409281581640244,6.335688329168729,1.161242138594389,1,
power_of_two,codex70:21:70020:142,codex70,554.1771337985992,88289,91779,47,47,1,2.893696893006563,33.1795909644469,4.42010547593236,1,
power_of_two,codex294:13:294012:465,codex294,554.4065968990326,64296,67349,414,414,1,2.656843140721321,13.424907411847796,8.201471135020256,1,
power_of_two,codex508:8:508007:550,codex508,554.6036863327026,56599,59479,292,292,1,10.019794546067715,38.06022367731402,21.09556782990694,0,
power_of_two,codex152:18:152017:319,codex152,555.1339678764343,84085,87816,69,69,1,0.5932828783988953,22.09298230488511,2.0958970114588737,1,
power_of_two,codex509:20:509019:529,codex509,556.8280024528503,64778,67928,1442,1442,1,0.6361611038446426,15.617997328040502,23.141993831843138,1,
power_of_two,codex382:7:382006:553,codex382,557.0531554222107,34492,36206,315,315,1,1.0486750192940235,13.294677433978979,5.223244968801737,1,
power_of_two,codex352:1:352000:600,codex352,557.801540851593,12527,13195,220,220,1,1.3358228653669357,57.56556397499559,13.942773912101984,0,
power_of_two,codex524:5:524004:575,codex524,559.1320359706879,34614,36251,220,220,1,2.44870388507843,50.20040343409259,13.44262882322073,0,
power_of_two,codex152:19:152018:325,codex152,561.0404937267303,84246,87982,86,86,1,1.2472241520881653,4.833249660099255,1.6581425964832306,1,
power_of_two,codex119:15:119014:357,codex119,561.3323454856873,91494,95751,97,97,1,7.740397557616234,18.794523396839697,9.544894762337208,0,
power_of_two,codex506:26:506025:466,codex506,562.2681171894073,98199,102846,240,240,1,6.8144714049994946,15.586345826731566,10.539651069790125,1,
power_of_two,codex436:15:436014:377,codex436,563.0262517929077,53782,55840,292,292,1,1.0910278856754303,20.560073509453908,7.074160564690828,1,
power_of_two,codex213:10:213009:451,codex213,564.7976958751678,40253,41796,214,214,1,1.3965402506291866,15.708946093846935,4.7425860576331615,1,
power_of_two,codex70:22:70021:151,codex70,565.19118309021,88630,92142,1407,1407,1,1.274357806891203,28.92244795329371,41.939367581158876,0,
power_of_two,codex421:6:421005:595,codex421,566.9821989536285,44229,46400,484,484,1,1.3851007521152496,54.38520232558744,27.653246335685253,0,
power_of_two,codex422:16:422015:442,codex422,567.1077404022217,40805,42422,143,143,1,0.40660106390714645,7.161886864145037,1.4237280637025833,1,
power_of_two,codex135:8:135007:409,codex135,568.1147744655609,58148,60904,1437,1437,1,2.5695384107530117,8.340721226149448,14.546954721212387,1,
power_of_two,codex294:14:294013:481,codex294,568.3329594135284,67296,70514,1673,1673,1,2.5848823972046375,32.94524790621117,57.66953494399786,0,
power_of_two,codex152:20:152019:337,codex152,569.5310740470886,84364,88102,186,186,1,1.4553491733968258,23.82899472439611,5.863758992403746,1,
power_of_two,codex382:8:382007:569,codex382,571.658346414566,35824,37601,343,343,1,0.9249018393456936,28.539148720297202,10.685445040464401,0,
power_of_two,codex250:23:250022:362,codex250,572.5684380531311,81171,84711,43,43,1,10.456890970468521,142.46072762069247,16.440300945192575,0,
power_of_two,codex436:16:436015:384,codex436,572.7991557121277,56611,58804,161,161,1,11.763860054314137,96.33668870665133,27.17777181789279,0,
power_of_two,codex352:2:352001:610,codex352,573.7910106182098,31522,33099,192,192,1,6.111027248203754,15.910856016175284,9.150095757097006,0,
power_of_two,codex109:1:109000:636,codex109,574.204085111618,12563,13194,249,249,1,2.841758780181408,55.809963013856645,16.682921923696995,0,
power_of_two,codex119:16:119015:364,codex119,574.5177717208862,92322,96618,86,86,1,2.5361230298876762,22.43605142130571,4.443529117852449,1,
power_of_two,codex506:27:506026:470,codex506,574.8673105239868,98718,103385,70,70,1,5.045441504567862,17.598381778900173,6.260065175592899,1,
power_of_two,codex278:2:278001:582,codex278,575.3711442947388,38512,40484,521,521,1,12.223409727215767,39.596712596427935,32.81385137885809,0,
power_of_two,codex422:17:422016:457,codex422,577.0394093990326,40991,42609,373,373,1,0.6347307451069355,22.806052148582474,9.118937488645315,1,
power_of_two,codex508:9:508008:555,codex508,577.8992166519165,58366,61321,180,180,1,2.084646925330162,16.105260679175732,4.967649903148413,1,
power_of_two,codex220:14:220013:547,codex220,579.7901542186737,68135,71707,88,88,1,6.818450283259153,41.25861703664407,10.408372346311808,0,
power_of_two,codex119:17:119016:369,codex119,580.6071810722351,93677,98035,8668,8668,1,6.012936908751726,61.12356732117066,535.7711990959942,0,
power_of_two,codex493:27:493026:264,codex493,580.8532791137695,81696,84799,79,79,1,1.3931680880486965,8.957773017195555,2.0919723734259605,1,
power_of_two,codex509:21:509020:532,codex509,581.3838438987732,67612,70820,1572,1572,1,2.0352560579776764,11.255760350514187,19.718198835849762,1,
power_of_two,codex524:6:524005:591,codex524,581.5952854156494,40375,42320,639,639,1,5.018006302416325,78.03069812984302,54.80208320170641,0,
power_of_two,codex152:21:152020:344,codex152,582.1172652244568,91046,95113,54,54,1,4.443801764398813,17.22936290052702,5.357198894023895,1,
power_of_two,codex213:11:213010:479,codex213,583.405695438385,41616,43214,1067,1067,1,0.9172286428511143,38.17260740971364,41.609451197087765,0,
power_of_two,codex508:10:508009:559,codex508,585.202398777008,61630,64725,179,179,1,2.3244684785604477,11.460436215059142,4.364478427916765,1,
power_of_two,codex382:9:382008:578,codex382,586.0324280261993,38192,40077,1210,1210,1,1.538720615208149,7.832823704844965,11.008644368499517,1,
power_of_two,codex152:22:152021:347,codex152,588.5746111869812,91213,95282,571,571,1,1.0019437074661255,37.690314859674686,22.485461555421352,0,
power_of_two,codex352:3:352002:631,codex352,589.002601146698,36016,37865,656,656,1,4.945363439619541,26.13289042852307,22.062665604054928,0,
power_of_two,codex135:9:135008:423,codex135,589.5569047927856,64603,67603,58,58,1,4.436445623636246,26.09172267349143,5.924081463366747,1,
power_of_two,codex250:24:250023:367,codex250,589.9749369621277,81306,84848,125,125,1,1.2584644183516502,17.887034543579624,3.476617183536291,1,
power_of_two,codex88:1:88000:663,codex88,590.6280477046967,13989,14659,340,340,1,1.4292910881340504,5.717053251192633,3.3674698136746883,1,
power_of_two,codex422:18:422017:468,codex422,591.2199428081512,41408,43027,615,615,1,0.5456198528409004,12.791650758067249,8.399788338690996,1,
power_of_two,codex508:11:508010:565,codex508,591.7551829814911,65968,69281,2487,2487,1,5.297932241111994,56.51280469293328,145.96315114945173,0,
power_of_two,codex203:9:203008:406,codex203,592.0124609470367,58451,61119,244,244,1,5.261740371584892,58.9284167122939,19.581392638385296,0,
power_of_two,codex493:28:493027:279,codex493,595.8346765041351,81853,84959,91,91,1,1.224337488412857,56.84609963662095,6.340879272669554,1,
power_of_two,codex220:15:220014:556,codex220,596.0959484577179,69349,72982,268,268,1,1.2276163175702095,67.24157256914881,19.181162409484386,0,
power_of_two,codex135:10:135009:428,codex135,596.6685607433319,65110,68139,206,206,1,2.1603068225085735,13.290774804062961,4.88500739634037,1,
power_of_two,codex88:2:88001:670,codex88,596.7680177688599,27097,28486,305,305,1,3.071589145809412,24.205301275574847,10.430219877511263,0,
power_of_two,codex250:25:250024:372,codex250,597.0337436199188,81521,85069,179,179,1,1.8359843157231808,13.77653135928545,4.28829787671566,1,
power_of_two,codex73:14:73013:420,codex73,599.830718755722,54608,56797,97,97,1,1.0111882984638214,14.256958034820855,2.3800605945289135,1,
power_of_two,codex509:22:509021:534,codex509,602.6757237911224,70284,73540,54,54,1,0.9420064650475979,8.167730609201035,1.3750386834144592,1,
power_of_two,codex73:15:73014:431,codex73,605.479630947113,54926,57121,393,393,1,0.9068472310900688,12.231948357835716,5.701906703412533,1,
power_of_two,codex250:26:250025:380,codex250,605.7624371051788,81731,85279,133,133,1,1.2671786695718765,48.69845636527647,7.695415399968624,1,
power_of_two,codex109:2:109001:666,codex109,605.9110493659973,14407,15110,302,302,1,0.5258682370185852,15.452098992476827,5.177042543888092,1,
power_of_two,codex422:19:422018:484,codex422,606.1126792430878,42067,43686,613,613,1,0.3278357870876789,8.966544521302959,5.815396461635828,1,
power_of_two,codex135:11:135010:437,codex135,606.3762221336365,65958,69017,232,232,1,0.9137947149574757,13.499939112694234,4.03231967613101,1,
power_of_two,codex493:29:493028:290,codex493,606.7806124687195,82036,85150,77,77,1,1.2768313735723495,16.072776609737623,2.4987120889127254,1,
power_of_two,codex436:17:436016:396,codex436,606.9675164222717,56783,58977,530,530,1,0.6000049151480198,8.237930236556805,4.957906428724527,1,
power_of_two,codex511:1:511000:690,codex511,607.0193650722504,12443,13052,295,295,1,1.386549074202776,92.75061514253923,28.65565885975957,0,
power_of_two,codex70:23:70022:155,codex70,609.6326658725739,90076,93592,193,193,1,1.0256654098629951,52.47112010450413,11.100218046456575,0,
power_of_two,codex308:6:308005:607,codex308,610.3968749046326,92130,96834,283,283,1,2.5735821649432182,10.157027671523128,5.437967699021101,1,
power_of_two,codex509:23:509022:543,codex509,610.6393234729767,72036,75392,70,70,1,1.2979842200875282,8.084519833758257,1.8559608645737171,1,
power_of_two,codex88:3:88002:683,codex88,611.0564112663269,32712,34385,202,202,1,1.7304375618696213,44.656552151957555,10.706529088318348,0,
power_of_two,codex493:30:493029:296,codex493,611.5851533412933,84992,88197,35,35,1,3.08354764059186,65.61309734688085,5.314931284636259,1,
power_of_two,codex152:23:152022:350,codex152,611.9171986579895,95430,99730,449,449,1,3.2398236356675625,16.926456508891924,10.823081530630589,1,
power_of_two,codex135:12:135011:443,codex135,613.452428817749,66373,69438,5998,5998,1,1.071281362324953,33.45150215595051,201.68003683909774,0,
power_of_two,codex250:27:250026:387,codex250,614.5084571838379,82057,85611,269,269,1,0.5833297595381737,40.28115356202001,11.378970880061388,1,
power_of_two,codex109:3:109002:673,codex109,614.73322057724,15750,16498,299,299,1,0.548284363001585,79.42728470735902,24.217827007174492,0,
power_of_two,codex220:16:220015:560,codex220,616.8585171699524,70145,73802,2352,2352,1,0.9785373210906982,17.62234283629401,42.408817287534475,1,
power_of_two,codex382:10:382009:613,codex382,617.8256537914276,39825,41732,362,362,1,0.4130339212715626,7.2510323262776035,3.0307611227035522,1,
power_of_two,codex278:3:278002:605,codex278,619.9077603816986,53579,56257,295,295,1,5.222052171826363,16.624952089928446,10.110065959393978,1,
power_of_two,codex493:31:493030:305,codex493,620.5576887130737,99512,103465,65,65,1,10.756073072552681,58.37405571946874,14.49281769990921,0,
power_of_two,codex382:11:382010:617,codex382,622.0854609012604,42725,44771,2450,2450,1,1.4124727621674538,39.200223767852336,97.41385648399591,0,
power_of_two,codex422:20:422019:499,codex422,622.6436364650726,42726,44348,292,292,1,8.675014056265354,53.52096911199724,24.24999663233757,0,
power_of_two,codex603:1:603000:718,codex603,623.4239757061005,12414,13081,297,297,1,8.350339215248823,52.05040211109696,23.75769491121173,0,
power_of_two,codex509:24:509023:563,codex509,623.8543870449066,73110,76514,195,195,1,1.4957942552864552,15.257478278783179,4.455910816788673,1,
power_of_two,codex88:4:88003:689,codex88,624.0685224533081,45317,47697,315,315,1,4.201198514550924,15.35320868063125,9.022199373692274,1,
power_of_two,codex308:7:308006:625,codex308,624.4983096122742,95028,99866,2593,2593,1,2.8959303610026836,11.32014286014493,32.23783694580197,1,
power_of_two,codex213:12:213011:485,codex213,626.4097883701324,42800,44399,250,250,1,0.3256995566189289,15.041518088684503,4.071263056248426,1,
power_of_two,codex70:24:70023:170,codex70,628.154043674469,90492,94032,243,243,1,1.3597465604543686,13.471251569134145,4.619956377893686,1,
power_of_two,codex509:25:509024:567,codex509,630.8063869476318,75049,78547,3722,3722,1,1.6108615212142467,40.304908077904564,151.58565690740943,0,
power_of_two,codex213:13:213012:490,codex213,634.5514516830444,44644,46333,356,356,1,1.5717342793941498,13.307775021858617,6.296032086014748,1,
power_of_two,codex278:4:278003:619,codex278,634.7962267398834,65725,68993,467,467,1,5.674451898783445,13.71167720867073,12.064145293086767,1,
power_of_two,codex203:10:203009:448,codex203,634.9812257289886,58877,61555,280,280,1,1.146229911595583,34.990142817245165,10.908904206007719,0,
power_of_two,codex88:5:88004:697,codex88,636.1095595359802,79671,83846,1243,1243,1,16.51532604917884,12.63839448839666,32.21231962740421,0,
power_of_two,codex250:28:250027:404,codex250,637.0873436927795,82444,86002,38,38,1,0.8318063355982304,8.282269577722293,1.1383554749190807,1,
power_of_two,codex511:2:511001:699,codex511,637.6664743423462,18223,19143,371,371,1,14.98730156943202,15.619633900555403,20.76661254838109,0,
power_of_two,codex70:25:70024:183,codex70,640.8412349224091,90774,94315,605,605,1,1.5425535254180431,16.451397775024766,11.479478880763054,1,
power_of_two,codex524:7:524006:599,codex524,641.0022957324982,44704,46852,259,259,1,1.8335055485367775,7.535743649846824,3.7778760083019733,1,
power_of_two,codex213:14:213013:495,codex213,642.1933887004852,46635,48396,2138,2138,1,1.2219201475381851,46.326636035600224,100.22224812209606,0,
power_of_two,codex548:8:548007:516,codex548,643.4038081169128,57516,60299,4991,4991,1,2.55833588168025,63.2299500373836,318.0760035254061,0,
power_of_two,codex250:29:250028:415,codex250,644.6878337860107,82604,86169,46,46,1,0.7237020395696163,39.069172739982605,2.4821349270641804,1,
power_of_two,codex493:32:493031:324,codex493,646.3811557292938,102459,106540,35,35,1,2.5485720597207546,8.912505034138174,2.851756639778614,1,
power_of_two,codex524:8:524007:606,codex524,646.8555362224579,49762,52154,608,608,1,2.9911982379853725,10.560442093618619,9.401428531855345,1,
power_of_two,codex203:11:203010:453,codex203,647.7331531047821,59710,62427,179,179,1,2.162005953490734,16.51893662853857,5.102535158395767,1,
power_of_two,codex278:5:278004:629,codex278,648.3163568973541,70845,74375,321,321,1,2.769893389195204,13.498518918640912,7.089624676853418,1,
power_of_two,codex294:15:294014:518,codex294,651.0712068080902,72277,75639,899,899,1,2.808317169547081,11.648827396283437,13.269062664359808,1,
power_of_two,codex64:1:64000:773,codex64,656.2544887065887,14528,15360,256,256,1,1.50965066999197,12.893228495822234,4.797469940036535,1,
power_of_two,codex65:23:65022:233,codex65,657.3266699314117,101876,106155,70,70,1,8.288984771817923,78.88942638385123,13.732390642166138,0,
power_of_two,codex250:30:250029:435,codex250,657.6150169372559,82771,86342,43,43,1,9.367468394339085,76.52679467130274,12.581976544111967,0,
power_of_two,codex422:21:422020:513,codex422,658.0815613269806,46925,48761,205,205,1,8.908098194748163,27.435265061463795,14.50511770695448,0,
power_of_two,codex278:6:278005:637,codex278,658.4254894256592,73878,77598,605,605,1,2.6350663490593433,48.866160139934905,32.150282986462116,0,
power_of_two,codex511:3:511002:704,codex511,659.5802643299103,25922,27252,463,463,1,1.7992853857576847,9.328544236622847,6.1091866083443165,1,
power_of_two,codex506:28:506027:585,codex506,660.6914572715759,99325,104025,181,181,1,2.120702426880598,117.28254090994596,23.231600537896156,0,
power_of_two,codex308:8:308007:638,codex308,661.0447950363159,97628,102466,1726,1726,1,2.2672567516565323,15.576532042544821,29.136875189840794,1,
power_of_two,codex603:2:603001:750,codex603,662.0716993808746,28511,29988,356,356,1,6.719027101993561,14.120732908937292,11.731985725462437,0,
power_of_two,codex109:4:109003:715,codex109,662.5578632354736,20246,21202,281,281,1,1.1543148942291737,11.39664536874209,4.345503713935614,1,
power_of_two,codex524:9:524008:620,codex524,662.7508642673492,55398,58036,243,243,1,8.505454737693071,63.165746860144544,23.791663344949484,0,
power_of_two,codex493:33:493032:343,codex493,664.1565172672272,117013,121849,91,91,1,12.91166614741087,45.87856953342755,17.040960002690554,0,
power_of_two,codex203:12:203011:474,codex203,664.734338760376,60087,62818,58,58,1,3.0906826183199883,19.85420691862441,4.222465876489878,1,
power_of_two,codex421:7:421006:719,codex421,665.0544283390045,48438,50807,313,313,1,2.766236573457718,15.545511367515875,7.616601794958115,1,
power_of_two,codex220:17:220016:576,codex220,667.6973757743835,72507,76164,2937,2937,1,1.813706997781992,10.96487367063842,34.006679337471724,1,
power_of_two,codex511:4:511003:709,codex511,667.8100326061249,28113,29536,284,284,1,0.9977945871651173,15.974346416683163,5.518752694129944,1,
power_of_two,codex203:13:203012:477,codex203,669.3830137252808,60237,62971,38,38,1,0.7332901433110237,7.4210584767766905,1.0080145485699177,1,
power_of_two,codex250:31:250030:441,codex250,671.0505313873291,82933,86508,400,400,1,0.5928385592997074,9.672510818132482,4.452313479036093,1,
power_of_two,codex287:1:287000:803,codex287,672.648987531662,12815,13449,291,291,1,1.4563858062028885,52.5785435761871,16.70465585589409,0,
power_of_two,codex109:5:109004:728,codex109,672.9562091827393,22654,23710,312,312,1,4.1195408292114735,36.05652192062504,15.333407904952765,0,
power_of_two,codex422:22:422021:521,codex422,674.0988714694977,47174,49012,305,305,1,0.4531083144247532,52.707076844710265,16.557045686990023,0,
power_of_two,codex603:3:603002:756,codex603,674.7131385803223,38955,40985,276,276,1,3.2799183279275894,14.570546299219131,7.286856763064861,1,
power_of_two,codex511:5:511004:714,codex511,675.1108455657959,30034,31547,749,749,1,0.724580142647028,6.737695742936377,5.764477118849754,1,
power_of_two,codex65:24:65023:242,codex65,677.5254867076874,105797,110278,15019,15019,1,4.071401007473469,24.27609535354616,368.64985574036837,0,
power_of_two,codex294:16:294015:533,codex294,677.7741467952728,73412,76784,6415,6415,1,1.5692773275077343,33.346050297815296,215.45116935670376,0,
power_of_two,codex203:14:203013:494,codex203,678.4580097198486,60368,63114,35,35,1,0.562635213136673,7.3503322680206855,0.8126555494964123,1,
power_of_two,codex421:8:421007:734,codex421,680.6095938682556,50498,52973,42,42,1,1.4037094488739967,5.859388719971586,1.644038364291191,1,
power_of_two,codex88:6:88005:729,codex88,681.9929964542389,80916,85091,177,177,1,1.5182094424962997,30.036142307587646,6.8046163357794285,1,
power_of_two,codex203:15:203014:501,codex203,683.9162611961365,60494,63251,75,75,1,0.6087711080908775,49.15664727623398,4.246890161186457,1,
power_of_two,codex421:9:421008:740,codex421,684.2491104602814,51461,53986,868,868,1,1.0852185487747192,7.95157829507962,7.979334838688374,1,
power_of_two,codex524:10:524009:628,codex524,688.0489201545715,56488,59165,46,46,1,0.7405679225921631,12.686446557442348,1.3115513324737549,1,
power_of_two,codex343:1:343000:838,codex343,689.0558884143829,13165,13864,247,247,1,1.5986457131803036,53.47134091141748,14.753185547888279,0,
power_of_two,codex524:11:524010:633,codex524,690.5654819011688,56746,59433,1888,1888,1,0.9929783642292023,42.37845312225547,80.96121415495872,0,
power_of_two,codex287:2:287001:811,codex287,690.649557352066,19704,20669,325,325,1,1.2610169909894466,6.155337264508377,3.255440954118967,1,
power_of_two,codex109:6:109005:737,codex109,692.3997957706451,26658,27917,112,112,1,1.1499906480312347,13.720342704841682,2.6729906387627125,1,
power_of_two,codex421:10:421009:745,codex421,693.0029981136322,52579,55112,776,776,1,2.0805503204464912,46.18277966976166,37.872732646763325,0,
power_of_two,codex493:34:493033:365,codex493,694.3916540145874,120000,124983,33,33,1,4.62655084580183,14.92727198638022,5.104422573000193,1,
power_of_two,codex308:9:308008:644,codex308,694.7703695297241,99773,104625,264,264,1,3.07252836599946,36.352236206313954,12.633262123912573,0,
power_of_two,codex88:7:88006:741,codex88,695.0640456676483,81558,85766,261,261,1,1.4692413620650768,52.11520275244346,15.019497588276863,0,
power_of_two,codex203:16:203015:512,codex203,698.0685846805573,60661,63422,315,315,1,0.7207228541374207,8.3961053781069,3.3572446554899216,1,
power_of_two,codex109:7:109006:749,codex109,699.946209192276,26780,28039,713,713,1,0.26117081940174103,32.15013279610972,23.15219669789076,0,
power_of_two,codex603:4:603003:793,codex603,700.8327178955078,44068,46369,418,418,1,4.121008228510618,29.140951062778203,16.27314395084977,0,
power_of_two,codex278:7:278006:656,codex278,702.4278049468994,77076,80939,2701,2701,1,2.570179671049118,31.348692272548323,87.2119593322277,0,
power_of_two,codex343:2:343001:842,codex343,704.0977745056152,30144,31676,266,266,1,3.459459699690342,48.00345783807197,16.180412109941244,0,
power_of_two,codex171:1:171000:859,codex171,705.4632768630981,13509,14166,284,284,1,1.3713958784937859,5.753767337689552,2.999858573079109,1,
power_of_two,codex166:8:166007:455,codex166,707.2176694869995,62405,65115,591,591,1,2.2338551841676235,9.067261155884145,7.583576440811157,1,
power_of_two,codex493:35:493034:379,codex493,708.3187897205353,128358,133785,491,491,1,9.667128264904022,24.878288045221446,21.857749082148075,0,
power_of_two,codex250:32:250031:504,codex250,713.8170063495636,83503,87080,79,79,1,4.177259013056755,29.282976562778156,6.461367674171925,1,
power_of_two,codex88:8:88007:752,codex88,714.4954497814178,82732,86974,843,843,1,1.4586054645478725,51.27783929774286,44.63459287583828,0,
power_of_two,codex70:26:70025:260,codex70,714.7949101924896,91646,95197,33,33,1,3.2050920240581036,20.227596978656948,3.8524692989885807,1,
power_of_two,codex171:2:171001:877,codex171,716.7521169185638,16653,17439,436,436,1,0.6639162003993988,6.580309398557948,3.5263902209699154,1,
power_of_two,codex64:2:64001:874,codex64,716.9963290691376,22411,23612,321,321,1,1.6220158152282238,18.00004910910502,7.382126804441214,1,
power_of_two,codex511:6:511005:778,codex511,717.8814790248871,32066,33649,278,278,1,0.9121391959488392,50.989290154690345,15.036446757614613,0,
power_of_two,codex352:4:352003:821,codex352,718.5932195186615,37336,39211,1173,1173,1,0.9166251569986343,7.202224659736652,9.357796169817448,1,
power_of_two,codex166:9:166008:463,codex166,719.4914016723633,63040,65754,173,173,1,0.8868022561073303,51.34394357717314,9.71812892332673,0,
power_of_two,codex70:27:70026:265,codex70,720.2708075046539,92990,96605,503,503,1,2.1610442250967026,10.355103842587585,7.35945313796401,1,
power_of_two,codex287:3:287002:857,codex287,720.3636832237244,24171,25376,370,370,1,1.1358910612761974,25.488951331797008,10.541685238480568,0,
power_of_two,codex250:33:250032:506,codex250,721.4557242393494,83863,87464,76,76,1,0.7841406762599945,17.151654412349064,2.07060756534338,1,
power_of_two,codex291:1:291000:889,codex291,721.8673324584961,12910,13540,287,287,1,1.2523027881979942,5.743887822527985,2.895200189203024,1,
power_of_two,codex382:12:382011:624,codex382,722.2265303134918,45282,47331,9830,9830,1,1.3849194198846817,17.33779044826975,171.79816920682788,1,
power_of_two,codex220:18:220017:612,codex220,724.026784658432,75488,79147,1041,1041,1,2.3995735943317413,40.24894195250594,44.258524775505066,0,
power_of_two,codex603:5:603004:807,codex603,724.7147033214569,54294,57110,305,305,1,4.456358928233385,9.357242820490347,7.301103308796883,1,
power_of_two,codex109:8:109007:757,codex109,726.5547513961792,27564,28825,239,239,1,0.8314889445900917,36.770247971686,9.582847703248262,0,
power_of_two,codex422:23:422022:566,codex422,726.9261679649353,47594,49438,169,169,1,0.4655604176223278,29.511339696390287,5.42350821569562,1,
power_of_two,codex64:3:64002:887,codex64,727.3790037631989,29992,31521,310,310,1,1.8468091003596783,16.58606426760217,6.971994884312153,1,
power_of_two,codex308:10:308009:685,codex308,729.1537885665894,100078,104931,4866,4866,1,0.9660483971238136,20.118050034495813,98.8405901491642,1,
power_of_two,codex70:28:70027:272,codex70,732.341296672821,93532,97150,211,211,1,1.339060541242361,16.855632371845697,4.878911878913641,1,
power_of_two,codex291:2:291001:907,codex291,732.4482238292694,27990,29439,276,276,1,3.220262236893177,51.24830174175176,17.313586078584194,0,
power_of_two,codex166:10:166009:472,codex166,732.6504900455475,65720,68575,131,131,1,2.026851676404476,29.11720060958312,5.812124490737915,1,
power_of_two,codex493:36:493035:393,codex493,736.1275947093964,136292,142102,1245,1245,1,8.982720032334328,29.169907985057478,45.270203448832035,0,
power_of_two,codex422:24:422023:571,codex422,736.2904546260834,47859,49706,35,35,1,0.6262546703219414,6.6826152889167565,0.8535627909004688,1,
power_of_two,codex421:11:421010:758,codex421,737.5370261669159,54003,56558,42,42,1,1.5435051955282688,0.02530907712331632,1.544578567147255,1,
power_of_two,codex64:4:64003:894,codex64,737.7130978107452,47664,50039,287,287,1,7.729436621069908,19.763962333123168,13.382027763873339,0,
power_of_two,codex129:1:129000:923,codex129,738.2686944007874,12797,13392,287,287,1,7.379351031035185,19.075178586832294,12.834948025643826,0,
power_of_two,codex73:16:73015:623,codex73,738.4578552246094,55571,57774,128,128,1,7.194775398820639,25.080826808148483,10.38040280342102,0,
power_of_two,codex109:9:109008:759,codex109,738.659905910492,28086,29364,213,213,1,7.051664527505636,20.811490011665057,11.46384971961379,0,
power_of_two,codex203:17:203016:562,codex203,738.8492500782013,61353,64138,48,48,1,1.2699825130403042,7.182576871932821,1.6076669245958328,1,
power_of_two,codex603:6:603005:827,codex603,739.0672760009766,61563,64772,50,50,1,3.6032522283494473,48.95365124150199,6.002134419977665,0,
power_of_two,codex287:4:287003:873,codex287,739.2213802337646,32735,34348,340,340,1,2.572432491928339,28.45750779880535,12.219990778714418,0,
power_of_two,codex171:3:171002:919,codex171,739.6487793922424,22316,23387,308,308,1,1.57277175411582,30.735975562167088,11.00875261425972,0,
power_of_two,codex166:11:166010:476,codex166,739.8553478717804,65895,68752,6042,6042,1,1.405906569212675,59.53893622488617,361.0809661373496,0,
power_of_two,codex508:12:508011:572,codex508,741.6478204727173,69188,72544,959,959,1,2.3575388491153717,11.404886122380766,13.283514894545078,1,
power_of_two,codex352:5:352004:847,codex352,741.7851321697235,38519,40394,4955,4955,1,0.8410860858857632,25.00357767014336,124.70884734019637,0,
power_of_two,codex421:12:421011:762,codex421,742.0241847038269,54253,56819,314,314,1,3.734233021736145,18.011497851377857,9.3718696013093,1,
power_of_two,codex343:3:343002:880,codex343,743.0752756595612,32941,34630,384,384,1,1.1422609724104404,41.8675955550322,17.178062550723553,0,
power_of_two,codex422:25:422024:587,codex422,745.0087342262268,47989,49836,39,39,1,0.4364037364721298,8.547259886798106,0.7614117339253426,1,
power_of_two,codex203:18:203017:570,codex203,745.4293138980865,61512,64302,46,46,1,0.9233346916735172,48.59077822830942,3.110073462128639,1,
power_of_two,codex250:34:250033:537,codex250,749.7537653446198,84066,87673,82,82,1,0.9154765531420708,18.62033387577092,2.4238687194883823,1,
power_of_two,codex70:29:70028:292,codex70,750.6473097801208,93783,97402,163,163,1,0.816568348556757,16.309960595803496,3.4589928835630417,1,
power_of_two,codex291:3:291002:918,codex291,750.9145140647888,35378,37202,168,168,1,2.2777059078216553,44.84929862671983,9.767579153180122,0,
power_of_two,codex511:7:511006:816,codex511,751.3927857875824,32352,33935,754,754,1,0.27647565305233,62.89608322905196,47.63770002499223,0,
power_of_two,codex422:26:422025:596,codex422,751.8506009578705,48124,49974,43,43,1,0.49575988203287125,7.074874870124317,0.7930566519498825,1,
power_of_two,codex421:13:421012:766,codex421,752.6254096031189,54672,57247,200,200,1,0.35932987183332443,8.003182222495726,1.9520011954009533,1,
power_of_two,codex287:5:287004:885,codex287,754.5698657035828,37117,38965,187,187,1,1.5771102532744408,7.034805192742297,2.8856873959302902,1,
power_of_two,codex359:1:359000:955,codex359,754.6766765117645,12687,13395,294,294,1,1.3863481879234314,44.44303808562178,14.408390127122402,0,
power_of_two,codex250:35:250034:542,codex250,755.5081872940063,84259,87867,41,41,1,1.308854278177023,53.87248732149601,3.464092370122671,1,
power_of_two,codex70:30:70029:298,codex70,756.6666553020477,94215,97844,33,33,1,0.8578786663711071,9.255360695533454,1.1540882512927055,1,
power_of_two,codex109:10:109009:771,codex109,756.98881316185,29874,31251,2904,2904,1,0.8965293541550636,37.579091896517625,109.98867150396109,0,
power_of_two,codex603:7:603006:854,codex603,757.815277338028,62313,65555,410,410,1,1.1345740109682083,13.423760537704805,6.625063229352236,1,
power_of_two,codex129:2:129001:935,codex129,757.8796472549438,16596,17400,323,323,1,0.8698396869003773,45.82927047465899,15.627407252788544,0,
power_of_two,codex508:13:508012:581,codex508,758.7392628192902,71760,75206,66,66,1,2.035039007663727,12.557444778772501,2.851433392614126,1,
power_of_two,codex70:31:70030:300,codex70,759.5512175559998,94470,98114,136,136,1,0.8216264955699444,37.46404037983329,5.879310540854931,1,
power_of_two,codex422:27:422026:611,codex422,760.6759607791901,48263,50117,83,83,1,0.40063582733273506,24.271924775548097,2.391235925257206,1,
power_of_two,codex64:5:64004:926,codex64,762.6207478046417,52653,55310,193,193,1,2.2976124361157417,18.897063001835097,5.925886835902929,1,
power_of_two,codex508:14:508013:586,codex508,763.0001254081726,71950,75395,38,38,1,1.1731438040733337,66.52877157604372,3.6349215358495712,1,
power_of_two,codex171:4:171003:949,codex171,763.7870614528656,25048,26226,227,227,1,0.9963107071816921,52.56539111775634,12.87613058462739,0,
power_of_two,codex250:36:250035:551,codex250,764.0709300041199,84442,88062,59,59,1,1.3758883588016033,41.49292184618013,3.7828004769980907,1,
power_of_two,codex88:9:88008:760,codex88,765.4199805259705,86247,90638,205,205,1,2.1782312020659447,67.43941140160256,15.936178050935268,0,
power_of_two,codex508:15:508014:589,codex508,768.2751383781433,72683,76148,298,298,1,1.7253670543432236,9.91444368705605,4.670002464205027,1,
power_of_two,codex422:28:422027:622,codex422,768.5418837070465,48440,50295,65,65,1,1.4805453047156334,15.393929730635136,2.4658029824495316,1,
power_of_two,codex73:17:73016:662,codex73,768.8127431869507,55750,57953,254,254,1,1.1037764102220535,30.521829903361354,8.825954169034958,1,
power_of_two,codex203:19:203018:601,codex203,769.0234236717224,61670,64467,285,285,1,0.9405905567109585,55.249653546742984,16.631978321820498,0,
power_of_two,codex220:19:220018:618,codex220,770.9995536804199,76573,80234,161,161,1,1.9556677490472794,56.670227530412376,11.023204248398542,0,
power_of_two,codex287:6:287005:915,codex287,771.1446189880371,38846,40762,1540,1540,1,1.0336839444935322,71.86836384048007,111.63913491368294,0,
power_of_two,codex64:6:64005:931,codex64,772.6391832828522,57251,60130,317,317,1,2.9950125589966774,42.546756695248654,16.44006447121501,0,
power_of_two,codex250:37:250036:557,codex250,772.9328043460846,84588,88212,39,39,1,0.7909725084900856,8.498192617767737,1.1140006557106972,1,
power_of_two,codex343:4:343003:910,codex343,774.0332660675049,35389,37184,1560,1560,1,1.1413665004074574,21.719986246689686,35.00318729504943,0,
power_of_two,codex129:3:129002:944,codex129,774.7893300056458,20053,21000,635,635,1,2.438129309564829,71.1632486820597,47.55614073202014,0,
power_of_two,codex506:29:506028:742,codex506,775.1572887897491,99777,104494,238,238,1,1.5595013312995434,26.811014074942232,7.913948338478804,1,
power_of_two,codex359:2:359001:973,codex359,775.3248605728149,21725,22846,294,294,1,2.246449366211891,78.78015527291916,25.329312559217215,0,
power_of_two,codex508:16:508015:593,codex508,775.6148455142975,72989,76454,8114,8114,1,1.0937511138617992,21.027615439648635,171.69112849608064,0,
power_of_two,codex603:8:603007:868,codex603,776.6569173336029,63692,66992,57,57,1,1.0678176879882812,7.935096177139453,1.5123238787055016,1,
power_of_two,codex524:12:524011:645,codex524,778.6727964878082,63140,66035,79,79,1,3.3492505326867104,7.991926983380929,3.9727634266018867,1,
power_of_two,codex171:5:171004:956,codex171,778.8942184448242,28179,29553,273,273,1,1.1143208555877209,77.65133981592953,22.235640950500965,0,
power_of_two,codex603:9:603008:878,codex603,782.934624671936,64340,67663,939,939,1,1.2613753825426102,9.550759183572554,10.220032274723053,1,
power_of_two,codex88:10:88009:767,codex88,783.7547860145569,95292,100188,502,502,1,7.008326232433319,62.066303540073235,38.103638272732496,0,
power_of_two,codex73:18:73017:675,codex73,783.9578666687012,56249,58467,86,86,1,1.149201549589634,12.165317991200615,2.183349598199129,1,
power_of_two,codex524:13:524012:652,codex524,784.1815505027771,64042,66982,4489,4489,1,1.220572553575039,15.738633830671377,71.85577649623156,1,
power_of_two,codex421:14:421013:825,codex421,784.5528202056885,55328,57922,175,175,1,6.216884791851044,57.739916525181684,16.263842429965734,0,
power_of_two,codex506:30:506029:747,codex506,784.918434381485,100787,105535,75,75,1,1.1960356831550598,21.931121276842582,2.8190333135426044,1,
power_of_two,codex532:1:532000:1020,codex532,787.4941401481628,13104,13777,208,208,1,1.2979129329323769,5.723876509689478,2.4828540831804276,1,
power_of_two,codex509:26:509025:579,codex509,788.6265556812286,79637,83177,1445,1445,1,3.330056097358465,48.02198499606257,72.67400854453444,0,
power_of_two,codex291:4:291003:981,codex291,790.2514309883118,42501,44683,244,244,1,2.4738792330026627,31.235982882387844,10.064585458487272,0,
power_of_two,codex64:7:64006:938,codex64,791.7474420070648,91627,96331,1438,1438,1,23.98695657029748,31.979607082462675,69.94174210354686,0,
power_of_two,codex73:19:73018:687,codex73,793.1509006023407,56346,58564,298,298,1,0.4114926792681217,31.977461745040582,9.908842630684376,1,
power_of_two,codex532:2:532001:1039,codex532,796.2458453178406,13776,14477,302,302,1,0.5884977839887142,20.87106376242796,6.8708354234695435,1,
power_of_two,codex506:31:506030:764,codex506,796.8206171989441,101398,106168,273,273,1,18.925737090408802,56.54909676762626,34.307479813694954,0,
power_of_two,codex511:8:511007:824,codex511,801.4107911586761,33203,34793,43,43,1,14.327650476247072,44.82293705500308,16.210254725068808,0,
power_of_two,codex213:15:213014:573,codex213,802.2694675922394,48827,50589,295,295,1,1.6978790573775768,72.84279438812717,23.113941844552755,0,
power_of_two,codex250:38:250037:604,codex250,802.8691544532776,84747,88380,281,281,1,1.1086349412798882,19.211828854999375,6.488189171999693,1,
power_of_two,codex421:15:421014:829,codex421,803.0551025867462,55599,58194,53,53,1,0.9163043536245823,48.86049419068373,3.4597731195390224,1,
power_of_two,codex203:20:203019:639,codex203,803.5993704795837,66135,69117,46,46,1,4.910375762730837,43.55431008670065,6.870366957038641,0,
power_of_two,codex220:20:220019:659,codex220,803.8669219017029,76820,80484,52,52,1,2.272127617150545,38.72583843037194,4.247191622853279,1,
power_of_two,codex389:1:389000:1058,codex389,803.9304864406586,12928,13608,287,287,1,2.201958227902651,25.984958739026442,9.633748978376389,0,
power_of_two,codex603:10:603009:900,codex603,804.2623443603516,68502,71983,3936,3936,1,4.2847211845219135,71.04751078797719,283.8567176312208,0,
power_of_two,codex359:3:359002:985,codex359,804.9715480804443,27185,28604,302,302,1,1.5425968132913113,25.7819530823302,9.303332600742579,0,
power_of_two,codex278:8:278007:688,codex278,806.1217303276062,82682,86718,678,678,1,9.672911256551743,46.82912640108491,41.37653139606118,0,
power_of_two,codex70:32:70031:358,codex70,806.4945366382599,94780,98438,35,35,1,0.641827180981636,40.25456090183819,2.015387151390314,1,
power_of_two,codex171:6:171005:970,codex171,807.1182734966278,28825,30225,242,242,1,0.5779928006231785,23.90725188791999,6.339856967329979,1,
power_of_two,codex220:21:220020:664,codex220,809.6571555137634,76954,80626,33,33,1,1.1763348616659641,7.880592602305114,1.4286581575870514,1,
power_of_two,codex291:5:291004:1001,codex291,810.4624261856079,49682,52211,428,428,1,3.408941116183996,62.952047008890176,30.289507534354925,0,
power_of_two,codex250:39:250038:609,codex250,810.7962274551392,92830,96836,379,379,1,5.871621858328581,42.58990580482142,21.97096398845315,0,
power_of_two,codex70:33:70032:366,codex70,812.9788086414337,94966,98639,266,266,1,0.7183063365519047,61.55695863208681,17.031118620187044,0,
power_of_two,codex532:3:532002:1062,codex532,813.0636715888977,18688,19607,289,289,1,0.8960760496556759,5.9615392755303125,2.6131148412823677,1,
power_of_two,codex220:22:220021:671,codex220,814.972368478775,77461,81155,361,361,1,1.3685780726373196,59.70404495795568,22.86207416653633,0,
power_of_two,codex359:4:359003:987,codex359,816.1182475090027,30527,32110,486,486,1,1.1354650370776653,6.7488800388636045,4.408768869936466,1,
power_of_two,codex532:4:532003:1067,codex532,816.2199063301086,21534,22612,263,263,1,0.8063630424439907,13.063417477462128,4.229067638516426,1,
power_of_two,codex135:13:135012:450,codex135,817.6123797893524,72405,75470,339,339,1,4.026359137147665,45.451500227112746,19.389329373836517,0,
power_of_two,codex362:1:362000:1086,codex362,820.3233861923218,13228,13910,234,234,1,1.9881427213549614,45.21614357893047,12.523546487092972,0,
power_of_two,codex359:5:359004:993,codex359,821.3209526538849,32382,34030,512,512,1,0.9934119060635567,15.001976370461533,8.659465491771698,1,
power_of_two,codex511:9:511008:833,codex511,822.3021521568298,33745,35357,1506,1506,1,0.47665219753980637,26.940362823761973,41.021995916962624,0,
power_of_two,codex389:2:389001:1079,codex389,823.4519674777985,17771,18679,423,423,1,0.9160758182406425,6.034020140272746,3.462548390030861,1,
power_of_two,codex73:20:73019:724,codex73,823.6746542453766,63289,65871,403,403,1,3.6797602139413357,43.11245081214169,21.01126127690077,0,
power_of_two,codex171:7:171006:989,codex171,823.8668599128723,34714,36432,250,250,1,1.8156341165304184,37.86047937041784,11.244381539523602,0,
power_of_two,codex532:5:532004:1081,codex532,826.569952249527,23566,24695,61,61,1,0.583051860332489,5.967310443520546,0.9411852285265923,1,
power_of_two,codex389:3:389002:1082,codex389,828.5843362808228,29078,30514,335,335,1,4.563983757048845,27.686426092586117,13.811288297176361,0,
power_of_two,codex532:6:532005:1084,codex532,829.7961571216583,26526,27804,287,287,1,0.9497654251754284,6.46027075973424,2.7975509874522686,1,
power_of_two,codex213:16:213015:583,codex213,829.9724810123444,54188,56232,278,278,1,3.2266661413013935,23.87441989263042,9.84003021940589,1,
power_of_two,codex203:21:203020:678,codex203,831.8477580547333,66342,69330,153,153,1,0.6318529769778252,38.29206540984543,6.452560484409332,1,
power_of_two,codex308:11:308010:694,codex308,834.0354521274567,104991,109845,105,105,1,0.6871233321726322,36.80639835790946,4.515026640146971,1,
power_of_two,codex343:5:343004:965,codex343,835.1032974720001,41392,43376,47,47,1,2.224989738315344,71.85569535131039,5.530391901731491,0,
power_of_two,codex359:6:359005:1007,codex359,836.0006058216095,33778,35462,320,320,1,0.854477547109127,23.997111356931047,8.509694378823042,1,
power_of_two,codex272:1:272000:1104,codex272,836.7115211486816,13201,13914,213,213,1,1.443163525313139,55.9558662990073,13.306436970829964,0,
power_of_two,codex88:11:88010:802,codex88,837.8221395015717,96882,101827,1433,1433,1,1.357121042907238,79.22595169124656,114.8091455437243,0,
power_of_two,codex129:4:129003:983,codex129,838.5467643737793,31592,33065,605,605,1,2.7708995565772057,38.1422767983071,25.809279669076204,0,
power_of_two,codex70:34:70033:382,codex70,839.5184066295624,95393,99077,33,33,1,1.5975521877408028,25.061060790903866,2.3996672108769417,1,
power_of_two,codex220:23:220022:680,codex220,840.626461982727,77866,81572,72,72,1,0.8601530306041241,25.980569422245026,2.7050018459558487,1,
power_of_two,codex362:2:362001:1098,codex362,840.7457191944122,32002,33610,319,319,1,4.3593934699893,32.80040151996057,14.789970882236958,0,
power_of_two,codex308:12:308011:701,codex308,841.0941433906555,105143,109998,141,141,1,0.7918868660926819,11.471736058592796,2.3979799076914787,1,
power_of_two,codex171:8:171007:1008,codex171,842.389654636383,37119,38953,175,175,1,1.313559852540493,30.294610915341597,6.584860473871231,1,
power_of_two,codex343:6:343005:972,codex343,842.7070167064667,41768,43769,350,350,1,1.028919257223606,28.366110866681208,10.929382871836424,0,
power_of_two,codex532:7:532006:1100,codex532,843.486499786377,28168,29499,58,58,1,0.901739913970232,3.27487682041369,1.0885609425604343,1,
power_of_two,codex135:14:135013:462,codex135,844.3753833770752,75568,78801,1405,1405,1,2.740015897899866,11.19546606828939,18.458618622273207,1,
power_of_two,codex506:32:506031:791,codex506,846.3041875362396,102167,106980,76,76,1,2.899280920624733,13.515109618504843,3.91301291808486,1,
power_of_two,codex203:22:203021:692,codex203,846.5318908691406,66526,69514,39,39,1,1.020708680152893,14.531875225274186,1.5730143338441849,1,
power_of_two,codex421:16:421015:895,codex421,846.9704375267029,56511,59170,105,105,1,2.277634587138891,11.687305720093159,3.4932588152587414,1,
power_of_two,codex359:7:359006:1014,codex359,847.1015131473541,35082,36835,2912,2912,1,0.8971158713102341,75.17079079388671,219.71975968033075,0,
power_of_two,codex389:4:389003:1093,codex389,848.9646949768066,48587,51066,379,379,1,6.927756525576115,72.40949255764168,34.29858858510852,0,
power_of_two,codex272:2:272001:1108,codex272,850.5825321674347,14780,15589,370,370,1,0.4676571935415268,50.09269446821071,18.952150240540504,0,
power_of_two,codex421:17:421016:899,codex421,851.3088183403015,56872,59545,229,229,1,1.3450400307774544,58.010684130223176,14.571514338254929,0,
power_of_two,codex220:24:220023:693,codex220,851.6054081916809,78039,81747,35,35,1,0.7477777488529682,7.497940979459707,1.0028636567294598,1,
power_of_two,codex203:23:203022:703,codex203,852.0982894897461,66701,69694,140,140,1,0.6040843203663826,40.617901429855564,6.2500125877559185,1,
power_of_two,codex171:9:171008:1021,codex171,853.0589966773987,37301,39135,318,318,1,0.3081752546131611,52.37312785317469,16.910493701696396,0,
power_of_two,codex40:1:40000:1128,codex40,853.1177077293396,12784,13459,218,218,1,1.267461333423853,6.875479602456642,2.7594775557518005,1,
power_of_two,codex308:13:308012:722,codex308,855.5224661827087,105331,110193,622,622,1,2.3943009823560715,28.689144356191253,20.210382487624884,0,
power_of_two,codex70:35:70034:405,codex70,855.8668773174286,95617,99305,187,187,1,1.3798885457217693,64.34102823096578,13.347566302865744,0,
power_of_two,codex213:17:213016:615,codex213,857.7276349067688,54883,56942,226,226,1,1.1600973680615425,52.11339953872893,12.886010956019163,0,
power_of_two,codex343:7:343006:984,codex343,857.8965494632721,44390,46484,2369,2369,1,1.4015594124794006,26.737204081114584,64.71540979295969,0,
power_of_two,codex506:33:506032:806,codex506,858.3342025279999,103258,108124,273,273,1,2.8126177936792374,11.842059437185526,6.0337977930903435,1,
power_of_two,codex532:8:532007:1119,codex532,858.6852297782898,28575,29928,43,43,1,0.49270350486040115,9.721402611051287,0.90122901648283,1,
power_of_two,codex40:2:40001:1135,codex40,858.9609398841858,16307,17133,323,323,1,0.7881776727735996,38.788633721863256,13.27827050164342,0,
power_of_two,codex291:6:291005:1046,codex291,860.4473190307617,56174,59001,195,195,1,3.1275255531072617,36.47357438566144,10.203619133681059,0,
power_of_two,codex532:9:532008:1123,codex532,860.7805695533752,29016,30386,258,258,1,0.6558008790016174,10.238454354644285,3.287302602082491,1,
power_of_two,codex278:9:278008:712,codex278,861.1236789226532,83368,87404,1555,1555,1,1.418372020125389,15.397653865844893,25.3463675044477,1,
power_of_two,codex509:27:509026:584,codex509,863.3060319423676,81282,84827,3563,3563,1,2.07718438655138,85.23767681531965,305.6938333772123,0,
power_of_two,codex506:34:506033:810,codex506,865.8664665222168,107236,112259,53,53,1,4.1241300329566,14.436815936978046,4.875080030411482,1,
power_of_two,codex203:24:203023:716,codex203,866.1091105937958,69257,72379,308,308,1,2.380570985376835,25.224906322622143,10.124654553830624,1,
power_of_two,codex422:29:422028:790,codex422,866.2678043842316,48536,50391,321,321,1,1.1717006228864193,7.900866703130305,3.7000151947140694,1,
power_of_two,codex524:14:524013:668,codex524,866.4862127304077,68568,71509,310,310,1,4.752665031701326,66.50409171158827,25.3024812489748,0,
power_of_two,codex135:15:135014:471,codex135,866.7614004611969,77052,80289,2895,2895,1,4.4418992549180984,83.99169484530553,247.51416417956352,0,
power_of_two,codex421:18:421017:902,codex421,866.9693899154663,58092,60819,1596,1596,1,0.8506619594991207,17.594260668679837,28.913675531744957,1,
power_of_two,codex532:10:532009:1130,codex532,867.6799042224884,29552,30937,263,263,1,2.298451706767082,17.354657674450003,6.845532648265362,1,
power_of_two,codex511:10:511009:845,codex511,869.0180253982544,35307,36924,131,131,1,0.9635838940739632,73.47549085433666,10.515439003705978,0,
power_of_two,codex251:1:251000:1155,codex251,869.5302765369415,12610,13343,268,268,1,1.2747097983956337,23.294723505496087,7.494500741362572,0,
power_of_two,codex70:36:70035:408,codex70,869.9607846736908,102471,106479,73,73,1,5.8339182659983635,10.05941065442231,6.558294836431742,1,
power_of_two,codex109:11:109010:783,codex109,871.9202771186829,32844,34223,188,188,1,1.1514441557228565,13.879449131654546,3.7469972521066666,1,
power_of_two,codex272:3:272002:1111,codex272,872.019965171814,23057,24282,433,433,1,1.9472998157143593,69.53422508754387,31.986123893409967,0,
power_of_two,codex422:30:422029:799,codex422,872.6484134197235,48964,50819,38,38,1,1.1457370519638062,3.2770365879342362,1.2670880295336246,1,
power_of_two,codex506:35:506034:819,codex506,873.0562946796417,108751,113831,70,70,1,2.656283274292946,17.481478713992715,3.862926296889782,1,
power_of_two,codex129:5:129004:1002,codex129,873.7841713428497,38909,40730,142,142,1,2.482163693755865,65.28442025395996,11.688334479928017,0,
power_of_two,codex213:18:213017:626,codex213,876.0990040302277,55283,57351,79,79,1,1.045354176312685,74.80740852845021,6.880374405533075,0,
power_of_two,codex109:12:109011:786,codex109,876.2280688285828,33255,34657,75,75,1,0.3456135615706444,12.676008901483304,1.2838220223784447,1,
power_of_two,codex291:7:291006:1066,codex291,878.3214898109436,57667,60546,214,214,1,1.3469481579959393,14.611637455896593,4.459268342703581,1,
power_of_two,codex203:25:203024:723,codex203,879.124255657196,75662,79080,359,359,1,5.438751135021448,18.67830125854335,12.125786762684584,1,
power_of_two,codex506:36:506035:826,codex506,879.5214984416962,109125,114222,266,266,1,5.155275374650955,21.199845241488152,10.773332253098488,1,
power_of_two,codex40:3:40002:1152,codex40,879.6287291049957,26025,27336,287,287,1,3.640824615955353,17.14403332061284,8.544052794575691,0,
power_of_two,codex308:14:308013:731,codex308,880.4925022125244,106000,110864,586,586,1,2.306497946381569,82.39163983071971,50.50634844228625,0,
power_of_two,codex251:2:251001:1162,codex251,880.5592234134674,15652,16524,337,337,1,4.106574021279812,19.110552888984483,10.527756419032812,0,
power_of_two,codex511:11:511010:850,codex511,880.7089514732361,39802,41626,291,291,1,2.564595676958561,16.892844348632057,7.46355851739645,1,
power_of_two,codex532:11:532010:1144,codex532,880.961220741272,29817,31202,144,144,1,3.717701494693756,24.44281332663723,7.2130576483905315,0,
power_of_two,codex362:3:362002:1139,codex362,882.0584812164307,39275,41295,263,263,1,2.2822869569063187,68.9956124246348,20.359232403337955,0,
power_of_two,codex70:37:70036:419,codex70,882.7735657691956,102546,106554,541,541,1,1.5784103907644749,20.486108075689383,12.640955209732056,1,
power_of_two,codex109:13:109012:801,codex109,882.9752774238586,33575,34987,119,119,1,0.7278552241623402,13.124435287663493,2.276574794203043,1,
power_of_two,codex220:25:220024:748,codex220,883.2520282268524,78198,81916,315,315,1,0.6052071824669838,13.745595884930555,4.921361982822418,1,
power_of_two,codex352:6:352005:871,codex352,883.6948146820068,43516,45395,1714,1714,1,1.940253607928753,8.147243095014922,15.896581675857306,1,
power_of_two,codex291:8:291007:1073,codex291,885.2450397014618,60848,63880,290,290,1,2.9435777217149734,92.40659462951871,29.64918579533696,0,
power_of_two,codex158:1:158000:1171,codex158,885.9289865493774,12671,13320,276,276,1,3.0086720176041126,91.22061546553265,28.094708625227213,0,
power_of_two,codex213:19:213018:635,codex213,886.4644756317139,55536,57613,133,133,1,2.4821583963930607,63.48044224873636,10.861613605171442,0,
power_of_two,codex129:6:129005:1010,codex129,888.1679906845093,40078,41965,155,155,1,0.7747202105820179,76.7463580160946,12.59371843189001,0,
power_of_two,codex422:31:422030:828,codex422,888.9265491962433,49108,50973,50,50,1,0.6092014238238335,7.2208967592035025,0.9631718434393406,1,
power_of_two,codex389:5:389004:1107,codex389,891.0808410644531,52523,55156,1639,1639,1,1.8910296596586704,38.54404746922091,65.02621461451054,0,
power_of_two,codex220:26:220025:755,codex220,891.536066532135,78594,82317,33,33,1,6.531163327395916,62.35920824110508,8.52688492834568,0,
power_of_two,codex40:4:40003:1159,codex40,891.7837386131287,42489,44666,220,220,1,4.952081225812435,8.014881515611796,6.707437764853239,1,
power_of_two,codex422:32:422031:835,codex422,892.4019451141357,49264,51131,55,55,1,4.337079904973507,10.864641724361313,4.9238096214830875,1,
power_of_two,codex294:17:294016:535,codex294,894.9856452941895,80003,83387,205,205,1,4.6824553944170475,9.379599499059658,6.596045199781656,1,
power_of_two,codex506:37:506036:837,codex506,895.4026575088501,110966,116163,357,357,1,4.690438557416201,82.449360028579,34.04270624741912,0,
power_of_two,codex287:7:287006:936,codex287,895.5675728321075,43388,45504,428,428,1,2.090863134711981,50.11878970495711,23.491907756775618,0,
power_of_two,codex382:13:382012:632,codex382,895.7357392311096,55151,57202,339,339,1,4.213067304342985,14.132827597521466,8.990006815642118,1,
power_of_two,codex278:10:278009:732,codex278,897.3175325393677,84967,89004,1392,1392,1,2.019318860024214,39.19787844207799,56.54371554777026,0,
power_of_two,codex421:19:421018:908,codex421,897.575199842453,60469,63237,5345,,0,,,,0,replay_cancelled
power_of_two,codex70:38:70037:429,codex70,898.9053020477295,113341,117878,588,588,1,13.762259129434824,81.02305181438716,61.32324929535389,0,
power_of_two,codex109:14:109013:830,codex109,899.9400062561035,34055,35481,35,35,1,0.8485252857208252,59.284502530799195,2.864648535847664,1,
consistent_hash,codex152:6:152005:198,codex152,300.3662819862366,57952,60853,870,870,1,1.2846010439097881,9.397787658199753,9.451439432799816,1,
consistent_hash,codex220:2:220001:206,codex220,302.8994607925415,22017,23218,242,242,1,1.6826239973306656,9.124639973477208,3.8817614130675793,1,
consistent_hash,codex493:18:493017:97,codex493,303.26414155960083,69184,71919,264,264,1,0.34697098657488823,8.830479866764845,2.669483032077551,1,
consistent_hash,codex586:9:586008:172,codex586,304.8742332458496,43818,46089,91,91,1,0.6206767186522484,9.267097918523683,1.4548088237643242,1,
consistent_hash,codex238:10:238009:98,codex238,307.99224305152893,102749,107776,224,224,1,3.574107054620981,34.52986231566545,11.274321004748344,1,
consistent_hash,codex506:12:506011:175,codex506,308.6874234676361,75992,79549,422,422,1,1.0175947099924088,12.990415945755332,6.486718807369471,1,
consistent_hash,codex436:5:436004:226,codex436,308.7873718738556,28247,29508,317,317,1,1.5698905549943447,6.61826174989154,3.6613569743931293,1,
consistent_hash,codex65:10:65009:85,codex65,309.0200333595276,73449,76913,88,88,1,3.5370871014893055,32.62669053570978,6.375739499926567,1,
consistent_hash,codex526:6:526005:186,codex526,309.2238109111786,34853,36513,71,71,1,3.338715571910143,33.91834566635745,5.71333946287632,0,
consistent_hash,codex220:3:220002:213,codex220,309.39206290245056,24942,26294,273,273,1,3.168395161628723,28.797608444138486,11.001640751957893,0,
consistent_hash,codex493:19:493018:101,codex493,310.66949582099915,69503,72239,1136,1136,1,0.40778931602835655,8.717002699947567,10.301729965955019,1,
consistent_hash,codex509:2:509001:231,codex509,310.7851936817169,18693,19652,311,311,1,1.8152781501412392,26.712698008744947,10.096373226493597,0,
consistent_hash,codex96:16:96015:95,codex96,311.06583881378174,45699,47863,229,229,1,1.5399999916553497,30.003332026433526,8.380802534520626,1,
consistent_hash,codex73:1:73000:234,codex73,311.7057738304138,12906,13617,213,213,1,1.2848025523126125,10.643122120285934,3.541285630315542,1,
consistent_hash,codex526:7:526006:190,codex526,315.97072744369507,35612,37302,226,226,1,0.452741876244545,20.84895160463121,5.143847908824682,1,
consistent_hash,codex152:7:152006:209,codex152,317.107093334198,65213,68383,837,837,1,3.134552400559187,19.543311941887488,19.472910456359386,1,
consistent_hash,codex65:11:65010:87,codex65,318.1291217803955,74650,78163,84,84,1,1.0164657421410084,19.73471543695553,2.654601488262415,1,
consistent_hash,codex238:11:238010:99,codex238,321.54765224456787,104123,109200,836,836,1,1.4192727133631706,16.119161649735386,14.879007205367088,1,
consistent_hash,codex73:2:73001:248,codex73,321.7898588180542,19970,21047,263,263,1,1.225542914122343,10.829291498388042,4.062855891883373,1,
consistent_hash,codex70:14:70013:91,codex70,322.2199614048004,77574,80942,1498,1498,1,0.40951741859316826,12.133954999919883,18.574205242097378,1,
consistent_hash,codex586:10:586009:196,codex586,322.9556565284729,44575,46881,397,397,1,0.5918486043810844,17.406669793405918,7.48512451723218,1,
consistent_hash,codex526:8:526007:194,codex526,323.1577637195587,35840,37530,3032,3032,1,0.40812796726822853,22.440791692976823,68.42625993490219,0,
consistent_hash,codex436:6:436005:238,codex436,323.25161027908325,28936,30208,409,409,1,0.29232028499245644,6.358853742188098,2.8868286162614822,1,
consistent_hash,codex493:20:493019:103,codex493,325.8476490974426,70679,73416,658,658,1,0.38080475479364395,8.676782601953823,6.081557679921389,1,
consistent_hash,codex506:13:506012:188,codex506,326.8087902069092,81212,85026,409,409,1,3.7051633708178997,20.762904583677358,12.176522891968489,1,
consistent_hash,codex436:7:436006:241,codex436,327.5463662147522,33431,34911,295,295,1,1.2339181490242481,9.513962380334634,4.0310636684298515,1,
consistent_hash,codex135:1:135000:259,codex135,328.1071002483368,12832,13483,293,293,1,3.8581844307482243,19.397995702616157,9.522627595812082,0,
consistent_hash,codex73:3:73002:256,codex73,328.5139682292938,24663,25947,442,442,1,3.467589408159256,16.949358508159783,10.942296486347914,1,
consistent_hash,codex250:12:250011:208,codex250,328.77165365219116,53668,56161,90,90,1,0.537426795810461,12.92832534802094,1.688175529241562,1,
consistent_hash,codex422:10:422009:246,codex422,329.0627009868622,31835,33271,145,145,1,0.6546256244182587,9.014643599382707,1.9528907537460327,1,
consistent_hash,codex250:13:250012:210,codex250,331.56717467308044,54597,57145,5922,5922,1,0.694673229008913,14.929755170101492,89.09384870529175,1,
consistent_hash,codex436:8:436007:245,codex436,332.5009648799896,34346,35862,55,55,1,0.8634100034832954,8.641617510605741,1.3301910310983658,1,
consistent_hash,codex422:11:422010:251,codex422,332.6630563735962,33216,34728,1586,1586,1,0.7157523557543755,7.44899007189161,12.522653084248304,1,
consistent_hash,codex586:11:586010:203,codex586,335.45182490348816,45289,47614,1673,1673,1,0.4931960888206959,23.244000160309117,39.357209250330925,0,
consistent_hash,codex493:21:493020:114,codex493,335.77974939346313,71379,74116,1478,1478,1,0.38886747136712074,8.772129012610998,13.34540655836463,1,
consistent_hash,codex119:10:119009:235,codex119,339.4491710662842,59577,62511,1194,1194,1,0.5675034075975418,8.154873891553255,10.296363048255444,1,
consistent_hash,codex509:3:509002:262,codex509,342.2681131362915,24300,25522,397,397,1,1.1706501729786396,27.118692682548005,11.9099399484694,0,
consistent_hash,codex436:9:436008:263,codex436,342.64661717414856,34606,36129,598,598,1,0.2883726730942726,7.96340527621346,5.043086539953947,1,
consistent_hash,codex203:1:203000:280,codex203,344.51912212371826,12685,13394,308,308,1,1.619735911488533,8.506946520521899,4.231534089893103,1,
consistent_hash,codex238:12:238011:110,codex238,346.12543964385986,106587,111760,1567,1567,1,1.7904865965247154,30.97249482821383,50.29371928051114,0,
consistent_hash,codex73:4:73003:271,codex73,347.3391993045807,25714,27044,175,175,1,0.3798214681446552,8.932782294250083,1.934218917042017,1,
consistent_hash,codex152:8:152007:224,codex152,348.3649072647095,66433,69622,263,263,1,0.6237988956272602,9.006636373641836,2.983642805367708,1,
consistent_hash,codex493:22:493021:116,codex493,350.2306206226349,72897,75636,501,501,1,0.521831814199686,9.05883152037859,5.051390629261732,1,
consistent_hash,codex436:10:436009:270,codex436,350.36423659324646,35300,36832,298,298,1,0.25556863844394684,6.989989203937126,2.331692088395357,1,
consistent_hash,codex65:12:65011:120,codex65,351.055068731308,75608,79173,117,117,1,1.1015621609985828,34.11530629442684,5.0589800626039505,1,
consistent_hash,codex203:2:203001:288,codex203,351.16884422302246,30920,32571,373,373,1,3.638125170022249,11.629311978736872,7.964475695043802,1,
consistent_hash,codex135:2:135001:287,codex135,355.5127513408661,19238,20236,371,371,1,1.069800317287445,6.561478690521136,3.497588351368904,1,
consistent_hash,codex436:11:436010:274,codex436,356.10908794403076,35609,37141,58,58,1,0.20719601213932037,6.6833681051145515,0.5883013717830181,1,
consistent_hash,codex96:17:96016:141,codex96,356.9884133338928,49787,52169,35,35,1,1.7700452506542206,19.644355291829388,2.4380454272031784,1,
consistent_hash,codex70:15:70014:106,codex70,358.1605260372162,79112,82480,199,199,1,0.4344865344464779,14.743116862996661,3.3536608517169952,1,
consistent_hash,codex73:5:73004:281,codex73,358.5081799030304,25899,27229,397,397,1,0.18348144739866257,17.128108473814496,6.966373838484287,1,
consistent_hash,codex152:9:152008:230,codex152,359.0047390460968,67024,70235,1023,1023,1,0.6058191321790218,14.11591818348419,15.03238544985652,1,
consistent_hash,codex294:1:294000:308,codex294,360.925573348999,12607,13225,284,284,1,1.2126676440238953,5.606418100346946,2.799385502934456,1,
consistent_hash,codex506:14:506013:220,codex506,361.507372379303,84614,88572,298,298,1,2.257342863827944,19.165906465615485,7.9496568366885185,1,
consistent_hash,codex119:11:119010:257,codex119,361.8739402294159,63254,66308,243,243,1,1.4950918778777122,8.440222868249437,3.537724457681179,1,
consistent_hash,codex70:16:70015:113,codex70,363.0753712654114,79534,82915,70,70,1,2.3531907126307487,16.729650236126304,3.5075767375528812,1,
consistent_hash,codex203:3:203002:301,codex203,363.2992105484009,37948,39892,341,341,1,2.1734627410769463,12.5474994235179,6.43965008109808,1,
consistent_hash,codex509:4:509003:276,codex509,363.6618711948395,28202,29576,222,222,1,1.1794257871806622,37.06142648515119,9.37037893757224,0,
consistent_hash,codex65:13:65012:132,codex65,364.376247882843,75809,79379,84,84,1,0.5092560611665249,36.039017140865326,3.5007260739803314,1,
consistent_hash,codex294:2:294001:312,codex294,364.9886939525604,24132,25331,331,331,1,2.054846841841936,6.278391227577671,4.126819513738155,1,
consistent_hash,codex73:6:73005:284,codex73,366.5790717601776,29718,31248,215,215,1,0.990624375641346,13.505064664739315,3.8808029145002365,1,
consistent_hash,codex119:12:119011:261,codex119,367.0350420475006,69661,73010,227,227,1,3.2586832717061043,8.666878219990604,5.217495355755091,1,
consistent_hash,codex70:17:70016:118,codex70,369.45029735565186,80505,83925,4198,4198,1,1.2998556904494762,15.79344500817513,67.58498154208064,1,
consistent_hash,codex65:14:65013:136,codex65,369.7295219898224,77201,80834,249,249,1,1.5118571445345879,34.4996131175468,10.068171333521605,1,
consistent_hash,codex96:18:96017:157,codex96,369.91964411735535,49901,52287,35,35,1,0.40126677230000496,63.41939474291661,2.5578939989209175,1,
consistent_hash,codex203:4:203003:310,codex203,374.20728182792664,43775,46015,837,837,1,1.9555314518511295,17.047773935257247,16.207564428448677,1,
consistent_hash,codex506:15:506014:225,codex506,374.8027801513672,87342,91448,273,273,1,2.102303560823202,9.832436424296569,4.776872523128986,1,
consistent_hash,codex422:12:422011:297,codex422,374.9147398471832,35463,37006,2450,2450,1,0.822967879474163,8.989771565657433,22.838972348719835,1,
consistent_hash,codex96:19:96018:165,codex96,375.0955662727356,50011,52399,100,100,1,0.3791283518075943,34.45002989787044,3.789970677345991,1,
consistent_hash,codex586:12:586011:205,codex586,375.7309534549713,47032,49357,142,142,1,0.34475061297416687,30.94957967070823,4.708734065294266,1,
consistent_hash,codex152:10:152009:236,codex152,380.8884677886963,76538,80172,2079,2079,1,7.940138027071953,13.967463015233587,36.96475636586547,1,
consistent_hash,codex135:3:135002:328,codex135,383.3352806568146,37830,39765,624,624,1,6.473642680794001,14.380618583046221,15.432916540652514,1,
consistent_hash,codex436:12:436011:314,codex436,383.4508261680603,35987,37540,6189,6189,1,0.42954933270812035,10.679390832285728,66.51371792703867,1,
consistent_hash,codex96:20:96019:174,codex96,383.87240767478943,50113,52501,321,321,1,0.3511789031326771,42.49621006892994,13.950146343559027,0,
consistent_hash,codex586:13:586012:212,codex586,384.2136266231537,47318,49656,120,120,1,0.3433133214712143,58.7433686151224,7.333866182714701,0,
consistent_hash,codex65:15:65014:144,codex65,385.42119669914246,84048,88055,44,44,1,4.105567537248135,38.024913519620895,5.741007521748543,1,
consistent_hash,codex493:23:493022:158,codex493,386.061772108078,73440,76183,258,258,1,0.39700283482670784,9.038090908805684,2.719898097217083,1,
consistent_hash,codex73:7:73006:313,codex73,387.1018576622009,30071,31604,3740,3740,1,2.7094634883105755,14.084236665974329,55.370718855410814,1,
consistent_hash,codex493:24:493023:164,codex493,391.09193420410156,79971,83043,526,526,1,3.702011689543724,9.529026995102564,8.70488028228283,1,
consistent_hash,codex526:9:526008:199,codex526,391.93275785446167,40831,42628,282,282,1,0.8595343045890331,26.514162637585,8.310109850019217,1,
consistent_hash,codex509:5:509004:309,codex509,393.1971480846405,33641,35311,41,41,1,1.5065341740846634,39.02967618778348,3.0677692592144012,1,
consistent_hash,codex213:1:213000:354,codex213,393.72939920425415,12454,13027,248,248,1,1.2026914432644844,5.687209230806181,2.607524149119854,1,
consistent_hash,codex294:3:294002:351,codex294,393.85151624679565,28703,30119,522,522,1,1.345559697598219,10.60982992347051,6.873428042978048,1,
consistent_hash,codex586:14:586013:217,codex586,395.1831765174866,48221,50609,264,264,1,0.7275657653808594,18.654612066514595,5.633961763232946,1,
consistent_hash,codex65:16:65015:153,codex65,397.7394561767578,84420,88447,343,343,1,0.7965633198618889,14.105643042259745,5.62073390558362,1,
consistent_hash,codex213:2:213001:359,codex213,398.37392711639404,20123,21037,266,266,1,1.2593058869242668,6.133428806403898,2.884799148887396,1,
consistent_hash,codex422:13:422012:302,codex422,400.0025796890259,37955,39499,810,810,1,0.23244062811136246,9.965446030511549,8.29452845081687,1,
consistent_hash,codex509:6:509005:321,codex509,401.7075204849243,34392,36098,486,486,1,0.44822966679930687,27.510677907884737,13.791059199720621,0,
consistent_hash,codex203:5:203004:332,codex203,403.35477471351624,45444,47732,404,404,1,0.7583139464259148,17.591241580750747,7.84774462506175,1,
consistent_hash,codex119:13:119012:311,codex119,404.5847809314728,74678,78287,218,218,1,3.2444045580923557,9.047845129593178,5.2078860104084015,1,
consistent_hash,codex493:25:493024:177,codex493,404.8965799808502,80601,83680,72,72,1,0.9597466699779034,8.820778624692434,1.58640381321311,1,
consistent_hash,codex238:13:238012:126,codex238,405.354140996933,115776,121347,281,281,1,6.74176362529397,29.384017043880053,14.96932890638709,0,
consistent_hash,codex65:17:65016:161,codex65,407.1527256965637,85321,89373,5147,5147,1,7.5493310280144215,30.85069683678318,166.30705717206,0,
consistent_hash,codex213:3:213002:370,codex213,407.2715947628021,23980,25069,293,293,1,1.0328668169677258,5.8009860884041,2.7269580736756325,1,
consistent_hash,codex493:26:493025:179,codex493,408.29100799560547,81005,84104,298,298,1,0.6829120069742203,9.45078856264702,3.4898938462138176,1,
consistent_hash,codex294:4:294003:363,codex294,409.6783356666565,37939,39816,264,264,1,2.5889835469424725,10.010621110296068,5.221944637596607,1,
consistent_hash,codex166:1:166000:376,codex166,410.18690729141235,13597,14321,244,244,1,1.3564957790076733,5.744216204793365,2.7524377293884754,1,
consistent_hash,codex526:10:526009:214,codex526,411.5308287143707,49395,51620,44,44,1,3.387749843299389,32.94996137535849,4.804637264460325,1,
consistent_hash,codex135:4:135003:352,codex135,413.23579502105713,40930,42988,555,555,1,1.0273579359054565,11.808374916818599,7.569413591176271,1,
consistent_hash,codex166:2:166001:386,codex166,414.8900706768036,24429,25678,289,289,1,2.0001796782016754,6.320267760505279,3.820566687732935,1,
consistent_hash,codex213:4:213003:381,codex213,415.80177903175354,24541,25652,259,259,1,0.21925200521945953,6.378186447906864,1.8649507910013199,1,
consistent_hash,codex422:14:422013:315,codex422,416.33094120025635,38808,40356,232,232,1,0.2417081780731678,16.236424897656295,3.992362007498741,1,
consistent_hash,codex294:5:294004:371,codex294,417.14085483551025,41385,43436,336,336,1,1.2008597888052464,11.159054712573095,4.939235359430313,1,
consistent_hash,codex203:6:203005:340,codex203,418.0716881752014,49413,51878,125,125,1,1.5917520597577095,15.447483097593631,3.5073340982198715,1,
consistent_hash,codex509:7:509006:329,codex509,420.22201013565063,41886,43966,54,54,1,2.5375601276755333,17.832337123043132,3.48276511952281,1,
consistent_hash,codex213:5:213004:389,codex213,420.31901121139526,27304,28539,959,959,1,0.7359423562884331,6.564950885441706,7.025267973542213,1,
consistent_hash,codex526:11:526010:223,codex526,422.7501571178436,50052,52304,135,135,1,0.6774926520884037,13.652027765316749,2.506900127977133,1,
consistent_hash,codex294:6:294005:374,codex294,423.41583013534546,45790,48086,325,325,1,1.5727014280855656,10.417231289600885,4.947988133877516,1,
consistent_hash,codex250:14:250013:216,codex250,425.2532458305359,60616,63171,318,318,1,0.7808383479714394,19.7395978242817,7.03832895681262,1,
consistent_hash,codex509:8:509007:334,codex509,425.397358417511,42947,45082,219,219,1,1.186181042343378,13.068225952463413,4.035148974508047,1,
consistent_hash,codex203:7:203006:346,codex203,425.55999302864075,51022,53577,1130,1130,1,1.5778002813458443,17.220105593108414,21.019344374537468,1,
consistent_hash,codex166:3:166002:399,codex166,425.6528995037079,28289,29754,295,295,1,1.4800881445407867,6.104630171036233,3.2749493196606636,1,
consistent_hash,codex506:16:506015:285,codex506,425.95340394973755,89314,93503,100,100,1,2.226023904979229,39.41491483287378,6.1283369064331055,1,
consistent_hash,codex421:1:421000:402,codex421,426.551162481308,12750,13368,304,304,1,3.1370769664645195,30.083330292807947,12.252366170287132,0,
consistent_hash,codex152:11:152010:255,codex152,427.121488571167,80169,83872,1720,1720,1,2.5757983066141605,23.63713887704882,43.20808416977525,0,
consistent_hash,codex422:15:422014:330,codex422,428.54640793800354,40595,42212,168,168,1,0.7186374068260193,9.889901375877642,2.3703451976180077,1,
consistent_hash,codex213:6:213005:394,codex213,429.98663854599,28555,29805,216,216,1,0.29781537875533104,6.834182784307835,1.7672007456421852,1,
consistent_hash,codex526:12:526011:227,codex526,430.57968497276306,50418,52679,46,46,1,0.4243790805339813,16.647900144259136,1.173580702394247,1,
consistent_hash,codex238:14:238013:139,codex238,431.5911135673523,118324,124016,4163,4163,1,3.1037473157048225,33.564641438012856,142.79982670024037,0,
consistent_hash,codex135:5:135004:368,codex135,431.74897170066833,44716,46959,671,671,1,1.635349616408348,20.02029030291892,15.049040623009205,1,
consistent_hash,codex119:14:119013:342,codex119,432.01061725616455,79915,83767,4202,4202,1,3.5760939940810204,18.478539884728892,81.2045375853777,1,
consistent_hash,codex166:4:166003:407,codex166,432.2878291606903,30069,31615,512,512,1,3.3213866241276264,12.107801654625778,9.5085663869977,1,
consistent_hash,codex586:15:586014:254,codex586,432.54470705986023,48614,51008,75,75,1,2.221441511064768,22.106379773971195,3.857472725212574,1,
consistent_hash,codex526:13:526012:229,codex526,433.6456642150879,51283,53591,1513,1513,1,1.1276612244546413,35.104925451041375,54.20654013380408,0,
consistent_hash,codex506:17:506016:295,codex506,434.2945222854614,89506,93701,70,70,1,0.5414493978023529,31.966265506934427,2.7471746504306793,1,
consistent_hash,codex294:7:294006:388,codex294,434.5926613807678,49368,51855,959,959,1,1.4830942936241627,11.015433460349579,12.035972472280264,1,
consistent_hash,codex250:15:250014:222,codex250,437.02739810943604,66202,69002,71,71,1,2.811157036572695,17.411186386431964,4.030198644846678,1,
consistent_hash,codex213:7:213006:403,codex213,437.18668150901794,28781,30031,5258,5258,1,0.17714932933449745,6.833050062708785,36.09864819049835,1,
consistent_hash,codex70:18:70017:123,codex70,438.79409551620483,84742,88162,449,449,1,1.0900851860642433,14.445632845828575,7.561823025345802,1,
consistent_hash,codex586:16:586015:266,codex586,441.7266285419464,49585,52017,71,71,1,0.6948843896389008,33.93538525061948,3.0707242637872696,1,
consistent_hash,codex548:1:548000:434,codex548,442.95277643203735,13026,13754,279,279,1,1.3242487385869026,34.61424276071916,10.94717514142394,0,
consistent_hash,codex509:9:509008:353,codex509,443.1619770526886,43723,45882,61,61,1,0.5236454159021378,36.24301844586929,2.6984378658235073,1,
consistent_hash,codex73:8:73007:317,codex73,443.5151970386505,36857,38581,4578,4578,1,1.1023314781486988,18.946675281350675,87.82130262255669,1,
consistent_hash,codex586:17:586016:267,codex586,445.8138463497162,49771,52207,33,33,1,0.3672479838132858,23.790705017745495,1.128789834678173,1,
consistent_hash,codex166:5:166004:414,codex166,446.5729401111603,51392,53969,2788,2788,1,6.763974603265524,17.27161602062652,54.90001071244478,1,
consistent_hash,codex421:2:421001:422,codex421,447.2397701740265,29006,30401,373,373,1,3.130360219627619,17.406524329255987,9.60573947057128,1,
consistent_hash,codex250:16:250015:228,codex250,447.9115447998047,66362,69165,33,33,1,0.38461558893322945,7.645148551091552,0.6293913312256336,1,
consistent_hash,codex203:8:203007:356,codex203,451.654904127121,54382,57047,3997,3997,1,1.320913404226303,12.181277701014036,49.997388869524,1,
consistent_hash,codex436:13:436012:320,codex436,451.7783582210541,42321,43877,506,506,1,0.3136691451072693,9.47940407855676,5.100995693355799,1,
consistent_hash,codex70:19:70018:131,codex70,452.74385023117065,85230,88651,1403,1403,1,0.43169187754392624,14.846078315470766,21.24605257809162,1,
consistent_hash,codex220:4:220003:398,codex220,453.6707434654236,38133,40182,782,782,1,3.6270996034145355,41.762806756586485,36.24400873109698,0,
consistent_hash,codex506:18:506017:323,codex506,454.45763635635376,89665,93861,51,51,1,0.7233677543699741,29.104608446359634,2.178753897547722,1,
consistent_hash,codex294:8:294007:400,codex294,454.62906432151794,51588,54150,277,277,1,0.9096912369132042,9.30302841183932,3.4774689562618732,1,
consistent_hash,codex548:2:548001:439,codex548,454.7183256149292,24720,26039,361,361,1,2.30870858207345,15.713015788545212,7.965434160083532,1,
consistent_hash,codex586:18:586017:277,codex586,454.87585830688477,49941,52380,76,76,1,2.4263002425432205,41.552721013625465,5.542900875210762,1,
consistent_hash,codex506:19:506018:326,codex506,459.0271008014679,89775,93973,66,66,1,0.8910518623888493,46.21332499843378,3.8950812965631485,1,
consistent_hash,codex382:1:382000:460,codex382,459.3624897003174,13136,13800,422,422,1,1.3001672811806202,5.767998991273078,3.7286357395350933,1,
consistent_hash,codex250:17:250016:240,codex250,459.73766016960144,66486,69289,35,35,1,0.5771067962050438,17.202727496623993,1.1620906665921211,1,
consistent_hash,codex135:6:135005:391,codex135,459.9037733078003,50113,52623,1659,1659,1,1.9960328675806522,21.969631878238967,38.42187309265137,0,
consistent_hash,codex509:10:509009:375,codex509,461.72607922554016,44332,46523,59,59,1,0.5659910291433334,37.81356591859768,2.7594508938491344,1,
consistent_hash,codex250:18:250017:244,codex250,462.677499294281,66611,69422,70,70,1,0.4235597215592861,17.778914961693943,1.6503959223628044,1,
consistent_hash,codex421:3:421002:440,codex421,462.90054869651794,36711,38457,39,39,1,2.479159887880087,14.927411549969724,3.0464471951127052,1,
consistent_hash,codex250:19:250018:249,codex250,465.193639755249,66771,69592,44,44,1,0.5811134316027164,17.527374070744184,1.3348834551870823,1,
consistent_hash,codex509:11:509010:378,codex509,465.36995816230774,46435,48727,51,51,1,1.0759142935276031,39.22304689884186,3.037655930966139,1,
consistent_hash,codex548:3:548002:449,codex548,465.75483655929565,34751,36559,534,534,1,2.627535615116358,16.016843877243502,11.164665393531322,1,
consistent_hash,codex294:9:294008:417,codex294,467.884703874588,54037,56703,867,867,1,1.6659341268241405,8.062654039360083,8.648289989680052,1,
consistent_hash,codex586:19:586018:291,codex586,468.0523319244385,51322,53832,568,568,1,1.1495244689285755,38.7350014317288,23.112367317080498,0,
consistent_hash,codex506:20:506019:335,codex506,468.3541989326477,90197,94416,75,75,1,0.8237348049879074,31.288700329290855,3.139197498559952,1,
consistent_hash,codex421:4:421003:447,codex421,469.0048716068268,37190,38966,317,317,1,0.4535539373755455,23.491610643229908,7.877186190336943,1,
consistent_hash,codex509:12:509011:383,codex509,470.3230152130127,47548,49873,418,418,1,0.7748208157718182,40.575276309852114,17.694802403450012,0,
consistent_hash,codex382:2:382001:482,codex382,470.8707187175751,20518,21564,325,325,1,1.2163168117403984,6.111849225873565,3.196762714534998,1,
consistent_hash,codex506:21:506020:339,codex506,473.2005567550659,90363,94583,58,58,1,0.5622285827994347,27.185622602701187,2.111962001770735,1,
consistent_hash,codex70:20:70019:134,codex70,475.1178936958313,86672,90096,261,261,1,0.43063418194651604,14.226430812134193,4.129672855138779,1,
consistent_hash,codex508:1:508000:489,codex508,475.76645135879517,12977,13678,291,291,1,1.260592456907034,6.249806708816824,3.0730889067053795,1,
consistent_hash,codex152:12:152011:269,codex152,477.45177841186523,81931,85641,1091,1091,1,0.7121394723653793,19.889702794885416,22.391954708844423,1,
consistent_hash,codex294:10:294009:424,codex294,477.6495273113251,56005,58728,211,211,1,0.7843327671289444,8.055407411995388,2.4762194640934467,1,
consistent_hash,codex506:22:506021:341,codex506,478.8282940387726,90548,94784,152,152,1,0.6331529468297958,45.45032353886705,7.496306553483009,1,
consistent_hash,codex213:8:213007:413,codex213,479.165602684021,34080,35329,247,247,1,0.2421688660979271,6.858999666765453,1.9295885935425758,1,
consistent_hash,codex493:27:493026:264,codex493,479.9850564002991,81696,84803,79,79,1,0.7023527733981609,9.54061980621937,1.4465581476688385,1,
consistent_hash,codex421:5:421004:456,codex421,481.0212309360504,43485,45608,53,53,1,2.1538953967392445,34.519263901389564,3.949263356626034,1,
consistent_hash,codex382:3:382002:497,codex382,481.4262652397156,27038,28405,250,250,1,1.4200002253055573,17.344785921544915,5.739025589078665,1,
consistent_hash,codex508:2:508001:502,codex508,483.16483068466187,26068,27460,343,343,1,2.4791306667029858,7.596864610126144,5.077358700335026,1,
consistent_hash,codex70:21:70020:142,codex70,485.633367061615,88289,91779,47,47,1,1.3095749616622925,13.279552692952365,1.9206019714474678,1,
consistent_hash,codex213:9:213008:426,codex213,486.4733021259308,35836,37148,418,418,1,0.8705408945679665,7.0438280308561065,3.8079729937016964,1,
consistent_hash,codex294:11:294010:436,codex294,486.6736695766449,60062,62980,691,691,1,2.0875126980245113,16.672352625839952,13.591531690210104,1,
consistent_hash,codex436:14:436013:361,codex436,488.7429265975952,52712,54762,1002,1002,1,3.7687693163752556,10.731889055920886,14.511556208133698,1,
consistent_hash,codex548:4:548003:480,codex548,492.1021499633789,37876,39850,341,341,1,1.7175180204212666,20.452281427295766,8.67145548388362,1,
consistent_hash,codex308:1:308000:510,codex308,492.1668679714203,12525,13069,256,256,1,2.2502670660614967,19.667015516874837,7.265394430607557,0,
consistent_hash,codex508:3:508002:508,codex508,492.96079325675964,36170,38088,43,43,1,2.8944033347070217,10.21994384271758,3.3238616958260536,1,
consistent_hash,codex70:22:70021:151,codex70,494.1460702419281,88630,92142,1407,1407,1,1.0022907480597496,11.632602757232458,17.35782902315259,1,
consistent_hash,codex493:28:493027:279,codex493,494.40618991851807,81853,84963,91,91,1,1.4560758993029594,9.817499046524366,2.3397513814270496,1,
consistent_hash,codex526:14:526013:237,codex526,495.63437581062317,52835,55143,1715,1715,1,0.3658897466957569,34.14647896038401,58.89299909025431,0,
consistent_hash,codex508:4:508003:517,codex508,499.42666149139404,38100,40118,339,339,1,0.8264921233057976,9.977490227867866,4.198978766798973,1,
consistent_hash,codex506:23:506022:360,codex506,499.8374750614166,91818,96130,311,311,1,1.647842776030302,19.593557390955187,7.722077418118715,1,
consistent_hash,codex382:4:382003:514,codex382,500.7077569961548,27664,29047,112,112,1,0.303677324205637,12.303873795915294,1.6696454100310802,1,
consistent_hash,codex493:29:493028:290,codex493,501.28781270980835,82036,85154,77,77,1,0.6566890776157379,14.597097950938501,1.7661127783358097,1,
consistent_hash,codex135:7:135006:397,codex135,501.4678773880005,53474,56055,1811,1811,1,0.9671850688755512,15.626205783851898,29.250725843012333,1,
consistent_hash,codex422:16:422015:442,codex422,502.83479380607605,40805,42422,143,143,1,0.40272268652915955,6.460186303921149,1.3201677352190018,1,
consistent_hash,codex213:10:213009:451,codex213,503.0505270957947,40253,41796,214,214,1,1.557582464069128,7.242929137928385,3.100425936281681,1,
consistent_hash,codex509:13:509012:410,codex509,503.2258791923523,51948,54457,90,90,1,1.8532256409525871,30.980269602510365,4.610871307551861,1,
consistent_hash,codex166:6:166005:430,codex166,504.59848070144653,55769,58413,1706,1706,1,1.2890256382524967,32.58276792609097,56.842967089265585,0,
consistent_hash,codex382:5:382004:522,codex382,505.0707380771637,31387,32966,308,308,1,2.779886908829212,49.152320985005815,17.86968434229493,0,
consistent_hash,codex493:30:493029:296,codex493,505.5365161895752,84992,88201,35,35,1,2.3637201003730297,10.454268139951369,2.7193283699452877,1,
consistent_hash,codex152:13:152012:275,codex152,505.87199687957764,83065,86778,298,298,1,0.5414992161095142,18.59730952466377,6.064940631389618,1,
consistent_hash,codex220:5:220004:432,codex220,506.3259618282318,39109,41168,266,266,1,0.42312972992658615,35.994363885443164,9.961789935827255,0,
consistent_hash,codex308:2:308001:525,codex308,506.72003507614136,29265,30688,331,331,1,4.089667126536369,17.366965318267997,9.820915829390287,0,
consistent_hash,codex548:5:548004:493,codex548,507.35270857810974,40750,42873,397,397,1,3.4605933725833893,16.345676241649524,9.933574344962835,1,
consistent_hash,codex508:5:508004:526,codex508,509.718683719635,48401,50899,248,248,1,11.849712681025267,13.05294519493937,15.07382657378912,0,
consistent_hash,codex436:15:436014:377,codex436,511.0980987548828,53782,55840,292,292,1,0.32497426867485046,11.873301400249357,3.780286271125078,1,
consistent_hash,codex493:31:493030:305,codex493,511.92430806159973,99512,103469,65,65,1,11.030770495533943,5.8249939465895295,11.403805278241634,0,
consistent_hash,codex294:12:294011:459,codex294,512.5639100074768,61037,63970,144,144,1,0.7467968016862869,14.170768742377941,2.7733889669179916,1,
consistent_hash,codex422:17:422016:457,codex422,512.6861345767975,40991,42609,373,373,1,0.23368902131915092,10.817179536466957,4.257780659943819,1,
consistent_hash,codex509:14:509013:421,codex509,513.7244358062744,53337,55922,312,312,1,1.1728505156934261,25.85869645430344,9.2149453535676,1,
consistent_hash,codex70:23:70022:155,codex70,514.0297930240631,90076,93592,193,193,1,0.4792916588485241,10.016776989990225,2.402609720826149,1,
consistent_hash,codex152:14:152013:278,codex152,514.7983224391937,83541,87266,61,61,1,0.6169436015188694,53.18611040711403,3.8083326034247875,1,
consistent_hash,codex506:24:506023:373,codex506,515.7913062572479,95043,99531,220,220,1,2.391014654189348,18.163813864939833,6.368985768407583,1,
consistent_hash,codex294:13:294012:465,codex294,517.5405163764954,64296,67349,414,414,1,2.9725247360765934,12.465486677304884,8.12093622237444,1,
consistent_hash,codex436:16:436015:384,codex436,517.7105007171631,56611,58804,161,161,1,2.756310410797596,15.464015770703554,5.23059007525444,1,
consistent_hash,codex308:3:308002:528,codex308,518.8183839321136,42981,45110,206,206,1,8.895592421293259,25.978345078666035,14.221246391534805,0,
consistent_hash,codex548:6:548005:498,codex548,519.808554649353,44992,47323,152,152,1,8.840107019990683,26.253837524660376,12.804476730525494,0,
consistent_hash,codex213:11:213010:479,codex213,520.0069835186005,41616,43214,1067,1067,1,0.6012211702764034,7.42588814970029,8.51735857501626,1,
consistent_hash,codex422:18:422017:468,codex422,522.0434100627899,41408,43027,615,615,1,0.8922341577708721,8.90785736010595,6.361696604639292,1,
consistent_hash,codex152:15:152014:286,codex152,522.5849370956421,83694,87419,39,39,1,0.5675622336566448,28.678691308749347,1.657396286725998,1,
consistent_hash,codex119:15:119014:357,codex119,522.9278607368469,91494,95751,97,97,1,5.80457029864192,30.081961886025965,8.692530054599047,0,
consistent_hash,codex509:15:509014:425,codex509,523.7482228279114,59263,62152,107,107,1,5.699539080262184,86.32681026773632,14.850447673350573,0,
consistent_hash,codex70:24:70023:170,codex70,524.032604932785,90492,94032,243,243,1,0.8084766454994678,11.467498242239323,3.5837055295705795,1,
consistent_hash,codex220:6:220005:445,codex220,524.2321557998657,58632,61798,201,201,1,12.085789274424314,29.310787674039602,17.947988484054804,0,
consistent_hash,codex250:20:250019:338,codex250,524.7869293689728,66907,69731,50,50,1,0.4559701457619667,13.94431711155541,1.139335721731186,1,
consistent_hash,codex524:1:524000:552,codex524,524.9976780414581,12728,13343,276,276,1,11.159072872251272,28.011720966209065,18.862386103719473,0,
consistent_hash,codex508:6:508005:530,codex508,528.4005999565125,50868,53482,262,262,1,1.3250702284276485,7.106739999119806,3.1800225116312504,1,
consistent_hash,codex436:17:436016:396,codex436,529.7141127586365,56783,58977,530,530,1,0.28895043954253197,14.681208047783441,8.055403131991625,1,
consistent_hash,codex213:12:213011:485,codex213,529.8690888881683,42800,44399,250,250,1,0.30312878265976906,7.369242713274247,2.138164632022381,1,
consistent_hash,codex294:14:294013:481,codex294,531.3308358192444,67296,70514,1673,1673,1,1.5673387236893177,11.197644698045899,20.289895936846733,1,
consistent_hash,codex203:9:203008:406,codex203,532.3186979293823,58451,61119,244,244,1,0.6698376052081585,11.822511077908331,3.542747974395752,1,
consistent_hash,codex152:16:152015:304,codex152,532.6059939861298,83824,87555,38,38,1,0.7668243199586868,11.795599214934013,1.2068156711757183,1,
consistent_hash,codex73:9:73008:322,codex73,532.7335917949677,41482,43206,1052,1052,1,0.2708054147660732,15.62588566915973,16.69365229830146,1,
consistent_hash,codex493:32:493031:324,codex493,534.6345772743225,102459,106544,35,35,1,2.7003211453557014,8.941503570360295,3.0044289380311966,1,
consistent_hash,codex152:17:152016:306,codex152,534.9146480560303,83952,87683,39,39,1,1.6313725784420967,40.31706875876377,3.1634635142982006,1,
consistent_hash,codex548:7:548006:503,codex548,535.1176280975342,52639,55388,4342,4342,1,4.658065717667341,51.374309206889045,227.6740345545113,0,
consistent_hash,codex422:19:422018:484,codex422,535.2438695430756,42067,43686,613,613,1,1.3208442740142345,13.094348881661503,9.334676247090101,1,
consistent_hash,codex250:21:250020:349,codex250,535.5470581054688,67049,69886,159,159,1,1.4258784465491772,14.496770699190188,3.716459110379219,1,
consistent_hash,codex119:16:119015:364,codex119,535.8514020442963,92322,96618,86,86,1,6.678136967122555,52.732571214437485,11.160735085606575,0,
consistent_hash,codex70:25:70024:183,codex70,536.1480433940887,90774,94315,605,605,1,0.5988262183964252,12.50740967148187,8.153494987636805,1,
consistent_hash,codex213:13:213012:490,codex213,536.3072357177734,44644,46333,356,356,1,0.8260516636073589,7.500152352830054,3.4890731647610664,1,
consistent_hash,codex135:8:135007:409,codex135,536.5321140289307,58148,60904,1437,1437,1,1.5245104171335697,13.778888755335284,21.311091605573893,1,
consistent_hash,codex308:4:308003:538,codex308,539.1484770774841,52478,55125,412,412,1,5.090242680162191,43.6530597417314,23.03196107596159,0,
consistent_hash,codex213:14:213013:495,codex213,540.9834547042847,46635,48396,2138,2138,1,0.8870618417859077,7.7394562301426,17.42637885734439,1,
consistent_hash,codex278:1:278000:577,codex278,541.3884737491608,12612,13270,242,242,1,2.8651129230856895,34.47948883121439,11.174710877239704,0,
consistent_hash,codex250:22:250021:355,codex250,541.8597054481506,67404,70249,79,79,1,0.49217765778303146,14.139792141623987,1.5951730944216251,1,
consistent_hash,codex508:7:508006:544,codex508,542.1736693382263,55824,58664,214,214,1,2.1114954315125942,8.01896059037374,3.8196857906877995,1,
consistent_hash,codex506:25:506024:411,codex506,543.0579047203064,97659,102293,259,259,1,2.19455923512578,21.733415435797482,7.801871590316296,1,
consistent_hash,codex152:18:152017:319,codex152,546.384171962738,84085,87817,69,69,1,0.578271996229887,36.24994696720558,3.0433024019002914,1,
consistent_hash,codex524:2:524001:558,codex524,546.5699470043182,14528,15204,295,295,1,0.44171667471528053,23.53049273647013,7.360043007880449,1,
consistent_hash,codex382:6:382005:549,codex382,547.1391317844391,31706,33285,141,141,1,0.20475702360272408,6.6520205565861295,1.136135771870613,1,
consistent_hash,codex119:17:119016:369,codex119,548.6264684200287,93677,98035,8668,8668,1,1.4303756318986416,54.82672076675325,476.6136095523834,0,
consistent_hash,codex250:23:250022:362,codex250,549.4200358390808,81171,84711,43,43,1,7.604634735733271,8.471550419926643,7.960535295307636,0,
consistent_hash,codex508:8:508007:550,codex508,549.6297454833984,56599,59479,292,292,1,0.5894207283854485,55.69805390492747,16.797650318592787,0,
consistent_hash,codex382:7:382006:553,codex382,550.6221611499786,34492,36206,315,315,1,0.944871686398983,49.865630698526736,16.602770932018757,0,
consistent_hash,codex493:33:493032:343,codex493,552.5532937049866,117013,121853,91,91,1,11.821694783866405,23.153599517212974,13.90574300289154,0,
consistent_hash,codex220:7:220006:469,codex220,552.9935867786407,59050,62223,35,35,1,0.897312842309475,77.8628187801908,3.544992234557867,1,
consistent_hash,codex278:2:278001:582,codex278,553.1331312656403,38512,40483,521,521,1,6.492765989154577,65.33170144718427,40.4652995467186,0,
consistent_hash,codex509:16:509015:454,codex509,553.3729748725891,59944,62870,39,39,1,1.0963678546249866,63.06670606136322,3.493053261190653,1,
consistent_hash,codex73:10:73009:327,codex73,553.4997441768646,42653,44385,111,111,1,0.6113645434379578,17.446279254826635,2.530550044029951,1,
consistent_hash,codex152:19:152018:325,codex152,553.7691419124603,84246,87983,86,86,1,0.6637382917106152,17.317455481080447,2.1358771063387394,1,
consistent_hash,codex524:3:524002:564,codex524,554.9718878269196,21738,22707,313,313,1,1.3386441059410572,30.72104297387294,10.923652064055204,0,
consistent_hash,codex422:20:422019:499,codex422,555.287220954895,42726,44348,292,292,1,0.22810712829232216,7.384062658265694,2.376964043825865,1,
consistent_hash,codex352:1:352000:600,codex352,557.8009874820709,12527,13195,220,220,1,7.289739824831486,10.641094552327509,9.620236564427614,0,
consistent_hash,codex250:24:250023:367,codex250,558.3428862094879,81306,84848,125,125,1,0.477230791002512,11.596191674470901,1.9153986163437366,1,
consistent_hash,codex203:10:203009:448,codex203,559.2055642604828,58877,61555,280,280,1,0.6573422364890575,8.894380168675522,3.139005471020937,1,
consistent_hash,codex509:17:509016:458,codex509,559.4199922084808,61650,64673,39,39,1,1.3491276763379574,33.1751687550231,2.6102336421608925,1,
consistent_hash,codex526:15:526014:247,codex526,559.6141500473022,54589,56897,589,589,1,1.1586316153407097,45.40670593427557,27.85811546072364,0,
consistent_hash,codex73:11:73010:336,codex73,560.7593071460724,45008,46855,1004,1004,1,1.0358494967222214,12.55906111043567,13.63262128084898,1,
consistent_hash,codex152:20:152019:337,codex152,562.7119131088257,84364,88103,186,186,1,0.4492218345403671,25.78331681119429,5.219173818826675,1,
consistent_hash,codex250:25:250024:372,codex250,563.7798166275024,81521,85069,179,179,1,0.5416749641299248,14.779698710595623,3.172554273158312,1,
consistent_hash,codex203:11:203010:453,codex203,564.1847159862518,59710,62427,179,179,1,0.9129570797085762,11.86858398023616,3.02560842782259,1,
consistent_hash,codex135:9:135008:423,codex135,564.7212257385254,64603,67603,58,58,1,2.9018270783126354,12.897465181978125,3.6370749846100807,1,
consistent_hash,codex308:5:308004:546,codex308,565.0551958084106,90183,94805,271,271,1,19.713470567017794,37.19928413629532,29.757321182638407,0,
consistent_hash,codex509:18:509017:467,codex509,565.5601453781128,63532,66630,71,71,1,1.239858254790306,51.21276101895741,4.824847254902124,1,
consistent_hash,codex166:7:166006:438,codex166,565.8904564380646,58727,61434,3634,3634,1,18.868803020566702,47.706863397110475,192.1881702505052,0,
consistent_hash,codex524:4:524003:568,codex524,567.2073163986206,26271,27460,283,283,1,1.4302300550043583,43.08568078575404,13.580921325832605,0,
consistent_hash,codex220:8:220007:491,codex220,567.9263255596161,59302,62489,41,41,1,0.7158735953271389,39.77365531027317,2.3072514422237873,1,
consistent_hash,codex508:9:508008:555,codex508,568.6287698745728,58366,61321,180,180,1,1.0400529354810715,30.934431865894595,6.577355582267046,1,
consistent_hash,codex422:21:422020:513,codex422,568.8265862464905,46925,48761,205,205,1,1.5450131185352802,7.5754166452908045,3.090499587357044,1,
consistent_hash,codex135:10:135009:428,codex135,569.5317935943604,65110,68139,206,206,1,0.7008154727518559,11.402832753047711,3.038490127772093,1,
consistent_hash,codex352:2:352001:610,codex352,569.6422083377838,31522,33099,192,192,1,3.8279471322894096,11.42964759812305,6.01104886084795,1,
consistent_hash,codex250:26:250025:380,codex250,571.3316991329193,81731,85279,133,133,1,0.43978167325258255,9.498871213784723,1.69375317171216,1,
consistent_hash,codex422:22:422021:521,codex422,573.4553747177124,47174,49012,305,305,1,0.2705104611814022,7.625321637054808,2.588750220835209,1,
consistent_hash,codex250:27:250026:387,codex250,574.0366053581238,82057,85611,269,269,1,0.7490839771926403,14.502686239890199,4.635974150151014,1,
consistent_hash,codex65:18:65017:166,codex65,574.3824546337128,92090,96235,69,69,1,2.688327170908451,85.43688787476104,8.498079840093851,0,
consistent_hash,codex109:1:109000:636,codex109,574.437394618988,12563,13194,249,249,1,1.5828889720141888,10.958356617559348,4.300660505890846,1,
consistent_hash,codex152:21:152020:344,codex152,574.7566125392914,91046,95114,54,54,1,5.080483812838793,12.66135739267997,5.751754064112902,1,
consistent_hash,codex220:9:220008:500,codex220,575.2013292312622,59561,62760,186,186,1,4.616059973835945,45.64897444199871,13.061154741793871,0,
consistent_hash,codex238:15:238014:143,codex238,575.6428225040436,125720,131578,184,184,1,4.2621894255280495,45.6676728249899,12.61941221728921,0,
consistent_hash,codex294:15:294014:518,codex294,576.6923742294312,72277,75639,899,899,1,2.4297987520694733,9.157612214574304,10.653504505753517,1,
consistent_hash,codex382:8:382007:569,codex382,576.8166944980621,35824,37601,343,343,1,0.8018028065562248,27.089429638016295,10.06642608717084,1,
consistent_hash,codex509:19:509018:483,codex509,577.0220503807068,64542,67690,82,82,1,2.910583809018135,43.44500973820686,6.429935727268457,1,
consistent_hash,codex135:11:135010:437,codex135,577.4020624160767,65958,69017,232,232,1,2.4245858415961266,18.308576841504028,6.654076799750328,1,
consistent_hash,codex508:10:508009:559,codex508,577.974048614502,61630,64725,179,179,1,1.8574040606617928,34.97880764221877,8.083852086216211,1,
consistent_hash,codex203:12:203011:474,codex203,579.0959222316742,60087,62818,58,58,1,0.7252866178750992,2.712907498342949,0.8800724148750305,1,
consistent_hash,codex493:34:493033:365,codex493,579.6421642303467,120000,124987,33,33,1,4.331767901778221,24.239350925199687,5.107859946787357,1,
consistent_hash,codex421:6:421005:595,codex421,579.8058567047119,44229,46400,484,484,1,0.6029957719147205,27.316335912631903,13.79682171344757,0,
consistent_hash,codex203:13:203012:477,codex203,580.3995575904846,60237,62971,38,38,1,0.3964468985795975,7.500476430396776,0.6741221435368061,1,
consistent_hash,codex152:22:152021:347,codex152,581.6222214698792,91213,95283,571,571,1,0.8483256585896015,31.1713953943629,18.6162426546216,0,
consistent_hash,codex352:3:352002:631,codex352,581.7524638175964,36016,37865,656,656,1,2.2134397216141224,26.438704474281717,19.530834402889013,0,
consistent_hash,codex506:26:506025:466,codex506,582.434314250946,98199,102844,240,240,1,1.0111194476485252,30.09654681303511,8.204619999974966,1,
consistent_hash,codex73:12:73011:345,codex73,582.791800737381,46063,47911,323,323,1,0.6952753700315952,31.514204494793958,10.842943128198385,0,
consistent_hash,codex524:5:524004:575,codex524,583.9570088386536,34614,36250,220,220,1,2.2426379919052124,13.466642769776524,5.191878650337458,1,
consistent_hash,codex135:12:135011:443,codex135,586.8757479190826,66373,69438,5998,5998,1,0.4861895628273487,11.907228481596622,71.89393926039338,1,
consistent_hash,codex508:11:508010:565,codex508,588.2561545372009,65968,69281,2487,2487,1,2.381332766264677,22.820240397632652,59.11248442903161,0,
consistent_hash,codex203:14:203013:494,codex203,589.141035079956,60368,63114,35,35,1,0.40228818356990814,9.563955971423317,0.7275016196072102,1,
consistent_hash,codex250:28:250027:404,codex250,589.8631012439728,82444,86002,38,38,1,0.48939860984683037,8.520592608161875,0.8048028461635113,1,
consistent_hash,codex526:16:526015:253,codex526,590.1820895671844,55228,57538,201,201,1,0.45093947649002075,9.052939768880606,2.261564090847969,1,
consistent_hash,codex382:9:382008:578,codex382,590.5695312023163,38192,40077,1210,1210,1,0.9233190827071667,21.379010244969795,26.770706735551357,1,
consistent_hash,codex88:1:88000:663,codex88,590.6254570484161,13989,14659,340,340,1,1.4033847898244858,5.741658749657747,3.3498988822102547,1,
consistent_hash,codex506:27:506026:470,codex506,592.4353942871094,98718,103383,70,70,1,1.1790301240980625,17.381901164417684,2.378416068851948,1,
consistent_hash,codex493:35:493034:379,codex493,593.589869260788,128358,133789,491,491,1,7.536768712103367,20.035924199892552,17.354463074356318,1,
consistent_hash,codex109:2:109001:666,codex109,593.7565548419952,14407,15110,302,302,1,0.3550702631473541,7.25990823436021,2.5404007583856583,1,
consistent_hash,codex65:19:65018:182,codex65,594.4605886936188,93839,98076,369,369,1,2.0194096453487873,29.652744693600614,12.9319605268538,1,
consistent_hash,codex73:13:73012:348,codex73,594.6243567466736,53663,55847,894,894,1,3.298390731215477,19.182445725461537,20.428408175706863,1,
consistent_hash,codex203:15:203014:501,codex203,594.8066418170929,60494,63251,75,75,1,0.6068427935242653,9.568532727457383,1.3150747530162334,1,
consistent_hash,codex220:10:220009:507,codex220,595.0102112293243,59837,63044,37,37,1,1.5122398622334003,16.321350302961136,2.0998529344797134,1,
consistent_hash,codex88:2:88001:670,codex88,596.629665851593,27097,28486,305,305,1,2.4887814074754715,6.524000733502601,4.472121473401785,1,
consistent_hash,codex250:29:250028:415,codex250,597.1042811870575,82604,86169,46,46,1,1.1122508607804775,4.7746061450905275,1.3272020258009434,1,
consistent_hash,codex238:16:238015:154,codex238,597.5301887989044,127108,133025,8188,8188,1,3.585976220667362,49.25672607879739,406.8508299179375,0,
consistent_hash,codex524:6:524005:591,codex524,598.1725809574127,40375,42319,639,639,1,2.9327411726117134,19.905136285063616,15.632376227527857,1,
consistent_hash,codex109:3:109002:673,codex109,599.9499521255493,15750,16498,299,299,1,0.5099855065345764,5.888948842083048,2.264987226575613,1,
consistent_hash,codex220:11:220010:511,codex220,600.1576526165009,59964,63174,50,50,1,1.0038640387356281,35.65760686689494,2.7514147013425827,1,
consistent_hash,codex152:23:152022:350,codex152,600.8452394008636,95430,99731,449,449,1,3.0957418009638786,18.699389616293566,11.473106142133474,1,
consistent_hash,codex294:16:294015:533,codex294,601.0892870426178,73412,76784,6415,6415,1,0.5178474001586437,15.53333388937107,100.14885837212205,1,
consistent_hash,codex88:3:88002:683,codex88,604.9717226028442,32712,34385,202,202,1,1.5144191086292267,11.50163578156808,3.8263442926108837,1,
consistent_hash,codex278:3:278002:605,codex278,605.3020870685577,53579,56256,295,295,1,5.43459727242589,22.415892049974325,12.02515933662653,0,
consistent_hash,codex220:12:220011:519,codex220,605.513053894043,60046,63261,68,68,1,0.5143535770475864,28.083649255446534,2.396175440400839,1,
consistent_hash,codex203:16:203015:512,codex203,606.0167925357819,60661,63422,315,315,1,0.47356434166431427,14.854567374583263,5.137993559241295,1,
consistent_hash,codex70:26:70025:260,codex70,606.4743781089783,91646,95197,33,33,1,0.5890880078077316,13.191440142691135,1.0113724283874035,1,
consistent_hash,codex511:1:511000:690,codex511,607.0190393924713,12443,13052,295,295,1,1.1951367855072021,5.652422959707222,2.857289418578148,1,
consistent_hash,codex250:30:250029:435,codex250,608.6938607692719,82771,86342,43,43,1,0.5690708570182323,40.12215811581839,2.2543690130114555,1,
consistent_hash,codex70:27:70026:265,codex70,609.0956778526306,92990,96605,503,503,1,1.3347818553447723,15.02992461372419,8.879972208291292,1,
consistent_hash,codex88:4:88003:689,codex88,611.1258523464203,45317,47697,315,315,1,4.075333952903748,14.59193815755996,8.657297439873219,1,
consistent_hash,codex250:31:250030:441,codex250,611.8016829490662,82933,86508,400,400,1,0.5639297515153885,15.020750098882761,6.557302366942167,1,
consistent_hash,codex511:2:511001:699,codex511,611.8748776912689,18223,19143,371,371,1,0.9386846013367176,6.024137803831616,3.1677157506346703,1,
consistent_hash,codex422:23:422022:566,codex422,612.3132252693176,47594,49438,169,169,1,2.892011985182762,16.10386200870077,5.597550749778748,1,
consistent_hash,codex526:17:526016:283,codex526,614.0404231548309,55563,57885,79,79,1,0.40355614572763443,15.67724070105797,1.6265383698046207,1,
consistent_hash,codex220:13:220012:527,codex220,615.9040334224701,60225,63444,655,655,1,0.9957593530416489,46.58464479063629,31.462155282497406,0,
consistent_hash,codex65:20:65019:193,codex65,616.2152004241943,94382,98624,278,278,1,0.8223307467997074,49.379004118459754,14.500531762838364,0,
consistent_hash,codex511:3:511002:704,codex511,616.3141179084778,25922,27252,463,463,1,1.5557906813919544,8.980496951834464,5.704819850623608,1,
consistent_hash,codex493:36:493035:393,codex493,616.8795192241669,136292,142106,1245,1245,1,7.268683347851038,18.665723331943394,30.48888037353754,1,
consistent_hash,codex526:18:526017:289,codex526,617.7355380058289,55982,58319,355,355,1,0.5628473944962025,52.69656364022002,19.217524401843548,0,
consistent_hash,codex524:7:524006:599,codex524,618.1409089565277,44704,46851,259,259,1,1.6466720663011074,47.878797389855684,13.99973340332508,0,
consistent_hash,codex213:15:213014:573,codex213,618.2882854938507,48827,50589,295,295,1,0.27079377695918083,9.90975548063411,3.184421818703413,1,
consistent_hash,codex509:20:509019:529,codex509,619.640189409256,64778,67928,1442,1442,1,0.49676162749528885,46.24902726894944,67.1416538208723,0,
consistent_hash,codex422:24:422023:571,codex422,621.4345679283142,47859,49706,35,35,1,0.28664931282401085,12.032602968461374,0.695848572999239,1,
consistent_hash,codex278:4:278003:619,codex278,622.0125138759613,65725,68992,467,467,1,6.436939120292664,42.38455905678958,26.1884308680892,0,
consistent_hash,codex70:28:70027:272,codex70,622.6654846668243,93532,97150,211,211,1,0.7669852524995804,10.13206798760664,2.894865892827511,1,
consistent_hash,codex88:5:88004:697,codex88,622.9517443180084,79671,83846,1243,1243,1,15.62829951569438,16.794255162302807,36.48679928481579,0,
consistent_hash,codex603:1:603000:718,codex603,623.4231333732605,12414,13081,297,297,1,5.111302971839905,45.44733950515857,18.564037688076496,0,
consistent_hash,codex511:4:511003:709,codex511,624.1325318813324,28113,29536,284,284,1,0.571508102118969,14.273545885781097,4.611014731228352,1,
consistent_hash,codex109:4:109003:715,codex109,625.8250951766968,20246,21202,281,281,1,1.048220917582512,6.118736429406064,2.7616103142499924,1,
consistent_hash,codex213:16:213015:583,codex213,626.0164184570312,54188,56232,278,278,1,2.1996852308511734,8.45250976860308,4.541066005825996,1,
consistent_hash,codex308:6:308005:607,codex308,630.0584042072296,92130,96834,283,283,1,1.7322131171822548,43.803026107080434,14.084874596446753,0,
consistent_hash,codex422:25:422024:587,codex422,630.2143867015839,47989,49836,39,39,1,8.369391232728958,16.48331600192346,8.995857927948236,0,
consistent_hash,codex511:5:511004:714,codex511,630.5198969841003,30034,31547,749,749,1,0.6145787499845028,6.7691415359071865,5.677989840507507,1,
consistent_hash,codex524:8:524007:606,codex524,634.214724779129,49762,52153,608,608,1,2.0616954639554024,38.16824606458673,25.22986389696598,0,
consistent_hash,codex109:5:109004:728,codex109,634.6380915641785,22654,23710,312,312,1,0.57852528616786,6.3027455995512165,2.5387719348073006,1,
consistent_hash,codex65:21:65020:204,codex65,636.8654456138611,95152,99417,115,115,1,0.8615630902349949,58.039688815673195,7.478287920355797,1,
consistent_hash,codex526:19:526018:294,codex526,637.9618473052979,59379,61926,68,68,1,1.663474891334772,48.36876512463413,4.904459588229656,1,
consistent_hash,codex382:10:382009:613,codex382,638.0983691215515,39825,41732,362,362,1,0.4360891506075859,21.148959974502922,8.070910695940256,1,
consistent_hash,codex70:29:70028:292,codex70,638.9596056938171,93783,97402,163,163,1,0.4289870113134384,10.239196343370427,2.0878314413130283,1,
consistent_hash,codex109:6:109005:737,codex109,641.2719795703888,26658,27917,112,112,1,0.945195771753788,6.421022519871996,1.658025674521923,1,
consistent_hash,codex70:30:70029:298,codex70,643.6107974052429,94215,97844,33,33,1,0.5901970379054546,8.810135419480503,0.8722769692540169,1,
consistent_hash,codex422:26:422025:596,codex422,645.2995958328247,48124,49974,43,43,1,0.3326692171394825,24.44023594615005,1.3593081794679165,1,
consistent_hash,codex70:31:70030:300,codex70,646.1614599227905,94470,98114,136,136,1,0.6479797326028347,12.02846966959812,2.27186506614089,1,
consistent_hash,codex526:20:526019:303,codex526,647.3609974384308,59684,62249,219,219,1,0.6970830783247948,41.60466943995668,9.766938850283623,0,
consistent_hash,codex382:11:382010:617,codex382,647.5043687820435,42725,44771,2450,2450,1,1.461057685315609,10.11766902052806,26.239277727901936,1,
consistent_hash,codex109:7:109006:749,codex109,647.7883172035217,26780,28039,713,713,1,0.19306329637765884,7.470342911403166,5.512086626142263,1,
consistent_hash,codex213:17:213016:615,codex213,648.4296753406525,54883,56942,226,226,1,1.2369028218090534,7.879250281386906,3.009771700948477,1,
consistent_hash,codex203:17:203016:562,codex203,648.6229822635651,61353,64138,48,48,1,1.0485545955598354,6.7691204554223,1.3669946119189262,1,
consistent_hash,codex65:22:65021:211,codex65,648.9466478824615,95407,99686,6431,6431,1,0.7484606094658375,53.71947135214302,346.1651031114161,0,
consistent_hash,codex278:5:278004:629,codex278,649.6522941589355,70845,74374,321,321,1,2.759991817176342,58.86663916753605,21.597362745553255,0,
consistent_hash,codex508:12:508011:572,codex508,651.4318671226501,69188,72544,959,959,1,0.8543223068118095,12.284306649873052,12.622890174388885,1,
consistent_hash,codex308:7:308006:625,codex308,652.8110163211823,95028,99866,2593,2593,1,2.2741392329335213,54.34487470753353,143.1362137272954,0,
consistent_hash,codex422:27:422026:611,codex422,654.6657867431641,48263,50117,83,83,1,0.31915926560759544,35.65347962444875,3.2427890077233315,1,
consistent_hash,codex203:18:203017:570,codex203,654.9641721248627,61512,64302,46,46,1,0.4098687395453453,7.699463682042228,0.7564880810678005,1,
consistent_hash,codex64:1:64000:773,codex64,656.249342918396,14528,15360,256,256,1,1.5596049688756466,13.478055917749218,4.99654845520854,1,
consistent_hash,codex250:32:250031:504,codex250,656.6645512580872,83503,87080,79,79,1,0.7591745555400848,11.375397969132814,1.6466962918639183,1,
consistent_hash,codex109:8:109007:757,codex109,656.7762537002563,27564,28825,239,239,1,0.6758165024220943,8.34317018567514,2.6615277156233788,1,
consistent_hash,codex213:18:213017:626,codex213,656.9527032375336,55283,57351,79,79,1,0.5723030306398869,7.678771295990699,1.171342570334673,1,
consistent_hash,codex603:2:603001:750,codex603,657.0547924041748,28511,29988,356,356,1,3.427991896867752,48.015900407458695,20.4761149212718,0,
consistent_hash,codex250:33:250032:506,codex250,659.4303531646729,83863,87464,76,76,1,0.7410176247358322,9.216212530930838,1.4323796071112156,1,
consistent_hash,codex73:14:73013:420,codex73,660.4734683036804,54608,56797,97,97,1,0.3417274095118046,7.700936635956168,1.0811907686293125,1,
consistent_hash,codex135:13:135012:450,codex135,661.2395696640015,72405,75470,339,339,1,0.5808431506156921,14.978404581194093,5.643580757081509,1,
consistent_hash,codex213:19:213018:635,codex213,661.4075908660889,55536,57613,133,133,1,0.40845728665590286,8.26894198403214,1.499997302889824,1,
consistent_hash,codex109:9:109008:759,codex109,661.8065209388733,28086,29364,213,213,1,0.29163679480552673,6.601384507035309,1.6912247352302074,1,
consistent_hash,codex220:14:220013:547,codex220,662.9023084640503,68135,71705,88,88,1,5.665925536304712,47.22228560639524,9.77447771281004,0,
consistent_hash,codex422:28:422027:622,codex422,663.3689978122711,48440,50295,65,65,1,0.28588471189141273,12.530128471553326,1.087904654443264,1,
consistent_hash,codex421:7:421006:719,codex421,664.024500131607,48438,50807,313,313,1,1.9332829751074314,11.710488559821478,5.587112877517939,1,
consistent_hash,codex73:15:73014:431,codex73,664.8220160007477,54926,57121,393,393,1,1.1393575742840767,10.979178133515678,5.443299598991871,1,
consistent_hash,codex524:9:524008:620,codex524,665.9455738067627,55398,58034,243,243,1,2.6918700374662876,49.60460810006157,14.696601647883654,0,
consistent_hash,codex526:21:526020:318,codex526,666.8775231838226,59905,62470,588,588,1,1.7938552163541317,53.52020692048528,33.21425089985132,0,
consistent_hash,codex508:13:508012:581,codex508,667.8746364116669,71760,75206,66,66,1,1.2667015381157398,11.836486768264038,2.0362305529415607,1,
consistent_hash,codex213:20:213019:648,codex213,669.582325220108,55842,57928,82,82,1,0.39446041360497475,7.840967702644843,1.029669862240553,1,
consistent_hash,codex109:10:109009:771,codex109,670.3667459487915,29874,31251,2904,2904,1,0.5878749899566174,7.846761118881135,23.367117661982775,1,
consistent_hash,codex508:14:508013:586,codex508,671.2443521022797,71950,75395,38,38,1,0.49790672212839127,11.414745671523583,0.9204964339733124,1,
consistent_hash,codex287:1:287000:803,codex287,672.6426613330841,12815,13449,291,291,1,1.3028829619288445,5.6578840161192,2.9438699297606945,1,
consistent_hash,codex88:6:88005:729,codex88,673.0781636238098,80916,85091,177,177,1,0.4324471168220043,14.405342686752027,2.967881169170141,1,
consistent_hash,codex511:6:511005:778,codex511,673.1949813365936,32066,33649,278,278,1,0.5723457522690296,6.767288536263718,2.4469754435122013,1,
consistent_hash,codex508:15:508014:589,codex508,673.7333559989929,72683,76148,298,298,1,1.057134099304676,9.356570702911627,3.836073312908411,1,
consistent_hash,codex278:6:278005:637,codex278,674.2245283126831,73878,77597,605,605,1,2.466227550059557,58.950856611724724,38.072775557637215,0,
consistent_hash,codex135:14:135013:462,codex135,674.4510684013367,75568,78801,1405,1405,1,2.6691919192671776,13.817537859867612,22.069116700440645,1,
consistent_hash,codex506:28:506027:585,codex506,674.7691926956177,99325,104023,181,181,1,2.4322821386158466,20.05592692229483,6.042537372559309,1,
consistent_hash,codex203:19:203018:601,codex203,675.8972294330597,61670,64467,285,285,1,0.3935144320130348,11.182392462038658,3.569496337324381,1,
consistent_hash,codex382:12:382011:624,codex382,676.4870705604553,45282,47331,9830,9830,1,0.3102336823940277,18.158171274376638,178.78705506771803,1,
consistent_hash,codex287:2:287001:811,codex287,676.6801247596741,19704,20669,325,325,1,1.1284906081855297,6.097271095639393,3.1041501462459564,1,
consistent_hash,codex213:21:213020:660,codex213,677.0849983692169,56099,58191,88,88,1,0.4504247233271599,7.2140924033077285,1.0781910829246044,1,
consistent_hash,codex421:8:421007:734,codex421,677.5227618217468,50498,52973,42,42,1,1.1573459543287754,16.069352626800537,1.8164183236658573,1,
consistent_hash,codex603:3:603002:756,codex603,678.4373557567596,38955,40985,276,276,1,3.6911264322698116,50.52603136409413,17.586071953177452,0,
consistent_hash,codex220:15:220014:556,codex220,678.6664419174194,69349,72980,268,268,1,1.0917175114154816,56.66377751177616,16.220984887331724,0,
consistent_hash,codex508:16:508015:593,codex508,680.1277890205383,72989,76454,8114,8114,1,0.3864073269069195,18.841745293083108,153.24958091974258,1,
consistent_hash,codex421:9:421008:740,codex421,681.3418142795563,51461,53984,868,868,1,0.7958112545311451,12.80947459266535,11.901780396699905,1,
consistent_hash,codex88:7:88006:741,codex88,681.9288024902344,81558,85766,261,261,1,0.7753975242376328,14.57412219964541,4.564769681543112,1,
consistent_hash,codex524:10:524009:628,codex524,682.12206864357,56488,59163,46,46,1,0.8065452016890049,46.5874599913756,2.9034018851816654,1,
consistent_hash,codex524:11:524010:633,codex524,686.1613557338715,56746,59431,1888,1888,1,0.5945716090500355,53.45561485056468,101.46572921052575,0,
consistent_hash,codex250:34:250033:537,codex250,687.0697343349457,84066,87673,82,82,1,0.708204373717308,9.673699230691533,1.4919329136610031,1,
consistent_hash,codex213:22:213021:679,codex213,687.763153553009,56363,58466,348,348,1,0.4248107001185417,8.153647581593104,3.2542759738862514,1,
consistent_hash,codex509:21:509020:532,codex509,688.1636221408844,67612,70820,1572,1572,1,1.3041683472692966,52.60264860462566,83.94296847656369,0,
consistent_hash,codex343:1:343000:838,codex343,689.0536811351776,13165,13864,247,247,1,1.4489080496132374,47.50488998322952,13.13549767062068,0,
consistent_hash,codex70:32:70031:358,codex70,689.4521124362946,94780,98438,35,35,1,0.6357670836150646,11.198503020055155,1.016730297356844,1,
consistent_hash,codex88:8:88007:752,codex88,690.8761143684387,82732,86974,843,843,1,1.1335999965667725,13.96039636217217,12.88830005377531,1,
consistent_hash,codex250:35:250034:542,codex250,691.889839887619,84259,87867,41,41,1,0.5408432297408581,11.577771883457899,1.004109900444746,1,
consistent_hash,codex421:10:421009:745,codex421,694.0256469249725,52579,55110,776,776,1,0.5368270948529243,10.195366499885436,8.438273027539253,1,
consistent_hash,codex511:7:511006:816,codex511,694.1342573165894,32352,33935,754,754,1,0.23703699931502342,6.94177802380021,5.464291334152222,1,
consistent_hash,codex70:33:70032:366,codex70,694.8766188621521,94966,98639,266,266,1,0.6197925247251987,22.029431093976182,6.457741562277079,1,
consistent_hash,codex220:16:220015:560,codex220,696.4654731750488,70145,73800,2352,2352,1,0.9699785821139812,51.924996502675285,123.04586158320308,0,
consistent_hash,codex203:20:203019:639,codex203,697.4205875396729,66135,69117,46,46,1,2.6825496032834053,24.78883407182164,3.7982088811695576,1,
consistent_hash,codex250:36:250035:551,codex250,697.8804471492767,84442,88062,59,59,1,2.2294988334178925,22.86077862412765,3.5555190928280354,1,
consistent_hash,codex109:11:109010:783,codex109,698.6632871627808,32844,34223,188,188,1,1.4345415495336056,11.973005863912602,3.6736353263258934,1,
consistent_hash,codex135:15:135014:471,codex135,700.0805459022522,77052,80289,2895,2895,1,0.5062777549028397,10.587501901497328,31.14665576815605,1,
consistent_hash,codex213:23:213022:695,codex213,700.5239369869232,56942,59056,109,109,1,0.40409648045897484,7.913122677968608,1.2588569782674313,1,
consistent_hash,codex511:8:511007:824,codex511,701.9560532569885,33203,34793,43,43,1,0.25377026200294495,6.448332220315933,0.5247429795563221,1,
consistent_hash,codex343:2:343001:842,codex343,702.4604103565216,30144,31676,266,266,1,3.5075922533869743,50.009356551575216,16.76040017232299,0,
consistent_hash,codex294:17:294016:535,codex294,702.9894707202911,80003,83387,205,205,1,0.7032675668597221,9.558054874194603,2.653256718069315,1,
consistent_hash,codex109:12:109011:786,codex109,703.093674659729,33255,34657,75,75,1,0.2629864066839218,6.700220240934475,0.7588986791670322,1,
consistent_hash,codex171:1:171000:859,codex171,705.4616439342499,13509,14166,284,284,1,2.179243914783001,7.27675062712848,4.238723021000624,1,
consistent_hash,codex287:3:287002:857,codex287,706.1286132335663,24171,25376,370,370,1,1.5352270863950253,7.0613078611491495,4.140889439731836,1,
consistent_hash,codex250:37:250036:557,codex250,706.4473004341125,84588,88212,39,39,1,0.5571829676628113,8.23916024283359,0.8703693673014641,1,
consistent_hash,codex511:9:511008:833,codex511,707.1521680355072,33745,35357,1506,1506,1,0.36615629121661186,13.036006669269447,19.98549199849367,1,
consistent_hash,codex294:18:294017:539,codex294,708.4832127094269,80392,83778,156,156,1,1.0058552920818329,18.036113895716205,3.8019885420799255,1,
consistent_hash,codex352:4:352003:821,codex352,708.8025453090668,37336,39211,1173,1173,1,0.6803568564355373,22.015524538608947,26.482837218791246,1,
consistent_hash,codex421:11:421010:758,codex421,709.1597995758057,54003,56556,42,42,1,0.8761943466961384,11.805384260852163,1.3603731356561184,1,
consistent_hash,codex526:22:526021:333,codex526,709.3687365055084,67103,69969,754,754,1,3.5148304402828217,52.78863116683238,43.26542103663087,0,
consistent_hash,codex109:13:109012:801,codex109,709.474538564682,33575,34987,119,119,1,0.5571455396711826,6.89590400305845,1.3709029294550419,1,
consistent_hash,codex88:9:88008:760,codex88,710.0160925388336,86247,90638,205,205,1,2.131897207349539,10.05363625054266,4.182977844029665,1,
consistent_hash,codex213:24:213023:710,codex213,710.2618277072906,57132,59252,105,105,1,0.5928961597383022,8.532427752820345,1.480452075600624,1,
consistent_hash,codex70:34:70033:382,codex70,710.839348077774,95393,99077,33,33,1,0.6051816903054714,8.962098159827292,0.8921134173870087,1,
consistent_hash,codex421:12:421011:762,codex421,713.4834079742432,54253,56817,314,314,1,0.5842990092933178,12.559624168629083,4.515692971646786,1,
consistent_hash,codex213:25:213024:717,codex213,714.0539004802704,74415,77514,94,94,1,8.48603255301714,10.808393559468689,9.491553261876106,0,
consistent_hash,codex603:4:603003:793,codex603,714.9077327251434,44068,46369,418,418,1,1.8238474875688553,48.24187286752019,21.940801668912172,0,
consistent_hash,codex88:10:88009:767,codex88,716.5560312271118,95292,100188,502,502,1,7.534879717975855,14.683676716274844,14.891544967889786,1,
consistent_hash,codex64:2:64001:874,codex64,717.3562393188477,22411,23612,321,321,1,6.796005703508854,16.865156684070826,12.193017903715372,0,
consistent_hash,codex171:2:171001:877,codex171,717.9808216094971,16653,17439,436,436,1,0.6161257848143578,15.652224815439903,7.425083413720131,1,
consistent_hash,codex287:4:287003:873,codex287,718.5906400680542,32735,34348,340,340,1,2.19891419634223,12.94435390372895,6.587090149521828,1,
consistent_hash,codex421:13:421012:766,codex421,719.19264960289,54672,57245,200,200,1,0.36520710214972496,13.54241914036286,3.060190074145794,1,
consistent_hash,codex291:1:291000:889,codex291,721.8656980991364,12910,13540,287,287,1,1.2639813125133514,8.700112545198493,3.7523558251559734,1,
consistent_hash,codex203:21:203020:678,codex203,722.2481825351715,66342,69330,153,153,1,0.7621783800423145,8.710225063719248,2.0862287916243076,1,
consistent_hash,codex294:19:294018:554,codex294,722.5150647163391,80740,84140,122,122,1,1.6453775577247143,24.008966982364655,4.550613898783922,1,
consistent_hash,codex278:7:278006:656,codex278,724.0611598491669,77076,80938,2701,2701,1,1.9113833270967007,51.020821928977966,139.6679934449494,0,
consistent_hash,codex70:35:70034:405,codex70,725.1686360836029,95617,99305,187,187,1,0.656482920050621,11.789103168793904,2.8493691124022007,1,
consistent_hash,codex109:14:109013:830,codex109,725.5411450862885,34055,35481,35,35,1,0.45415133982896805,12.223317780915428,0.8699062578380108,1,
consistent_hash,codex287:5:287004:885,codex287,728.2837402820587,37117,38965,187,187,1,1.2946085780858994,7.03740680730471,2.6036594845354557,1,
consistent_hash,codex70:36:70035:408,codex70,728.7031302452087,102471,106479,73,73,1,4.943080898374319,12.6953125,5.857241541147232,1,
consistent_hash,codex203:22:203021:692,codex203,732.4885683059692,66526,69514,39,39,1,1.2034576274454594,13.202474795674023,1.705301407724619,1,
consistent_hash,codex64:3:64002:887,codex64,732.593338727951,29992,31521,310,310,1,1.9759065881371498,6.67110904086755,4.03743028268218,1,
consistent_hash,codex135:16:135015:475,codex135,732.8295197486877,80095,83344,147,147,1,0.6707928031682968,10.212129135042021,2.1618079282343388,1,
consistent_hash,codex511:10:511009:845,codex511,732.9434084892273,35307,36924,131,131,1,0.24246402084827423,6.917653863246625,1.1418634504079819,1,
consistent_hash,codex291:2:291001:907,codex291,733.139270067215,27990,29439,276,276,1,3.0111575573682785,6.6908673400228675,4.851183444261551,1,
consistent_hash,codex511:11:511010:850,codex511,734.9871208667755,39802,41626,291,291,1,1.4824753403663635,7.2726195613885745,3.591739099472761,1,
consistent_hash,codex250:38:250037:604,codex250,736.1390995979309,84747,88380,281,281,1,0.5198913142085075,21.31123804886426,6.487194027751684,1,
consistent_hash,codex109:15:109014:852,codex109,736.6002852916718,34378,35811,287,287,1,0.391677837818861,20.947614463267627,6.382888227701187,1,
consistent_hash,codex135:17:135016:487,codex135,737.984402179718,80280,83529,433,433,1,0.6168497763574123,9.521804525758382,4.7304126508533955,1,
consistent_hash,codex203:23:203022:703,codex203,738.1881291866302,66701,69694,140,140,1,0.46439237892627716,28.030070871543543,4.360730431973934,1,
consistent_hash,codex129:1:129000:923,codex129,738.2605500221252,12797,13392,287,287,1,1.594296682626009,49.06153642422669,15.625936683267355,0,
consistent_hash,codex291:3:291002:918,codex291,739.4048988819122,35378,37202,168,168,1,2.0057290717959404,6.922944153318863,3.161960542201996,1,
consistent_hash,codex64:4:64003:894,codex64,739.8436803817749,47664,50039,287,287,1,5.3840036280453205,7.610939325882004,7.5607757568359375,1,
consistent_hash,codex70:37:70036:419,codex70,740.7950732707977,102546,106554,541,541,1,0.48334095999598503,30.891564516005694,17.164876744151115,1,
consistent_hash,codex343:3:343002:880,codex343,741.931339263916,32941,34630,384,384,1,0.951261855661869,54.043383709600015,21.650196459144354,0,
consistent_hash,codex250:39:250038:609,codex250,744.033189535141,92830,96836,379,379,1,5.221409220248461,24.40508430399907,14.446692816913128,0,
consistent_hash,codex287:6:287005:915,codex287,744.3901445865631,38846,40762,1540,1540,1,1.828310701996088,7.684725766990617,13.655203700065613,1,
consistent_hash,codex603:5:603004:807,codex603,744.576180934906,54294,57110,305,305,1,4.008564434945583,46.52454864576851,18.152122631669044,0,
consistent_hash,codex171:3:171002:919,codex171,744.6703248023987,22316,23387,308,308,1,1.5707321092486382,9.770262064199883,4.570240695029497,1,
consistent_hash,codex88:11:88010:802,codex88,747.3927264213562,96882,101827,1433,1433,1,1.2878334932029247,16.251783565664923,24.56042717769742,1,
consistent_hash,codex352:5:352004:847,codex352,748.9271748065948,38519,40394,4955,4955,1,0.5803796276450157,21.466556719181323,106.92594742402434,0,
consistent_hash,codex135:18:135017:496,codex135,749.2352628707886,85978,89493,1651,1651,1,3.397287968546152,10.808157216418874,21.230793990194798,1,
consistent_hash,codex203:24:203023:716,codex203,750.2739956378937,69257,72379,308,308,1,1.602958232164383,21.91687634985299,8.331531170755625,1,
consistent_hash,codex294:20:294019:594,codex294,751.672039270401,81057,84483,82,82,1,0.9532443545758724,11.627282671354434,1.8952212557196617,1,
consistent_hash,codex421:14:421013:825,codex421,752.4946711063385,55328,57920,175,175,1,0.6723273657262325,14.286097481675531,3.1581500694155693,1,
consistent_hash,codex109:16:109015:861,codex109,752.6124558448792,34797,36241,34,34,1,0.2935132384300232,30.89287459398761,1.31312445551157,1,
consistent_hash,codex511:12:511011:870,codex511,753.5009934902191,42464,44387,46,46,1,1.1887345612049103,38.347258004877304,2.9145104214549065,1,
consistent_hash,codex213:26:213025:770,codex213,753.8752400875092,74686,77789,323,323,1,0.8676802515983582,15.613715447809385,5.895391181111336,1,
consistent_hash,codex359:1:359000:955,codex359,754.6711883544922,12687,13395,294,294,1,1.3435086943209171,12.31259483933042,4.95119072496891,1,
consistent_hash,codex294:21:294020:598,codex294,755.6413254737854,81334,84778,125,125,1,0.6115849241614342,16.149511741053676,2.614161793142557,1,
consistent_hash,codex421:15:421014:829,codex421,757.6666276454926,55599,58192,53,53,1,0.3778853118419647,15.845781263823692,1.2019048146903515,1,
consistent_hash,codex511:13:511012:875,codex511,758.2506237030029,42614,44539,83,83,1,0.28478238731622696,13.701549208745725,1.4084648452699184,1,
consistent_hash,codex64:5:64004:926,codex64,758.8630487918854,52653,55311,193,193,1,2.2420800887048244,17.5709532146963,5.615796770900488,1,
consistent_hash,codex422:29:422028:790,codex422,759.4326176643372,48536,50391,321,321,1,1.6693389117717743,16.323537565767765,6.8930323496460915,1,
consistent_hash,codex129:2:129001:935,codex129,760.4428849220276,16596,17400,323,323,1,0.7522220946848392,44.95311815361058,15.227494787424803,0,
consistent_hash,codex70:38:70037:429,codex70,761.0885200500488,113341,117878,588,588,1,11.253259565681219,15.74570553621604,20.49607989564538,0,
consistent_hash,codex203:25:203024:723,codex203,761.4592509269714,75662,79080,359,359,1,10.87450160458684,16.82879211766094,16.899424117058516,0,
consistent_hash,codex511:14:511013:881,codex511,762.00048995018,43815,45803,120,120,1,0.6270076967775822,7.236728084688427,1.4883243665099144,1,
consistent_hash,codex171:4:171003:949,codex171,762.3534042835236,25048,26226,227,227,1,0.6914644353091717,6.358323519868134,2.128576584160328,1,
consistent_hash,codex109:17:109016:882,codex109,765.0303072929382,34967,36415,71,71,1,7.29523541405797,18.451743998697825,8.586898867040873,0,
consistent_hash,codex359:2:359001:973,codex359,765.8522131443024,21725,22846,294,294,1,1.610414694994688,6.250569120100334,3.441927205771208,1,
consistent_hash,codex171:5:171004:956,codex171,766.700263261795,28179,29553,273,273,1,0.8073984384536743,6.605544004260618,2.6042000614106655,1,
consistent_hash,codex166:8:166007:455,codex166,767.1027193069458,62405,65115,591,591,1,0.45459460094571114,54.218497973377424,32.44395666196942,0,
consistent_hash,codex64:6:64005:931,codex64,768.0970981121063,57251,60131,317,317,1,2.37986746057868,9.954227889074556,5.525496948510408,1,
consistent_hash,codex422:30:422029:799,codex422,768.9780950546265,48964,50819,38,38,1,1.495030377060175,14.203446942406732,2.020648568868637,1,
consistent_hash,codex603:6:603005:827,codex603,769.6425485610962,61563,64772,50,50,1,3.6283624842762947,46.493884708200184,5.906653452664614,0,
consistent_hash,codex287:7:287006:936,codex287,770.4615504741669,43388,45504,428,428,1,1.5000715032219887,15.075716632800024,7.93752583861351,1,
consistent_hash,codex506:29:506028:742,codex506,771.9468767642975,99777,104490,238,238,1,0.6948646754026413,10.501705471599152,3.183914165943861,1,
consistent_hash,codex291:4:291003:981,codex291,772.101548910141,42501,44683,244,244,1,2.533836390823126,12.648888376882537,5.607675898820162,1,
consistent_hash,codex548:8:548007:516,codex548,772.3114068508148,57516,60300,4991,4991,1,0.9913550913333893,61.57116515259585,308.23192236945033,0,
consistent_hash,codex359:3:359002:985,codex359,773.6134233474731,27185,28604,302,302,1,1.249109212309122,9.681850028196441,4.16344341263175,1,
consistent_hash,codex509:22:509021:534,codex509,773.8573198318481,70284,73540,54,54,1,1.009630247950554,50.59848803113091,3.691617462784052,1,
consistent_hash,codex511:15:511014:905,codex511,775.0568363666534,44543,46566,188,188,1,0.5435988306999207,9.995182408368523,2.412745326757431,1,
consistent_hash,codex171:6:171005:970,codex171,775.2779040336609,28825,30225,242,242,1,0.3189642205834389,11.788918223247489,3.160186793655157,1,
consistent_hash,codex64:7:64006:938,codex64,776.2523901462555,91627,96332,1438,1438,1,20.18867154046893,21.491344797793744,51.07204473018646,0,
consistent_hash,codex88:12:88011:808,codex88,776.6095008850098,100326,105384,141,141,1,19.85080685466528,27.235301743660653,23.663805790245533,0,
consistent_hash,codex506:30:506029:747,codex506,776.9639503955841,100787,105531,75,75,1,1.886204231530428,15.13052570658761,3.0059549249708652,1,
consistent_hash,codex135:19:135018:505,codex135,777.2465448379517,88031,91561,158,158,1,1.6415857523679733,12.230857186446524,3.5619692988693714,1,
consistent_hash,codex129:3:129002:944,codex129,777.3386766910553,20053,21001,635,635,1,0.9654789678752422,51.980833578796044,33.921650879085064,0,
consistent_hash,codex343:4:343003:910,codex343,777.4627106189728,35389,37184,1560,1560,1,0.8894392289221287,49.960817967262535,78.7784552872181,0,
consistent_hash,codex109:18:109017:893,codex109,778.2981088161469,35049,36498,345,345,1,0.21188968047499657,11.992543112746505,4.337366759777069,1,
consistent_hash,codex511:16:511015:912,codex511,779.1296010017395,50808,53145,46,46,1,3.518037188798189,10.833965241909027,4.005712524056435,1,
consistent_hash,codex359:4:359003:987,codex359,779.6024465560913,30527,32110,486,486,1,3.041012331843376,16.903133229496554,11.239192303270102,1,
consistent_hash,codex213:27:213026:813,codex213,780.2461333274841,75188,78305,569,569,1,2.4070907570421696,17.06352202930081,12.099216613918543,1,
consistent_hash,codex294:22:294021:643,codex294,782.6295351982117,81652,85109,266,266,1,13.823850184679031,22.84712610098551,19.878434006124735,0,
consistent_hash,codex511:17:511016:917,codex511,783.7659895420074,53523,55993,435,435,1,1.6184178441762924,16.13488467195616,8.621002230793238,1,
consistent_hash,codex509:23:509022:543,codex509,784.0106933116913,72036,75392,70,70,1,1.3691004514694214,53.20533316420472,5.040310695767403,1,
consistent_hash,codex422:31:422030:828,codex422,786.0044627189636,49108,50973,50,50,1,10.443663284182549,35.828631219207026,12.199471347033978,0,
consistent_hash,codex532:1:532000:1020,codex532,787.4935717582703,13104,13777,208,208,1,1.6906722486019135,3.8499172399009485,2.487704448401928,1,
consistent_hash,codex291:5:291004:1001,codex291,787.8495619297028,49682,52211,428,428,1,4.0957698449492455,17.306479666844464,11.485671907663345,1,
consistent_hash,codex603:7:603006:854,codex603,788.2696149349213,62313,65555,410,410,1,0.9253607131540775,47.81388850258732,20.481578707695007,0,
consistent_hash,codex506:31:506030:764,codex506,789.0420248508453,101398,106164,273,273,1,1.0407750979065895,11.14606932627366,4.072544496506453,1,
consistent_hash,codex171:7:171006:989,codex171,789.1790118217468,34714,36432,250,250,1,4.678537271916866,13.4127277686414,8.018460292369127,1,
consistent_hash,codex287:8:287007:967,codex287,791.3670375347137,48888,51269,564,564,1,2.4944362826645374,11.860941492060784,9.172185853123665,1,
consistent_hash,codex359:5:359004:993,codex359,791.6296272277832,32382,34030,512,512,1,0.5915711894631386,14.620539734099943,8.062794588506222,1,
consistent_hash,codex511:18:511017:922,codex511,793.1099998950958,57547,60209,124,124,1,2.153893545269966,22.505958481290477,4.922281004488468,1,
consistent_hash,codex213:28:213027:817,codex213,793.8451380729675,76104,79239,119,119,1,1.483030866831541,22.548523621033816,4.14384875074029,1,
consistent_hash,codex524:12:524011:645,codex524,794.7464752197266,63140,66033,79,79,1,2.3274575769901276,48.07267538630045,6.0772179663181305,1,
consistent_hash,codex109:19:109018:925,codex109,796.2787420749664,38566,40178,75,75,1,1.2855616062879562,7.308260512513083,1.8264907747507095,1,
consistent_hash,codex532:2:532001:1039,codex532,796.3436832427979,13776,14477,302,302,1,0.1901952475309372,9.562111747423279,3.0685315877199173,1,
consistent_hash,codex73:16:73015:623,codex73,797.5532298088074,55571,57774,128,128,1,0.40242115408182144,7.956388721785208,1.4129772745072842,1,
consistent_hash,codex421:16:421015:895,codex421,799.3299233913422,56511,59168,105,105,1,0.9511821828782558,5.238811342188945,1.496202614158392,1,
consistent_hash,codex308:8:308007:638,codex308,800.2590575218201,97628,102466,1726,1726,1,0.606551069766283,53.616490554118506,93.09706862270832,0,
consistent_hash,codex509:24:509023:563,codex509,800.5323531627655,73110,76514,195,195,1,1.0956300646066666,51.546629959928616,11.095956716686487,0,
consistent_hash,codex422:32:422031:835,codex422,800.695562839508,49264,51131,55,55,1,0.340799730271101,18.62916226188342,1.3469281531870365,1,
consistent_hash,codex421:17:421016:899,codex421,801.6156275272369,56872,59543,229,229,1,0.4931275136768818,8.051189218173947,2.3289020769298077,1,
consistent_hash,codex524:13:524012:652,codex524,802.3418440818787,64042,66980,4489,4489,1,1.4076511189341545,52.14297503096827,235.42536698654294,0,
consistent_hash,codex287:9:287008:977,codex287,803.3867838382721,52146,54666,4272,4272,1,2.417623035609722,11.410454497023897,51.15182035788894,1,
consistent_hash,codex88:13:88012:818,codex88,803.7310466766357,102969,108119,7693,7693,1,2.3377525322139263,21.79210868800176,169.96270072087646,0,
consistent_hash,codex389:1:389000:1058,codex389,803.9147763252258,12928,13608,287,287,1,1.259036596864462,8.081938341989384,3.5706490240991116,1,
consistent_hash,codex166:9:166008:463,codex166,804.2099051475525,63040,65754,173,173,1,0.6154952794313431,48.63807149664607,8.981334805488586,0,
consistent_hash,codex171:8:171007:1008,codex171,804.4287693500519,37119,38953,175,175,1,1.4357302486896515,10.803100578058725,3.315506409853697,1,
consistent_hash,codex421:18:421017:902,codex421,804.774163722992,58092,60817,1596,1596,1,0.9224063195288181,10.465996023442678,17.615709375590086,1,
consistent_hash,codex109:20:109019:934,codex109,805.4456565380096,38776,40392,511,511,1,0.2959672696888447,9.29328699176218,5.035651661455631,1,
consistent_hash,codex359:6:359005:1007,codex359,805.6871724128723,33778,35462,320,320,1,0.519340880215168,9.063888703207239,3.410815257579088,1,
consistent_hash,codex511:19:511018:939,codex511,807.7369890213013,58398,61089,119,119,1,0.7140673473477364,9.373432877710309,1.8202396742999554,1,
consistent_hash,codex506:32:506031:791,codex506,808.212972164154,102167,106976,76,76,1,0.9258453659713268,14.009882708390554,1.9766254052519798,1,
consistent_hash,codex422:33:422032:848,codex422,809.0309734344482,50762,52711,63,63,1,0.9018967188894749,19.80643425016634,2.130046583712101,1,
consistent_hash,codex532:3:532002:1062,codex532,809.2473618984222,18688,19607,289,289,1,0.9412851519882679,6.219202872469193,2.7325658835470676,1,
consistent_hash,codex511:20:511019:943,codex511,810.1787240505219,58831,61537,72,72,1,0.5461684502661228,7.8271050268495586,1.102044329047203,1,
consistent_hash,codex359:7:359006:1014,codex359,811.6049859523773,35082,36835,2912,2912,1,0.560125682502985,9.230672742381861,27.430758208036423,1,
consistent_hash,codex171:9:171008:1021,codex171,811.7979273796082,37301,39135,318,318,1,0.3731536269187927,10.650877109273374,3.749575637280941,1,
consistent_hash,codex422:34:422033:853,codex422,811.952314376831,50933,52889,44,44,1,0.35618773102760315,19.582728573749232,1.1983976997435093,1,
consistent_hash,codex532:4:532003:1067,codex532,812.525533914566,21534,22612,263,263,1,0.827158410102129,6.253691148439437,2.4657192081212997,1,
consistent_hash,codex511:21:511020:952,codex511,812.7170674800873,59164,61880,1045,1045,1,0.42671509459614754,11.26915742411239,12.191805887967348,1,
consistent_hash,codex509:25:509024:567,codex509,814.1093411445618,75049,78547,3722,3722,1,1.451091457158327,53.00721009550989,198.69116028770804,0,
consistent_hash,codex166:10:166009:472,codex166,816.5757603645325,65720,68575,131,131,1,1.6953330375254154,52.37119974425205,8.503682054579258,0,
consistent_hash,codex389:2:389001:1079,codex389,817.3721981048584,17771,18679,423,423,1,0.8915805816650391,5.829594729212223,3.3518089950084686,1,
consistent_hash,codex506:33:506032:806,codex506,818.2486424446106,103258,108120,273,273,1,1.4522367715835571,16.153579755850576,5.846633825451136,1,
consistent_hash,codex291:6:291005:1046,codex291,818.6704905033112,56174,59001,195,195,1,2.932244900614023,11.746259156576137,5.211109571158886,1,
consistent_hash,codex73:17:73016:662,codex73,818.8545210361481,55750,57953,254,254,1,0.879957340657711,16.43002109800874,5.036845870316029,1,
consistent_hash,codex362:1:362000:1086,codex362,820.3037428855896,13228,13910,234,234,1,1.3613863736391068,25.386384932140427,7.276563536375761,0,
consistent_hash,codex603:8:603007:868,codex603,820.9473733901978,63692,66992,57,57,1,0.9292920008301735,50.12427270412445,3.7364198826253414,1,
consistent_hash,codex532:5:532004:1081,codex532,821.088018655777,23566,24695,61,61,1,0.5096970237791538,6.046103996535142,0.8726039044559002,1,
consistent_hash,codex389:3:389002:1082,codex389,822.3867974281311,29078,30514,335,335,1,3.2532333992421627,7.864203571737883,5.8799730353057384,1,
consistent_hash,codex422:35:422034:864,codex422,823.6481912136078,51136,53099,290,290,1,0.4530728794634342,20.949620212135017,6.507730551064014,1,
consistent_hash,codex421:19:421018:908,codex421,824.0846061706543,60469,63235,5345,5345,1,0.7172196954488754,16.405620654727034,88.38903548195958,1,
consistent_hash,codex532:6:532005:1084,codex532,824.2319002151489,26526,27804,287,287,1,1.4114553965628147,8.064288554804307,3.7179375775158405,1,
consistent_hash,codex506:34:506033:810,codex506,825.6169612407684,107236,112255,53,53,1,3.185275238007307,13.59804031940607,3.8924709670245647,1,
consistent_hash,codex166:11:166010:476,codex166,826.5664162635803,65895,68752,6042,,0,,,,0,replay_cancelled
consistent_hash,codex129:4:129003:983,codex129,827.4646487236023,31592,33066,605,605,1,2.8429950289428234,49.79045926562405,32.91665894538164,0,
consistent_hash,codex220:17:220016:576,codex220,827.8654577732086,72507,76162,2937,2937,1,2.4487120285630226,56.204555041032364,167.46551355719566,0,
consistent_hash,codex603:9:603008:878,codex603,829.4420471191406,64340,67663,939,939,1,0.8293500505387783,58.606717934105184,55.80287115648389,0,
consistent_hash,codex73:18:73017:675,codex73,829.8987646102905,56249,58467,86,86,1,0.6320244520902634,11.975513091858696,1.6499821171164513,1,
consistent_hash,codex422:36:422035:866,codex422,830.5191414356232,51471,53439,54,54,1,0.27440721169114113,21.366756971714633,1.4068859070539474,1,
consistent_hash,codex291:7:291006:1066,codex291,831.5432689189911,57667,60546,214,214,1,1.311207789927721,12.267461177748693,3.9242716766893864,1,
consistent_hash,codex506:35:506034:819,codex506,831.9125375747681,108751,113827,70,70,1,1.6148352436721325,17.075081936259203,2.793058168143034,1,
consistent_hash,codex511:22:511021:969,codex511,834.1883733272552,60862,63609,248,248,1,0.7434310503304005,12.233317712781883,3.765102170407772,1,
consistent_hash,codex389:4:389003:1093,codex389,834.6700432300568,48587,51066,379,379,1,6.33025224879384,8.134770547113721,9.405343316495419,1,
consistent_hash,codex362:2:362001:1098,codex362,835.3407866954803,32002,33610,319,319,1,4.088348090648651,14.746098023540569,8.777766659855843,1,
consistent_hash,codex272:1:272000:1104,codex272,836.7117130756378,13201,13914,213,213,1,1.489972721785307,50.81306995367104,12.264450650662184,0,
consistent_hash,codex506:36:506035:826,codex506,837.2566206455231,109125,114219,266,266,1,0.9838600791990757,21.91735047776744,6.792108673602343,1,
consistent_hash,codex291:8:291007:1073,codex291,837.9457623958588,60848,63880,290,290,1,1.7545467503368855,12.09401082775997,5.249806933104992,1,
consistent_hash,codex422:37:422036:879,codex422,838.1669142246246,51605,53576,75,75,1,1.266230270266533,14.882820532531353,2.3676561303436756,1,
consistent_hash,codex532:7:532006:1100,codex532,838.8396151065826,28168,29499,58,58,1,2.163418982177973,9.210698045136635,2.6885200180113316,1,
consistent_hash,codex73:19:73018:687,codex73,839.0086381435394,56346,58564,298,298,1,0.42792149633169174,21.67554917158904,6.8656518161296844,1,
consistent_hash,codex508:17:508016:602,codex508,839.4163618087769,81146,84613,1648,1648,1,0.508194025605917,15.784870471260225,26.505984965711832,1,
consistent_hash,codex511:23:511022:980,codex511,841.4229278564453,61217,63968,140,140,1,0.7077852822840214,6.039370762572871,1.5473554953932762,1,
consistent_hash,codex135:20:135019:590,codex135,842.112788438797,88633,92189,128,128,1,0.7971501052379608,22.656980549960625,3.674686498939991,1,
consistent_hash,codex422:38:422037:886,codex422,842.4070520401001,51786,53763,33,33,1,0.4603961668908596,13.350400375202298,0.8877553232014179,1,
consistent_hash,codex359:8:359007:1031,codex359,842.8560619354248,38854,40661,298,298,1,0.529803927987814,7.195974063592327,2.667178638279438,1,
consistent_hash,codex291:9:291008:1076,codex291,845.4069986343384,68830,72263,345,345,1,4.13092079013586,12.9525329549472,8.586693979799747,1,
consistent_hash,codex359:9:359008:1034,codex359,847.1142945289612,39664,41501,430,430,1,0.4410973936319351,7.303379779998517,3.5744127593934536,1,
consistent_hash,codex135:21:135020:592,codex135,847.4457306861877,89465,93047,567,567,1,0.9869343638420105,22.920430509551252,13.959990959614515,1,
consistent_hash,codex506:37:506036:837,codex506,848.9606411457062,110966,116160,357,357,1,1.9509561657905579,24.18251664199856,10.5600246489048,1,
consistent_hash,codex422:39:422038:897,codex422,849.4346170425415,52022,54020,90,90,1,0.36557547375559807,14.792006881384369,1.6822260953485966,1,
consistent_hash,codex272:2:272001:1108,codex272,849.5286402702332,14780,15589,370,370,1,0.4598093032836914,53.98651671805356,20.380878377705812,0,
consistent_hash,codex389:5:389004:1107,codex389,851.9562962055206,52523,55156,1639,1639,1,1.5922425277531147,9.397348800676355,16.985137280076742,1,
consistent_hash,codex40:1:40000:1128,codex40,853.1158676147461,12784,13459,218,218,1,1.4001931957900524,51.93259338698079,12.669604759663343,0,
consistent_hash,codex359:10:359009:1042,codex359,854.7748844623566,40512,42370,1571,1571,1,0.40528587624430656,7.767604414824468,12.600518688559532,1,
consistent_hash,codex532:8:532007:1119,codex532,855.6305105686188,28575,29928,43,43,1,0.3347974270582199,10.042167933923858,0.7566620819270611,1,
consistent_hash,codex382:13:382012:632,codex382,856.7943091392517,55151,57202,339,339,1,0.37629204615950584,13.49181692892983,4.936691649258137,1,
consistent_hash,codex422:40:422039:916,codex422,857.5578577518463,52214,54224,33,33,1,0.4743860140442848,14.13115591276437,0.9268050417304039,1,
consistent_hash,codex532:9:532008:1123,codex532,857.6603837013245,29016,30386,258,258,1,0.3161619231104851,10.406447857154483,2.9907132163643837,1,
consistent_hash,codex171:10:171009:1103,codex171,863.6387979984283,40499,42471,169,169,1,1.112821739166975,7.173002653178715,2.3179872073233128,1,
consistent_hash,codex532:10:532009:1130,codex532,864.2597341537476,29552,30937,263,263,1,0.30487821623682976,10.449695962530967,3.0427906773984432,1,
consistent_hash,codex294:23:294022:754,codex294,865.349659204483,82190,85659,206,206,1,1.151022296398878,16.518702176285956,4.537522781640291,1,
consistent_hash,codex511:24:511023:1026,codex511,865.577837228775,61473,64231,558,558,1,0.635626170784235,9.09133288922387,5.69963875412941,1,
consistent_hash,codex287:10:287009:999,codex287,865.7744328975677,56461,58982,137,137,1,0.342862855643034,7.97980185598135,1.428246632218361,1,
consistent_hash,codex73:20:73019:724,codex73,866.4856178760529,63289,65871,403,403,1,3.3345569744706154,26.319433142667386,13.915060978382826,0,
consistent_hash,codex508:18:508017:608,codex508,867.8507082462311,82837,86303,1414,1414,1,0.4432349428534508,19.362471815823493,27.80265463516116,1,
consistent_hash,codex287:11:287010:1004,codex287,868.1796126365662,57519,60084,696,696,1,0.8304476328194141,11.65520154314933,8.930911097675562,1,
consistent_hash,codex135:22:135021:603,codex135,868.9019892215729,90071,93653,39,39,1,0.9391421787440777,26.63451717480233,1.9513503387570381,1,
consistent_hash,codex40:2:40001:1135,codex40,868.9998524188995,16307,17133,323,323,1,0.814928725361824,65.85570579822759,22.020571812987328,0,
consistent_hash,codex251:1:251000:1155,codex251,869.5169875621796,12610,13343,268,268,1,1.2657925710082054,12.626830209395413,4.637340907007456,1,
consistent_hash,codex129:5:129004:1002,codex129,869.8066749572754,38909,40731,142,142,1,2.9675572142004967,42.55743012994739,8.968371830880642,0,
consistent_hash,codex362:3:362002:1139,codex362,870.2895095348358,39275,41295,263,263,1,2.669227462261915,14.889262289605067,6.570504710078239,1,
consistent_hash,codex382:14:382013:651,codex382,871.9624173641205,55529,57586,974,974,1,0.989925816655159,23.4243889384255,23.781952168792486,1,
consistent_hash,codex506:38:506037:855,codex506,872.3881235122681,115915,121334,354,354,1,4.4909116961061954,19.911758928815637,11.519854232668877,1,
consistent_hash,codex359:11:359010:1057,codex359,872.5394763946533,42314,44181,202,202,1,0.7145212776958942,7.350361595551173,2.192107744514942,1,
consistent_hash,codex171:11:171010:1112,codex171,872.6862165927887,42487,44558,54,54,1,1.1404482685029507,11.734357349715143,1.7624601759016514,1,
consistent_hash,codex272:3:272002:1111,codex272,872.7694981098175,23057,24282,433,433,1,1.861058346927166,66.51388282922132,30.598978463560343,0,
consistent_hash,codex352:6:352005:871,codex352,872.9215848445892,43516,45395,1714,1714,1,0.30766886472702026,16.815791338229833,29.11329237371683,1,
consistent_hash,codex532:11:532010:1144,codex532,873.736495256424,29817,31202,144,144,1,0.17892669886350632,6.595964276498848,1.1222482584416866,1,
consistent_hash,codex389:6:389005:1117,codex389,875.0820815563202,55299,57963,2487,2487,1,1.0551528222858906,8.340700726569514,21.790238216519356,1,
consistent_hash,codex294:24:294023:765,codex294,875.3671958446503,82439,85913,52,52,1,0.4955780543386936,24.56070658038644,1.7482728026807308,1,
consistent_hash,codex251:2:251001:1162,codex251,877.4922018051147,15652,16524,337,337,1,0.5302576944231987,6.48852194925504,2.7104385755956173,1,
consistent_hash,codex362:4:362003:1147,codex362,878.68310546875,43225,45451,409,409,1,1.5806475020945072,19.633071990135836,9.59097907692194,1,
consistent_hash,codex422:41:422040:957,codex422,879.7529916763306,52372,54389,177,177,1,0.5384862124919891,17.917308321391992,3.6925666481256485,1,
consistent_hash,codex278:8:278007:688,codex278,880.1964795589447,82682,86717,678,678,1,2.232604246586561,74.47762434072297,52.65435206145048,0,
consistent_hash,codex171:12:171011:1125,codex171,880.9789872169495,42887,44971,1361,1361,1,0.8171736784279346,7.243140962193994,10.667995810508728,1,
consistent_hash,codex135:23:135022:627,codex135,881.6159656047821,90401,94000,860,860,1,0.9765506833791733,17.687996517654348,16.170658860355616,1,
consistent_hash,codex129:6:129005:1010,codex129,881.7675025463104,40078,41966,155,155,1,0.7106331288814545,57.33525987666149,9.541010741144419,0,
consistent_hash,codex511:25:511024:1052,codex511,882.007128238678,62595,65379,591,591,1,0.6062693484127522,11.30715627538956,7.277583975344896,1,
consistent_hash,codex343:5:343004:965,codex343,882.3199219703674,41392,43376,47,47,1,1.677876777946949,58.12241080338541,4.351886980235577,1,
consistent_hash,codex359:12:359011:1074,codex359,882.8660440444946,42901,44790,4453,4453,1,0.4164373092353344,8.580198652895046,38.61557600647211,1,
consistent_hash,codex294:25:294024:775,codex294,884.7805843353271,82574,86051,58,58,1,0.5309963338077068,32.273377177485244,2.3708782233297825,1,
consistent_hash,codex422:42:422041:964,codex422,886.0072748661041,52633,54656,33,33,1,0.42487329989671707,28.09069852810353,1.3239801675081253,1,
consistent_hash,codex158:1:158000:1171,codex158,886.0631539821625,12671,13320,276,276,1,1.4229068718850613,45.74203764850443,14.002470217645168,0,
consistent_hash,codex506:39:506038:862,codex506,888.2633011341095,116671,122106,254,254,1,1.0409342236816883,21.896927326682057,6.580956559628248,1,
consistent_hash,codex343:6:343005:972,codex343,888.6192438602448,41768,43769,350,350,1,0.47064149379730225,61.416070801566185,21.90494230017066,0,
consistent_hash,codex171:13:171012:1129,codex171,892.2966547012329,44493,46599,6592,6592,1,0.3577424958348274,13.690197091714111,90.58986933156848,1,
consistent_hash,codex362:5:362004:1154,codex362,893.0177056789398,51566,54255,282,282,1,3.468723889440298,44.03741621939313,15.84363592788577,0,
consistent_hash,codex291:10:291009:1133,codex291,893.3415672779083,73426,77073,314,314,1,2.6292487755417824,12.47503191899187,6.534128576517105,1,
consistent_hash,codex129:7:129006:1019,codex129,894.078724861145,40235,42123,220,220,1,0.345722321420908,55.12408046349543,12.417944639921188,0,
consistent_hash,codex294:26:294025:794,codex294,895.5000629425049,82977,86462,615,615,1,0.9931323677301407,45.565370524890646,28.970484238117933,0,
consistent_hash,codex603:10:603009:900,codex603,896.3522005081177,68502,71983,3936,3936,1,2.5155567973852158,74.14691544775738,294.28403095155954,0,
consistent_hash,codex511:26:511025:1068,codex511,897.2075498104095,63512,66320,517,517,1,0.6744189262390137,11.832008874693583,6.779929589480162,1,
consistent_hash,codex308:9:308008:644,codex308,897.6919367313385,99773,104625,264,264,1,2.6575624719262123,79.79570453837798,23.643870919942856,0,
consistent_hash,codex40:3:40002:1152,codex40,898.3757405281067,26025,27336,287,287,1,2.3664710707962513,75.65502117720101,24.00398328155279,0,
consistent_hash,codex64:8:64007:1090,codex64,899.5216739177704,98980,104000,1023,1023,1,4.464970037341118,35.459587128136725,40.70496480166912,0,
