policy,request_id,dispatch_offset_s,input_tokens,completed_by_horizon,ttft_s,latency_s
smetric_default,codex70:25:70024:201,300.7410604953766,95402,1,0.9992459900677204,0.9999915510416031
smetric_default,codex543:8:543007:200,302.35599851608276,38215,1,0.7066439129412174,0.7070357538759708
smetric_default,codex483:22:483021:202,302.83228397369385,94681,1,1.1980039849877357,1.198529176414013
smetric_default,codex543:9:543008:203,303.49457001686096,39790,1,2.691455528140068,2.6917493976652622
smetric_default,codex315:5:315004:204,303.6877064704895,52972,1,2.530404306948185,2.5307210460305214
smetric_default,codex361:6:361005:205,304.70932507514954,28932,1,0.6258311867713928,0.6260475069284439
smetric_default,codex509:2:509001:206,305.8324751853943,19675,1,0.957129817456007,0.9572986848652363
smetric_default,codex543:10:543009:207,306.63285660743713,40432,1,0.5061337351799011,0.5065560638904572
smetric_default,codex363:12:363011:208,309.05096912384033,100281,1,1.3127958476543427,1.3133564963936806
smetric_default,codex543:11:543010:209,309.5803773403168,43234,1,1.1545577570796013,1.154846165329218
smetric_default,codex152:8:152007:210,310.343638420105,69766,1,1.0412128753960133,1.0416103899478912
smetric_default,codex361:7:361006:211,310.5393919944763,29427,1,0.39047157764434814,0.390663743019104
smetric_default,codex73:1:73000:212,311.69288444519043,13617,1,1.3190783150494099,1.3192074000835419
smetric_default,codex543:12:543011:213,312.322829246521,44523,1,0.8239155150949955,0.8241938874125481
smetric_default,codex25:6:25005:214,312.4152171611786,29495,1,0.637078333646059,0.6372797600924969
smetric_default,codex315:6:315005:215,313.9171812534332,55594,1,1.4857616908848286,1.4861040525138378
smetric_default,codex506:14:506013:216,315.3934977054596,88788,1,2.6368746608495712,2.6374084167182446
smetric_default,codex363:13:363012:217,317.46272826194763,102936,1,2.4271891079843044,2.427762258797884
smetric_default,codex25:7:25006:218,317.8372344970703,31305,1,0.7335247807204723,0.7337471321225166
smetric_default,codex152:9:152008:219,319.04241394996643,70391,1,0.9105226509273052,0.9109250865876675
smetric_default,codex315:7:315006:220,321.1435844898224,58303,1,1.4673053324222565,1.4676405675709248
smetric_default,codex422:10:422009:221,321.68225502967834,33410,1,0.7478069178760052,0.7480610236525536
smetric_default,codex73:2:73001:222,322.33948588371277,21062,1,1.280339527875185,1.2805146090686321
smetric_default,codex483:23:483022:223,323.4348130226135,94999,1,1.2666278928518295,1.267143964767456
smetric_default,codex363:14:363013:224,324.5821678638458,103989,1,1.4386622160673141,1.439219806343317
smetric_default,codex422:11:422010:225,324.6926395893097,34871,1,0.8443162702023983,0.8445499092340469
smetric_default,codex506:15:506014:226,325.52916169166565,91680,1,3.129332695156336,3.1298654414713383
smetric_default,codex73:3:73002:227,326.3727993965149,25975,1,2.295034233480692,2.29521331936121
smetric_default,codex152:10:152009:228,326.8557505607605,80379,1,5.640052437782288,5.641165461391211
smetric_default,codex509:3:509002:229,328.1517300605774,25548,1,1.2284997701644897,1.2286918014287949
smetric_default,codex25:8:25007:230,328.8356032371521,31890,1,3.66465475410223,3.6650089360773563
smetric_default,codex315:8:315007:231,329.743262052536,58817,1,0.7044988013803959,0.7050415575504303
smetric_default,codex363:15:363014:232,330.91581439971924,104819,1,1.176262516528368,1.176829807460308
smetric_default,codex483:24:483023:233,332.47890615463257,95605,1,1.2268243916332722,1.2273659259080887
smetric_default,codex363:16:363015:234,336.0102996826172,105282,1,1.208254735916853,1.2088638506829739
smetric_default,codex192:1:192000:235,336.30340671539307,13423,1,1.5163463428616524,1.5170100443065166
smetric_default,codex73:4:73003:236,336.70569252967834,27097,1,1.1166938282549381,1.1168957501649857
smetric_default,codex25:9:25008:237,337.20911478996277,36929,1,1.479221809655428,1.4794790707528591
smetric_default,codex315:9:315008:238,338.3806502819061,59429,1,0.8092081807553768,0.8095717020332813
smetric_default,codex509:4:509003:239,339.1800754070282,29637,1,1.0574228949844837,1.0576215535402298
smetric_default,codex25:10:25009:240,339.4463720321655,37534,1,0.5338259264826775,0.5340769700706005
smetric_default,codex152:11:152010:241,341.94929218292236,84188,1,2.713643502444029,2.7141193859279156
smetric_default,codex543:13:543012:242,343.07357001304626,45033,1,0.6639712117612362,0.6642675586044788
smetric_default,codex25:11:25010:243,346.5914921760559,37858,1,0.46967819705605507,0.46994685381650925
smetric_default,codex363:17:363016:244,347.5000898838043,106754,1,2.1289120838046074,2.1296189166605473
smetric_default,codex73:5:73004:245,347.5880172252655,27291,1,0.6039386205375195,0.604141291230917
smetric_default,codex493:27:493026:246,347.8736696243286,85675,1,2.3660077787935734,2.366478104144335
smetric_default,codex315:10:315009:247,348.1859061717987,62395,1,3.904546841979027,3.9049863293766975
smetric_default,codex543:14:543013:248,349.3842124938965,50295,1,2.7321563996374607,2.7324693463742733
smetric_default,codex483:25:483024:249,350.18521666526794,95729,1,1.8560013622045517,1.8565462939441204
smetric_default,codex73:6:73005:250,350.73871302604675,31329,1,2.220950648188591,2.221560027450323
smetric_default,codex192:2:192001:251,350.8244333267212,20228,1,2.1145321279764175,2.1147877164185047
smetric_default,codex110:1:110000:252,352.71327543258667,13568,1,1.2571148611605167,1.257310226559639
smetric_default,codex152:12:152011:253,355.67330288887024,86014,1,2.793793711811304,2.7946003414690495
smetric_default,codex110:2:110001:254,355.75208616256714,22383,1,1.6714677326381207,1.6716620214283466
smetric_default,codex422:12:422011:255,355.89082431793213,37248,1,2.5083362981677055,2.508699346333742
smetric_default,codex25:12:25011:256,356.4152557849884,38804,1,2.0551934614777565,2.055433601140976
smetric_default,codex110:3:110002:257,360.51083731651306,39740,1,4.4962207563221455,4.496491104364395
smetric_default,codex509:5:509004:258,360.7416753768921,35388,1,1.5607484802603722,1.561010628938675
smetric_default,codex363:18:363017:259,361.5802445411682,107774,1,1.3847198076546192,1.3854157216846943
smetric_default,codex422:13:422012:260,362.71134185791016,39880,1,0.9579918123781681,0.9586977623403072
smetric_default,codex493:28:493027:261,363.35746455192566,85849,1,0.7552197612822056,0.7556951567530632
smetric_default,codex152:13:152012:262,364.7358875274658,87205,1,2.263013493269682,2.2634892500936985
smetric_default,codex543:15:543014:263,364.89969396591187,50727,1,0.715721994638443,0.7160475365817547
smetric_default,codex192:3:192002:264,364.99482774734497,29980,1,2.1616764962673187,2.161883480846882
smetric_default,codex70:26:70025:265,365.444881439209,96307,1,1.3413757160305977,1.3419189266860485
smetric_default,codex25:13:25012:266,365.58667254447937,42088,1,1.4313241019845009,1.4315893352031708
smetric_default,codex363:19:363018:267,367.6215708255768,108157,1,1.0990432314574718,1.0996669866144657
smetric_default,codex509:6:509005:268,367.9015419483185,36179,1,0.5263037234544754,0.5265636928379536
smetric_default,codex192:4:192003:269,368.71105885505676,36263,1,1.9471156112849712,1.9474471919238567
smetric_default,codex152:14:152013:270,369.38149642944336,87698,1,1.036710910499096,1.0372064523398876
smetric_default,codex116:1:116000:271,369.43222665786743,13777,1,1.295370277017355,1.295568935573101
smetric_default,codex73:7:73006:272,369.6276385784149,31697,1,1.0502478927373886,1.0504627376794815
smetric_default,codex110:4:110003:273,369.83979177474976,44001,1,1.6314337067306042,1.6317007429897785
smetric_default,codex493:29:493028:274,370.2569806575775,86052,1,1.0842348337173462,1.0846919044852257
smetric_default,codex25:14:25013:275,370.40860986709595,42794,1,0.5260705463588238,0.526332188397646
smetric_default,codex70:27:70026:276,372.4037182331085,97725,1,2.029705733060837,2.030255902558565
smetric_default,codex73:8:73007:277,372.5330448150635,38821,1,2.574449460953474,2.5747032277286053
smetric_default,codex116:2:116001:278,372.66126322746277,39647,1,5.647894375026226,5.648280918598175
smetric_default,codex422:14:422013:279,372.7864112854004,40792,1,0.5761098004877567,0.5764017142355442
smetric_default,codex509:7:509006:280,373.94609093666077,44064,1,2.429676614701748,2.4299734495580196
smetric_default,codex506:16:506015:281,374.7617173194885,93738,1,1.8942419216036797,1.89475392177701
smetric_default,codex152:15:152014:282,375.0994930267334,87856,1,0.7789904326200485,0.7794926203787327
smetric_default,codex315:11:315010:283,375.8602981567383,64178,1,3.1299963109195232,3.130389429628849
smetric_default,codex493:30:493029:284,376.216415643692,89095,1,3.129400361329317,3.1298700608313084
smetric_default,codex73:9:73008:285,376.8525471687317,43704,1,2.4878091029822826,2.488072097301483
smetric_default,codex192:5:192004:286,377.18681263923645,37765,1,2.150220301002264,2.1504620239138603
smetric_default,codex483:26:483025:287,379.327401638031,96435,1,1.0193405039608479,1.0198728628456593
smetric_default,codex315:12:315011:288,380.18922305107117,67213,1,1.809849489480257,1.8102688938379288
smetric_default,codex509:8:509007:289,381.69800996780396,45184,1,0.81985979154706,0.8201670795679092
smetric_default,codex73:10:73009:290,382.23787927627563,44935,1,0.9776738919317722,0.97795295342803
smetric_default,codex363:20:363019:291,382.88677954673767,109770,1,2.3623221293091774,2.3630106821656227
smetric_default,codex506:17:506016:292,383.20683789253235,93935,1,0.9453511759638786,0.9458770267665386
smetric_default,codex543:16:543015:293,384.0069148540497,59782,1,13.06110456213355,13.061704367399216
smetric_default,codex25:15:25014:294,384.1422510147095,43124,1,0.5374809056520462,0.5377651564776897
smetric_default,codex483:27:483026:295,384.5725836753845,96596,1,1.3212693370878696,1.3217943608760834
smetric_default,codex493:31:493030:296,385.235547542572,104366,1,12.286572359502316,12.28723318502307
smetric_default,codex70:28:70027:297,385.5896489620209,98291,1,1.3688248358666897,1.3697131499648094
smetric_default,codex152:16:152015:298,385.8820059299469,88005,1,1.5214423835277557,1.5219200178980827
smetric_default,codex422:15:422014:299,386.0630247592926,42660,1,1.3630034774541855,1.3632744960486889
smetric_default,codex152:17:152016:300,389.6312093734741,88136,1,0.794713769108057,0.795222207903862
smetric_default,codex363:21:363020:301,390.0486056804657,110123,1,1.3474020846188068,1.3479979671537876
smetric_default,codex361:8:361007:302,390.14627480506897,29784,1,0.39326998963952065,0.39347294345498085
smetric_default,codex73:11:73010:303,390.8393838405609,47407,1,1.1438142098486423,1.1441092602908611
smetric_default,codex315:13:315012:304,391.3846318721771,67833,1,6.173636142164469,6.174011863768101
smetric_default,codex361:9:361008:305,392.9971089363098,32933,1,1.028480265289545,1.028723169118166
smetric_default,codex110:5:110004:307,393.9751718044281,48340,1,1.8227653503417969,1.823090311139822
smetric_default,codex213:1:213000:308,394.02213311195374,13027,1,1.1958529353141785,1.1959928795695305
smetric_default,codex361:10:361009:309,396.8519432544708,33505,1,0.5067906491458416,0.5070145912468433
smetric_default,codex543:17:543016:306,397.3521246910095,67574,1,3.637074138969183,3.6374450512230396
smetric_default,codex152:18:152017:310,398.7882218360901,88259,1,1.0236629843711853,1.024165228009224
smetric_default,codex213:2:213001:311,398.86093068122864,21057,1,1.8471145182847977,1.8479883074760437
smetric_default,codex509:9:509008:313,399.4673926830292,45999,1,1.2445495836436749,1.2448278553783894
smetric_default,codex73:12:73011:314,400.3496115207672,48522,1,0.867238637059927,0.8675272054970264
smetric_default,codex543:18:543017:312,401.208970785141,69881,1,1.5890557132661343,1.5894938483834267
smetric_default,codex192:6:192005:315,402.07915687561035,41600,1,4.199712451547384,4.199985262006521
smetric_default,codex73:13:73012:316,402.3803131580353,56464,1,4.501962888985872,4.502794366329908
smetric_default,codex361:11:361010:317,403.1386082172394,35258,1,0.6696789339184761,0.6699268259108067
smetric_default,codex152:19:152018:318,403.6408166885376,88423,1,0.7741840742528439,0.7746786586940289
smetric_default,codex506:18:506017:319,404.16929483413696,94094,1,2.719965897500515,2.720483783632517
smetric_default,codex315:14:315013:320,404.3970491886139,71567,1,3.2100909166038036,3.2105781845748425
smetric_default,codex70:29:70028:321,404.74532198905945,98557,1,1.1959162652492523,1.1964846700429916
smetric_default,codex116:3:116002:322,404.9093179702759,48493,1,3.207814458757639,3.2081022523343563
smetric_default,codex543:19:543018:323,405.3125751018524,71484,1,2.33475548774004,2.3351446874439716
smetric_default,codex25:16:25015:324,405.8338315486908,45536,1,1.0855989046394825,1.0858657956123352
smetric_default,codex213:3:213002:325,406.65751791000366,25096,1,0.9251123517751694,0.9253020398318768
smetric_default,codex363:22:363021:326,408.10739850997925,112118,1,2.281449057161808,2.282167762517929
smetric_default,codex506:19:506018:327,408.5718033313751,94209,1,0.908692792057991,0.9092083424329758
smetric_default,codex192:7:192006:328,408.7093548774719,41932,1,0.6490452326834202,0.6493177972733974
smetric_default,codex493:32:493031:329,409.3489649295807,107448,1,3.400788187980652,3.401362333446741
smetric_default,codex166:1:166000:330,410.1559867858887,14321,1,1.3804739937186241,1.3806047439575195
smetric_default,codex543:20:543019:331,410.73954367637634,71649,1,2.001840729266405,2.0022519193589687
smetric_default,codex192:8:192007:332,411.5323715209961,44576,1,1.2603587470948696,1.2606282569468021
smetric_default,codex70:30:70029:333,412.252858877182,99004,1,1.2964527681469917,1.2969626374542713
smetric_default,codex152:20:152019:334,412.5598702430725,88547,1,0.9835563488304615,0.9840579032897949
smetric_default,codex110:6:110005:335,412.7321698665619,53518,1,2.2341907620429993,2.234518226236105
smetric_default,codex166:2:166001:336,413.5342695713043,25686,1,2.333880040794611,2.3342199102044106
smetric_default,codex213:4:213003:337,414.9185359477997,25687,1,0.9647106006741524,0.9648974426090717
smetric_default,codex70:31:70030:338,415.50267601013184,99279,1,0.937939140945673,0.9385011754930019
smetric_default,codex315:15:315014:339,415.7578635215759,75438,1,2.2860497646033764,2.2865112461149693
smetric_default,codex509:10:509009:340,416.24349546432495,46638,1,0.5724458545446396,0.5727281421422958
smetric_default,codex509:11:509010:341,417.53781819343567,48849,1,1.8494690470397472,1.8498698212206364
smetric_default,codex213:5:213004:342,418.4272153377533,28569,1,0.9752388894557953,0.9754333198070526
smetric_default,codex116:4:116003:343,418.8854112625122,53663,1,2.4660956636071205,2.466650150716305
smetric_default,codex363:23:363022:344,420.07788252830505,112236,1,1.2854443341493607,1.2864621058106422
smetric_default,codex315:16:315015:345,420.3498022556305,78032,1,2.207419980317354,2.2079292871057987
smetric_default,codex506:20:506019:346,420.7394585609436,94657,1,1.3485723473131657,1.3490944020450115
smetric_default,codex152:21:152020:347,421.05999207496643,95587,1,4.923889797180891,4.924545761197805
smetric_default,codex509:12:509011:348,421.23447012901306,49988,1,0.8927845880389214,0.893076304346323
smetric_default,codex361:12:361011:349,421.3419783115387,35643,1,0.4100145809352398,0.4103594794869423
smetric_default,codex543:21:543020:350,421.7283353805542,71893,1,0.8674704432487488,0.8678566887974739
smetric_default,codex220:4:220003:351,421.9771258831024,40239,1,4.890281710773706,4.890675902366638
smetric_default,codex166:3:166002:352,422.83760619163513,29783,1,4.060713905841112,4.061197470873594
smetric_default,codex213:6:213005:353,423.4800431728363,29883,1,3.421031653881073,3.4212307892739773
smetric_default,codex543:22:543021:354,424.5008988380432,77440,1,3.164905570447445,3.1653915233910084
smetric_default,codex506:21:506020:355,426.36553049087524,94828,1,0.7179582267999649,0.7184607088565826
smetric_default,codex421:1:421000:356,426.5380427837372,13368,1,1.2450868748128414,1.245291993021965
smetric_default,codex152:22:152021:357,427.4532399177551,95756,1,0.8665397465229034,0.8670611716806889
smetric_default,codex152:23:152022:358,429.1938405036926,100235,1,3.457503393292427,3.4580451510846615
smetric_default,codex110:7:110006:359,429.3678255081177,54220,1,0.7288668267428875,0.7292114868760109
smetric_default,codex493:33:493032:360,429.9367527961731,122761,1,13.28007923439145,13.280885066837072
smetric_default,codex213:7:213006:361,430.0351459980011,30123,1,0.8786817900836468,0.878907959908247
smetric_default,codex506:22:506021:362,430.77052545547485,95022,1,1.0162220038473606,1.016721487045288
smetric_default,codex361:13:361012:363,430.9092643260956,35921,1,0.3673172891139984,0.3675517924129963
smetric_default,codex315:17:315016:364,434.59438467025757,80181,1,8.695771284401417,8.696487873792648
smetric_default,codex116:5:116004:365,435.2662043571472,55876,1,1.437950499355793,1.4383225664496422
smetric_default,codex543:23:543022:366,435.99923944473267,78577,1,7.296548821032047,7.296970594674349
smetric_default,codex166:4:166003:367,436.1049783229828,31663,1,0.6654766388237476,0.6656855158507824
smetric_default,codex213:8:213007:368,436.5955181121826,35710,1,1.6628440394997597,1.6631061919033527
smetric_default,codex421:2:421001:369,436.69769501686096,30402,1,3.358277350664139,3.358490526676178
smetric_default,codex509:13:509012:370,439.6115679740906,54607,1,2.1257736906409264,2.12638770788908
smetric_default,codex110:8:110007:371,440.05020403862,55773,1,1.0720014125108719,1.0723626166582108
smetric_default,codex166:5:166004:372,441.7294452190399,54050,1,7.927012227475643,7.927451558411121
smetric_default,codex548:1:548000:374,442.938618183136,13754,1,1.3658529035747051,1.3659870512783527
smetric_default,codex543:24:543023:373,443.5551040172577,79148,1,0.8927186466753483,0.8931740894913673
smetric_default,codex213:9:213008:375,444.3005893230438,37539,1,5.397327080368996,5.397869609296322
smetric_default,codex110:9:110008:376,444.77378845214844,73383,1,10.70959708839655,10.710015449672937
smetric_default,codex548:2:548001:377,444.93863582611084,26062,1,11.766344584524632,11.766574054956436
smetric_default,codex421:3:421002:378,446.1795663833618,38488,1,10.658318422734737,10.658585038036108
smetric_default,codex543:25:543024:379,447.54568886756897,81167,1,1.5610884726047516,1.5615468807518482
smetric_default,codex220:5:220004:380,447.7358331680298,41257,1,1.9653433449566364,1.965598702430725
smetric_default,codex315:18:315017:381,449.0958981513977,82558,1,1.7469686530530453,1.7475519217550755
smetric_default,codex25:17:25016:382,449.58753514289856,60104,1,5.4983038902282715,5.498690620064735
smetric_default,codex361:14:361013:383,450.16507625579834,36031,1,0.3623342365026474,0.36259567365050316
smetric_default,codex73:14:73013:384,451.072961807251,57436,1,1.1345479488372803,1.1349184289574623
smetric_default,codex509:14:509013:385,451.24321126937866,56082,1,0.9719477780163288,0.972268532961607
smetric_default,codex506:23:506022:386,451.9326322078705,96366,1,1.8718894869089127,1.8724176473915577
smetric_default,codex543:26:543025:387,452.1980981826782,84297,1,2.3769479654729366,2.3777051344513893
smetric_default,codex116:6:116005:390,454.97227358818054,61123,1,2.4852324537932873,2.485613226890564
smetric_default,codex166:6:166005:391,455.3005678653717,58651,1,2.9172270111739635,2.917597711086273
smetric_default,codex73:15:73014:392,455.4748785495758,57760,1,0.7035468742251396,0.7039233930408955
smetric_default,codex548:3:548002:389,456.8326060771942,36619,1,3.1427645944058895,3.1430003121495247
smetric_default,codex421:4:421003:388,456.9610924720764,39004,1,3.0166338197886944,3.0168737918138504
smetric_default,codex493:34:493033:393,457.88805413246155,125897,1,4.5496421828866005,4.5503692999482155
smetric_default,codex70:32:70031:394,458.19455742836,99604,1,0.8913220316171646,0.8919047974050045
smetric_default,codex220:6:220005:395,458.49639797210693,61910,1,11.540747161954641,11.541117910295725
smetric_default,codex509:15:509014:396,458.74073910713196,62314,1,12.721174243837595,12.721870481967926
smetric_default,codex315:19:315018:397,459.96738386154175,83562,1,2.5095236487686634,2.509978361427784
smetric_default,codex421:5:421004:398,460.6578450202942,45676,1,2.413717459887266,2.4139973260462284
smetric_default,codex422:16:422015:399,460.796537399292,42885,1,0.3961799517273903,0.39646051079034805
smetric_default,codex543:27:543026:400,463.6017904281616,86720,1,2.333321951329708,2.3338465243577957
smetric_default,codex166:7:166006:401,463.81480741500854,61781,1,7.651992052793503,7.652334276586771
smetric_default,codex70:33:70032:402,464.4687511920929,99805,1,0.7116497196257114,0.712208554148674
smetric_default,codex110:10:110009:403,464.9490213394165,75626,1,1.5720207877457142,1.5724519751966
smetric_default,codex506:24:506023:404,465.5497796535492,99771,1,2.7299251034855843,2.730480622500181
smetric_default,codex25:18:25017:405,466.4880611896515,65021,1,2.536885268986225,2.5372767969965935
smetric_default,codex110:11:110010:406,467.49956130981445,83909,1,5.884916357696056,5.885689351707697
smetric_default,codex234:1:234000:407,467.54939818382263,13534,1,1.3267208151519299,1.3268437385559082
smetric_default,codex315:20:315019:408,468.72686529159546,84451,1,1.3161616660654545,1.3166160397231579
smetric_default,codex213:10:213009:409,468.8719265460968,42200,1,2.6127832122147083,2.613052450120449
smetric_default,codex116:7:116006:410,469.89214062690735,64702,1,2.043141234666109,2.04351818934083
smetric_default,codex422:17:422016:411,470.02997398376465,43073,1,0.423345223069191,0.42360905930399895
smetric_default,codex548:4:548003:412,471.66036891937256,39940,1,1.7275745086371899,1.7278111316263676
smetric_default,codex234:2:234001:413,472.0748088359833,17820,1,0.775470744818449,0.7756282091140747
smetric_default,codex493:35:493034:414,474.1748917102814,134697,1,8.176776435226202,8.178316999226809
smetric_default,codex166:8:166007:415,475.74518156051636,65626,1,2.085289601236582,2.0856952220201492
smetric_default,codex315:21:315020:416,476.0812635421753,84693,1,6.277339834719896,6.277794752269983
smetric_default,codex110:12:110011:418,479.069842338562,84772,1,2.3333949632942677,2.33388077840209
smetric_default,codex509:16:509015:419,479.4720182418823,63025,1,0.9660404585301876,0.9664425104856491
smetric_default,codex548:5:548004:420,479.6056866645813,42982,1,2.242145035415888,2.2424188032746315
smetric_default,codex110:13:110012:421,481.69991970062256,89603,1,4.928916715085506,4.929474178701639
smetric_default,codex361:15:361014:422,481.8416955471039,42569,1,2.145797226577997,2.1460593566298485
smetric_default,codex25:19:25018:423,482.1329689025879,67248,1,1.525213349610567,1.5256145149469376
smetric_default,codex315:22:315021:417,482.6315441131592,85244,1,1.1696939133107662,1.1701477020978928
smetric_default,codex166:9:166008:424,482.8300304412842,66306,1,0.8734483234584332,0.8738312609493732
smetric_default,codex548:6:548005:425,483.3873372077942,47455,1,3.2638573050498962,3.2641437649726868
smetric_default,codex509:17:509016:426,484.85829854011536,64840,1,1.7631284780800343,1.7634930573403835
smetric_default,codex220:7:220006:427,485.04802894592285,62358,1,1.5392517000436783,1.5397157855331898
smetric_default,codex422:18:422017:428,486.04793524742126,43513,1,0.4211950860917568,0.4214918948709965
smetric_default,codex548:7:548006:429,487.51119589805603,55517,1,5.535801559686661,5.536144230514765
smetric_default,codex493:36:493035:430,488.6584441661835,143050,1,8.317020557820797,8.31775439158082
smetric_default,codex234:3:234002:431,488.736852645874,22408,1,1.4398096054792404,1.4399864673614502
smetric_default,codex213:11:213010:432,488.87260341644287,43628,1,0.7987458519637585,0.7990437224507332
smetric_default,codex110:14:110013:433,489.4133245944977,93010,1,3.639954838901758,3.640466682612896
smetric_default,codex509:18:509017:434,489.9608693122864,66802,1,3.3636620566248894,3.364047307521105
smetric_default,codex166:10:166009:435,490.17062544822693,69133,1,3.1944803781807423,3.1951711997389793
smetric_default,codex116:8:116007:436,490.4734239578247,65345,1,0.7417026609182358,0.7420936822891235
smetric_default,codex213:12:213011:437,490.76621747016907,44901,1,2.602569878101349,2.602834463119507
smetric_default,codex506:25:506024:438,491.688752412796,102551,1,2.6234722174704075,2.6240204721689224
smetric_default,codex308:1:308000:439,492.1512019634247,13069,1,1.2042687125504017,1.204469982534647
smetric_default,codex422:19:422018:440,493.03936529159546,44221,1,0.6077271439135075,0.6079922579228878
smetric_default,codex116:9:116008:441,493.315388917923,71073,1,2.9721352830529213,2.9725834988057613
smetric_default,codex70:34:70033:442,495.28780794143677,100262,1,1.2705781608819962,1.2711227871477604
smetric_default,codex166:11:166010:443,495.50290846824646,69310,1,0.6364974528551102,0.6369048990309238
smetric_default,codex110:15:110014:444,496.11698269844055,93781,1,1.4059468917548656,1.4064589962363243
smetric_default,codex213:13:213012:445,498.271906375885,46847,1,1.0181299410760403,1.018435787409544
smetric_default,codex234:4:234003:446,498.55367708206177,24500,1,0.608386367559433,0.6085962764918804
smetric_default,codex548:8:548007:447,500.4265937805176,60641,1,2.410909742116928,2.411264691501856
smetric_default,codex220:8:220007:448,500.91938853263855,62623,1,1.5354571156203747,1.5358462259173393
smetric_default,codex213:14:213013:449,501.06946778297424,48928,1,1.4100919626653194,1.410382617264986
smetric_default,codex308:2:308001:450,501.1681549549103,30695,1,3.2787433862686157,3.278960205614567
smetric_default,codex422:20:422019:451,504.64740085601807,44912,1,0.5158802457153797,0.5161751247942448
smetric_default,codex509:19:509018:452,506.3314390182495,67866,1,0.8956218175590038,0.8960499092936516
smetric_default,codex234:5:234004:453,506.8502357006073,27533,1,0.8285484537482262,0.8287490904331207
smetric_default,codex220:9:220008:454,507.6133782863617,62906,1,0.7394453920423985,0.7398111335933208
smetric_default,codex110:16:110015:455,508.3425245285034,96634,1,2.2929857298731804,2.293618705123663
smetric_default,codex308:3:308002:456,508.5800507068634,45136,1,4.565065216273069,4.565498352050781
smetric_default,codex367:1:367000:457,508.62738156318665,13427,1,1.2724360153079033,1.2725672200322151
smetric_default,codex548:9:548008:458,510.9903483390808,65934,1,2.5886300206184387,2.589017778635025
smetric_default,codex70:35:70034:459,511.40740942955017,100487,1,1.7985162138938904,1.7990648970007896
smetric_default,codex116:10:116009:460,513.9386219978333,71365,1,0.6110373847186565,0.6114833727478981
smetric_default,codex110:17:110016:461,514.360059261322,100549,1,3.1716485656797886,3.1722344905138016
smetric_default,codex220:10:220009:462,515.3169913291931,63195,1,0.5888325981795788,0.5893407985568047
smetric_default,codex70:36:70035:463,517.2605020999908,107679,1,8.064054492861032,8.064656719565392
smetric_default,codex422:21:422020:464,518.3242237567902,49343,1,1.7019500359892845,1.7022667303681374
smetric_default,codex166:12:166011:465,518.6624279022217,75701,1,3.8031020499765873,3.8036027811467648
smetric_default,codex116:11:116010:466,519.9586720466614,74331,1,1.9323689751327038,1.9328104443848133
smetric_default,codex110:18:110017:467,520.828831911087,101429,1,1.481095414608717,1.481633823364973
smetric_default,codex220:11:220010:468,521.1589720249176,63334,1,1.3378487266600132,1.338197536766529
smetric_default,codex308:4:308003:469,521.5896060466766,55149,1,4.663368314504623,4.663711067289114
smetric_default,codex192:9:192008:470,523.4351773262024,45161,1,0.6672118939459324,0.6675158441066742
smetric_default,codex220:12:220011:471,525.7423424720764,63422,1,0.5144114568829536,0.5147713646292686
smetric_default,codex422:22:422021:472,526.1579034328461,49622,1,0.864592369645834,0.8648853935301304
smetric_default,codex234:6:234005:473,526.2461247444153,27733,1,0.36711760237812996,0.3673216886818409
smetric_default,codex25:20:25019:474,527.0147278308868,67883,1,0.89214101806283,0.892538420855999
smetric_default,codex308:5:308004:475,528.3547780513763,94857,1,19.670572746545076,19.672241304069757
smetric_default,codex110:19:110018:476,528.8879976272583,102149,1,1.569881770759821,1.5705716758966446
smetric_default,codex548:10:548009:477,529.4641823768616,66477,1,1.022993978112936,1.0233694165945053
smetric_default,codex234:7:234006:478,530.448700428009,27798,1,0.2465697005391121,0.24676555395126343
smetric_default,codex506:26:506025:479,531.4821860790253,103123,1,1.5446970015764236,1.545264907181263
smetric_default,codex116:12:116011:480,531.7134246826172,74885,1,0.6628614775836468,0.6633146926760674
smetric_default,codex70:37:70036:481,532.1369874477386,107758,1,15.897011786699295,15.89757950976491
smetric_default,codex166:13:166012:482,532.9210095405579,76175,1,1.1831599287688732,1.1835878007113934
smetric_default,codex543:28:543027:483,534.0939671993256,88356,1,2.676494851708412,2.677124720066786
smetric_default,codex367:2:367001:484,534.6414587497711,21050,1,2.4089819863438606,2.4091464914381504
smetric_default,codex220:13:220012:485,534.9880628585815,63602,1,0.6364376917481422,0.6368386559188366
smetric_default,codex506:27:506026:486,536.4113583564758,103687,1,1.342413168400526,1.3430559001863003
smetric_default,codex116:13:116012:487,537.0439643859863,77957,1,2.610789742320776,2.611230041831732
smetric_default,codex234:8:234007:489,538.5103011131287,29656,1,1.139406181871891,1.1396176032721996
smetric_default,codex25:21:25020:490,538.9343726634979,75891,1,4.129912912845612,4.130357585847378
smetric_default,codex315:23:315022:491,539.6409657001495,85849,1,0.9556647464632988,0.9561534114181995
smetric_default,codex278:1:278000:492,541.3821666240692,13270,1,1.2422538101673126,1.2423881143331528
smetric_default,codex509:20:509019:493,543.4770374298096,68105,1,0.7780248746275902,0.7784338407218456
smetric_default,codex166:14:166013:494,544.1397008895874,80085,1,4.309872969985008,4.3103072717785835
smetric_default,codex234:9:234008:495,544.2477962970734,33258,1,1.157962292432785,1.1582077704370022
smetric_default,codex509:21:509020:496,545.7047803401947,71061,1,2.7394382432103157,2.7398596107959747
smetric_default,codex543:29:543028:497,546.1115684509277,88718,1,0.8496357761323452,0.8501538746058941
smetric_default,codex70:38:70037:488,548.4320597648621,119108,1,8.581003475934267,8.58174866437912
smetric_default,codex25:22:25021:498,548.9097561836243,76161,1,0.9231050089001656,0.9235502928495407
smetric_default,codex509:22:509021:499,549.1467773914337,73848,1,2.577661905437708,2.5781633593142033
smetric_default,codex234:10:234009:500,549.2547302246094,34730,1,0.6518320478498936,0.6520584709942341
smetric_default,codex338:1:338000:501,549.5789570808411,13413,1,1.647149633616209,1.647278007119894
smetric_default,codex543:30:543029:502,551.0639264583588,91147,1,2.723666150122881,2.724166877567768
smetric_default,codex192:10:192009:503,551.2220776081085,48402,1,2.0154781714081764,2.0157881900668144
smetric_default,codex166:15:166014:504,551.4948983192444,82303,1,2.084822729229927,2.0853013768792152
smetric_default,codex548:11:548010:505,551.7136127948761,68800,1,1.5286593176424503,1.5290453732013702
smetric_default,codex116:14:116013:506,552.0437276363373,82594,1,3.046347714960575,3.0468004643917084
smetric_default,codex367:3:367002:507,552.2368605136871,22873,1,2.06689827516675,2.0671663098037243
smetric_default,codex315:24:315023:508,552.9721930027008,86333,1,1.3916879892349243,1.3921488337218761
smetric_default,codex25:23:25022:509,553.2210125923157,76547,1,0.8870464526116848,0.8874608166515827
smetric_default,codex338:2:338001:510,553.4109570980072,14073,1,0.280345156788826,0.28055860474705696
smetric_default,codex220:14:220013:511,555.587771654129,71909,1,5.44158973172307,5.442122887820005
smetric_default,codex278:2:278001:512,556.9488279819489,40498,1,6.094629094004631,6.094895374029875
smetric_default,codex421:6:421005:513,557.6667330265045,46469,1,0.9192657545208931,0.9195919819176197
smetric_default,codex509:23:509022:514,558.5782263278961,75703,1,2.457120195031166,2.457573290914297
smetric_default,codex25:24:25023:515,559.3536615371704,76669,1,0.5538925006985664,0.554372776299715
smetric_default,codex543:31:543030:516,560.5184066295624,111657,1,14.702770836651325,14.70334216952324
smetric_default,codex116:15:116014:517,561.0182800292969,90999,1,5.72496747225523,5.7258789502084255
smetric_default,codex234:11:234010:518,561.6608295440674,36635,1,5.085771083831787,5.086001586169004
smetric_default,codex192:11:192010:519,562.1118035316467,51221,1,1.4181472212076187,1.4184872098267078
smetric_default,codex213:15:213014:520,562.3753089904785,51226,1,2.1184544675052166,2.118787284940481
smetric_default,codex166:16:166015:521,562.978538274765,82777,1,1.5236029587686062,1.5240524895489216
smetric_default,codex338:3:338002:522,563.0392274856567,18120,1,0.8390041291713715,0.8391560390591621
smetric_default,codex422:23:422022:523,563.8737442493439,50065,1,0.6231975890696049,0.6234974935650826
smetric_default,codex315:25:315024:524,564.4039812088013,86524,1,10.810397058725357,10.810876164585352
smetric_default,codex367:4:367003:525,564.4876296520233,24497,1,10.64174409210682,10.641928564757109
smetric_default,codex453:1:453000:526,565.9946808815002,13604,1,1.2726527228951454,1.2727817557752132
smetric_default,codex422:24:422023:529,568.7731862068176,50351,1,0.572803620249033,0.5731849484145641
smetric_default,codex213:16:213015:530,570.550012588501,56871,1,3.214116830378771,3.2145854979753494
smetric_default,codex338:4:338003:531,571.0033383369446,19274,1,0.38111891597509384,0.3812846317887306
smetric_default,codex548:12:548011:532,572.0793855190277,75134,1,3.6793795824050903,3.6799046583473682
smetric_default,codex509:24:509023:533,572.3579807281494,76825,1,1.4475293457508087,1.4479600824415684
smetric_default,codex220:15:220014:535,575.0586969852448,73189,1,1.3559057526290417,1.3563561737537384
smetric_default,codex338:5:338004:536,575.1255819797516,20016,1,0.641778439283371,0.6419310532510281
smetric_default,codex367:5:367004:527,575.206595659256,25192,1,0.36977294832468033,0.36996181681752205
smetric_default,codex367:6:367005:528,575.6680965423584,29093,1,1.030635293573141,1.0308493338525295
smetric_default,codex192:12:192011:537,576.3247725963593,53308,1,1.2258339002728462,1.2261677235364914
smetric_default,codex338:6:338005:538,576.4065456390381,23466,1,0.7785348929464817,0.7787163630127907
smetric_default,codex367:7:367006:534,576.7995002269745,30405,1,0.6376532465219498,0.6378847770392895
smetric_default,codex509:25:509024:539,577.0738482475281,78861,1,1.8731963634490967,1.8736404664814472
smetric_default,codex278:3:278002:540,577.4311721324921,56304,1,5.43476140499115,5.435100197792053
smetric_default,codex422:25:422024:541,577.7398393154144,50473,1,0.4481278397142887,0.44845452159643173
smetric_default,codex315:26:315025:542,578.9365141391754,90219,1,2.834179863333702,2.834674336016178
smetric_default,codex220:16:220015:543,579.7008736133575,74014,1,0.9745262712240219,0.9752647653222084
smetric_default,codex453:2:453001:544,579.8810927867889,19710,1,0.999371413141489,0.9995325654745102
smetric_default,codex308:6:308005:545,583.4255623817444,96896,1,3.54110025241971,3.541673719882965
smetric_default,codex192:13:192012:546,583.5998241901398,56408,1,2.2034400068223476,2.203894257545471
smetric_default,codex367:8:367007:547,583.6955568790436,30739,1,0.650789849460125,0.65102469176054
smetric_default,codex73:16:73015:548,583.8818070888519,58432,1,1.9547343477606773,1.9550747461616993
smetric_default,codex234:12:234011:549,584.233433008194,41352,1,1.7430874295532703,1.743343010544777
smetric_default,codex338:7:338006:550,584.3421108722687,30098,1,1.570289522409439,1.570491548627615
smetric_default,codex453:3:453002:551,584.6188266277313,29336,1,2.7967409640550613,2.796967152506113
smetric_default,codex509:26:509025:552,586.2641859054565,83681,1,7.276969108730555,7.277455680072308
smetric_default,codex367:9:367008:553,586.8066394329071,37260,1,1.8913861811161041,1.8916614577174187
smetric_default,codex166:17:166016:554,587.4078147411346,89973,1,7.809912849217653,7.81043391674757
smetric_default,codex192:14:192013:555,587.7917366027832,58206,1,1.220669511705637,1.2210276909172535
smetric_default,codex220:17:220016:556,589.4561369419098,76492,1,7.276785362511873,7.27722180634737
smetric_default,codex338:8:338007:557,590.1011490821838,33059,1,1.0104456879198551,1.0106788463890553
smetric_default,codex453:4:453003:558,590.2241036891937,36843,1,2.006464671343565,2.0067138262093067
smetric_default,codex88:1:88000:559,590.599695444107,14659,1,1.401647426187992,1.4017855525016785
smetric_default,codex213:17:213016:560,591.0519626140594,57604,1,5.675981372594833,5.676325600594282
smetric_default,codex315:27:315026:561,591.8969595432281,90554,1,0.9832288473844528,0.983727715909481
smetric_default,codex422:26:422025:563,593.3919453620911,50613,1,0.751773577183485,0.7520883195102215
smetric_default,codex453:5:453004:564,593.5324721336365,44232,1,2.3693536035716534,2.3696625158190727
smetric_default,codex509:27:509026:562,593.8161301612854,85401,1,2.9228734113276005,2.9233436957001686
smetric_default,codex278:4:278003:565,594.1361644268036,69050,1,5.647517744451761,5.647939790040255
smetric_default,codex88:2:88001:566,594.9290750026703,28492,1,3.185199547559023,3.1854092590510845
smetric_default,codex315:28:315027:567,596.7170612812042,90898,1,1.4030806571245193,1.4035687409341335
smetric_default,codex110:20:110019:568,597.8209457397461,103938,1,2.1976575888693333,2.1982285268604755
smetric_default,codex509:28:509027:569,598.1063075065613,89233,1,2.9018075093626976,2.902307603508234
smetric_default,codex308:7:308006:570,598.4761080741882,99933,1,2.7208214960992336,2.7213459350168705
smetric_default,codex192:15:192014:571,599.5718953609467,60976,1,1.5319251082837582,1.532277513295412
smetric_default,codex338:9:338008:572,600.9995005130768,36362,1,1.112940140068531,1.1131864376366138
smetric_default,codex88:3:88002:573,602.4170060157776,34393,1,1.9214451014995575,1.9216926954686642
smetric_default,codex110:21:110020:574,604.0323457717896,106971,1,3.635521661490202,3.636115960776806
smetric_default,codex213:18:213017:575,604.2132692337036,58037,1,0.7081626169383526,0.7085138373076916
smetric_default,codex338:10:338009:576,604.3335256576538,37978,1,5.254730276763439,5.25500825420022
smetric_default,codex166:18:166017:577,605.2122735977173,91447,1,1.8614679127931595,1.861969843506813
smetric_default,codex192:16:192015:578,606.2344977855682,61317,1,0.8334306553006172,0.8338123485445976
smetric_default,codex548:13:548012:579,606.9002788066864,78730,1,2.7329042963683605,2.7333544492721558
smetric_default,codex88:4:88003:580,607.0593497753143,47708,1,4.1272959895431995,4.12758469954133
smetric_default,codex308:8:308007:581,607.4734172821045,102688,1,2.4563071615993977,2.456846948713064
smetric_default,codex213:19:213018:582,607.9843530654907,58279,1,0.695386316627264,0.6957413293421268
smetric_default,codex73:17:73016:583,609.1578047275543,58630,1,0.5520145446062088,0.5523615628480911
smetric_default,codex338:11:338010:584,610.7718541622162,38225,1,0.39117153733968735,0.3914305604994297
smetric_default,codex110:22:110021:585,612.5229644775391,117657,1,8.553755201399326,8.55472293868661
smetric_default,codex278:5:278004:586,612.9206833839417,74462,1,3.2692956775426865,3.269719675183296
smetric_default,codex234:13:234012:587,615.1404931545258,43580,1,1.044921200722456,1.0452044866979122
smetric_default,codex405:1:405000:588,615.1986436843872,13349,1,1.392878945916891,1.3930030688643456
smetric_default,codex88:5:88004:589,616.0164077281952,83870,1,16.084797229617834,16.08529743924737
smetric_default,codex422:27:422026:590,616.1780385971069,50769,1,0.5723604969680309,0.5726816281676292
smetric_default,codex213:20:213019:591,616.5862593650818,58595,1,0.5889913327991962,0.5893371291458607
smetric_default,codex338:12:338011:592,617.6017587184906,39217,1,3.4784877449274063,3.4787329100072384
smetric_default,codex308:9:308008:593,618.1565601825714,104953,1,2.4036757200956345,2.4042440243065357
smetric_default,codex166:19:166018:594,618.8689193725586,92726,1,1.374727912247181,1.3752528689801693
smetric_default,codex506:28:506027:595,619.5017976760864,104305,1,2.529050324112177,2.5296906009316444
smetric_default,codex73:18:73017:596,619.6876318454742,59150,1,1.6265578791499138,1.6269030831754208
smetric_default,codex192:17:192016:597,620.5493335723877,62091,1,1.4750124365091324,1.4753872193396091
smetric_default,codex453:6:453005:598,622.016185760498,49759,1,2.014311332255602,2.014632299542427
smetric_default,codex405:2:405001:599,622.6425161361694,21038,1,1.2917962484061718,1.291974514722824
smetric_default,codex603:1:603000:600,623.4022295475006,13081,1,1.1932781338691711,1.1934014335274696
smetric_default,codex422:28:422027:601,624.4938154220581,50951,1,0.6354639232158661,0.6357773505151272
smetric_default,codex548:14:548013:602,625.1207187175751,85221,1,8.659741450101137,8.660227935761213
smetric_default,codex110:23:110022:603,625.7322566509247,122856,1,10.042627181857824,10.043322429060936
smetric_default,codex234:14:234013:604,626.4076087474823,53253,1,3.6927588246762753,3.6930980533361435
smetric_default,codex220:18:220017:605,626.7886731624603,79623,1,2.2981351241469383,2.2985914945602417
smetric_default,codex338:13:338012:606,627.3677229881287,43107,1,9.150617618113756,9.150892589241266
smetric_default,codex421:7:421006:607,629.0659120082855,50873,1,7.455485265702009,7.455783896148205
smetric_default,codex213:21:213020:608,630.0927562713623,58860,1,0.4523582346737385,0.4527028426527977
smetric_default,codex220:19:220018:609,632.0908997058868,80765,1,1.2121350318193436,1.2126155756413937
smetric_default,codex73:19:73018:610,633.1589462757111,59246,1,0.558983638882637,0.5593361966311932
smetric_default,codex110:24:110023:612,636.2012946605682,124463,1,4.662166867405176,4.6628598645329475
smetric_default,codex509:29:509028:613,636.5092852115631,91290,1,2.4238662384450436,2.4243748262524605
smetric_default,codex338:14:338013:611,636.6767828464508,49664,1,4.177789568901062,4.178135145455599
smetric_default,codex192:18:192017:614,637.1196773052216,62908,1,0.8267169110476971,0.827117569744587
smetric_default,codex166:20:166019:615,638.9213886260986,97942,1,4.022762518376112,4.023392632603645
smetric_default,codex278:6:278005:616,639.3866467475891,77698,1,2.1784441135823727,2.1788833551108837
smetric_default,codex315:29:315028:617,640.3557434082031,91167,1,0.671832725405693,0.6723121255636215
smetric_default,codex305:1:305000:618,640.4461340904236,13272,1,1.2285464331507683,1.2287581823766232
smetric_default,codex603:2:603001:619,640.8480317592621,30015,1,3.1513922214508057,3.1516127921640873
smetric_default,codex213:22:213021:620,642.0396385192871,59149,1,0.9315225183963776,0.9318609945476055
smetric_default,codex405:3:405002:621,642.1214516162872,25234,1,0.9245897270739079,0.9247842058539391
smetric_default,codex421:8:421007:622,643.2143034934998,53054,1,1.3561728931963444,1.3565725162625313
smetric_default,codex509:30:509029:623,644.5613799095154,95825,1,3.3225306309759617,3.3230629563331604
smetric_default,codex405:4:405003:624,645.329568862915,26414,1,0.7788753248751163,0.7790914587676525
smetric_default,codex308:10:308009:625,645.9624564647675,105278,1,1.2883946001529694,1.2891066521406174
smetric_default,codex603:3:603002:626,646.103592634201,41024,1,3.4200409539043903,3.42038394510746
smetric_default,codex548:15:548014:627,646.4115550518036,85852,1,3.585329592227936,3.5858044028282166
smetric_default,codex88:6:88005:628,646.7107670307159,85177,1,1.8828867748379707,1.883360754698515
smetric_default,codex421:9:421008:629,646.909826040268,54071,1,3.1411398015916348,3.141949951648712
smetric_default,codex338:15:338014:630,647.086416721344,54738,1,2.961008597165346,2.9649546332657337
smetric_default,codex315:30:315029:631,648.5822069644928,91443,1,0.8894262574613094,0.8899566009640694
smetric_default,codex166:21:166020:632,648.9296684265137,98696,1,1.0958053469657898,1.0963402390480042
smetric_default,codex405:5:405004:634,649.7493829727173,31509,1,1.898488849401474,1.8987185135483742
smetric_default,codex421:10:421009:633,650.2441730499268,55248,1,1.4077671021223068,1.4080890640616417
smetric_default,codex110:25:110024:635,651.3594093322754,130593,1,7.110086042433977,7.110778585076332
smetric_default,codex548:16:548015:636,651.6405608654022,86601,1,6.215003341436386,6.215474054217339
smetric_default,codex509:31:509030:637,652.1071236133575,95869,1,0.6059000305831432,0.6064324788749218
smetric_default,codex116:16:116015:638,652.53369307518,92541,1,1.5126879885792732,1.513195924460888
smetric_default,codex88:7:88006:639,654.8175966739655,85868,1,1.8838705159723759,1.8843729943037033
smetric_default,codex213:23:213022:640,655.0086696147919,59761,1,0.7123117968440056,0.7128020040690899
smetric_default,codex308:11:308010:641,655.4238429069519,110489,1,4.2018775306642056,4.202594555914402
smetric_default,codex315:31:315030:643,656.3191468715668,91825,1,1.0509152486920357,1.0514499843120575
smetric_default,codex234:15:234014:644,656.5132055282593,59833,1,4.393465708941221,4.393896762281656
smetric_default,codex305:2:305001:645,656.675110578537,48268,1,12.035669419914484,12.035968586802483
smetric_default,codex220:20:220019:646,656.9817018508911,81035,1,0.8688030019402504,0.8692787624895573
smetric_default,codex73:20:73019:647,657.7381818294525,66572,1,11.09042327478528,11.090788017958403
smetric_default,codex405:6:405005:648,657.840343952179,32366,1,10.867548011243343,10.867761600762606
smetric_default,codex548:17:548016:642,658.1420474052429,87688,1,2.3696548119187355,2.3708419390022755
smetric_default,codex116:17:116016:649,658.4564645290375,94207,1,2.5030110962688923,2.503503382205963
smetric_default,codex421:11:421010:650,659.0732967853546,56728,1,1.465940911322832,1.4662780277431011
smetric_default,codex509:32:509031:651,660.0171589851379,96219,1,0.8647753484547138,0.865297194570303
smetric_default,codex315:32:315031:652,662.0635008811951,92877,1,2.3574851974844933,2.3580009415745735
smetric_default,codex308:12:308011:653,663.652660369873,110647,1,1.0836997739970684,1.0842765048146248
smetric_default,codex88:8:88007:654,663.9313237667084,87070,1,1.8648114427924156,1.865299466997385
smetric_default,codex220:21:220020:655,664.2030820846558,81185,1,0.8193401470780373,0.8197782561182976
smetric_default,codex192:19:192018:656,664.4107012748718,63277,1,4.414011437445879,4.414384361356497
smetric_default,codex116:18:116017:657,665.7370219230652,97506,1,2.7044858373701572,2.7050208151340485
smetric_default,codex443:1:443000:658,665.789069890976,13954,1,1.3153707645833492,1.315519768744707
smetric_default,codex453:7:453006:660,667.0981714725494,55206,1,2.3162829019129276,2.3166032880544662
smetric_default,codex509:33:509032:661,668.0002021789551,96998,1,1.7398748435080051,1.7404859066009521
smetric_default,codex213:24:213023:662,668.4165027141571,59963,1,1.355155698955059,1.3561078011989594
smetric_default,codex421:12:421011:663,668.6999516487122,56993,1,0.5591968782246113,0.5595431439578533
smetric_default,codex405:7:405006:659,668.8187155723572,36034,1,1.304985884577036,1.3052288331091404
smetric_default,codex220:22:220021:664,669.6902215480804,81706,1,0.9651886411011219,0.9656630977988243
smetric_default,codex234:16:234015:665,670.1168193817139,64237,1,2.4271900951862335,2.4275719672441483
smetric_default,codex603:4:603003:666,670.2889459133148,46424,1,1.8734020702540874,1.873696118593216
smetric_default,codex421:13:421012:667,672.1381125450134,57447,1,0.7766353078186512,0.7769706174731255
smetric_default,codex88:9:88008:668,672.5339272022247,90774,1,3.478514466434717,3.479006849229336
smetric_default,codex213:25:213024:669,673.318247795105,78231,1,10.136207230389118,10.144055683165789
smetric_default,codex192:20:192019:670,673.5618853569031,65622,1,1.5428068228065968,1.543206725269556
smetric_default,codex116:19:116018:671,674.0677659511566,98952,1,1.4554974734783173,1.4560365602374077
smetric_default,codex315:33:315032:672,674.3767907619476,93620,1,1.6850796230137348,1.6855852790176868
smetric_default,codex220:23:220022:673,674.6484112739563,82149,1,8.812333598732948,8.814572803676128
smetric_default,codex443:2:443001:674,674.7028770446777,16212,1,0.7627088129520416,0.7628596238791943
smetric_default,codex278:7:278006:675,674.9600577354431,81070,1,2.672916229814291,2.6733726859092712
smetric_default,codex405:8:405007:676,675.096287727356,37689,1,0.8719977289438248,0.8722462393343449
smetric_default,codex509:34:509033:677,675.9599139690399,97212,1,7.5098039992153645,7.516239024698734
smetric_default,codex166:22:166021:678,677.4034721851349,99435,1,6.072054415941238,6.07256356626749
smetric_default,codex234:17:234016:679,677.6232311725616,66211,1,1.4980003163218498,1.4984113201498985
smetric_default,codex443:3:443002:680,678.2543354034424,18570,1,0.7799969501793385,0.7801553122699261
smetric_default,codex308:13:308012:681,679.0268790721893,110855,1,0.9867722503840923,0.9874772131443024
smetric_default,codex116:20:116019:682,680.4616904258728,100008,1,1.6201783902943134,1.6207510270178318
smetric_default,codex453:8:453007:683,680.6383264064789,55387,1,0.5278066545724869,0.5282582715153694
smetric_default,codex355:1:355000:684,680.8283133506775,13443,1,1.2554048858582973,1.2555225305259228
smetric_default,codex88:10:88009:685,681.5198392868042,100344,1,7.136324372142553,7.13683981820941
smetric_default,codex315:34:315033:686,681.8966743946075,94102,1,6.7479533813893795,6.7484500259160995
smetric_default,codex405:9:405008:687,682.0259130001068,38136,1,0.6267401352524757,0.6269879452884197
smetric_default,codex603:5:603004:689,682.6461608409882,57187,1,4.657769717276096,4.6581303514540195
smetric_default,codex509:35:509034:688,683.8041186332703,97549,1,1.0950612016022205,1.0956013835966587
smetric_default,codex308:14:308013:690,684.873565196991,111539,1,1.4055687971413136,1.4061674028635025
smetric_default,codex192:21:192020:691,685.6847584247589,66102,1,1.623733501881361,1.6241071112453938
smetric_default,codex234:18:234017:692,685.9029078483582,69571,1,2.7284164391458035,2.728819537907839
smetric_default,codex509:36:509035:693,686.7894246578217,97723,1,1.8610674291849136,1.8615815974771976
smetric_default,codex305:3:305002:694,686.9602308273315,52310,1,4.70072578638792,4.70103382691741
smetric_default,codex443:4:443003:695,687.0337002277374,22883,1,1.5920074433088303,1.592183955013752
smetric_default,codex220:24:220023:696,687.295060634613,82321,1,1.3430275470018387,1.3434823341667652
smetric_default,codex116:21:116020:697,687.9997689723969,100282,1,2.070802789181471,2.0713835284113884
smetric_default,codex166:23:166022:698,688.3322656154633,100376,1,1.7860217280685902,1.7865831330418587
smetric_default,codex192:22:192021:699,688.5687530040741,70774,1,3.7313871420919895,3.7317828498780727
smetric_default,codex355:2:355001:700,688.6217198371887,15996,1,3.6723807640373707,3.678927730768919
smetric_default,codex308:15:308014:701,689.7482953071594,112187,1,1.5220839194953442,1.522686593234539
smetric_default,codex548:18:548017:702,690.0585260391235,87849,1,0.8779179714620113,0.8784245997667313
smetric_default,codex405:10:405009:703,690.5823202133179,39754,1,1.7376340925693512,1.7378848642110825
smetric_default,codex443:5:443004:704,690.6709318161011,25483,1,0.7256930060684681,0.7258749939501286
smetric_default,codex509:37:509036:705,693.0458521842957,102671,1,4.250219590961933,4.250812090933323
smetric_default,codex548:19:548018:706,695.0194599628448,91533,1,2.5484106130898,2.548914350569248
smetric_default,codex453:9:453008:707,695.513105392456,66248,1,5.7706049010157585,5.7721437849104404
smetric_default,codex603:6:603005:708,695.7114162445068,64865,1,3.634934578090906,3.635335333645344
smetric_default,codex308:16:308015:709,696.259016752243,112833,1,5.034336004406214,5.0350360833108425
smetric_default,codex443:6:443005:710,696.3471710681915,26193,1,3.0125393718481064,3.0127227753400803
smetric_default,codex116:22:116021:711,697.0052359104156,102294,1,2.9046159759163857,2.9052938483655453
smetric_default,codex278:8:278007:712,697.2840061187744,86989,1,3.7936381101608276,3.794148661196232
smetric_default,codex121:1:121000:713,697.4126846790314,13242,1,1.2602891437709332,1.2604277282953262
smetric_default,codex234:19:234018:714,698.6674890518188,70264,1,1.2994792275130749,1.2998647131025791
smetric_default,codex166:24:166023:715,701.0661354064941,101167,1,1.309609830379486,1.310170728713274
smetric_default,codex121:2:121001:716,702.3174104690552,38908,1,5.421815477311611,5.4220680966973305
smetric_default,codex355:3:355002:717,702.9425942897797,18287,1,0.5536395534873009,0.55379968136549
smetric_default,codex88:11:88010:718,704.5731902122498,102013,1,1.7751728035509586,1.775718104094267
smetric_default,codex453:10:453009:719,705.1712574958801,69592,1,1.9626520685851574,1.9630634002387524
smetric_default,codex443:7:443006:720,705.4778301715851,28143,1,0.8638675175607204,0.8640808537602425
smetric_default,codex421:14:421013:721,705.8561482429504,58124,1,0.8009064085781574,0.8012527413666248
smetric_default,codex192:23:192022:722,706.3346943855286,71700,1,0.9452971592545509,0.9456975907087326
smetric_default,codex121:3:121002:723,709.5396404266357,43979,1,1.7823699079453945,1.7826865799725056
smetric_default,codex192:24:192023:724,710.491827249527,72639,1,3.521578699350357,3.5221189484000206
smetric_default,codex421:15:421014:725,710.6727607250214,58413,1,0.7411978468298912,0.7415509559214115
smetric_default,codex305:4:305003:726,710.8560245037079,58398,1,4.021949227899313,4.022375829517841
smetric_default,codex88:12:88011:727,711.2998821735382,105642,1,3.103502031415701,3.1040544137358665
smetric_default,codex506:29:506028:728,712.7831044197083,104777,1,2.17615008354187,2.176681362092495
smetric_default,codex603:7:603006:729,713.4483261108398,65654,1,0.9134708791971207,0.9138561822474003
smetric_default,codex121:4:121003:730,713.6202690601349,55132,1,4.835477892309427,4.835805498063564
smetric_default,codex213:26:213025:731,715.7684366703033,78515,1,2.6925321966409683,2.6929617635905743
smetric_default,codex506:30:506029:732,716.2981567382812,105815,1,2.169300552457571,2.1698805578052998
smetric_default,codex315:35:315034:733,717.3185257911682,94631,1,1.1547000706195831,1.155193131417036
smetric_default,codex110:26:110025:734,717.8484826087952,132991,1,3.1375796161592007,3.138356041163206
smetric_default,codex453:11:453010:735,718.0878510475159,72408,1,4.314712148159742,4.31546688824892
smetric_default,codex88:13:88012:736,718.4434549808502,108359,1,2.801947396248579,2.8025255352258682
smetric_default,codex308:17:308016:737,718.8570504188538,115531,1,3.6542738117277622,3.6548701636493206
smetric_default,codex443:8:443007:738,718.9653489589691,31486,1,1.0910837836563587,1.0913172215223312
smetric_default,codex355:4:355003:739,719.0273785591125,19148,1,0.4353230781853199,0.4355003088712692
smetric_default,codex220:25:220024:740,720.6968712806702,82502,1,0.9502437971532345,0.9506827667355537
smetric_default,codex422:29:422028:741,720.8595554828644,51055,1,0.450898926705122,0.4511997103691101
smetric_default,codex278:9:278008:742,722.1582396030426,87704,1,1.1616908349096775,1.1621855050325394
smetric_default,codex291:1:291000:743,722.6096656322479,13540,1,1.3501953482627869,1.3503255359828472
smetric_default,codex405:11:405010:744,722.8263132572174,40086,1,0.4971964843571186,0.4974498525261879
smetric_default,codex192:25:192024:745,723.9542701244354,73482,1,1.1252451799809933,1.1256861239671707
smetric_default,codex121:5:121004:746,724.7230241298676,55514,1,0.6537478975951672,0.6540806964039803
smetric_default,codex422:30:422029:747,726.2412502765656,51501,1,0.8067521750926971,0.8070927783846855
smetric_default,codex305:5:305004:748,726.4557626247406,62841,1,2.980630174279213,2.981012262403965
smetric_default,codex405:12:405011:749,726.6331112384796,42232,1,3.956384614109993,3.956648737192154
smetric_default,codex220:26:220025:750,727.0391733646393,82916,1,1.9169521555304527,1.917420718818903
smetric_default,codex121:6:121005:751,727.2547855377197,57005,1,1.6959875747561455,1.6963408812880516
smetric_default,codex110:27:110026:752,728.0969469547272,133503,1,2.009898152202368,2.0105815567076206
smetric_default,codex355:5:355004:753,728.164071559906,19529,1,2.4220280572772026,2.422191809862852
smetric_default,codex603:8:603007:754,728.4009690284729,67103,1,1.1933327615261078,1.193711157888174
smetric_default,codex506:31:506030:755,728.9383256435394,106469,1,1.6579753160476685,1.6585311628878117
smetric_default,codex453:12:453011:756,730.090089559555,81153,1,8.337509535253048,8.338311895728111
smetric_default,codex308:18:308017:757,730.5761353969574,116841,1,7.862701293081045,7.863417163491249
smetric_default,codex88:14:88013:758,730.985874414444,116479,1,6.30417188256979,6.304807756096125
smetric_default,codex355:6:355005:759,731.056770324707,20242,1,0.3125081919133663,0.31279758363962173
smetric_default,codex291:2:291001:760,731.8104422092438,29473,1,6.988189063966274,6.988489750772715
smetric_default,codex121:7:121006:761,732.8078033924103,58654,1,1.2557504586875439,1.2561073005199432
smetric_default,codex355:7:355006:762,733.5391628742218,20814,1,0.2986547648906708,0.2988305650651455
smetric_default,codex192:26:192025:763,734.4707615375519,76592,1,1.9873498566448689,1.9878153689205647
smetric_default,codex116:23:116022:764,735.250608921051,104587,1,2.064863905310631,2.0654097236692905
smetric_default,codex213:27:213026:765,737.2600290775299,79042,1,1.1482368111610413,1.1486920416355133
smetric_default,codex220:27:220026:766,738.1700215339661,83787,1,1.3454122208058834,1.3458803109824657
smetric_default,codex603:9:603008:767,738.3984110355377,67778,1,1.0587096400558949,1.0591057240962982
smetric_default,codex291:3:291002:768,738.9249067306519,37246,1,2.131796419620514,2.1320595517754555
smetric_default,codex315:36:315035:769,739.4466919898987,95119,1,0.9859084784984589,0.9864412397146225
smetric_default,codex129:1:129000:770,739.5088059902191,13392,1,1.2461944743990898,1.2464138753712177
smetric_default,codex166:25:166024:771,740.1099019050598,102388,1,2.729741595685482,2.7303805500268936
smetric_default,codex278:10:278009:772,740.402202129364,89368,1,1.685988500714302,1.6864846274256706
smetric_default,codex121:8:121007:773,741.5242140293121,60481,1,1.3430238887667656,1.343413632363081
smetric_default,codex234:20:234019:774,741.7795023918152,73486,1,1.9239749535918236,1.9243956506252289
smetric_default,codex192:27:192026:775,744.262387752533,89711,1,8.257060073316097,8.25802094861865
smetric_default,codex443:9:443008:776,744.369383096695,32552,1,1.0922475047409534,1.092484187334776
smetric_default,codex110:28:110027:777,745.1191966533661,134009,1,1.961036305874586,1.961734026670456
smetric_default,codex213:28:213027:778,745.3875405788422,79993,1,1.278696697205305,1.279162123799324
smetric_default,codex355:8:355007:779,745.4581143856049,21090,1,7.063556872308254,7.063708238303661
smetric_default,codex278:11:278010:780,746.2517161369324,90883,1,1.7918267026543617,1.7923355028033257
smetric_default,codex506:32:506031:781,747.8633251190186,107296,1,4.665579918771982,4.666229955852032
smetric_default,codex422:31:422030:782,748.0340225696564,51661,1,0.8442633599042892,0.8445997722446918
smetric_default,codex220:28:220027:783,748.6533262729645,85496,1,2.945189841091633,2.945666715502739
smetric_default,codex121:9:121008:784,748.8577952384949,62653,1,2.3667799085378647,2.367287304252386
smetric_default,codex88:15:88014:785,749.3094799518585,118159,1,1.944997452199459,1.945717129856348
smetric_default,codex116:24:116023:786,751.2119204998016,104945,1,0.9157140105962753,0.9163068905472755
smetric_default,codex453:13:453012:787,751.5320756435394,85744,1,3.1881952583789825,3.188709992915392
smetric_default,codex129:2:129001:788,751.5910856723785,17430,1,0.7429163195192814,0.7430845387279987
smetric_default,codex315:37:315036:789,751.9656298160553,95404,1,1.0737993828952312,1.074329562485218
smetric_default,codex421:16:421015:790,752.7516024112701,59397,1,0.9315646886825562,0.9319418929517269
smetric_default,codex603:10:603009:791,752.9903583526611,72160,1,2.8750309087336063,2.8756681717932224
smetric_default,codex220:29:220028:792,753.3226034641266,85913,1,0.7811961509287357,0.781664103269577
smetric_default,codex422:32:422031:793,754.3769731521606,51810,1,1.5129354037344456,1.513261429965496
smetric_default,codex129:3:129002:794,754.4465403556824,21028,1,0.7646263614296913,0.7647967487573624
smetric_default,codex359:1:359000:795,755.105007648468,13395,1,1.260105386376381,1.2602307684719563
smetric_default,codex355:9:355008:796,755.2073197364807,23127,1,0.5427813492715359,0.5429647415876389
smetric_default,codex509:38:509037:797,756.358092546463,102837,1,1.134855855256319,1.1354275159537792
smetric_default,codex110:29:110028:798,757.4769849777222,137657,1,5.170270688831806,5.170956023037434
smetric_default,codex116:25:116024:799,758.025402545929,110370,1,4.6292031444609165,4.629750490188599
smetric_default,codex367:10:367009:800,758.5552847385406,37372,1,0.5423382706940174,0.5426070466637611
smetric_default,codex421:17:421016:801,758.8117351531982,59780,1,3.2426832020282745,3.243075869977474
smetric_default,codex506:33:506032:802,760.1610414981842,108443,1,2.4770835675299168,2.4776942878961563
smetric_default,codex315:38:315037:804,762.0430104732513,95945,1,1.0784235000610352,1.0789417549967766
smetric_default,codex421:18:421017:803,762.2443447113037,61066,1,1.5042139254510403,1.5045870952308178
smetric_default,codex121:10:121009:805,762.439376115799,63915,1,1.3166347034275532,1.3169987611472607
smetric_default,codex422:33:422032:806,762.6290545463562,53394,1,1.1227474175393581,1.1230815537273884
smetric_default,codex506:34:506033:807,763.7366845607758,112592,1,4.226938795298338,4.227561164647341
smetric_default,codex359:2:359001:808,764.4647574424744,22881,1,1.7144566178321838,1.7146421931684017
smetric_default,codex421:19:421018:809,764.7950215339661,63573,1,1.4600739814341068,1.4605323784053326
smetric_default,codex220:30:220029:810,765.2262938022614,86243,1,0.9584905505180359,0.9589613527059555
smetric_default,codex110:30:110029:811,765.8665580749512,142985,1,5.679603390395641,5.680461000651121
smetric_default,codex278:12:278011:812,766.1710436344147,91088,1,0.846199456602335,0.8467257805168629
smetric_default,codex308:19:308018:813,766.8302216529846,117624,1,1.6680185683071613,1.6686799004673958
smetric_default,codex305:6:305005:814,767.7003002166748,83028,1,12.40785888954997,12.408668134361506
smetric_default,codex603:11:603010:815,767.9532377719879,76441,1,5.15252298116684,5.152958162128925
smetric_default,codex443:10:443009:816,768.126222372055,37755,1,4.636090099811554,4.636348210275173
smetric_default,codex192:28:192027:817,769.021975517273,90728,1,11.09297176450491,11.093482289463282
smetric_default,codex422:34:422033:818,769.9603912830353,53574,1,3.14047334715724,3.140807442367077
smetric_default,codex525:1:525000:819,771.0766627788544,13473,1,1.6870320923626423,1.6871508210897446
smetric_default,codex116:26:116025:820,772.1325132846832,111321,1,1.6997128166258335,1.7009653151035309
smetric_default,codex315:39:315038:821,772.4511933326721,96141,1,1.5413814187049866,1.541897650808096
smetric_default,codex129:4:129003:822,772.5621528625488,33118,1,5.256353955715895,5.261156924068928
smetric_default,codex121:11:121010:823,772.7564876079559,64140,1,5.066237732768059,5.067242380231619
smetric_default,codex509:39:509038:824,773.090024471283,105173,1,4.740655079483986,4.7412105947732925
smetric_default,codex421:20:421019:825,773.5782852172852,69307,1,2.8495575450360775,2.8500078693032265
smetric_default,codex308:20:308019:826,774.9773290157318,124873,1,8.321731559932232,8.322395268827677
smetric_default,codex291:4:291003:827,775.1234374046326,44742,1,9.025237049907446,9.025529712438583
smetric_default,codex506:35:506034:828,775.4875519275665,114173,1,6.929922051727772,6.930658966302872
smetric_default,codex116:27:116026:829,777.7070426940918,112127,1,1.6029748879373074,1.6036331169307232
smetric_default,codex359:3:359002:830,778.0504071712494,28645,1,2.6713975444436073,2.6716031469404697
smetric_default,codex525:2:525001:832,778.9350349903107,18720,1,1.784511897712946,1.7846680022776127
smetric_default,codex355:10:355009:833,779.291609287262,24392,1,4.2889744490385056,4.2892478331923485
smetric_default,codex405:13:405012:834,779.6787202358246,49310,1,3.9741335473954678,3.9749608002603054
smetric_default,codex192:29:192028:831,780.4260370731354,91976,1,3.233496528118849,3.233995385468006
smetric_default,codex453:14:453013:835,780.7132511138916,86427,1,3.4450656846165657,3.4455213509500027
smetric_default,codex110:31:110030:836,782.0113368034363,143769,1,2.1561871506273746,2.156916134059429
smetric_default,codex443:11:443010:837,782.1437611579895,39207,1,0.724439911544323,0.7247948572039604
smetric_default,codex422:35:422034:838,783.5654933452606,53781,1,0.5872211828827858,0.5875428915023804
smetric_default,codex506:36:506035:839,784.1372921466827,114568,1,1.0964054986834526,1.0970393158495426
smetric_default,codex525:3:525002:840,784.4894971847534,22056,1,1.6671686694025993,1.6674529910087585
smetric_default,codex359:4:359003:841,784.6204488277435,32164,1,1.9203387200832367,1.920654833316803
smetric_default,codex220:31:220030:842,785.1380107402802,86568,1,1.130059875547886,1.1305554024875164
smetric_default,codex355:11:355010:843,785.2239956855774,26064,1,0.5316964164376259,0.5318966880440712
smetric_default,codex278:13:278012:844,785.7414085865021,91380,1,0.8546378761529922,0.8551319986581802
smetric_default,codex422:36:422035:845,786.0081944465637,54134,1,0.6309274360537529,0.6312434040009975
smetric_default,codex308:21:308020:846,787.0810704231262,127671,1,3.276293322443962,3.2769811414182186
smetric_default,codex509:40:509039:847,787.9690539836884,105645,1,1.470483385026455,1.4710757359862328
smetric_default,codex421:21:421020:848,788.2563307285309,71225,1,1.5046616941690445,1.5050799921154976
smetric_default,codex443:12:443011:849,788.4476053714752,47998,1,3.5831571258604527,3.583997581154108
smetric_default,codex603:12:603011:850,788.8091056346893,76920,1,3.227258462458849,3.227689228951931
smetric_default,codex359:5:359004:851,789.6165628433228,34111,1,0.8231834061443806,0.8234151341021061
smetric_default,codex129:5:129004:852,790.1020269393921,40811,1,2.3263396061956882,2.326604600995779
smetric_default,codex110:32:110031:853,791.8326523303986,144269,1,2.1852890327572823,2.186084959656
smetric_default,codex291:5:291004:854,792.0052847862244,52285,1,2.750224106013775,2.7505663335323334
smetric_default,codex121:12:121011:855,792.9360136985779,64282,1,0.559412308037281,0.5597920306026936
smetric_default,codex192:30:192029:856,793.3800013065338,96912,1,5.652371909469366,5.652887772768736
smetric_default,codex525:4:525003:857,793.4886264801025,33423,1,3.196496821939945,3.196723811328411
smetric_default,codex220:32:220031:858,794.0024356842041,89769,1,2.689207002520561,2.689709670841694
smetric_default,codex278:14:278013:859,794.565190076828,91579,1,2.13221151009202,2.132691740989685
smetric_default,codex506:37:506036:860,795.4983394145966,116525,1,3.5419927798211575,3.542590904980898
smetric_default,codex415:1:415000:861,796.1121230125427,13003,1,1.2054521329700947,1.2056763842701912
smetric_default,codex422:37:422036:862,796.4207825660706,54273,1,0.6381124407052994,0.6384378708899021
smetric_default,codex129:6:129005:863,796.5557916164398,42057,1,0.9527253992855549,0.9529903754591942
smetric_default,codex359:6:359005:864,796.6797347068787,35567,1,0.7070903368294239,0.7074119038879871
smetric_default,codex116:28:116027:865,798.3425555229187,113026,1,1.4338968247175217,1.4346210174262524
smetric_default,codex305:7:305006:866,799.0166852474213,120010,1,29.39681774005294,29.397461738437414
smetric_default,codex308:22:308021:867,799.5469620227814,128183,1,1.1481931582093239,1.148889910429716
smetric_default,codex421:22:421021:868,800.5666291713715,71706,1,0.8110340014100075,0.8114360831677914
smetric_default,codex220:33:220032:869,801.9444890022278,89907,1,1.6022522486746311,1.6027561239898205
smetric_default,codex453:15:453014:870,802.2661375999451,93907,1,5.020402532070875,5.020929295569658
smetric_default,codex359:7:359006:871,802.3883609771729,36962,1,1.1520320065319538,1.1522780247032642
smetric_default,codex509:41:509040:872,802.773957490921,106105,1,1.7540978491306305,1.7546900026500225
smetric_default,codex166:26:166025:873,803.2403144836426,102848,1,1.3532565347850323,1.353899348527193
smetric_default,codex443:13:443012:874,803.4055519104004,51609,1,2.024354785680771,2.0248871743679047
smetric_default,codex129:7:129006:875,803.5354390144348,42218,1,1.0765141248703003,1.0767754577100277
smetric_default,codex110:33:110032:876,804.3107805252075,144582,1,1.7488689422607422,1.7497438676655293
smetric_default,codex422:38:422037:877,804.5171365737915,54467,1,0.9490294009447098,0.9495637528598309
smetric_default,codex603:13:603012:878,805.4187092781067,77608,1,1.2404376231133938,1.2408975027501583
smetric_default,codex278:15:278014:879,805.7637574672699,91781,1,0.9011774770915508,0.9016764163970947
smetric_default,codex88:16:88015:880,806.6462306976318,119720,1,1.9721933901309967,1.9729468375444412
smetric_default,codex116:29:116028:881,808.5427379608154,113412,1,1.1976668052375317,1.1983816549181938
smetric_default,codex525:5:525004:882,809.0109305381775,37566,1,1.3037623651325703,1.3040249980986118
smetric_default,codex88:17:88016:883,810.7576928138733,120979,1,1.8843445181846619,1.8849769979715347
smetric_default,codex359:8:359007:884,810.8972301483154,40918,1,1.3838136903941631,1.384105145931244
smetric_default,codex405:14:405013:885,811.7156374454498,52787,1,16.783391781151295,16.783701103180647
smetric_default,codex422:39:422038:886,811.89479637146,54723,1,0.48139479011297226,0.4817177578806877
smetric_default,codex139:1:139000:887,812.2168319225311,13365,1,1.554278191179037,1.5544181279838085
smetric_default,codex421:23:421022:888,813.174521446228,72277,1,0.9623954556882381,0.9628111980855465
smetric_default,codex129:8:129007:889,813.3129053115845,43602,1,0.8020050041377544,0.8022878542542458
smetric_default,codex453:16:453015:890,813.726092338562,94504,1,1.0763184539973736,1.0768210031092167
smetric_default,codex220:34:220033:891,814.0995185375214,94841,1,9.167656391859055,9.16817757114768
smetric_default,codex166:27:166026:892,816.1199913024902,116776,1,14.965685196220875,14.96639645844698
smetric_default,codex415:2:415001:893,816.204752445221,23995,1,2.3432615101337433,2.343448705971241
smetric_default,codex359:9:359008:894,816.342618227005,41753,1,1.47151231020689,1.4718315228819847
smetric_default,codex291:6:291005:895,816.5475327968597,59098,1,3.999052282422781,3.9995174184441566
smetric_default,codex603:14:603013:896,816.8484878540039,78300,1,1.0329875014722347,1.0334323234856129
smetric_default,codex506:38:506037:897,817.3747327327728,121705,1,11.308187570422888,11.308823741972446
smetric_default,codex278:16:278015:898,817.6784918308258,93851,1,2.012629345059395,2.0131641067564487
smetric_default,codex139:2:139001:899,817.8092741966248,34905,1,6.009793266654015,6.010034397244453
smetric_default,codex129:9:129008:900,818.5427038669586,50699,1,12.737744808197021,12.739789672195911
smetric_default,codex110:34:110033:901,819.3015260696411,144724,1,1.2724899426102638,1.273235559463501
smetric_default,codex422:40:422039:902,819.4951894283295,54915,1,0.5300147011876106,0.530355054885149
smetric_default,codex509:42:509041:904,821.3777780532837,108512,1,9.91129131987691,9.9120066575706
smetric_default,codex421:24:421023:905,821.6034543514252,72879,1,0.8414635583758354,0.8418937958776951
smetric_default,codex116:30:116029:906,823.254391670227,113614,1,1.0752880312502384,1.075934048742056
smetric_default,codex278:17:278016:907,823.6439430713654,94254,1,1.0694264471530914,1.06993955001235
smetric_default,codex443:14:443013:908,823.812935590744,53254,1,1.047843337059021,1.0481596067547798
smetric_default,codex88:18:88017:909,824.3145990371704,121486,1,1.326701208949089,1.3273760080337524
smetric_default,codex415:3:415002:910,825.489560842514,31464,1,1.7801393494009972,1.7803677543997765
smetric_default,codex359:10:359009:911,826.3098433017731,42626,1,0.6237363144755363,0.6240258403122425
smetric_default,codex139:3:139002:912,828.097419500351,42210,1,2.291083261370659,2.291376370936632
smetric_default,codex241:1:241000:913,828.4934704303741,13806,1,1.304623544216156,1.3048592805862427
smetric_default,codex405:15:405014:903,828.6718299388885,53128,1,0.6655475869774818,0.6659274697303772
smetric_default,codex121:13:121012:914,829.3294303417206,64477,1,1.9875447936356068,1.987918682396412
smetric_default,codex88:19:88018:915,830.353298664093,121634,1,1.0765816941857338,1.0772047154605389
smetric_default,codex506:39:506038:916,830.9014735221863,122486,1,1.814598210155964,1.8152225501835346
smetric_default,codex405:16:405015:917,831.0739512443542,53328,1,0.5036095157265663,0.5039224810898304
smetric_default,codex525:6:525005:918,831.7478387355804,38116,1,0.5652483552694321,0.5655133873224258
smetric_default,codex129:10:129009:919,832.9713687896729,53898,1,1.8488766551017761,1.849214293062687
smetric_default,codex121:14:121013:920,834.2554359436035,64569,1,0.6194933988153934,0.6198618113994598
smetric_default,codex278:18:278017:921,834.6604416370392,94468,1,0.854509886354208,0.8550383038818836
smetric_default,codex139:4:139003:922,834.8132829666138,47567,1,1.930615596473217,1.9308994561433792
smetric_default,codex443:15:443014:923,835.1572411060333,53933,1,0.7394292652606964,0.7397880107164383
smetric_default,codex359:11:359010:924,835.726674079895,44533,1,0.9701211676001549,0.9704289622604847
smetric_default,codex129:11:129010:925,836.6897869110107,55724,1,1.3020380027592182,1.302388321608305
smetric_default,codex509:43:509042:926,837.9781665802002,108769,1,1.1703113913536072,1.170890312641859
smetric_default,codex421:25:421024:927,838.5018029212952,77016,1,2.6633320935070515,2.6637846529483795
smetric_default,codex241:2:241001:928,838.5558133125305,15900,1,0.4524841159582138,0.45263079553842545
smetric_default,codex291:7:291006:929,839.3864722251892,60642,1,1.1533541306853294,1.1537445671856403
smetric_default,codex308:23:308022:930,841.1529009342194,128344,1,1.3364119678735733,1.337096743285656
smetric_default,codex506:40:506039:931,843.7578403949738,124542,1,3.175885282456875,3.176544103771448
smetric_default,codex291:8:291007:932,843.959751367569,63982,1,1.8373146168887615,1.8377234302461147
smetric_default,codex603:15:603014:933,845.2903399467468,78928,1,0.8822806254029274,0.8827378489077091
smetric_default,codex278:19:278018:934,845.6345510482788,94632,1,1.285135768353939,1.2856922186911106
smetric_default,codex421:26:421025:935,846.4854874610901,79898,1,2.5528093092143536,2.5532775931060314
smetric_default,codex234:21:234020:936,846.7511739730835,79915,1,3.693518079817295,3.6939946562051773
smetric_default,codex359:12:359011:937,846.9094860553741,45144,1,0.6579419933259487,0.6582526341080666
smetric_default,codex129:12:129011:938,847.4370737075806,63261,1,3.406517192721367,3.4068929329514503
smetric_default,codex308:24:308023:939,848.6148130893707,128498,1,2.393331754952669,2.39411673694849
smetric_default,codex139:5:139004:940,848.777352809906,50678,1,2.254351533949375,2.2546539418399334
smetric_default,codex603:16:603015:941,849.0270142555237,79149,1,0.7594298720359802,0.7600449770689011
smetric_default,codex359:13:359012:942,850.0994141101837,49965,1,2.677481785416603,2.677823558449745
smetric_default,codex506:41:506040:943,851.770998954773,125231,1,2.4335446283221245,2.434211600571871
smetric_default,codex509:44:509043:944,852.231705904007,108914,1,1.9654304087162018,1.9660058431327343
smetric_default,codex443:16:443015:945,852.4068279266357,54470,1,0.6949212066829205,0.6952693834900856
smetric_default,codex405:17:405016:946,852.5723011493683,53785,1,1.6126885265111923,1.6130490377545357
smetric_default,codex121:15:121014:947,852.7701015472412,65258,1,1.418922085314989,1.4193029180169106
smetric_default,codex308:25:308024:948,853.8668966293335,128619,1,1.7780563049018383,1.778726939111948
smetric_default,codex422:41:422040:949,854.0426118373871,55093,1,0.7618699632585049,0.7622406594455242
smetric_default,codex241:3:241002:950,854.1325395107269,27170,1,2.193805191665888,2.1940200068056583
smetric_default,codex40:1:40000:951,854.1787881851196,13459,1,1.4574952684342861,1.4576256275177002
smetric_default,codex110:35:110034:952,855.3631398677826,146863,1,4.235331449657679,4.2361893728375435
smetric_default,codex234:22:234021:953,855.6293914318085,82270,1,1.9205625839531422,1.9210481345653534
smetric_default,codex291:9:291008:954,857.354279756546,72387,1,6.724365409463644,6.725083898752928
smetric_default,codex443:17:443016:955,857.5406513214111,60205,1,3.398208647966385,3.3985974937677383
smetric_default,codex603:17:603016:956,857.8127870559692,79563,1,3.13577613979578,3.136223044246435
smetric_default,codex421:27:421026:957,858.0794365406036,81077,1,1.5546174123883247,1.55506706610322
smetric_default,codex422:42:422041:958,859.4117267131805,55369,1,1.5317689217627048,1.5320914946496487
smetric_default,codex139:6:139005:959,859.967945098877,56911,1,4.115197505801916,4.115514229983091
smetric_default,codex506:42:506041:960,860.6157512664795,128416,1,4.5079618617892265,4.508725814521313
smetric_default,codex121:16:121015:961,860.8268239498138,65543,1,0.7166137136518955,0.717003095895052
smetric_default,codex355:12:355011:962,860.9160439968109,27205,1,4.224281124770641,4.22475091740489
smetric_default,codex509:45:509044:963,862.9997386932373,109122,1,1.0500600673258305,1.0506671890616417
smetric_default,codex40:2:40001:964,863.0586671829224,17142,1,2.0831761918962,2.083316918462515
smetric_default,codex116:31:116030:965,863.4157507419586,115540,1,2.0341603755950928,2.0349565632641315
smetric_default,codex241:4:241003:966,864.7148780822754,30914,1,1.1693166978657246,1.169533871114254
smetric_default,codex234:23:234022:967,865.8768434524536,82606,1,0.810451690107584,0.8109347186982632
smetric_default,codex525:7:525006:968,866.2711942195892,38729,1,0.566936794668436,0.5671987161040306
smetric_default,codex603:18:603017:969,866.6763958930969,81465,1,1.6460459157824516,1.6465374641120434
smetric_default,codex506:43:506042:970,867.9297614097595,131278,1,3.257010519504547,3.257707331329584
smetric_default,codex443:18:443017:971,868.3085312843323,60607,1,0.712795477360487,0.7131704278290272
smetric_default,codex116:32:116031:972,869.7862846851349,117216,1,2.1623901464045048,2.1630024798214436
smetric_default,codex251:1:251000:973,869.8579814434052,13343,1,1.2902455292642117,1.290388934314251
smetric_default,codex241:5:241004:974,872.0893852710724,35394,1,1.550708208233118,1.5510898903012276
smetric_default,codex443:19:443018:975,872.3643250465393,61710,1,1.2821347527205944,1.2827262319624424
smetric_default,codex603:19:603018:976,873.2577757835388,81645,1,0.5850371085107327,0.5854941569268703
smetric_default,codex234:24:234023:977,873.5342402458191,83422,1,1.3755397945642471,1.3760162480175495
smetric_default,codex40:3:40002:978,873.6326413154602,27369,1,2.1040335930883884,2.1043126471340656
smetric_default,codex116:33:116032:979,874.6927642822266,118735,1,2.370510544627905,2.371183104813099
smetric_default,codex121:17:121016:980,874.900025844574,65646,1,0.6591634936630726,0.6595640704035759
smetric_default,codex251:2:251001:981,875.2699649333954,16537,1,0.5977311730384827,0.5979570224881172
smetric_default,codex278:20:278019:982,876.7988493442535,94789,1,1.0665740184485912,1.0670968443155289
smetric_default,codex139:7:139006:983,876.9902904033661,60021,1,1.7079161517322063,1.708282444626093
smetric_default,codex355:13:355012:984,878.1816794872284,27664,1,0.3624214194715023,0.3626300059258938
smetric_default,codex415:4:415003:985,879.0218143463135,33575,1,0.9831611178815365,0.9834051579236984
smetric_default,codex234:25:234024:986,879.4992828369141,86728,1,3.158717557787895,3.1593097411096096
smetric_default,codex116:34:116033:987,879.9953846931458,119223,1,2.7243472263216972,2.72506045922637
smetric_default,codex603:20:603019:988,880.3608393669128,81826,1,0.8496902659535408,0.8501886837184429
smetric_default,codex305:8:305007:989,880.9413557052612,123056,1,3.538912106305361,3.5395495891571045
smetric_default,codex421:28:421027:990,881.1998300552368,81283,1,1.0500805974006653,1.0505617633461952
smetric_default,codex509:46:509045:991,882.2379009723663,110929,1,2.2496384531259537,2.2503107264637947
smetric_default,codex443:20:443019:992,883.0281748771667,62432,1,1.4123641550540924,1.4127473644912243
smetric_default,codex241:6:241005:993,883.2330152988434,38829,1,1.2384789139032364,1.2387179844081402
smetric_default,codex422:43:422042:994,883.6234428882599,55518,1,0.8204757086932659,0.8208093792200089
smetric_default,codex110:36:110035:995,884.4274241924286,148115,1,2.3506025820970535,2.3515384159982204
smetric_default,codex506:44:506043:996,885.2865552902222,131888,1,3.45249505341053,3.4533205591142178
smetric_default,codex40:4:40003:997,885.4402115345001,44703,1,6.224987380206585,6.22527015581727
smetric_default,codex116:35:116034:998,885.8562004566193,119573,1,1.4475743807852268,1.4498822763562202
smetric_default,codex359:14:359013:999,886.0346925258636,51045,1,1.151736781001091,1.152140662074089
smetric_default,codex525:8:525007:1000,886.3428921699524,39058,1,0.8667273707687855,0.8669741414487362
smetric_default,codex158:1:158000:1001,886.458240032196,13320,1,1.3811401017010212,1.3812779448926449
smetric_default,codex603:21:603020:1002,887.7028291225433,83629,1,1.7194549329578876,1.71993962302804
smetric_default,codex415:5:415004:1003,887.8357698917389,39406,1,1.8011702746152878,1.8014540411531925
smetric_default,codex355:14:355013:1004,888.1152760982513,28644,1,3.5459827333688736,3.550478719174862
smetric_default,codex443:21:443020:1005,889.2504274845123,62813,1,0.8811194859445095,0.8814873993396759
smetric_default,codex359:15:359014:1006,889.412859916687,51435,1,0.6166010685265064,0.6169181391596794
smetric_default,codex421:29:421028:1007,890.834180355072,81802,1,1.2101409696042538,1.2105858959257603
smetric_default,codex121:18:121017:1008,891.3837294578552,65759,1,0.6555023938417435,0.655887458473444
smetric_default,codex603:22:603021:1009,892.0287449359894,84079,1,0.7398798502981663,0.7403566613793373
smetric_default,codex355:15:355014:1010,893.1078698635101,33132,1,1.2187155708670616,1.21895295009017
smetric_default,codex305:9:305008:1011,893.8381309509277,127991,1,4.806160122156143,4.806839682161808
smetric_default,codex139:8:139007:1012,894.0730068683624,73734,1,6.411770541220903,6.412226680666208
smetric_default,codex241:7:241006:1013,894.2870082855225,38958,1,0.48932650312781334,0.48960867524147034
smetric_default,codex129:13:129012:1014,894.5663850307465,63645,1,0.7948942743241787,0.7953567840158939
smetric_default,codex158:2:158001:1015,895.3551712036133,20981,1,1.7079292573034763,1.7082259505987167
smetric_default,codex443:22:443021:1016,895.749044418335,63119,1,1.3524199165403843,1.3527924045920372
smetric_default,codex509:47:509046:1017,896.6714735031128,120528,1,8.008396845310926,8.009367980062962
smetric_default,codex525:9:525008:1018,896.8264052867889,40230,1,0.698084432631731,0.6983528472483158
smetric_default,codex121:19:121018:1019,897.9246208667755,65894,1,6.76192083209753,6.762296590954065
smetric_default,codex405:18:405017:1020,899.9389650821686,54110,1,0.6381957121193409,0.6385137066245079
smetric_optimized,codex70:25:70024:201,300.73904275894165,95402,1,1.0263761430978775,1.026911225169897
smetric_optimized,codex543:8:543007:200,302.3354170322418,38215,1,0.7022333107888699,0.7025049589574337
smetric_optimized,codex483:22:483021:202,302.8305914402008,94681,1,1.1827772185206413,1.1832956448197365
smetric_optimized,codex543:9:543008:203,303.4957320690155,39790,1,2.6746069006621838,2.67499141022563
smetric_optimized,codex315:5:315004:204,303.68813729286194,52972,1,2.5152565985918045,2.5155771113932133
smetric_optimized,codex361:6:361005:205,304.7104160785675,28932,1,0.6235155202448368,0.6237343177199364
smetric_optimized,codex509:2:509001:206,305.83192110061646,19675,1,0.9484591782093048,0.9486261792480946
smetric_optimized,codex543:10:543009:207,306.6341257095337,40432,1,0.4981270805001259,0.4984019100666046
smetric_optimized,codex363:12:363011:208,309.04961800575256,100281,1,1.3212543167173862,1.321817371994257
smetric_optimized,codex543:11:543010:209,309.6019127368927,43234,1,1.1168293058872223,1.1171079650521278
smetric_optimized,codex152:8:152007:210,310.31527161598206,69766,1,1.0521530136466026,1.0525550320744514
smetric_optimized,codex361:7:361006:211,310.54034900665283,29427,1,0.39461568742990494,0.39483897387981415
smetric_optimized,codex73:1:73000:212,311.69427967071533,13617,1,1.2655668370425701,1.2657932043075562
smetric_optimized,codex543:12:543011:213,312.29733443260193,44523,1,0.8050781153142452,0.8053567856550217
smetric_optimized,codex25:6:25005:214,312.38876390457153,29495,1,0.6240863874554634,0.6242906227707863
smetric_optimized,codex315:6:315005:215,313.9189260005951,55594,1,1.4575461819767952,1.4578863717615604
smetric_optimized,codex506:14:506013:216,315.36769676208496,88788,1,2.59063483402133,2.5914235822856426
smetric_optimized,codex363:13:363012:217,317.48269963264465,102936,1,2.3954982981085777,2.396063771098852
smetric_optimized,codex25:7:25006:218,317.85373854637146,31305,1,0.7731781713664532,0.7733992971479893
smetric_optimized,codex152:9:152008:219,319.06399154663086,70391,1,0.9189984984695911,0.919543631374836
smetric_optimized,codex315:7:315006:220,321.15730357170105,58303,1,1.4506508708000183,1.4510082714259624
smetric_optimized,codex422:10:422009:221,321.6860647201538,33410,1,0.7394689805805683,0.7397078797221184
smetric_optimized,codex73:2:73001:222,322.3357467651367,21062,1,1.2467025704681873,1.2469872646033764
smetric_optimized,codex483:23:483022:223,323.4334988594055,94999,1,1.253528080880642,1.2540577687323093
smetric_optimized,codex363:14:363013:224,324.5649449825287,103989,1,1.3954396210610867,1.3960210718214512
smetric_optimized,codex422:11:422010:225,324.67306661605835,34871,1,0.8497292213141918,0.8499710448086262
smetric_optimized,codex506:15:506014:226,325.5150339603424,91680,1,3.098938189446926,3.099464736878872
smetric_optimized,codex73:3:73002:227,326.3727638721466,25975,1,2.2509047836065292,2.251093804836273
smetric_optimized,codex152:10:152009:228,326.8584885597229,80379,1,5.609881103038788,5.610353250056505
smetric_optimized,codex509:3:509002:229,328.1521725654602,25548,1,1.6105007864534855,1.6106846444308758
smetric_optimized,codex25:8:25007:230,328.8426938056946,31890,1,0.917933139950037,0.9181494377553463
smetric_optimized,codex315:8:315007:231,329.75450706481934,58817,1,0.6619089134037495,0.6622622609138489
smetric_optimized,codex363:15:363014:232,330.9290888309479,104819,1,1.124567087739706,1.1251476928591728
smetric_optimized,codex483:24:483023:233,332.4573748111725,95605,1,1.196244403719902,1.196774810552597
smetric_optimized,codex363:16:363015:234,335.99980545043945,105282,1,1.2444402910768986,1.2450395599007607
smetric_optimized,codex192:1:192000:235,336.30451798439026,13423,1,1.5058504939079285,1.5062828436493874
smetric_optimized,codex73:4:73003:236,336.7065210342407,27097,1,1.1063140518963337,1.1065113246440887
smetric_optimized,codex25:9:25008:237,337.2253119945526,36929,1,1.477899942547083,1.478159323334694
smetric_optimized,codex315:9:315008:238,338.38207817077637,59429,1,0.8089517615735531,0.8093302622437477
smetric_optimized,codex509:4:509003:239,339.1813225746155,29637,1,1.4021184109151363,1.4023504815995693
smetric_optimized,codex25:10:25009:240,339.4458529949188,37534,1,1.1593251079320908,1.1595648750662804
smetric_optimized,codex152:11:152010:241,341.9069776535034,84188,1,2.6289167441427708,2.629368856549263
smetric_optimized,codex543:13:543012:242,343.0437870025635,45033,1,0.6479965038597584,0.6482957080006599
smetric_optimized,codex25:11:25010:243,346.59089732170105,37858,1,0.47060632705688477,0.47101881355047226
smetric_optimized,codex363:17:363016:244,347.5087730884552,106754,1,2.0665234588086605,2.067229427397251
smetric_optimized,codex73:5:73004:245,347.5985140800476,27291,1,0.6320768930017948,0.6322764120995998
smetric_optimized,codex493:27:493026:246,347.85145354270935,85675,1,2.3740090653300285,2.3744891583919525
smetric_optimized,codex315:10:315009:247,348.2241950035095,62395,1,3.7759590074419975,3.776450727134943
smetric_optimized,codex543:14:543013:248,349.38402938842773,50295,1,2.6415631398558617,2.6418678537011147
smetric_optimized,codex483:25:483024:249,350.21363496780396,95729,1,2.1484151110053062,2.1489398404955864
smetric_optimized,codex73:6:73005:250,350.728232383728,31329,1,2.292365785688162,2.2925733849406242
smetric_optimized,codex192:2:192001:251,350.805367231369,20228,1,2.19797557964921,2.1982257775962353
smetric_optimized,codex110:1:110000:252,352.7144458293915,13568,1,1.2549449317157269,1.2551535852253437
smetric_optimized,codex152:12:152011:253,355.6682391166687,86014,1,2.407470289617777,2.4079625755548477
smetric_optimized,codex110:2:110001:254,355.74549412727356,22383,1,1.644234050065279,1.6445260308682919
smetric_optimized,codex422:12:422011:255,355.8562002182007,37248,1,2.1700246781110764,2.170303277671337
smetric_optimized,codex25:12:25011:256,356.4045557975769,38804,1,0.5653877034783363,0.5656551197171211
smetric_optimized,codex110:3:110002:257,360.50963139533997,39740,1,4.484315380454063,4.484585981816053
smetric_optimized,codex509:5:509004:258,360.7438454627991,35388,1,1.5497759319841862,1.5500453338027
smetric_optimized,codex363:18:363017:259,361.59192872047424,107774,1,1.3501715250313282,1.3508469313383102
smetric_optimized,codex422:13:422012:260,362.71198081970215,39880,1,0.9539216160774231,0.9542049616575241
smetric_optimized,codex493:28:493027:261,363.3676407337189,85849,1,0.7436371259391308,0.7441160120069981
smetric_optimized,codex152:13:152012:262,364.72404956817627,87205,1,1.2655143290758133,1.2660118527710438
smetric_optimized,codex543:15:543014:263,364.8835165500641,50727,1,0.7030482515692711,0.7033657468855381
smetric_optimized,codex192:3:192002:264,364.978476524353,29980,1,2.1557196117937565,2.1559311412274837
smetric_optimized,codex70:26:70025:265,365.43840861320496,96307,1,1.3341459073126316,1.334652952849865
smetric_optimized,codex25:13:25012:266,365.5799992084503,42088,1,1.1750771068036556,1.1753754578530788
smetric_optimized,codex363:19:363018:267,367.6396703720093,108157,1,0.9283969290554523,0.9289647154510021
smetric_optimized,codex509:6:509005:268,367.9056568145752,36179,1,0.5264815054833889,0.526742484420538
smetric_optimized,codex192:4:192003:269,368.7137658596039,36263,1,1.9312197640538216,1.9315653629601002
smetric_optimized,codex152:14:152013:270,369.35466170310974,87698,1,1.0714987888932228,1.0719802416861057
smetric_optimized,codex116:1:116000:271,369.40446043014526,13777,1,1.306542456150055,1.306747879832983
smetric_optimized,codex73:7:73006:272,369.63054490089417,31697,1,1.0316962227225304,1.0318997949361801
smetric_optimized,codex110:4:110003:273,369.8333594799042,44001,1,1.657396450638771,1.6576734483242035
smetric_optimized,codex493:29:493028:274,370.26488065719604,86052,1,1.0751515701413155,1.0756094120442867
smetric_optimized,codex25:14:25013:275,370.4164459705353,42794,1,0.5139556117355824,0.514225035905838
smetric_optimized,codex70:27:70026:276,372.4024567604065,97725,1,2.015951570123434,2.01648311316967
smetric_optimized,codex73:8:73007:277,372.5328805446625,38821,1,2.5709579214453697,2.571216594427824
smetric_optimized,codex116:2:116001:278,372.6614456176758,39647,1,5.655974347144365,5.6562639735639095
smetric_optimized,codex422:14:422013:279,372.78697299957275,40792,1,0.5709437802433968,0.5712350606918335
smetric_optimized,codex509:7:509006:280,373.9483323097229,44064,1,2.407957125455141,2.4082535430788994
smetric_optimized,codex506:16:506015:281,374.76457929611206,93738,1,1.9124971106648445,1.9130075722932816
smetric_optimized,codex152:15:152014:282,375.0956242084503,87856,1,0.7807784304022789,0.7812556996941566
smetric_optimized,codex315:11:315010:283,375.8657057285309,64178,1,3.087266903370619,3.0876673832535744
smetric_optimized,codex493:30:493029:284,376.20822191238403,89095,1,2.7919000163674355,2.79238261282444
smetric_optimized,codex73:9:73008:285,376.8375880718231,43704,1,2.501434251666069,2.5017108283936977
smetric_optimized,codex192:5:192004:286,377.1874969005585,37765,1,2.1483069881796837,2.1485583670437336
smetric_optimized,codex483:26:483025:287,379.3267984390259,96435,1,1.0223502852022648,1.022920846939087
smetric_optimized,codex315:12:315011:288,380.1905312538147,67213,1,1.8054370060563087,1.8058600798249245
smetric_optimized,codex509:8:509007:289,381.679176568985,45184,1,0.7953949235379696,0.7956949397921562
smetric_optimized,codex73:10:73009:290,382.2468845844269,44935,1,0.9640489779412746,0.9643469676375389
smetric_optimized,codex363:20:363019:291,382.8953139781952,109770,1,2.3495457619428635,2.350136697292328
smetric_optimized,codex506:17:506016:292,383.20206689834595,93935,1,0.9503714442253113,0.9509069249033928
smetric_optimized,codex543:16:543015:293,384.0080337524414,59782,1,13.02272716537118,13.023219347000122
smetric_optimized,codex25:15:25014:294,384.1424398422241,43124,1,0.5083590112626553,0.5086449831724167
smetric_optimized,codex483:27:483026:295,384.5660047531128,96596,1,1.3346880935132504,1.3352168314158916
smetric_optimized,codex493:31:493030:296,385.2311339378357,104366,1,12.04238223657012,12.042986433953047
smetric_optimized,codex70:28:70027:297,385.5956652164459,98291,1,1.3988431058824062,1.3999871015548706
smetric_optimized,codex152:16:152015:298,385.88926935195923,88005,1,1.5296877510845661,1.5301867797970772
smetric_optimized,codex422:15:422014:299,386.0526156425476,42660,1,1.387560348957777,1.3878194987773895
smetric_optimized,codex152:17:152016:300,389.63565945625305,88136,1,0.8106899224221706,0.8111939169466496
smetric_optimized,codex363:21:363020:301,390.04274725914,110123,1,1.3384131900966167,1.339109219610691
smetric_optimized,codex361:8:361007:302,390.1379644870758,29784,1,0.39404037967324257,0.3942514918744564
smetric_optimized,codex73:11:73010:303,390.844571352005,47407,1,1.1282577775418758,1.1285549513995647
smetric_optimized,codex315:13:315012:304,391.3698742389679,67833,1,1.0804750733077526,1.0808554366230965
smetric_optimized,codex361:9:361008:305,393.01188135147095,32933,1,1.0102799460291862,1.0105164349079132
smetric_optimized,codex110:5:110004:307,393.9722135066986,48340,1,1.8049819022417068,1.8053067587316036
smetric_optimized,codex213:1:213000:308,394.0187792778015,13027,1,1.1878171935677528,1.187952596694231
smetric_optimized,codex361:10:361009:309,396.8723292350769,33505,1,0.4262605756521225,0.42648473381996155
smetric_optimized,codex543:17:543016:306,397.2619915008545,67574,1,3.6152358688414097,3.6156243681907654
smetric_optimized,codex152:18:152017:310,398.7983856201172,88259,1,1.0353490486741066,1.0358565747737885
smetric_optimized,codex213:2:213001:311,398.8701548576355,21057,1,1.8548354990780354,1.855572983622551
smetric_optimized,codex509:9:509008:313,399.4690101146698,45999,1,1.2599458135664463,1.2602356150746346
smetric_optimized,codex73:12:73011:314,400.3624954223633,48522,1,0.8592546544969082,0.8596653677523136
smetric_optimized,codex543:18:543017:312,401.1023852825165,69881,1,1.5725465938448906,1.5729932859539986
smetric_optimized,codex192:6:192005:315,402.08557319641113,41600,1,4.181977726519108,4.182318862527609
smetric_optimized,codex73:13:73012:316,402.36625695228577,56464,1,4.500502478331327,4.501308016479015
smetric_optimized,codex361:11:361010:317,403.14642357826233,35258,1,0.6629335805773735,0.6631793826818466
smetric_optimized,codex152:19:152018:318,403.64404249191284,88423,1,0.7475068904459476,0.7480021230876446
smetric_optimized,codex506:18:506017:319,404.1618239879608,94094,1,2.7117603793740273,2.712272148579359
smetric_optimized,codex315:14:315013:320,404.3814675807953,71567,1,2.1189611703157425,2.119365382939577
smetric_optimized,codex70:29:70028:321,404.730681180954,98557,1,1.1842349246144295,1.1848069243133068
smetric_optimized,codex116:3:116002:322,404.89157366752625,48493,1,3.2357484363019466,3.2360405810177326
smetric_optimized,codex543:19:543018:323,405.3087136745453,71484,1,1.357376180589199,1.3577886894345284
smetric_optimized,codex25:16:25015:324,405.8321855068207,45536,1,1.8786373734474182,1.878949299454689
smetric_optimized,codex213:3:213002:325,406.6587471961975,25096,1,1.064868189394474,1.0650429166853428
smetric_optimized,codex363:22:363021:326,408.117516040802,112118,1,2.191628035157919,2.192352756857872
smetric_optimized,codex506:19:506018:327,408.568815946579,94209,1,0.8869640603661537,0.8875773809850216
smetric_optimized,codex192:7:192006:328,408.70663237571716,41932,1,0.6670053973793983,0.6672777123749256
smetric_optimized,codex493:32:493031:329,409.3637800216675,107448,1,3.3612197525799274,3.361791629344225
smetric_optimized,codex166:1:166000:330,410.15877318382263,14321,1,1.3888313621282578,1.3889642767608166
smetric_optimized,codex543:20:543019:331,410.7597577571869,71649,1,1.9574886076152325,1.9579114355146885
smetric_optimized,codex192:8:192007:332,411.54338359832764,44576,1,1.2489833161234856,1.2492560967803001
smetric_optimized,codex70:30:70029:333,412.22784090042114,99004,1,1.2040881924331188,1.204714823514223
smetric_optimized,codex152:20:152019:334,412.5163834095001,88547,1,1.023553654551506,1.0240249559283257
smetric_optimized,codex110:6:110005:335,412.6926386356354,53518,1,2.2433332428336143,2.243662115186453
smetric_optimized,codex166:2:166001:336,413.532231092453,25686,1,2.3389987647533417,2.339303605258465
smetric_optimized,codex213:4:213003:337,414.9194016456604,25687,1,0.9666306599974632,0.9668117463588715
smetric_optimized,codex70:31:70030:338,415.5036129951477,99279,1,0.9201835691928864,0.9207479916512966
smetric_optimized,codex315:15:315014:339,415.7559242248535,75438,1,2.2576528936624527,2.258131243288517
smetric_optimized,codex509:10:509009:340,416.2346017360687,46638,1,0.5522426106035709,0.5527338571846485
smetric_optimized,codex509:11:509010:341,417.53936290740967,48849,1,1.851425338536501,1.8518472909927368
smetric_optimized,codex213:5:213004:342,418.45036935806274,28569,1,0.9548956453800201,0.9550831168889999
smetric_optimized,codex116:4:116003:343,418.8961498737335,53663,1,2.4889852702617645,2.4893583804368973
smetric_optimized,codex363:23:363022:344,420.06448912620544,112236,1,1.3279894106090069,1.3285821005702019
smetric_optimized,codex315:16:315015:345,420.3178491592407,78032,1,6.10075743868947,6.101324576884508
smetric_optimized,codex506:20:506019:346,420.74094247817993,94657,1,1.3809383139014244,1.3814697414636612
smetric_optimized,codex152:21:152020:347,421.08556151390076,95587,1,5.382456980645657,5.3829653933644295
smetric_optimized,codex509:12:509011:348,421.2674705982208,49988,1,0.8977601416409016,0.8980584144592285
smetric_optimized,codex361:12:361011:349,421.3776445388794,35643,1,0.4413588121533394,0.4416235536336899
smetric_optimized,codex543:21:543020:350,421.7287094593048,71893,1,0.6473751291632652,0.6477726623415947
smetric_optimized,codex220:4:220003:351,421.9787106513977,40239,1,4.920601639896631,4.920972976833582
smetric_optimized,codex166:3:166002:352,422.84395956993103,29783,1,4.085205469280481,4.085706971585751
smetric_optimized,codex213:6:213005:353,423.4827506542206,29883,1,3.4492431543767452,3.4494479559361935
smetric_optimized,codex543:22:543021:354,424.49162244796753,77440,1,3.1511404141783714,3.1516234315931797
smetric_optimized,codex506:21:506020:355,426.3387293815613,94828,1,0.6626788564026356,0.6631967127323151
smetric_optimized,codex421:1:421000:356,426.536696434021,13368,1,1.2387876994907856,1.2389069460332394
smetric_optimized,codex152:22:152021:357,427.4632740020752,95756,1,0.8916627056896687,0.8925841823220253
smetric_optimized,codex152:23:152022:358,429.1996850967407,100235,1,3.445852819830179,3.446409836411476
smetric_optimized,codex110:7:110006:359,429.3730080127716,54220,1,0.7678142972290516,0.7681755870580673
smetric_optimized,codex493:33:493032:360,429.9370038509369,122761,1,12.250894777476788,12.25168426707387
smetric_optimized,codex213:7:213006:361,430.03395771980286,30123,1,0.3774167336523533,0.3776259124279022
smetric_optimized,codex506:22:506021:362,430.79057931900024,95022,1,0.9952404461801052,0.9957731328904629
smetric_optimized,codex361:13:361012:363,430.9033305644989,35921,1,0.38445183634757996,0.3847144618630409
smetric_optimized,codex315:17:315016:364,434.59158086776733,80181,1,1.6804706119000912,1.6809449829161167
smetric_optimized,codex116:5:116004:365,435.2619740962982,55876,1,1.4411866888403893,1.4415341205894947
smetric_optimized,codex543:23:543022:366,436.0208613872528,78577,1,6.202450450509787,6.202867045998573
smetric_optimized,codex166:4:166003:367,436.12465810775757,31663,1,0.6642301566898823,0.6644533537328243
smetric_optimized,codex213:8:213007:368,436.59552240371704,35710,1,1.6487927734851837,1.6490546949207783
smetric_optimized,codex421:2:421001:369,436.69693899154663,30402,1,3.3608573637902737,3.3610779903829098
smetric_optimized,codex509:13:509012:370,439.62000370025635,54607,1,2.1236787736415863,2.1240549124777317
smetric_optimized,codex110:8:110007:371,440.05198645591736,55773,1,1.0628172010183334,1.063199020922184
smetric_optimized,codex166:5:166004:372,441.7360680103302,54050,1,7.908708851784468,7.90916071087122
smetric_optimized,codex543:24:543023:373,442.58426570892334,79148,1,0.8648529164493084,0.8653136119246483
smetric_optimized,codex548:1:548000:374,442.9386019706726,13754,1,1.3649118095636368,1.3650331273674965
smetric_optimized,codex213:9:213008:375,444.2996826171875,37539,1,5.383120704442263,5.3836540430784225
smetric_optimized,codex110:9:110008:376,444.76755928993225,73383,1,7.936438258737326,7.936880398541689
smetric_optimized,codex548:2:548001:377,444.93818616867065,26062,1,2.160130899399519,2.1603435911238194
smetric_optimized,codex421:3:421002:378,446.18152356147766,38488,1,2.4987771324813366,2.4990566857159138
smetric_optimized,codex543:25:543024:379,447.5499029159546,81167,1,1.5521260052919388,1.5525967292487621
smetric_optimized,codex220:5:220004:380,447.73956274986267,41257,1,1.9465177804231644,1.946774736046791
smetric_optimized,codex315:18:315017:381,449.09171438217163,82558,1,1.6941697001457214,1.6946436911821365
smetric_optimized,codex25:17:25016:382,449.58900332450867,60104,1,7.582672815769911,7.583053443580866
smetric_optimized,codex361:14:361013:383,450.1596505641937,36031,1,0.36105329915881157,0.36130210384726524
smetric_optimized,codex73:14:73013:384,451.05593609809875,57436,1,1.1713760904967785,1.17172771692276
smetric_optimized,codex509:14:509013:385,451.2256362438202,56082,1,1.004995122551918,1.005318108946085
smetric_optimized,codex506:23:506022:386,451.9521014690399,96366,1,1.8410536795854568,1.8415777049958706
smetric_optimized,codex543:26:543025:387,452.21750593185425,84297,1,2.3457621932029724,2.346235379576683
smetric_optimized,codex421:4:421003:388,452.5756947994232,39004,1,0.6003648787736893,0.6006300412118435
smetric_optimized,codex548:3:548002:389,452.69620275497437,36619,1,7.317524421960115,7.318143960088491
smetric_optimized,codex116:6:116005:390,454.9747996330261,61123,1,5.043639898300171,5.043995402753353
smetric_optimized,codex166:6:166005:391,455.29746437072754,58651,1,2.8973534032702446,2.8977108113467693
smetric_optimized,codex73:15:73014:392,455.4727382659912,57760,1,0.6694726943969727,0.6698415391147137
smetric_optimized,codex493:34:493033:393,457.8752164840698,125897,1,3.7069269604980946,3.7075891457498074
smetric_optimized,codex70:32:70031:394,458.1848888397217,99604,1,0.866034746170044,0.8665992058813572
smetric_optimized,codex220:6:220005:395,458.49776005744934,61910,1,11.513181027024984,11.51355142518878
smetric_optimized,codex509:15:509014:396,458.7176761627197,62314,1,11.29691931977868,11.297266282141209
smetric_optimized,codex315:19:315018:397,459.94984245300293,83562,1,1.4360231831669807,1.4365129098296165
smetric_optimized,codex421:5:421004:398,460.6318030357361,45676,1,2.3831319510936737,2.3834361098706722
smetric_optimized,codex422:16:422015:399,460.763831615448,42885,1,0.6418143846094608,0.6420684866607189
smetric_optimized,codex543:27:543026:400,463.6067199707031,86720,1,2.273219835013151,2.273716777563095
smetric_optimized,codex166:7:166006:401,463.79404878616333,61781,1,6.2241998463869095,6.224541336297989
smetric_optimized,codex70:33:70032:402,464.46128392219543,99805,1,0.6667187325656414,0.6674080602824688
smetric_optimized,codex110:10:110009:403,464.943642616272,75626,1,1.5670545622706413,1.5674875602126122
smetric_optimized,codex506:24:506023:404,465.56687903404236,99771,1,2.703204222023487,2.7037616781890392
smetric_optimized,codex25:18:25017:405,466.4955356121063,65021,1,2.540386024862528,2.540772959589958
smetric_optimized,codex110:11:110010:406,467.5107772350311,83909,1,4.902366075664759,4.902874238789082
smetric_optimized,codex234:1:234000:407,467.5668873786926,13534,1,1.302317325025797,1.3024500273168087
smetric_optimized,codex315:20:315019:408,468.7306661605835,84451,1,1.2930984310805798,1.2935637570917606
smetric_optimized,codex213:10:213009:409,468.8649351596832,42200,1,1.8991266041994095,1.8993948809802532
smetric_optimized,codex116:7:116006:410,469.865923166275,64702,1,3.139945972710848,3.1404170468449593
smetric_optimized,codex422:17:422016:411,470.0016598701477,43073,1,0.416912030428648,0.41717835515737534
smetric_optimized,codex548:4:548003:412,471.6731514930725,39940,1,1.356423195451498,1.3566749729216099
smetric_optimized,codex234:2:234001:413,472.07449102401733,17820,1,0.7743740268051624,0.7745316401124
smetric_optimized,codex493:35:493034:414,474.161235332489,134697,1,8.002222668379545,8.002994503825903
smetric_optimized,codex166:8:166007:415,475.7505421638489,65626,1,2.081104353070259,2.0815139450132847
smetric_optimized,codex315:21:315020:416,476.0796089172363,84693,1,0.7430508360266685,0.7435475662350655
smetric_optimized,codex315:22:315021:417,478.82018423080444,85244,1,1.2659018151462078,1.2663965336978436
smetric_optimized,codex110:12:110011:418,479.09135603904724,84772,1,1.2863178066909313,1.2867914251983166
smetric_optimized,codex509:16:509015:419,479.4915063381195,63025,1,0.9791518449783325,0.9795171990990639
smetric_optimized,codex548:5:548004:420,479.63118743896484,42982,1,1.2957875840365887,1.2960782311856747
smetric_optimized,codex110:13:110012:421,481.6014530658722,89603,1,3.4535307697951794,3.4540501087903976
smetric_optimized,codex361:15:361014:422,481.7595829963684,42569,1,2.1349432729184628,2.1352026648819447
smetric_optimized,codex25:19:25018:423,482.1495578289032,67248,1,3.026704866439104,3.027183961123228
smetric_optimized,codex166:9:166008:424,482.7640850543976,66306,1,0.8677713759243488,0.8681672140955925
smetric_optimized,codex548:6:548005:425,483.37509775161743,47455,1,1.8250743225216866,1.8253516107797623
smetric_optimized,codex509:17:509016:426,484.85319113731384,64840,1,1.720306783914566,1.720780335366726
smetric_optimized,codex220:7:220006:427,485.04503321647644,62358,1,1.5596062950789928,1.5599954724311829
smetric_optimized,codex422:18:422017:428,486.0502197742462,43513,1,0.4100325182080269,0.4103495627641678
smetric_optimized,codex548:7:548006:429,487.51339960098267,55517,1,3.7477942630648613,3.7482714541256428
smetric_optimized,codex493:36:493035:430,488.6702024936676,143050,1,9.08460495248437,9.0854373537004
smetric_optimized,codex234:3:234002:431,488.74833726882935,22408,1,1.4482362642884254,1.4484172239899635
smetric_optimized,codex213:11:213010:432,488.88423252105713,43628,1,7.7447975017130375,7.745059181004763
smetric_optimized,codex110:14:110013:433,489.41841197013855,93010,1,2.6485064551234245,2.649069122970104
smetric_optimized,codex509:18:509017:434,489.9799904823303,66802,1,3.063043724745512,3.0634399875998497
smetric_optimized,codex166:10:166009:435,490.1906666755676,69133,1,2.8564600124955177,2.856842789798975
smetric_optimized,codex116:8:116007:436,490.4779779911041,65345,1,0.816908236593008,0.8173147365450859
smetric_optimized,codex506:25:506024:438,491.7106912136078,102551,1,2.6320991404354572,2.6326621025800705
smetric_optimized,codex308:1:308000:439,492.1608896255493,13069,1,1.1903018839657307,1.1905087567865849
smetric_optimized,codex422:19:422018:440,493.0348219871521,44221,1,0.5988730862736702,0.5991606749594212
smetric_optimized,codex116:9:116008:441,493.31365180015564,71073,1,2.9590822234749794,2.959482215344906
smetric_optimized,codex70:34:70033:442,495.3172028064728,100262,1,1.2728302665054798,1.2733678072690964
smetric_optimized,codex166:11:166010:443,495.54002571105957,69310,1,0.623752549290657,0.6241604536771774
smetric_optimized,codex110:15:110014:444,496.12118220329285,93781,1,1.4304326474666595,1.430968962609768
smetric_optimized,codex213:12:213011:437,496.78894305229187,44901,1,0.9818852357566357,0.9821716733276844
smetric_optimized,codex213:13:213012:445,498.2685635089874,46847,1,1.0151914320886135,1.0154802277684212
smetric_optimized,codex234:4:234003:446,498.55659675598145,24500,1,0.6026226170361042,0.602823406457901
smetric_optimized,codex548:8:548007:447,500.4257462024689,60641,1,3.5947872772812843,3.595168560743332
smetric_optimized,codex220:8:220007:448,500.9191656112671,62623,1,0.8207057826220989,0.8210937790572643
smetric_optimized,codex213:14:213013:449,501.0702109336853,48928,1,1.1485997810959816,1.1489081867039204
smetric_optimized,codex308:2:308001:450,501.16909766197205,30695,1,4.774643015116453,4.7748627588152885
smetric_optimized,codex422:20:422019:451,504.64797854423523,44912,1,0.5082732103765011,0.5085729137063026
smetric_optimized,codex509:19:509018:452,506.3079755306244,67866,1,0.8899640515446663,0.8903806172311306
smetric_optimized,codex234:5:234004:453,506.84907484054565,27533,1,0.815975409001112,0.8161829970777035
smetric_optimized,codex220:9:220008:454,507.619047164917,62906,1,0.7472061663866043,0.7475705482065678
smetric_optimized,codex110:16:110015:455,508.3558096885681,96634,1,2.3724233992397785,2.3729619346559048
smetric_optimized,codex308:3:308002:456,508.5813546180725,45136,1,6.450207769870758,6.45068483799696
smetric_optimized,codex367:1:367000:457,508.62870168685913,13427,1,1.2480672411620617,1.2481978386640549
smetric_optimized,codex548:9:548008:458,510.9932436943054,65934,1,4.368053261190653,4.368461035192013
smetric_optimized,codex70:35:70034:459,511.41275930404663,100487,1,0.8427024148404598,0.8432666026055813
smetric_optimized,codex116:10:116009:460,513.9446833133698,71365,1,1.4531610496342182,1.453553956001997
smetric_optimized,codex110:17:110016:461,514.3680815696716,100549,1,3.1929491609334946,3.193523697555065
smetric_optimized,codex220:10:220009:462,515.3289337158203,63195,1,0.5742683820426464,0.5746377259492874
smetric_optimized,codex70:36:70035:463,517.2940516471863,107679,1,5.436528354883194,5.437220927327871
smetric_optimized,codex422:21:422020:464,518.3228032588959,49343,1,1.6942428760230541,1.6945589259266853
smetric_optimized,codex166:12:166011:465,518.6623015403748,75701,1,3.791927143931389,3.7923771925270557
smetric_optimized,codex116:11:116010:466,519.9617450237274,74331,1,4.611458618193865,4.611898481845856
smetric_optimized,codex110:18:110017:467,520.8151485919952,101429,1,1.5173786170780659,1.517970398068428
smetric_optimized,codex220:11:220010:468,521.1738290786743,63334,1,1.311447523534298,1.3118137009441853
smetric_optimized,codex308:4:308003:469,521.5821902751923,55149,1,3.865715004503727,3.866057228296995
smetric_optimized,codex192:9:192008:470,523.4308698177338,45161,1,0.634677242487669,0.6349861770868301
smetric_optimized,codex220:12:220011:471,525.7422244548798,63422,1,0.549360353499651,0.5497495830059052
smetric_optimized,codex422:22:422021:472,526.194507598877,49622,1,0.8218189775943756,0.8221297822892666
smetric_optimized,codex234:6:234005:473,526.2848646640778,27733,1,0.3765956982970238,0.3767963983118534
smetric_optimized,codex25:20:25019:474,527.0087158679962,67883,1,0.902813084423542,0.903212882578373
smetric_optimized,codex308:5:308004:475,528.3855466842651,94857,1,19.905140817165375,19.906073283404112
smetric_optimized,codex110:19:110018:476,528.8743691444397,102149,1,1.1823441572487354,1.183027796447277
smetric_optimized,codex548:10:548009:477,529.4768686294556,66477,1,1.0304291658103466,1.0308372043073177
smetric_optimized,codex234:7:234006:478,530.4493155479431,27798,1,0.3972303420305252,0.3974423334002495
smetric_optimized,codex506:26:506025:479,531.5095858573914,103123,1,1.5981596373021603,1.5987359061837196
smetric_optimized,codex116:12:116011:480,531.7502608299255,74885,1,16.54602226242423,16.54643601179123
smetric_optimized,codex70:37:70036:481,532.1685132980347,107758,1,0.77212318405509,0.7727303020656109
smetric_optimized,codex166:13:166012:482,532.9288885593414,76175,1,0.8513482138514519,0.851784136146307
smetric_optimized,codex543:28:543027:483,534.1002507209778,88356,1,2.647757861763239,2.6482721865177155
smetric_optimized,codex367:2:367001:484,534.6420903205872,21050,1,2.1137946657836437,2.1139588318765163
smetric_optimized,codex220:13:220012:485,534.9841709136963,63602,1,0.575232420116663,0.5756303481757641
smetric_optimized,codex506:27:506026:486,536.4126207828522,103687,1,1.6075841709971428,1.6081687733530998
smetric_optimized,codex70:38:70037:488,538.0058755874634,119108,1,8.58855364844203,8.589206255972385
smetric_optimized,codex234:8:234007:489,538.512754201889,29656,1,0.6372829377651215,0.6375082544982433
smetric_optimized,codex25:21:25020:490,538.9321181774139,75891,1,4.56264141947031,4.563077375292778
smetric_optimized,codex315:23:315022:491,539.5857534408569,85849,1,1.5174266956746578,1.5184110254049301
smetric_optimized,codex278:1:278000:492,541.3884789943695,13270,1,1.214049108326435,1.2141772769391537
smetric_optimized,codex509:20:509019:493,543.4853098392487,68105,1,0.7807010114192963,0.7810899764299393
smetric_optimized,codex166:14:166013:494,544.1364665031433,80085,1,4.128976359963417,4.129445504397154
smetric_optimized,codex234:9:234008:495,544.2479903697968,33258,1,1.1553384438157082,1.1556850597262383
smetric_optimized,codex509:21:509020:496,545.689386844635,71061,1,2.887550499290228,2.8879636973142624
smetric_optimized,codex543:29:543028:497,546.1026408672333,88718,1,0.7991174608469009,0.7996150143444538
smetric_optimized,codex116:13:116012:487,548.5675406455994,77957,1,2.0053247772157192,2.0057618282735348
smetric_optimized,codex25:22:25021:498,548.8828229904175,76161,1,0.7098547853529453,0.7102906443178654
smetric_optimized,codex509:22:509021:499,549.1129369735718,73848,1,2.6020043417811394,2.6024569906294346
smetric_optimized,codex234:10:234009:500,549.2181506156921,34730,1,0.6677537299692631,0.6679979711771011
smetric_optimized,codex338:1:338000:501,549.5862588882446,13413,1,1.6290285848081112,1.629158079624176
smetric_optimized,codex543:30:543029:502,551.0571110248566,91147,1,2.694065574556589,2.694671969860792
smetric_optimized,codex192:10:192009:503,551.2112293243408,48402,1,2.0451845340430737,2.045482609421015
smetric_optimized,codex166:15:166014:504,551.476966381073,82303,1,2.0691671185195446,2.0696368701756
smetric_optimized,codex548:11:548010:505,551.7054011821747,68800,1,1.5561247915029526,1.556519504636526
smetric_optimized,codex116:14:116013:506,552.050538778305,82594,1,3.0169298239052296,3.0173961855471134
smetric_optimized,codex367:3:367002:507,552.2422385215759,22873,1,1.5177621357142925,1.5179286487400532
smetric_optimized,codex315:24:315023:508,552.9900178909302,86333,1,1.2153065353631973,1.215771909803152
smetric_optimized,codex25:23:25022:509,553.247903585434,76547,1,0.8635085187852383,0.8639295510947704
smetric_optimized,codex338:2:338001:510,553.4031417369843,14073,1,0.269142247736454,0.2692706026136875
smetric_optimized,codex220:14:220013:511,555.5916519165039,71909,1,5.453698765486479,5.454114783555269
smetric_optimized,codex278:2:278001:512,556.9488756656647,40498,1,6.189903177320957,6.190846834331751
smetric_optimized,codex421:6:421005:513,557.6751456260681,46469,1,5.467703353613615,5.467983245849609
smetric_optimized,codex509:23:509022:514,558.5838139057159,75703,1,2.4662760235369205,2.46668416634202
smetric_optimized,codex25:24:25023:515,559.3637402057648,76669,1,0.5616754181683064,0.5621177330613136
smetric_optimized,codex543:31:543030:516,560.5130536556244,111657,1,13.65210910141468,13.652808137238026
smetric_optimized,codex116:15:116014:517,561.0340588092804,90999,1,5.208789128810167,5.2093111872673035
smetric_optimized,codex234:11:234010:518,561.6669456958771,36635,1,0.8818691112101078,0.8821244537830353
smetric_optimized,codex192:11:192010:519,562.116646528244,51221,1,1.4004014693200588,1.4007162638008595
smetric_optimized,codex213:15:213014:520,562.3757815361023,51226,1,1.5180434174835682,1.5183435939252377
smetric_optimized,codex166:16:166015:521,562.9839248657227,82777,1,1.1188407763838768,1.1193253472447395
smetric_optimized,codex338:3:338002:522,563.0485134124756,18120,1,0.8416724763810635,0.8418169617652893
smetric_optimized,codex422:23:422022:523,563.8853862285614,50065,1,0.5968289151787758,0.5971358083188534
smetric_optimized,codex315:25:315024:524,564.3963694572449,86524,1,0.858876034617424,0.8593544587492943
smetric_optimized,codex367:4:367003:525,564.4767472743988,24497,1,0.6450024396181107,0.6452004797756672
smetric_optimized,codex453:1:453000:526,565.9948687553406,13604,1,1.2702784314751625,1.270512018352747
smetric_optimized,codex367:5:367004:527,567.23925614357,25192,1,0.34494685381650925,0.3451370522379875
smetric_optimized,codex367:6:367005:528,568.5501070022583,29093,1,1.03597891330719,1.0361934378743172
smetric_optimized,codex422:24:422023:529,568.768993139267,50351,1,0.5661442019045353,0.5664880648255348
smetric_optimized,codex213:16:213015:530,570.5490522384644,56871,1,2.356068715453148,2.356436535716057
smetric_optimized,codex338:4:338003:531,571.0055963993073,19274,1,0.38531072437763214,0.38558389246463776
smetric_optimized,codex548:12:548011:532,572.0931780338287,75134,1,3.4349133856594563,3.4353604838252068
smetric_optimized,codex509:24:509023:533,572.3623161315918,76825,1,1.1590317599475384,1.159474402666092
smetric_optimized,codex367:7:367006:534,572.706461429596,30405,1,0.5813605338335037,0.5815852284431458
smetric_optimized,codex220:15:220014:535,575.0604074001312,73189,1,1.3504314199090004,1.3508640229701996
smetric_optimized,codex338:5:338004:536,575.1264111995697,20016,1,0.3419613689184189,0.3421364985406399
smetric_optimized,codex192:12:192011:537,576.3279252052307,53308,1,1.2065302841365337,1.206871796399355
smetric_optimized,codex338:6:338005:538,576.4042384624481,23466,1,0.7891772463917732,0.7893677800893784
smetric_optimized,codex509:25:509024:539,577.0945641994476,78861,1,1.860163938254118,1.8606184981763363
smetric_optimized,codex278:3:278002:540,577.4489116668701,56304,1,5.393781527876854,5.3942149467766285
smetric_optimized,codex422:25:422024:541,577.7504730224609,50473,1,0.4682036377489567,0.468522384762764
smetric_optimized,codex315:26:315025:542,578.9441518783569,90219,1,3.4320875257253647,3.432610023766756
smetric_optimized,codex220:16:220015:543,579.7054142951965,74014,1,2.705845635384321,2.7062478251755238
smetric_optimized,codex453:2:453001:544,579.8857276439667,19710,1,1.0050611905753613,1.0052415542304516
smetric_optimized,codex308:6:308005:545,583.453145980835,96896,1,2.052132584154606,2.052669782191515
smetric_optimized,codex192:13:192012:546,583.6327543258667,56408,1,2.650084402412176,2.650435384362936
smetric_optimized,codex367:8:367007:547,583.7271192073822,30739,1,0.5934112705290318,0.593622237443924
smetric_optimized,codex73:16:73015:548,583.9069240093231,58432,1,2.379386968910694,2.3797152154147625
smetric_optimized,codex234:12:234011:549,584.2213096618652,41352,1,3.230882655829191,3.23125147074461
smetric_optimized,codex338:7:338006:550,584.3163385391235,30098,1,1.5742720477283,1.5746224448084831
smetric_optimized,codex453:3:453002:551,584.6268765926361,29336,1,3.219344697892666,3.2196959294378757
smetric_optimized,codex509:26:509025:552,586.2734155654907,83681,1,7.280838441103697,7.281331341713667
smetric_optimized,codex367:9:367008:553,586.8076479434967,37260,1,2.843179453164339,2.8435758389532566
smetric_optimized,codex166:17:166016:554,587.4171974658966,89973,1,7.823101233690977,7.823648147284985
smetric_optimized,codex192:14:192013:555,587.8038947582245,58206,1,1.8808165229856968,1.8811620809137821
smetric_optimized,codex220:17:220016:556,589.4619936943054,76492,1,6.985823225229979,6.986576110124588
smetric_optimized,codex338:8:338007:557,590.1077027320862,33059,1,1.1521994546055794,1.1524408906698227
smetric_optimized,codex453:4:453003:558,590.2455127239227,36843,1,2.0294983834028244,2.0297576747834682
smetric_optimized,codex88:1:88000:559,590.6036684513092,14659,1,1.4331234470009804,1.433345902711153
smetric_optimized,codex213:17:213016:560,591.0651173591614,57604,1,0.8503169603645802,0.8506657853722572
smetric_optimized,codex315:27:315026:561,591.9060788154602,90554,1,4.5485655926167965,4.549046698957682
smetric_optimized,codex422:26:422025:563,593.400185585022,50613,1,0.7571884766221046,0.7575121410191059
smetric_optimized,codex453:5:453004:564,593.5451030731201,44232,1,2.3766405880451202,2.3769243098795414
smetric_optimized,codex509:27:509026:562,593.8305788040161,85401,1,2.9453471191227436,2.945830013602972
smetric_optimized,codex278:4:278003:565,594.1386971473694,69050,1,5.606124710291624,5.606545187532902
smetric_optimized,codex88:2:88001:566,594.9284269809723,28492,1,3.2142662294209003,3.214480295777321
smetric_optimized,codex315:28:315027:567,596.7650716304779,90898,1,1.383783333003521,1.3842760659754276
smetric_optimized,codex110:20:110019:568,597.8366823196411,103938,1,2.2499435134232044,2.250530518591404
smetric_optimized,codex509:28:509027:569,598.1352803707123,89233,1,2.8765916042029858,2.87709753960371
smetric_optimized,codex308:7:308006:570,598.5151360034943,99933,1,2.733381625264883,2.7339429184794426
smetric_optimized,codex192:15:192014:571,599.577122926712,60976,1,1.5038971975445747,1.5042535178363323
smetric_optimized,codex338:9:338008:572,601.0033507347107,36362,1,1.1130342185497284,1.1132850982248783
smetric_optimized,codex88:3:88002:573,602.4201092720032,34393,1,1.933935072273016,1.9341739937663078
smetric_optimized,codex110:21:110020:574,604.0452778339386,106971,1,3.6084373220801353,3.6090283915400505
smetric_optimized,codex213:18:213017:575,604.230236530304,58037,1,0.6958617195487022,0.6962301060557365
smetric_optimized,codex338:10:338009:576,604.3489766120911,37978,1,3.320024184882641,3.320264384150505
smetric_optimized,codex166:18:166017:577,605.2312431335449,91447,1,1.866059523075819,1.8665667995810509
smetric_optimized,codex192:16:192015:578,606.2415609359741,61317,1,0.8498925790190697,0.8502838350832462
smetric_optimized,codex548:13:548012:579,606.9133231639862,78730,1,2.5006425753235817,2.501095622777939
smetric_optimized,codex88:4:88003:580,607.0824253559113,47708,1,4.110229678452015,4.1105204075574875
smetric_optimized,codex308:8:308007:581,607.5037083625793,102688,1,2.464657600969076,2.465208873152733
smetric_optimized,codex213:19:213018:582,607.9816408157349,58279,1,0.6785064153373241,0.6788595281541348
smetric_optimized,codex73:17:73016:583,609.1587855815887,58630,1,0.5476449429988861,0.5481923520565033
smetric_optimized,codex338:11:338010:584,610.7623224258423,38225,1,0.37605172023177147,0.3763178549706936
smetric_optimized,codex110:22:110021:585,612.5385293960571,117657,1,8.101965963840485,8.102686803787947
smetric_optimized,codex278:5:278004:586,612.9397776126862,74462,1,3.2645000107586384,3.2652289867401123
smetric_optimized,codex234:13:234012:587,615.1433458328247,43580,1,1.0659067332744598,1.0663613826036453
smetric_optimized,codex405:1:405000:588,615.2018558979034,13349,1,1.3795471861958504,1.3796727620065212
smetric_optimized,codex88:5:88004:589,616.0260384082794,83870,1,16.10077028721571,16.101239748299122
smetric_optimized,codex422:27:422026:590,616.1916296482086,50769,1,0.5688786022365093,0.5691973119974136
smetric_optimized,codex213:20:213019:591,616.5763828754425,58595,1,0.5424607694149017,0.5428126379847527
smetric_optimized,codex338:12:338011:592,617.6039235591888,39217,1,0.890156377106905,0.8905226811766624
smetric_optimized,codex308:9:308008:593,618.1647472381592,104953,1,2.3932121507823467,2.3937804512679577
smetric_optimized,codex166:19:166018:594,618.8879084587097,92726,1,1.3479745537042618,1.3485001139342785
smetric_optimized,codex506:28:506027:595,619.5207233428955,104305,1,2.5801835507154465,2.5810864195227623
smetric_optimized,codex73:18:73017:596,619.7230546474457,59150,1,1.6368276178836823,1.6371922120451927
smetric_optimized,codex192:17:192016:597,620.5471029281616,62091,1,1.5439993627369404,1.544615525752306
smetric_optimized,codex453:6:453005:598,622.079713344574,49759,1,2.054218143224716,2.0545316003262997
smetric_optimized,codex405:2:405001:599,622.6459586620331,21038,1,1.294578444212675,1.2947591207921505
smetric_optimized,codex603:1:603000:600,623.4053621292114,13081,1,1.1920594722032547,1.1922728531062603
smetric_optimized,codex422:28:422027:601,624.4920611381531,50951,1,0.6281186193227768,0.6284343264997005
smetric_optimized,codex548:14:548013:602,625.1119196414948,85221,1,6.483513854444027,6.483985923230648
smetric_optimized,codex110:23:110022:603,625.7444627285004,122856,1,4.623061142861843,4.623718958348036
smetric_optimized,codex234:14:234013:604,626.4115228652954,53253,1,5.91758456453681,5.917902123183012
smetric_optimized,codex220:18:220017:605,626.7840905189514,79623,1,2.2723765522241592,2.2728382162749767
smetric_optimized,codex338:13:338012:606,627.3796217441559,43107,1,1.446287102997303,1.4465930089354515
smetric_optimized,codex421:7:421006:607,629.0477080345154,50873,1,1.8208182901144028,1.821128237992525
smetric_optimized,codex213:21:213020:608,630.0933525562286,58860,1,0.43258876726031303,0.4329294078052044
smetric_optimized,codex220:19:220018:609,632.1165359020233,80765,1,1.1965912766754627,1.1970687732100487
smetric_optimized,codex73:19:73018:610,633.172313451767,59246,1,0.5610366798937321,0.5613906681537628
smetric_optimized,codex338:14:338013:611,633.6448876857758,49664,1,2.7252177111804485,2.7255275696516037
smetric_optimized,codex110:24:110023:612,634.2871899604797,124463,1,2.0907339304685593,2.0913797579705715
smetric_optimized,codex509:29:509028:613,636.3606836795807,91290,1,1.9919905103743076,1.9924938008189201
smetric_optimized,codex192:18:192017:614,637.1274313926697,62908,1,0.843896210193634,0.8442847020924091
smetric_optimized,codex166:20:166019:615,638.9183003902435,97942,1,3.9712856337428093,3.971841838210821
smetric_optimized,codex278:6:278005:616,639.3935551643372,77698,1,2.1545555479824543,2.1550140380859375
smetric_optimized,codex315:29:315028:617,640.3505508899689,91167,1,2.58314935490489,2.583633989095688
smetric_optimized,codex305:1:305000:618,640.4479444026947,13272,1,1.2242547534406185,1.2244871333241463
smetric_optimized,codex603:2:603001:619,640.8431992530823,30015,1,3.7730081491172314,3.773219261318445
smetric_optimized,codex213:22:213021:620,642.0437519550323,59149,1,2.579946495592594,2.580285470932722
smetric_optimized,codex405:3:405002:621,642.1254949569702,25234,1,0.919482134282589,0.9196711294353008
smetric_optimized,codex421:8:421007:622,643.2265059947968,53054,1,1.393763393163681,1.397917203605175
smetric_optimized,codex509:30:509029:623,644.6078813076019,95825,1,3.2944450192153454,3.2949504368007183
smetric_optimized,codex405:4:405003:624,645.3310642242432,26414,1,0.7556826509535313,0.7558767795562744
smetric_optimized,codex308:10:308009:625,645.9459879398346,105278,1,1.3025938272476196,1.3031831979751587
smetric_optimized,codex603:3:603002:626,646.0821480751038,41024,1,5.582541085779667,5.582799632102251
smetric_optimized,codex548:15:548014:627,646.3521692752838,85852,1,1.2498383522033691,1.2503370083868504
smetric_optimized,codex88:6:88005:628,646.6283304691315,85177,1,1.5873786993324757,1.5878378711640835
smetric_optimized,codex421:9:421008:629,646.804239988327,54071,1,0.8404540307819843,0.8407756723463535
smetric_optimized,codex338:15:338014:630,646.9845869541168,54738,1,4.684051137417555,4.684365767985582
smetric_optimized,codex315:30:315029:631,648.578882932663,91443,1,1.4678600244224072,1.4684085845947266
smetric_optimized,codex166:21:166020:632,648.9292750358582,98696,1,1.1696689575910568,1.1701919846236706
smetric_optimized,codex421:10:421009:633,649.5978436470032,55248,1,0.857245858758688,0.8575989343225956
smetric_optimized,codex405:5:405004:634,649.7425746917725,31509,1,1.919030126184225,1.9192564524710178
smetric_optimized,codex110:25:110024:635,651.3695306777954,130593,1,5.682517737150192,5.683202866464853
smetric_optimized,codex548:16:548015:636,651.654322385788,86601,1,1.1283781677484512,1.128845438361168
smetric_optimized,codex509:31:509030:637,652.1568078994751,95869,1,0.5906210280954838,0.5911689214408398
smetric_optimized,codex116:16:116015:638,652.5625534057617,92541,1,1.5148309282958508,1.5153396427631378
smetric_optimized,codex88:7:88006:639,654.8187944889069,85868,1,1.1320468187332153,1.1325274035334587
smetric_optimized,codex213:23:213022:640,655.0088982582092,59761,1,0.7238753102719784,0.7242516726255417
smetric_optimized,codex308:11:308010:641,655.4280745983124,110489,1,5.7896252907812595,5.790221702307463
smetric_optimized,codex548:17:548016:642,655.7234220504761,87688,1,3.9209119118750095,3.9214478097856045
smetric_optimized,codex315:31:315030:643,656.3084950447083,91825,1,1.027608796954155,1.0281119979918003
smetric_optimized,codex234:15:234014:644,656.5027949810028,59833,1,3.1708505414426327,3.1712088771164417
smetric_optimized,codex305:2:305001:645,656.6624402999878,48268,1,11.518433466553688,11.51886896789074
smetric_optimized,codex220:20:220019:646,657.0187237262726,81035,1,0.8406786359846592,0.841158963739872
smetric_optimized,codex73:20:73019:647,657.7473180294037,66572,1,10.68838131800294,10.688746515661478
smetric_optimized,codex405:6:405005:648,657.8514330387115,32366,1,0.619656540453434,0.6199149116873741
smetric_optimized,codex116:17:116016:649,658.250227689743,94207,1,3.0122957713901997,3.0127904042601585
smetric_optimized,codex421:11:421010:650,659.0769309997559,56728,1,0.9869316704571247,0.9872899800539017
smetric_optimized,codex509:32:509031:651,660.0137648582458,96219,1,0.8479303047060966,0.8484788127243519
smetric_optimized,codex315:32:315031:652,662.0666162967682,92877,1,2.373488627374172,2.3740097880363464
smetric_optimized,codex308:12:308011:653,663.6547882556915,110647,1,1.0922366492450237,1.0928462333977222
smetric_optimized,codex88:8:88007:654,663.9399838447571,87070,1,1.862000297755003,1.8625138439238071
smetric_optimized,codex220:21:220020:655,664.2193005084991,81185,1,0.8096756935119629,0.8104530833661556
smetric_optimized,codex192:19:192018:656,664.429692029953,63277,1,4.001906618475914,4.002287715673447
smetric_optimized,codex116:18:116017:657,665.741281747818,97506,1,2.7012232653796673,2.7017406672239304
smetric_optimized,codex443:1:443000:658,665.7947683334351,13954,1,1.3243989497423172,1.3245571963489056
smetric_optimized,codex405:7:405006:659,666.8166317939758,36034,1,1.1994502656161785,1.199696097522974
smetric_optimized,codex453:7:453006:660,667.0947096347809,55206,1,2.6130413860082626,2.6133729815483093
smetric_optimized,codex509:33:509032:661,668.0075852870941,96998,1,1.7062367051839828,1.7067640759050846
smetric_optimized,codex213:24:213023:662,668.421469449997,59963,1,0.5583902783691883,0.5587669238448143
smetric_optimized,codex421:12:421011:663,668.699893951416,56993,1,0.5495160855352879,0.5498521029949188
smetric_optimized,codex220:22:220021:664,669.6984555721283,81706,1,0.9086649976670742,0.9091592952609062
smetric_optimized,codex234:16:234015:665,670.1274909973145,64237,1,2.4336816892027855,2.4340667501091957
smetric_optimized,codex603:4:603003:666,670.2919776439667,46424,1,1.874517660588026,1.8748321235179901
smetric_optimized,codex421:13:421012:667,672.1450817584991,57447,1,0.7905569933354855,0.7909189201891422
smetric_optimized,codex88:9:88008:668,672.5508780479431,90774,1,2.669870499521494,2.6703680492937565
smetric_optimized,codex213:25:213024:669,673.3330774307251,78231,1,8.711758259683847,8.712216582149267
smetric_optimized,codex192:20:192019:670,673.5644989013672,65622,1,1.6038647145032883,1.6044862568378448
smetric_optimized,codex116:19:116018:671,674.0830271244049,98952,1,1.9005686715245247,1.9011029489338398
smetric_optimized,codex315:33:315032:672,674.390499830246,93620,1,1.865005511790514,1.8655045852065086
smetric_optimized,codex220:23:220022:673,674.6557774543762,82149,1,1.6404975205659866,1.640940584242344
smetric_optimized,codex443:2:443001:674,674.7182536125183,16212,1,2.872733622789383,2.872882414609194
smetric_optimized,codex278:7:278006:675,675.0069577693939,81070,1,2.5895965583622456,2.5900479182600975
smetric_optimized,codex405:8:405007:676,675.1447377204895,37689,1,0.842252291738987,0.842497281730175
smetric_optimized,codex509:34:509033:677,675.9715051651001,97212,1,0.8554314225912094,0.8559668958187103
smetric_optimized,codex166:22:166021:678,677.3743567466736,99435,1,1.6797191835939884,1.6802449487149715
smetric_optimized,codex234:17:234016:679,677.5850031375885,66211,1,1.5051780119538307,1.5055578723549843
smetric_optimized,codex443:3:443002:680,678.262645483017,18570,1,0.784464955329895,0.7846420928835869
smetric_optimized,codex308:13:308012:681,679.0386672019958,110855,1,0.9639000706374645,0.9644974209368229
smetric_optimized,codex116:20:116019:682,680.4575326442719,100008,1,1.6122952587902546,1.6128181219100952
smetric_optimized,codex453:8:453007:683,680.6342737674713,55387,1,0.5223539434373379,0.5226930305361748
smetric_optimized,codex355:1:355000:684,680.8328766822815,13443,1,1.2510136887431145,1.2512150965631008
smetric_optimized,codex88:10:88009:685,681.5277602672577,100344,1,7.135105919092894,7.135649669915438
smetric_optimized,codex315:34:315033:686,681.9048686027527,94102,1,0.9895060807466507,0.9900338873267174
smetric_optimized,codex405:9:405008:687,682.036600112915,38136,1,6.6023430079221725,6.602593179792166
smetric_optimized,codex509:35:509034:688,682.5999817848206,97549,1,1.2224130555987358,1.22294532507658
smetric_optimized,codex603:5:603004:689,682.7842063903809,57187,1,4.543882057070732,4.544213581830263
smetric_optimized,codex308:14:308013:690,684.8920452594757,111539,1,1.429936982691288,1.4305761344730854
smetric_optimized,codex192:21:192020:691,685.6794648170471,66102,1,1.6444943882524967,1.644897997379303
smetric_optimized,codex234:18:234017:692,685.8929088115692,69571,1,2.7510027550160885,2.751399040222168
smetric_optimized,codex509:36:509035:693,686.797926902771,97723,1,1.8591694720089436,1.8596820086240768
smetric_optimized,codex305:3:305002:694,686.9697201251984,52310,1,4.67097720131278,4.671370554715395
smetric_optimized,codex443:4:443003:695,687.0438287258148,22883,1,1.5924298390746117,1.5926049798727036
smetric_optimized,codex220:24:220023:696,687.314347743988,82321,1,1.336048275232315,1.3365108035504818
smetric_optimized,codex116:21:116020:697,687.998425245285,100282,1,2.0415858924388885,2.0421336963772774
smetric_optimized,codex166:23:166022:698,688.3422608375549,100376,1,1.7711068168282509,1.771641917526722
smetric_optimized,codex192:22:192021:699,688.5716412067413,70774,1,3.115955736488104,3.11635485291481
smetric_optimized,codex355:2:355001:700,688.624365568161,15996,1,3.0567378364503384,3.058620937168598
smetric_optimized,codex308:15:308014:701,689.7450892925262,112187,1,1.4865489080548286,1.4871520102024078
smetric_optimized,codex548:18:548017:702,690.0282878875732,87849,1,0.8045394644141197,0.8050520084798336
smetric_optimized,codex405:10:405009:703,690.583580493927,39754,1,0.8927440531551838,0.8929995968937874
smetric_optimized,codex443:5:443004:704,690.6662430763245,25483,1,0.7150551117956638,0.7152357548475266
smetric_optimized,codex509:37:509036:705,693.051292181015,102671,1,4.262763947248459,4.263316970318556
smetric_optimized,codex548:19:548018:706,695.0336184501648,91533,1,6.056821629405022,6.057316932827234
smetric_optimized,codex453:9:453008:707,695.5346419811249,66248,1,7.126618757843971,7.127859968692064
smetric_optimized,codex603:6:603005:708,695.7342734336853,64865,1,3.321873649954796,3.3222787752747536
smetric_optimized,codex308:16:308015:709,696.2461223602295,112833,1,1.318507131189108,1.3192094005644321
smetric_optimized,codex443:6:443005:710,696.3334600925446,26193,1,0.9735142700374126,0.9737256392836571
smetric_optimized,codex116:22:116021:711,697.0079565048218,102294,1,2.342445697635412,2.342995073646307
smetric_optimized,codex278:8:278007:712,697.2998950481415,86989,1,3.7955355308949947,3.7959868013858795
smetric_optimized,codex121:1:121000:713,697.4139823913574,13242,1,1.2624441273510456,1.2625787183642387
smetric_optimized,codex234:19:234018:714,698.6707680225372,70264,1,4.000632606446743,4.001033611595631
smetric_optimized,codex166:24:166023:715,701.0776867866516,101167,1,1.2546241022646427,1.255212776362896
smetric_optimized,codex121:2:121001:716,702.3218564987183,38908,1,5.338760256767273,5.339019548147917
smetric_optimized,codex355:3:355002:717,702.9564671516418,18287,1,0.5292611122131348,0.5294165313243866
smetric_optimized,codex88:11:88010:718,704.5781726837158,102013,1,1.7722319960594177,1.7727994211018085
smetric_optimized,codex453:10:453009:719,705.1789429187775,69592,1,1.95739221945405,1.9577835127711296
smetric_optimized,codex443:7:443006:720,705.4850780963898,28143,1,1.18300786241889,1.1833214946091175
smetric_optimized,codex421:14:421013:721,705.8538656234741,58124,1,0.8489569276571274,0.8493111692368984
smetric_optimized,codex192:23:192022:722,706.3393149375916,71700,1,0.9167594723403454,0.9171646349132061
smetric_optimized,codex121:3:121002:723,709.5420806407928,43979,1,1.797982431948185,1.798266913741827
smetric_optimized,codex192:24:192023:724,710.5039002895355,72639,1,3.478074513375759,3.4785029776394367
smetric_optimized,codex421:15:421014:725,710.689900636673,58413,1,0.7159184068441391,0.716257244348526
smetric_optimized,codex305:4:305003:726,710.8701899051666,58398,1,3.9435293935239315,3.943961787968874
smetric_optimized,codex88:12:88011:727,711.3302507400513,105642,1,3.0529749020934105,3.0535409301519394
smetric_optimized,codex506:29:506028:728,712.7993915081024,104777,1,2.0685795471072197,2.069118458777666
smetric_optimized,codex603:7:603006:729,713.4508793354034,65654,1,0.9375222511589527,0.9378823898732662
smetric_optimized,codex121:4:121003:730,713.639662027359,55132,1,5.41926821693778,5.419640708714724
smetric_optimized,codex213:26:213025:731,715.777637720108,78515,1,0.700622983276844,0.7011207975447178
smetric_optimized,codex506:30:506029:732,716.2985723018646,105815,1,2.767116639763117,2.767714723944664
smetric_optimized,codex315:35:315034:733,717.3208425045013,94631,1,1.7510939091444016,1.7515883818268776
smetric_optimized,codex110:26:110025:734,717.8711049556732,132991,1,3.1157605573534966,3.1166201792657375
smetric_optimized,codex453:11:453010:735,718.1057963371277,72408,1,2.1363526917994022,2.136760678142309
smetric_optimized,codex88:13:88012:736,718.4710490703583,108359,1,3.1700023151934147,3.1705545745790005
smetric_optimized,codex308:17:308016:737,718.8707675933838,115531,1,2.9424532242119312,2.943050004541874
smetric_optimized,codex443:8:443007:738,718.9772484302521,31486,1,1.0731458477675915,1.0733728185296059
smetric_optimized,codex355:4:355003:739,719.0407333374023,19148,1,0.43748703226447105,0.4377479739487171
smetric_optimized,codex220:25:220024:740,720.6932649612427,82502,1,0.9300114810466766,0.930479072034359
smetric_optimized,codex422:29:422028:741,720.8555505275726,51055,1,0.45067300647497177,0.4511900506913662
smetric_optimized,codex278:9:278008:742,722.1599600315094,87704,1,1.1027846038341522,1.103291790932417
smetric_optimized,codex291:1:291000:743,722.609762430191,13540,1,1.3559985347092152,1.3561336882412434
smetric_optimized,codex405:11:405010:744,722.8276627063751,40086,1,0.5067315846681595,0.5071614645421505
smetric_optimized,codex192:25:192024:745,723.9602284431458,73482,1,1.078526847064495,1.0789905898272991
smetric_optimized,codex121:5:121004:746,724.7253611087799,55514,1,0.6446880400180817,0.6452329978346825
smetric_optimized,codex422:30:422029:747,726.241626739502,51501,1,0.8085990771651268,0.8089266121387482
smetric_optimized,codex305:5:305004:748,726.4751896858215,62841,1,2.4620476625859737,2.4623992666602135
smetric_optimized,codex405:12:405011:749,726.6326043605804,42232,1,0.9436627775430679,0.9439546689391136
smetric_optimized,codex220:26:220025:750,727.0414032936096,82916,1,1.9010206907987595,1.9014786519110203
smetric_optimized,codex121:6:121005:751,727.2609984874725,57005,1,1.6725388653576374,1.6728832572698593
smetric_optimized,codex110:27:110026:752,728.1124849319458,133503,1,1.9924431443214417,1.9931450262665749
smetric_optimized,codex355:5:355004:753,728.1823840141296,19529,1,0.746287576854229,0.7464451231062412
smetric_optimized,codex603:8:603007:754,728.4055006504059,67103,1,1.1390486396849155,1.1395459733903408
smetric_optimized,codex506:31:506030:755,728.9198889732361,106469,1,2.142940476536751,2.143516331911087
smetric_optimized,codex453:12:453011:756,730.0869734287262,81153,1,5.13625106215477,5.136701554059982
smetric_optimized,codex308:18:308017:757,730.6238465309143,116841,1,2.249661646783352,2.2504022009670734
smetric_optimized,codex88:14:88013:758,730.985645532608,116479,1,6.320811912417412,6.32144183665514
smetric_optimized,codex355:6:355005:759,731.0544447898865,20242,1,0.34796951711177826,0.34822314605116844
smetric_optimized,codex291:2:291001:760,731.810446023941,29473,1,2.945072952657938,2.9453932158648968
smetric_optimized,codex121:7:121006:761,732.8032183647156,58654,1,1.2496448084712029,1.2499884106218815
smetric_optimized,codex355:7:355006:762,733.5526297092438,20814,1,0.29509398341178894,0.2952682375907898
smetric_optimized,codex192:26:192025:763,734.455708026886,76592,1,1.9804099686443806,1.9808613136410713
smetric_optimized,codex116:23:116022:764,735.2118027210236,104587,1,2.1021312288939953,2.1026697270572186
smetric_optimized,codex213:27:213026:765,737.2526352405548,79042,1,1.3194996193051338,1.3199515976011753
smetric_optimized,codex220:27:220026:766,738.2389242649078,83787,1,1.4045454747974873,1.4050366431474686
smetric_optimized,codex603:9:603008:767,738.4468357563019,67778,1,2.7265986278653145,2.7269992157816887
smetric_optimized,codex291:3:291002:768,738.563714504242,37246,1,2.570315219461918,2.570692703127861
smetric_optimized,codex315:36:315035:769,739.4379079341888,95119,1,0.9731526635587215,0.9736770689487457
smetric_optimized,codex129:1:129000:770,739.5103132724762,13392,1,2.475852992385626,2.4760799519717693
smetric_optimized,codex166:25:166024:771,740.1147339344025,102388,1,2.713759072124958,2.7143214717507362
smetric_optimized,codex278:10:278009:772,740.3991951942444,89368,1,1.646345417946577,1.646856363862753
smetric_optimized,codex121:8:121007:773,741.5211832523346,60481,1,1.3342588171362877,1.3346107229590416
smetric_optimized,codex234:20:234019:774,741.784010887146,73486,1,1.9204353652894497,1.9208517521619797
smetric_optimized,codex192:27:192026:775,744.2497224807739,89711,1,8.176303833723068,8.177099797874689
smetric_optimized,codex443:9:443008:776,744.351568698883,32552,1,1.0843407958745956,1.0845739357173443
smetric_optimized,codex110:28:110027:777,745.1037464141846,134009,1,1.9617413617670536,1.962467398494482
smetric_optimized,codex213:28:213027:778,745.362574338913,79993,1,1.2777676619589329,1.2782454639673233
smetric_optimized,codex355:8:355007:779,745.4325013160706,21090,1,0.4124949164688587,0.4126768335700035
smetric_optimized,codex278:11:278010:780,746.2408916950226,90883,1,1.7887621968984604,1.7892850898206234
smetric_optimized,codex506:32:506031:781,747.8541450500488,107296,1,4.579588815569878,4.580222852528095
smetric_optimized,codex422:31:422030:782,748.0198767185211,51661,1,0.8039939180016518,0.8043174631893635
smetric_optimized,codex220:28:220027:783,748.6218822002411,85496,1,2.5718084275722504,2.572280004620552
smetric_optimized,codex121:9:121008:784,748.8163225650787,62653,1,2.3655241765081882,2.365901678800583
smetric_optimized,codex88:15:88014:785,749.3073892593384,118159,1,1.9476185590028763,1.948318775743246
smetric_optimized,codex116:24:116023:786,751.1713259220123,104945,1,0.9805972948670387,0.9811744652688503
smetric_optimized,codex453:13:453012:787,751.5291583538055,85744,1,3.1963605917990208,3.1968579813838005
smetric_optimized,codex129:2:129001:788,751.5879356861115,17430,1,0.7375516258180141,0.7377012707293034
smetric_optimized,codex315:37:315036:789,751.9623210430145,95404,1,1.0451453253626823,1.045661624521017
smetric_optimized,codex421:16:421015:790,752.7270348072052,59397,1,0.8914028853178024,0.8917753249406815
smetric_optimized,codex603:10:603009:791,752.9918684959412,72160,1,2.871487095952034,2.871913306415081
smetric_optimized,codex220:29:220028:792,753.3174149990082,85913,1,0.7812713533639908,0.7817505970597267
smetric_optimized,codex422:32:422031:793,754.3767936229706,51810,1,1.5176207683980465,1.5179445445537567
smetric_optimized,codex129:3:129002:794,754.4457275867462,21028,1,0.7646418623626232,0.7648113444447517
smetric_optimized,codex359:1:359000:795,755.103134393692,13395,1,1.2543075233697891,1.254435833543539
smetric_optimized,codex355:9:355008:796,755.2065269947052,23127,1,0.5404241234064102,0.5406097583472729
smetric_optimized,codex509:38:509037:797,756.3504521846771,102837,1,1.1395267024636269,1.1401475816965103
smetric_optimized,codex110:29:110028:798,757.4753475189209,137657,1,4.185276485979557,4.186002690345049
smetric_optimized,codex116:25:116024:799,758.0465188026428,110370,1,4.5831056125462055,4.583702746778727
smetric_optimized,codex367:10:367009:800,758.5557944774628,37372,1,0.45957760885357857,0.45984718203544617
smetric_optimized,codex421:17:421016:801,758.8041908740997,59780,1,0.5775782279670238,0.57795350253582
smetric_optimized,codex506:33:506032:802,760.1615860462189,108443,1,1.5414184294641018,1.5419981554150581
smetric_optimized,codex421:18:421017:803,760.9274785518646,61066,1,1.1415186151862144,1.1418922655284405
smetric_optimized,codex315:38:315037:804,762.0591900348663,95945,1,1.7309863418340683,1.73150235414505
smetric_optimized,codex121:10:121009:805,762.2680411338806,63915,1,1.539555098861456,1.5399106852710247
smetric_optimized,codex422:33:422032:806,762.6185712814331,53394,1,1.1235405467450619,1.1238654777407646
smetric_optimized,codex506:34:506033:807,763.7319896221161,112592,1,3.6391571015119553,3.639771059155464
smetric_optimized,codex359:2:359001:808,764.469087600708,22881,1,1.7706199251115322,1.7708652094006538
smetric_optimized,codex421:19:421018:809,764.8023498058319,63573,1,1.4329874590039253,1.4333432205021381
smetric_optimized,codex220:30:220029:810,765.2142217159271,86243,1,0.9926349520683289,0.9931554086506367
smetric_optimized,codex110:30:110029:811,765.8722696304321,142985,1,5.7148264311254025,5.715710546821356
smetric_optimized,codex278:12:278011:812,766.1953439712524,91088,1,0.8504632338881493,0.8510154001414776
smetric_optimized,codex308:19:308018:813,766.8599412441254,117624,1,1.7157814837992191,1.7164871133863926
smetric_optimized,codex305:6:305005:814,767.7031321525574,83028,1,12.367650024592876,12.368463344871998
smetric_optimized,codex603:11:603010:815,767.9616024494171,76441,1,2.962631296366453,2.963078089058399
smetric_optimized,codex443:10:443009:816,768.0870580673218,37755,1,1.5848925076425076,1.585162092000246
smetric_optimized,codex192:28:192027:817,769.0004801750183,90728,1,11.076926186680794,11.077425498515368
smetric_optimized,codex422:34:422033:818,769.961035490036,53574,1,0.9894160181283951,0.9897257909178734
smetric_optimized,codex525:1:525000:819,771.0778343677521,13473,1,1.6950712837278843,1.6952271312475204
smetric_optimized,codex116:26:116025:820,772.145801782608,111321,1,1.6914206258952618,1.6920642368495464
smetric_optimized,codex315:39:315038:821,772.4584851264954,96141,1,1.5987825728952885,1.5993093810975552
smetric_optimized,codex129:4:129003:822,772.5721487998962,33118,1,5.793240882456303,5.793581414967775
smetric_optimized,codex121:11:121010:823,772.7680997848511,64140,1,2.8908232636749744,2.891269091516733
smetric_optimized,codex509:39:509038:824,773.1134130954742,105173,1,2.6057788841426373,2.60636630281806
smetric_optimized,codex421:20:421019:825,773.5932767391205,69307,1,4.8123039193451405,4.812705289572477
smetric_optimized,codex308:20:308019:826,774.9787178039551,124873,1,7.280332397669554,7.280973713845015
smetric_optimized,codex291:4:291003:827,775.1288974285126,44742,1,2.7192633487284184,2.719581786543131
smetric_optimized,codex506:35:506034:828,775.4860813617706,114173,1,5.191488638520241,5.192101638764143
smetric_optimized,codex116:27:116026:829,777.7234666347504,112127,1,4.589046686887741,4.589719757437706
smetric_optimized,codex359:3:359002:830,778.0548694133759,28645,1,1.3344239741563797,1.3346366882324219
smetric_optimized,codex525:2:525001:832,778.9353973865509,18720,1,0.8705496229231358,0.8706991374492645
smetric_optimized,codex355:10:355009:833,779.292412519455,24392,1,0.5111206695437431,0.5113110803067684
smetric_optimized,codex405:13:405012:834,779.6835787296295,49310,1,2.5198753736913204,2.520174328237772
smetric_optimized,codex192:29:192028:831,780.387627363205,91976,1,1.8063508793711662,1.80685343593359
smetric_optimized,codex453:14:453013:835,780.6648066043854,86427,1,1.489206213504076,1.489715613424778
smetric_optimized,codex110:31:110030:836,782.0080802440643,143769,1,2.137759178876877,2.1384934335947037
smetric_optimized,codex443:11:443010:837,782.1447026729584,39207,1,0.7023942917585373,0.7026825286448002
smetric_optimized,codex422:35:422034:838,783.5663774013519,53781,1,0.5706852748990059,0.5710121989250183
smetric_optimized,codex506:36:506035:839,784.1261904239655,114568,1,1.1113419719040394,1.1119663007557392
smetric_optimized,codex525:3:525002:840,784.4959428310394,22056,1,0.7807949855923653,0.7809551171958447
smetric_optimized,codex359:4:359003:841,784.6189382076263,32164,1,1.1249223202466965,1.1251516491174698
smetric_optimized,codex220:31:220030:842,785.1408250331879,86568,1,1.221324935555458,1.2218178510665894
smetric_optimized,codex355:11:355010:843,785.2279267311096,26064,1,1.080730326473713,1.0810418464243412
smetric_optimized,codex278:13:278012:844,785.7355535030365,91380,1,0.7897016331553459,0.7901972159743309
smetric_optimized,codex422:36:422035:845,786.003755569458,54134,1,0.6136387698352337,0.6139589473605156
smetric_optimized,codex308:21:308020:846,787.0775089263916,127671,1,3.24863263592124,3.2493114471435547
smetric_optimized,codex509:40:509039:847,787.9582991600037,105645,1,1.367847766727209,1.3684324510395527
smetric_optimized,codex421:21:421020:848,788.183146238327,71225,1,3.890076320618391,3.8907742761075497
smetric_optimized,codex443:12:443011:849,788.4515705108643,47998,1,7.481525577604771,7.481849513947964
smetric_optimized,codex603:12:603011:850,788.8111639022827,76920,1,0.8982803598046303,0.8987041004002094
smetric_optimized,codex359:5:359004:851,789.6171951293945,34111,1,0.7863635048270226,0.7865926586091518
smetric_optimized,codex129:5:129004:852,790.1048984527588,40811,1,7.186596464365721,7.186871003359556
smetric_optimized,codex110:32:110031:853,791.8443429470062,144269,1,2.167673584073782,2.1684615053236485
smetric_optimized,codex291:5:291004:854,792.0611197948456,52285,1,2.7177742570638657,2.7181323505938053
smetric_optimized,codex121:12:121011:855,792.9493324756622,64282,1,0.5866647735238075,0.5870575495064259
smetric_optimized,codex192:30:192029:856,793.3941106796265,96912,1,5.635660503059626,5.63617979735136
smetric_optimized,codex525:4:525003:857,793.5288980007172,33423,1,3.918298464268446,3.9185116663575172
smetric_optimized,codex220:32:220031:858,793.9965121746063,89769,1,2.435608495026827,2.4361096136271954
smetric_optimized,codex278:14:278013:859,794.5755851268768,91579,1,2.877661056816578,2.878177098929882
smetric_optimized,codex506:37:506036:860,795.4862532615662,116525,1,3.5514449141919613,3.552037712186575
smetric_optimized,codex415:1:415000:861,796.1139080524445,13003,1,1.3280769549310207,1.3281979113817215
smetric_optimized,codex422:37:422036:862,796.4226701259613,54273,1,0.48707912489771843,0.4874262623488903
smetric_optimized,codex359:6:359005:864,796.6335144042969,35567,1,0.8115312941372395,0.8117624334990978
smetric_optimized,codex129:6:129005:863,797.4373776912689,42057,1,0.9171102344989777,0.9173887893557549
smetric_optimized,codex116:28:116027:865,798.3442625999451,113026,1,1.4407090172171593,1.4414350129663944
smetric_optimized,codex305:7:305006:866,799.0143809318542,120010,1,28.01539508253336,28.016029305756092
smetric_optimized,codex308:22:308021:867,799.5265543460846,128183,1,1.1433074958622456,1.1439822129905224
smetric_optimized,codex421:22:421021:868,800.566935300827,71706,1,0.7816706262528896,0.7821102440357208
smetric_optimized,codex220:33:220032:869,801.9492466449738,89907,1,0.9411525055766106,0.9416704997420311
smetric_optimized,codex453:15:453014:870,802.254358291626,93907,1,5.026362415403128,5.026902470737696
smetric_optimized,codex359:7:359006:871,802.3709836006165,36962,1,1.2149666473269463,1.2152223587036133
smetric_optimized,codex509:41:509040:872,802.7623202800751,106105,1,1.7573394067585468,1.7578843422234058
smetric_optimized,codex166:26:166025:873,803.2550692558289,102848,1,1.2585039511322975,1.259099092334509
smetric_optimized,codex443:13:443012:874,803.4268519878387,51609,1,2.001032453030348,2.001343008130789
smetric_optimized,codex129:7:129006:875,803.5808758735657,42218,1,1.8434776328504086,1.843749426305294
smetric_optimized,codex110:33:110032:876,804.3198049068451,144582,1,1.6673575416207314,1.6681047603487968
smetric_optimized,codex422:38:422037:877,804.5017778873444,54467,1,0.60781205072999,0.6081430204212666
smetric_optimized,codex603:13:603012:878,805.416265964508,77608,1,1.2492784895002842,1.249720025807619
smetric_optimized,codex278:15:278014:879,805.7530570030212,91781,1,0.9180833138525486,0.9185863770544529
smetric_optimized,codex88:16:88015:880,806.6485044956207,119720,1,1.9303248263895512,1.930962085723877
smetric_optimized,codex116:29:116028:881,808.5644900798798,113412,1,1.215758390724659,1.2164787910878658
smetric_optimized,codex525:5:525004:882,809.0135686397552,37566,1,1.27745034173131,1.277723789215088
smetric_optimized,codex88:17:88016:883,810.7638900279999,120979,1,4.043820519000292,4.0451126880943775
smetric_optimized,codex359:8:359007:884,810.8995401859283,40918,1,3.817166619002819,3.817554786801338
smetric_optimized,codex405:14:405013:885,811.7183907032013,52787,1,3.093894701451063,3.0942120738327503
smetric_optimized,codex422:39:422038:886,811.8903727531433,54723,1,0.48709455132484436,0.48744096979498863
smetric_optimized,codex139:1:139000:887,812.2160096168518,13365,1,1.5400072745978832,1.5401401221752167
smetric_optimized,codex421:23:421022:888,813.1736350059509,72277,1,1.42632557451725,1.426747813820839
smetric_optimized,codex129:8:129007:889,813.3112666606903,43602,1,1.248858481645584,1.249264094978571
smetric_optimized,codex453:16:453015:890,813.7346529960632,94504,1,1.0351453982293606,1.0356511138379574
smetric_optimized,codex220:34:220033:891,814.0689342021942,94841,1,9.23234947770834,9.232880838215351
smetric_optimized,codex166:27:166026:892,816.1067316532135,116776,1,12.534440249204636,12.535200648009777
smetric_optimized,codex415:2:415001:893,816.1898601055145,23995,1,2.3611291721463203,2.3613242730498314
smetric_optimized,codex359:9:359008:894,816.320273399353,41753,1,1.57980315387249,1.5801031589508057
smetric_optimized,codex291:6:291005:895,816.5051157474518,59098,1,3.4169748723506927,3.417474899441004
smetric_optimized,codex603:14:603013:896,816.8553431034088,78300,1,3.3473148494958878,3.3478663228452206
smetric_optimized,codex506:38:506037:897,817.3791863918304,121705,1,9.70969669148326,9.710310596972704
smetric_optimized,codex278:16:278015:898,817.7221734523773,93851,1,4.296619206666946,4.297166157513857
smetric_optimized,codex139:2:139001:899,817.8951365947723,34905,1,4.25792894884944,4.258282031863928
smetric_optimized,codex129:9:129008:900,818.5456173419952,50699,1,3.918495260179043,3.918897572904825
smetric_optimized,codex110:34:110033:901,819.3076660633087,144724,1,1.2332119978964329,1.2339525073766708
smetric_optimized,codex422:40:422039:902,819.4994659423828,54915,1,0.7298750020563602,0.7301993519067764
smetric_optimized,codex405:15:405014:903,820.8050434589386,53128,1,0.8089029863476753,0.8092363625764847
smetric_optimized,codex509:42:509041:904,821.3692102432251,108512,1,7.46448078006506,7.465135622769594
smetric_optimized,codex421:24:421023:905,821.6054284572601,72879,1,0.9014924317598343,0.901905182749033
smetric_optimized,codex116:30:116029:906,823.2883324623108,113614,1,1.0239708311855793,1.0249970331788063
smetric_optimized,codex278:17:278016:907,823.6521575450897,94254,1,1.682557288557291,1.6831027194857597
smetric_optimized,codex443:14:443013:908,823.8287966251373,53254,1,1.454049713909626,1.4544000662863255
smetric_optimized,codex88:18:88017:909,824.2971112728119,121486,1,1.3065002299845219,1.3071373738348484
smetric_optimized,codex415:3:415002:910,825.4897770881653,31464,1,1.790263269096613,1.7904822677373886
smetric_optimized,codex359:10:359009:911,826.3077530860901,42626,1,0.6125711724162102,0.6128588579595089
smetric_optimized,codex139:3:139002:912,828.0995736122131,42210,1,2.270554058253765,2.2708332650363445
smetric_optimized,codex241:1:241000:913,828.4924809932709,13806,1,1.2965403199195862,1.2966855987906456
smetric_optimized,codex121:13:121012:914,829.3269159793854,64477,1,0.609970223158598,0.6103441379964352
smetric_optimized,codex88:19:88018:915,830.3586366176605,121634,1,1.4087152481079102,1.4093674048781395
smetric_optimized,codex506:39:506038:916,830.9096744060516,122486,1,1.6822271682322025,1.6828797832131386
smetric_optimized,codex405:16:405015:917,831.082722902298,53328,1,0.6769421957433224,0.6772710271179676
smetric_optimized,codex525:6:525005:918,831.7522003650665,38116,1,0.5636701695621014,0.5639233961701393
smetric_optimized,codex129:10:129009:919,832.9867036342621,53898,1,1.9312094002962112,1.9315313957631588
smetric_optimized,codex121:14:121013:920,834.2622640132904,64569,1,0.6599454507231712,0.6603165343403816
smetric_optimized,codex278:18:278017:921,834.7216560840607,94468,1,1.3324300423264503,1.3329872228205204
smetric_optimized,codex139:4:139003:922,834.9103755950928,47567,1,1.926264625042677,1.926554597914219
smetric_optimized,codex443:15:443014:923,835.1491048336029,53933,1,0.9288890548050404,0.9292050413787365
smetric_optimized,codex359:11:359010:924,835.7320811748505,44533,1,0.9663181789219379,0.9666056856513023
smetric_optimized,codex129:11:129010:925,836.6913409233093,55724,1,1.3091984055936337,1.3095395304262638
smetric_optimized,codex509:43:509042:926,837.9869251251221,108769,1,1.1687689498066902,1.1693632751703262
smetric_optimized,codex421:25:421024:927,838.5110473632812,77016,1,2.658157166093588,2.6586069129407406
smetric_optimized,codex241:2:241001:928,838.5676412582397,15900,1,0.43515995144844055,0.43530944734811783
smetric_optimized,codex291:7:291006:929,839.3971121311188,60642,1,1.1304257288575172,1.1308010257780552
smetric_optimized,codex308:23:308022:930,841.1567356586456,128344,1,1.37333058193326,1.3739997074007988
smetric_optimized,codex506:40:506039:931,843.7606177330017,124542,1,3.176277954131365,3.176936265081167
smetric_optimized,codex291:8:291007:932,843.9606928825378,63982,1,2.534941665828228,2.5353089459240437
smetric_optimized,codex603:15:603014:933,845.2891380786896,78928,1,1.211591698229313,1.2120256833732128
smetric_optimized,codex278:19:278018:934,845.623767375946,94632,1,1.1548095867037773,1.1553728878498077
smetric_optimized,codex421:26:421025:935,846.4848237037659,79898,1,5.317883480340242,5.31832130625844
smetric_optimized,codex234:21:234020:936,846.7671144008636,79915,1,5.040145996958017,5.040579292923212
smetric_optimized,codex359:12:359011:937,846.9248154163361,45144,1,0.6444597989320755,0.6447629518806934
smetric_optimized,codex129:12:129011:938,847.4490730762482,63261,1,4.3483472764492035,4.348698075860739
smetric_optimized,codex308:24:308023:939,848.6318719387054,128498,1,1.4776287637650967,1.4783320613205433
smetric_optimized,codex139:5:139004:940,848.7958118915558,50678,1,2.997846994549036,2.9981684274971485
smetric_optimized,codex603:16:603015:941,849.046108007431,79149,1,0.7863800935447216,0.7868550531566143
smetric_optimized,codex359:13:359012:942,850.0966556072235,49965,1,2.6902027130126953,2.6905422806739807
smetric_optimized,codex506:41:506040:943,851.7811996936798,125231,1,1.5654590763151646,1.5661369413137436
smetric_optimized,codex509:44:509043:944,852.237076997757,108914,1,2.019204296171665,2.019777100533247
smetric_optimized,codex443:16:443015:945,852.413515329361,54470,1,0.9189018458127975,0.9192614294588566
smetric_optimized,codex405:17:405016:946,852.5798287391663,53785,1,1.6651741452515125,1.6655335612595081
smetric_optimized,codex121:15:121014:947,852.7798821926117,65258,1,1.4696199521422386,1.4699996411800385
smetric_optimized,codex308:25:308024:948,853.9061632156372,128619,1,1.7099854536354542,1.7106739282608032
smetric_optimized,codex422:41:422040:949,854.101401090622,55093,1,2.64998035132885,2.650323823094368
smetric_optimized,codex241:3:241002:950,854.192822933197,27170,1,2.5539569668471813,2.5546488240361214
smetric_optimized,codex40:1:40000:951,854.2396097183228,13459,1,1.3684463687241077,1.3685750402510166
smetric_optimized,codex110:35:110034:952,855.3415741920471,146863,1,3.3954001925885677,3.3961728252470493
smetric_optimized,codex234:22:234021:953,855.6015183925629,82270,1,2.2254116982221603,2.225889667868614
smetric_optimized,codex291:9:291008:954,857.3563816547394,72387,1,6.088907729834318,6.089319735765457
smetric_optimized,codex443:17:443016:955,857.5634274482727,60205,1,3.552282728254795,3.5527998730540276
smetric_optimized,codex603:17:603016:956,857.816591501236,79563,1,5.633799578994513,5.634232450276613
smetric_optimized,codex421:27:421026:957,858.0853943824768,81077,1,3.07418280467391,3.0746516957879066
smetric_optimized,codex422:42:422041:958,859.4076087474823,55369,1,4.033513143658638,4.033863414078951
smetric_optimized,codex139:6:139005:959,859.9565756320953,56911,1,2.5837324000895023,2.5840854085981846
smetric_optimized,codex506:42:506041:960,860.6133375167847,128416,1,3.6698360219597816,3.6704947352409363
smetric_optimized,codex121:16:121015:961,860.818115234375,65543,1,0.9163021892309189,0.9166863597929478
smetric_optimized,codex355:12:355011:962,860.9064249992371,27205,1,0.7899798303842545,0.7901896387338638
smetric_optimized,codex509:45:509044:963,863.007726430893,109122,1,1.0119773149490356,1.0125569850206375
smetric_optimized,codex40:2:40001:964,863.0687892436981,17142,1,1.064752969890833,1.0648990869522095
smetric_optimized,codex116:31:116030:965,863.429595708847,115540,1,2.086426217108965,2.087129931896925
smetric_optimized,codex241:4:241003:966,864.7159738540649,30914,1,1.1648297160863876,1.1650466844439507
smetric_optimized,codex234:23:234022:967,865.8736126422882,82606,1,0.8131869994103909,0.8136878646910191
smetric_optimized,codex525:7:525006:968,866.276209115982,38729,1,0.5602104477584362,0.560467928647995
smetric_optimized,codex603:18:603017:969,866.6759066581726,81465,1,1.6557977721095085,1.656278733164072
smetric_optimized,codex506:43:506042:970,867.9480082988739,131278,1,3.2979284152388573,3.2986255697906017
smetric_optimized,codex443:18:443017:971,868.3220708370209,60607,1,0.6799932941794395,0.6803882718086243
smetric_optimized,codex116:32:116031:972,869.7831864356995,117216,1,2.1398836448788643,2.1405023261904716
smetric_optimized,codex251:1:251000:973,869.8348183631897,13343,1,1.2440082840621471,1.2441491782665253
smetric_optimized,codex241:5:241004:974,872.0901999473572,35394,1,1.5432197228074074,1.5434612594544888
smetric_optimized,codex443:19:443018:975,872.3653147220612,61710,1,1.272189162671566,1.2725414782762527
smetric_optimized,codex603:19:603018:976,873.2655715942383,81645,1,0.5534577779471874,0.5539257638156414
smetric_optimized,codex234:24:234023:977,873.5368399620056,83422,1,2.687930438667536,2.6883874721825123
smetric_optimized,codex40:3:40002:978,873.6281495094299,27369,1,2.5896750763058662,2.5911605805158615
smetric_optimized,codex116:33:116032:979,874.6895127296448,118735,1,2.3167226426303387,2.317366134375334
smetric_optimized,codex121:17:121016:980,874.8908379077911,65646,1,0.6291642636060715,0.6295648850500584
smetric_optimized,codex251:2:251001:981,875.2794132232666,16537,1,0.6062607057392597,0.6064058132469654
smetric_optimized,codex278:20:278019:982,876.7999079227448,94789,1,1.0597892180085182,1.0603328309953213
smetric_optimized,codex139:7:139006:983,876.994063615799,60021,1,1.7099731154739857,1.710347156971693
smetric_optimized,codex355:13:355012:984,878.1873109340668,27664,1,0.36827876791357994,0.3684939369559288
smetric_optimized,codex415:4:415003:985,879.0299916267395,33575,1,0.9986322559416294,0.9988886043429375
smetric_optimized,codex234:25:234024:986,879.519073009491,86728,1,2.751942563802004,2.7524946220219135
smetric_optimized,codex116:34:116033:987,880.0188040733337,119223,1,1.2572121284902096,1.2578727789223194
smetric_optimized,codex603:20:603019:988,880.3710572719574,81826,1,0.819656141102314,0.8201306015253067
smetric_optimized,codex305:8:305007:989,880.9176664352417,123056,1,3.5814915038645267,3.5821126103401184
smetric_optimized,codex421:28:421027:990,881.1799013614655,81283,1,1.0858184918761253,1.0863116681575775
smetric_optimized,codex509:46:509045:991,882.252720117569,110929,1,2.2390202283859253,2.239613074809313
smetric_optimized,codex443:20:443019:992,883.0485117435455,62432,1,0.8300013691186905,0.8304049149155617
smetric_optimized,codex241:6:241005:993,883.2412281036377,38829,1,1.5222759321331978,1.5226219445466995
smetric_optimized,codex422:43:422042:994,883.6256818771362,55518,1,1.1686255596578121,1.1689529567956924
smetric_optimized,codex110:36:110035:995,884.4750411510468,148115,1,2.3155342414975166,2.3163703456521034
smetric_optimized,codex506:44:506043:996,885.3111653327942,131888,1,1.5552309826016426,1.5561118014156818
smetric_optimized,codex40:4:40003:997,885.4665229320526,44703,1,5.3687916323542595,5.36908557638526
smetric_optimized,codex116:35:116034:998,885.8542470932007,119573,1,1.4474057890474796,1.4480577409267426
smetric_optimized,codex359:14:359013:999,886.0319404602051,51045,1,0.8731138445436954,0.8734162524342537
smetric_optimized,codex525:8:525007:1000,886.3378822803497,39058,1,0.4908258989453316,0.4910768046975136
smetric_optimized,codex158:1:158000:1001,886.4606742858887,13320,1,1.3936956711113453,1.3938360288739204
smetric_optimized,codex603:21:603020:1002,887.7065377235413,83629,1,1.7179672457277775,1.71846254914999
smetric_optimized,codex415:5:415004:1003,887.8507299423218,39406,1,1.8023930490016937,1.8026642315089703
smetric_optimized,codex355:14:355013:1004,888.1193399429321,28644,1,0.4511110819876194,0.45134228467941284
smetric_optimized,codex443:21:443020:1005,889.253208398819,62813,1,0.8749675191938877,0.8753383457660675
smetric_optimized,codex359:15:359014:1006,889.414797782898,51435,1,0.6022744104266167,0.6025949195027351
smetric_optimized,codex421:29:421028:1007,890.8241982460022,81802,1,1.2139731161296368,1.214427825063467
smetric_optimized,codex121:18:121017:1008,891.392591714859,65759,1,0.6403851918876171,0.6407794393599033
smetric_optimized,codex603:22:603021:1009,892.022362947464,84079,1,0.7431788742542267,0.7436659187078476
smetric_optimized,codex355:15:355014:1010,893.1068086624146,33132,1,1.2173103541135788,1.217553824186325
smetric_optimized,codex305:9:305008:1011,893.82870054245,127991,1,4.834806971251965,4.835490636527538
smetric_optimized,codex139:8:139007:1012,894.0578362941742,73734,1,6.385921139270067,6.3863797672092915
smetric_optimized,codex241:7:241006:1013,894.2880823612213,38958,1,0.4874408431351185,0.487718366086483
smetric_optimized,codex129:13:129012:1014,894.5701613426208,63645,1,0.7970333844423294,0.797515831887722
smetric_optimized,codex158:2:158001:1015,895.3609969615936,20981,1,1.460840567946434,1.4610317796468735
smetric_optimized,codex443:22:443021:1016,895.7487139701843,63119,1,1.0780184268951416,1.0783976316452026
smetric_optimized,codex509:47:509046:1017,896.6663687229156,120528,1,7.884377669543028,7.8853503949940205
smetric_optimized,codex525:9:525008:1018,896.8040606975555,40230,1,0.6928415410220623,0.6931372620165348
smetric_optimized,codex121:19:121018:1019,897.8852760791779,65894,1,6.672329369932413,6.672710090875626
smetric_optimized,codex405:18:405017:1020,899.9292809963226,54110,1,0.6306118853390217,0.6309365555644035
cache_aware,codex70:25:70024:201,300.74343276023865,95402,1,1.33956378698349,1.3400922156870365
cache_aware,codex483:22:483021:202,302.83893156051636,94681,1,1.1773078963160515,1.1778641380369663
cache_aware,codex543:9:543008:203,303.49459409713745,39790,1,0.7811144031584263,0.7813891470432281
cache_aware,codex315:5:315004:204,303.75341987609863,52972,1,2.1972671151161194,2.1976172290742397
cache_aware,codex361:6:361005:205,304.71713948249817,28932,1,0.6260740384459496,0.6263150796294212
cache_aware,codex509:2:509001:206,305.8326518535614,19675,1,0.948443591594696,0.9487749971449375
cache_aware,codex543:10:543009:207,306.6328492164612,40432,1,0.5113778635859489,0.511662196367979
cache_aware,codex363:12:363011:208,309.0408971309662,100281,1,1.2906977236270905,1.2912854887545109
cache_aware,codex543:11:543010:209,309.58510661125183,43234,1,1.1084955520927906,1.1087836734950542
cache_aware,codex152:8:152007:210,310.32072734832764,69766,1,1.2917849719524384,1.292224656790495
cache_aware,codex361:7:361006:211,310.54222536087036,29427,1,1.0835686139762402,1.0837711840867996
cache_aware,codex73:1:73000:212,311.6937725543976,13617,1,1.2605979666113853,1.2607334814965725
cache_aware,codex543:12:543011:213,312.2984666824341,44523,1,0.806902315467596,0.8071860931813717
cache_aware,codex25:6:25005:214,312.3932480812073,29495,1,0.618371594697237,0.6186860464513302
cache_aware,codex315:6:315005:215,313.92303347587585,55594,1,1.468881543725729,1.4692199751734734
cache_aware,codex506:14:506013:216,315.3827648162842,88788,1,2.582962788641453,2.5834851674735546
cache_aware,codex363:13:363012:217,317.45124912261963,102936,1,3.005681376904249,3.0063913986086845
cache_aware,codex25:7:25006:218,317.844021320343,31305,1,0.7049019299447536,0.7051259279251099
cache_aware,codex152:9:152008:219,319.04050040245056,70391,1,1.4495147578418255,1.4498994834721088
cache_aware,codex315:7:315006:220,321.1389946937561,58303,1,2.5689299143850803,2.5693126507103443
cache_aware,codex422:10:422009:221,321.6854393482208,33410,1,0.7415227703750134,0.7418600842356682
cache_aware,codex73:2:73001:222,322.33594393730164,21062,1,1.3815686777234077,1.381809413433075
cache_aware,codex483:23:483022:223,323.4297821521759,94999,1,1.2666567265987396,1.267172984778881
cache_aware,codex363:14:363013:224,324.5752160549164,103989,1,1.4220859743654728,1.4226693734526634
cache_aware,codex422:11:422010:225,324.68791246414185,34871,1,0.8440543077886105,0.8442938104271889
cache_aware,codex506:15:506014:226,325.52411365509033,91680,1,3.0751716271042824,3.075712140649557
cache_aware,codex73:3:73002:227,326.3733389377594,25975,1,2.2357152365148067,2.235901214182377
cache_aware,codex152:10:152009:228,326.84828305244446,80379,1,6.171487528830767,6.172091711312532
cache_aware,codex509:3:509002:229,328.1525378227234,25548,1,1.6100267060101032,1.6102320663630962
cache_aware,codex25:8:25007:230,328.83822107315063,31890,1,0.9267690256237984,0.9269945062696934
cache_aware,codex315:8:315007:231,329.75634002685547,58817,1,0.6628965772688389,0.6632428131997585
cache_aware,codex363:15:363014:232,330.9393789768219,104819,1,2.867045123130083,2.8677410446107388
cache_aware,codex483:24:483023:233,332.46761679649353,95605,1,1.4167009331285954,1.4172086454927921
cache_aware,codex363:16:363015:234,336.0138132572174,105282,1,1.2030692882835865,1.20366982370615
cache_aware,codex192:1:192000:235,336.3050105571747,13423,1,1.4961538687348366,1.4983355440199375
cache_aware,codex73:4:73003:236,336.7048659324646,27097,1,1.0982520058751106,1.0990104153752327
cache_aware,codex25:9:25008:237,337.20700454711914,36929,1,1.4514082558453083,1.4516941905021667
cache_aware,codex315:9:315008:238,338.38326621055603,59429,1,0.6969583258032799,0.6973210908472538
cache_aware,codex509:4:509003:239,339.18255066871643,29637,1,1.414935141801834,1.4151634275913239
cache_aware,codex25:10:25009:240,339.44608974456787,37534,1,1.1726400032639503,1.172888956964016
cache_aware,codex152:11:152010:241,341.93395924568176,84188,1,2.6205599308013916,2.621067889034748
cache_aware,codex543:13:543012:242,343.0567669868469,45033,1,0.6291105821728706,0.6294076554477215
cache_aware,codex25:11:25010:243,346.59755659103394,37858,1,0.45043957605957985,0.450710903853178
cache_aware,codex363:17:363016:244,347.506635427475,106754,1,2.102827522903681,2.103446800261736
cache_aware,codex73:5:73004:245,347.5971963405609,27291,1,0.6818394251167774,0.6820492371916771
cache_aware,codex493:27:493026:246,347.85144782066345,85675,1,2.357571415603161,2.358143124729395
cache_aware,codex315:10:315009:247,348.2723786830902,62395,1,1.9666272960603237,1.9669803455471992
cache_aware,codex543:14:543013:248,349.38477420806885,50295,1,2.099167585372925,2.0994621105492115
cache_aware,codex483:25:483024:249,350.1916813850403,95729,1,0.9167970828711987,0.9173275120556355
cache_aware,codex73:6:73005:250,350.7242887020111,31329,1,2.15201361104846,2.152312260121107
cache_aware,codex192:2:192001:251,350.7941699028015,20228,1,2.0632915385067463,2.0635586977005005
cache_aware,codex110:1:110000:252,352.71388602256775,13568,1,1.2591995261609554,1.2594363950192928
cache_aware,codex152:12:152011:253,355.67117047309875,86014,1,2.924269989132881,2.924750652164221
cache_aware,codex110:2:110001:254,355.7488911151886,22383,1,2.8386512100696564,2.8408561162650585
cache_aware,codex422:12:422011:255,355.8613576889038,37248,1,0.9562334530055523,0.9565004929900169
cache_aware,codex25:12:25011:256,356.41933965682983,38804,1,0.5333503261208534,0.5336005091667175
cache_aware,codex110:3:110002:257,360.509379863739,39740,1,5.84223623201251,5.844614088535309
cache_aware,codex509:5:509004:258,360.74195671081543,35388,1,1.5457643270492554,1.5460385419428349
cache_aware,codex363:18:363017:259,361.5862777233124,107774,1,4.774068929255009,4.774642705917358
cache_aware,codex422:13:422012:260,362.71274185180664,39880,1,0.9594662934541702,0.9597456008195877
cache_aware,codex493:28:493027:261,363.343763589859,85849,1,0.7421172298491001,0.7426152974367142
cache_aware,codex152:13:152012:262,364.7302782535553,87205,1,1.6753437630832195,1.6758080311119556
cache_aware,codex543:15:543014:263,364.88981795310974,50727,1,0.7238277085125446,0.7241619378328323
cache_aware,codex192:3:192002:264,364.99144220352173,29980,1,2.916119258850813,2.916336312890053
cache_aware,codex70:26:70025:265,365.45941066741943,96307,1,2.454931538552046,2.4554665870964527
cache_aware,codex25:13:25012:266,365.60678219795227,42088,1,1.1558667495846748,1.156255166977644
cache_aware,codex363:19:363018:267,367.62456345558167,108157,1,0.9611072428524494,0.9616818688809872
cache_aware,codex509:6:509005:268,367.9024419784546,36179,1,0.522504847496748,0.5228604078292847
cache_aware,codex192:4:192003:269,368.7185139656067,36263,1,1.9328919500112534,1.9332523420453072
cache_aware,codex152:14:152013:270,369.35730481147766,87698,1,3.4652488715946674,3.465807791799307
cache_aware,codex116:1:116000:271,369.40781712532043,13777,1,3.2699833400547504,3.270118121057749
cache_aware,codex73:7:73006:272,369.63320565223694,31697,1,1.034531768411398,1.0347424745559692
cache_aware,codex110:4:110003:273,369.8384208679199,44001,1,2.97792861610651,2.9782191291451454
cache_aware,codex493:29:493028:274,370.23671412467957,86052,1,1.0647754706442356,1.0652492493391037
cache_aware,codex25:14:25013:275,370.3848991394043,42794,1,0.4890485964715481,0.4893174283206463
cache_aware,codex70:27:70026:276,372.40532207489014,97725,1,3.8316200226545334,3.8321655243635178
cache_aware,codex73:8:73007:277,372.5407750606537,38821,1,5.862131901085377,5.862427141517401
cache_aware,codex422:14:422013:279,372.67340874671936,40792,1,0.555375512689352,0.5556424222886562
cache_aware,codex116:2:116001:278,372.81012058258057,39647,1,5.7537466287612915,5.754013452678919
cache_aware,codex509:7:509006:280,373.9474947452545,44064,1,2.4221710562705994,2.422444526106119
cache_aware,codex506:16:506015:281,374.7717561721802,93738,1,5.941061899065971,5.9418744295835495
cache_aware,codex152:15:152014:282,375.101078748703,87856,1,3.468590721487999,3.4690873995423317
cache_aware,codex315:11:315010:283,375.8625054359436,64178,1,4.855337236076593,4.855696644634008
cache_aware,codex493:30:493029:284,376.213330745697,89095,1,6.051532257348299,6.052369937300682
cache_aware,codex192:5:192004:286,377.19528460502625,37765,1,5.073229126632214,5.0734725669026375
cache_aware,codex73:9:73008:285,378.5578067302704,43704,1,5.117644540965557,5.117951441556215
cache_aware,codex483:26:483025:287,379.31598687171936,96435,1,1.0126268118619919,1.0131671391427517
cache_aware,codex315:12:315011:288,380.93974208831787,67213,1,3.258574228733778,3.258996371179819
cache_aware,codex509:8:509007:289,381.66637110710144,45184,1,0.7985551469027996,0.798833891749382
cache_aware,codex363:20:363019:291,382.9026520252228,109770,1,3.0117950215935707,3.0124072022736073
cache_aware,codex506:17:506016:292,383.20532393455505,93935,1,0.9997100904583931,1.0002113729715347
cache_aware,codex73:10:73009:290,383.83556962013245,44935,1,0.996349360793829,0.996643990278244
cache_aware,codex543:16:543015:293,384.05221581459045,59782,1,4.513554196804762,4.514314144849777
cache_aware,codex25:15:25014:294,384.1901271343231,43124,1,0.4936380907893181,0.494050532579422
cache_aware,codex483:27:483026:295,384.582147359848,96596,1,1.3382692970335484,1.3387722112238407
cache_aware,codex493:31:493030:296,385.24111342430115,104366,1,11.393178898841143,11.39408314973116
cache_aware,codex70:28:70027:297,385.589626789093,98291,1,11.051996476948261,11.052515730261803
cache_aware,codex152:16:152015:298,385.9011549949646,88005,1,0.7840957082808018,0.7845921479165554
cache_aware,codex422:15:422014:299,386.0596766471863,42660,1,2.5099878311157227,2.510253045707941
cache_aware,codex152:17:152016:300,389.63967752456665,88136,1,1.2060942389070988,1.2066078931093216
cache_aware,codex363:21:363020:301,390.04707765579224,110123,1,1.3538299761712551,1.3545052744448185
cache_aware,codex361:8:361007:302,390.14208364486694,29784,1,1.2228390015661716,1.2230507843196392
cache_aware,codex73:11:73010:303,390.8369176387787,47407,1,5.84888981282711,5.849469009786844
cache_aware,codex315:13:315012:304,391.3586347103119,67833,1,5.332191273570061,5.332569498568773
cache_aware,codex361:9:361008:305,393.00254011154175,32933,1,1.0760947652161121,1.0763469897210598
cache_aware,codex543:17:543016:306,393.87547039985657,67574,1,3.8012342490255833,3.801627080887556
cache_aware,codex110:5:110004:307,394.02830958366394,48340,1,2.8788559176027775,2.8792139142751694
cache_aware,codex213:1:213000:308,394.0746886730194,13027,1,2.800094235688448,2.8003143295645714
cache_aware,codex361:10:361009:309,396.8507161140442,33505,1,0.4581936337053776,0.45841703936457634
cache_aware,codex152:18:152017:310,398.790575504303,88259,1,1.9951147697865963,1.9956064447760582
cache_aware,codex213:2:213001:311,398.8627989292145,21057,1,1.9149187318980694,1.9174775779247284
cache_aware,codex543:18:543017:312,399.37649178504944,69881,1,1.7130400389432907,1.7134365774691105
cache_aware,codex509:9:509008:313,399.52230644226074,45999,1,0.8407232873141766,0.8410191349685192
cache_aware,codex73:12:73011:314,400.35647225379944,48522,1,0.8499265126883984,0.8503019586205482
cache_aware,codex192:6:192005:315,402.0840713977814,41600,1,4.21538807079196,4.215679597109556
cache_aware,codex73:13:73012:316,402.3644871711731,56464,1,7.037255469709635,7.037603750824928
cache_aware,codex361:11:361010:317,403.1475319862366,35258,1,0.6644245535135269,0.6731288135051727
cache_aware,codex152:19:152018:318,403.6390755176544,88423,1,0.7735698036849499,0.7740789540112019
cache_aware,codex506:18:506017:319,404.16914534568787,94094,1,5.246664382517338,5.253176957368851
cache_aware,codex315:14:315013:320,404.4022264480591,71567,1,5.004324149340391,5.00474189221859
cache_aware,codex70:29:70028:321,404.74284863471985,98557,1,4.678832642734051,5.003903802484274
cache_aware,codex116:3:116002:322,404.90672492980957,48493,1,5.51063634827733,5.511235874146223
cache_aware,codex543:19:543018:323,405.32472705841064,71484,1,1.338816449046135,1.339259259402752
cache_aware,codex25:16:25015:324,405.82751727104187,45536,1,1.0507808104157448,1.0510654486715794
cache_aware,codex213:3:213002:325,406.65682888031006,25096,1,3.763062112033367,3.763243667781353
cache_aware,codex363:22:363021:326,408.1165916919708,112118,1,2.361945252865553,2.362529583275318
cache_aware,codex192:7:192006:328,408.5508666038513,41932,1,0.8597367778420448,0.860007181763649
cache_aware,codex493:32:493031:329,409.3890817165375,107448,1,3.836703646928072,3.8372876457870007
cache_aware,codex506:19:506018:327,409.7407035827637,94209,1,3.9239517115056515,3.924758818000555
cache_aware,codex166:1:166000:330,410.1554617881775,14321,1,2.370004251599312,2.3701547123491764
cache_aware,codex543:20:543019:331,410.74723529815674,71649,1,1.9623041413724422,1.9627316743135452
cache_aware,codex192:8:192007:332,411.5517475605011,44576,1,2.1168428882956505,2.117119677364826
cache_aware,codex70:30:70029:333,412.2254900932312,99004,1,1.4893126301467419,1.4898341670632362
cache_aware,codex152:20:152019:334,412.51891827583313,88547,1,3.2955010682344437,3.295988205820322
cache_aware,codex110:6:110005:335,412.7013566493988,53518,1,3.107065871357918,3.10739354044199
cache_aware,codex166:2:166001:336,413.5311949253082,25686,1,2.2713278606534004,2.271547257900238
cache_aware,codex213:4:213003:337,414.92245054244995,25687,1,0.881911151111126,0.8820972368121147
cache_aware,codex70:31:70030:338,415.5066285133362,99279,1,2.937501147389412,2.9380795545876026
cache_aware,codex315:15:315014:339,415.7723665237427,75438,1,2.5164633244276047,2.517137110233307
cache_aware,codex509:10:509009:340,416.2433738708496,46638,1,0.5668017752468586,0.5671182908117771
cache_aware,codex509:11:509010:341,417.53868341445923,48849,1,1.1382040865719318,1.1385102607309818
cache_aware,codex213:5:213004:342,418.4356746673584,28569,1,2.8834299109876156,2.8836473114788532
cache_aware,codex116:4:116003:343,418.8924117088318,53663,1,2.8559249863028526,2.8562676683068275
cache_aware,codex363:23:363022:344,420.09127140045166,112236,1,1.7343752421438694,1.7359048761427402
cache_aware,codex315:16:315015:345,420.34559869766235,78032,1,2.5279013589024544,2.5284544974565506
cache_aware,codex506:20:506019:346,420.7342600822449,94657,1,2.2103306278586388,2.210833363234997
cache_aware,codex152:21:152020:347,421.0429184436798,95587,1,5.4445403926074505,5.44523698836565
cache_aware,codex509:12:509011:348,421.2013168334961,49988,1,0.9067355543375015,0.9070617109537125
cache_aware,codex361:12:361011:349,421.3140048980713,35643,1,0.5151405334472656,0.5153711549937725
cache_aware,codex543:21:543020:350,421.7394881248474,71893,1,2.4530768282711506,2.4535170160233974
cache_aware,codex220:4:220003:351,421.9842481613159,40239,1,7.39119241386652,7.391580950468779
cache_aware,codex166:3:166002:352,422.84264063835144,29783,1,6.627038732171059,6.627329438924789
cache_aware,codex213:6:213005:353,423.4850504398346,29883,1,3.0573454909026623,3.0575555115938187
cache_aware,codex543:22:543021:354,424.49311232566833,77440,1,5.020422920584679,5.0208734311163425
cache_aware,codex506:21:506020:355,426.3307640552521,94828,1,0.6723070703446865,0.6728319600224495
cache_aware,codex421:1:421000:356,426.5382752418518,13368,1,1.2252152264118195,1.2254534028470516
cache_aware,codex152:22:152021:357,427.44902634620667,95756,1,0.8420996889472008,0.8430814445018768
cache_aware,codex152:23:152022:358,429.1875822544098,100235,1,4.098759464919567,4.0994335524737835
cache_aware,codex110:7:110006:359,429.3597664833069,54220,1,3.5660291872918606,3.5665148310363293
cache_aware,codex493:33:493032:360,429.9525873661041,122761,1,12.995791431516409,12.996792487800121
cache_aware,codex213:7:213006:361,430.0618748664856,30123,1,3.2514546290040016,3.2519795559346676
cache_aware,codex506:22:506021:362,430.774441242218,95022,1,12.18140671029687,12.18200946226716
cache_aware,codex361:13:361012:363,430.88935923576355,35921,1,2.427024893462658,2.427260145545006
cache_aware,codex315:17:315016:364,434.6344347000122,80181,1,8.352119605988264,8.353004470467567
cache_aware,codex116:5:116004:365,435.26940536499023,55876,1,1.4502949751913548,1.450652651488781
cache_aware,codex543:23:543022:366,436.0000729560852,78577,1,1.481696654111147,1.482158225029707
cache_aware,codex166:4:166003:367,436.10359382629395,31663,1,1.3333774916827679,1.3337221778929234
cache_aware,codex213:8:213007:368,436.5990345478058,35710,1,5.573736686259508,5.573966957628727
cache_aware,codex421:2:421001:369,436.7133529186249,30402,1,5.4564023949205875,5.456912849098444
cache_aware,codex509:13:509012:370,439.6103358268738,54607,1,2.1338339671492577,2.1341861747205257
cache_aware,codex110:8:110007:371,440.0573914051056,55773,1,2.14507282525301,2.1454127207398415
cache_aware,codex166:5:166004:372,441.7358777523041,54050,1,7.871804736554623,7.872125580906868
cache_aware,codex543:24:543023:373,442.5814571380615,79148,1,7.031541123986244,7.031980901956558
cache_aware,codex548:1:548000:374,442.93889141082764,13754,1,1.3696453273296356,1.3697825893759727
cache_aware,codex213:9:213008:375,444.30456471443176,37539,1,3.9893093332648277,3.9896906688809395
cache_aware,codex110:9:110008:376,444.77724957466125,73383,1,10.723287619650364,10.723712660372257
cache_aware,codex548:2:548001:377,444.94144797325134,26062,1,11.887760929763317,11.888017129153013
cache_aware,codex421:3:421002:378,446.1799650192261,38488,1,12.879566706717014,12.880154948681593
cache_aware,codex220:5:220004:380,447.75295519828796,41257,1,1.8508950360119343,1.8511719331145287
cache_aware,codex315:18:315017:381,449.07984614372253,82558,1,1.7452646009624004,1.745755884796381
cache_aware,codex25:17:25016:382,449.58652663230896,60104,1,6.17576040700078,6.176272161304951
cache_aware,codex543:25:543024:379,449.8750855922699,81167,1,1.4904079586267471,1.4909005053341389
cache_aware,codex361:14:361013:383,450.1573808193207,36031,1,9.044048376381397,9.044296219944954
cache_aware,codex73:14:73013:384,451.0589702129364,57436,1,1.1606715992093086,1.1610296219587326
cache_aware,codex509:14:509013:385,451.23350048065186,56082,1,4.55922320112586,4.559552516788244
cache_aware,codex506:23:506022:386,451.93850779533386,96366,1,1.8896588683128357,1.8901978395879269
cache_aware,codex543:26:543025:387,452.2102630138397,84297,1,2.3284783512353897,2.3289687521755695
cache_aware,codex116:6:116005:390,454.98419308662415,61123,1,5.877158764749765,5.877550326287746
cache_aware,codex166:6:166005:391,455.31078934669495,58651,1,2.898673363029957,2.899033173918724
cache_aware,codex73:15:73014:392,455.4919812679291,57760,1,0.6918027028441429,0.6921451576054096
cache_aware,codex548:3:548002:389,456.95681977272034,36619,1,4.853939093649387,4.854450631886721
cache_aware,codex493:34:493033:393,457.87781047821045,125897,1,4.95150338485837,4.952275659888983
cache_aware,codex70:32:70031:394,458.1996808052063,99604,1,3.7818148359656334,3.782388888299465
cache_aware,codex220:6:220005:395,458.49244499206543,61910,1,10.597452983260155,10.598121359944344
cache_aware,codex509:15:509014:396,458.71057772636414,62314,1,2.7700694613158703,2.770453717559576
cache_aware,codex421:4:421003:388,459.1966116428375,39004,1,2.6173319704830647,2.6175768487155437
cache_aware,codex315:19:315018:397,459.95475006103516,83562,1,2.9118903689086437,2.91233216971159
cache_aware,codex422:16:422015:399,460.77534461021423,42885,1,8.318170759826899,8.318432327359915
cache_aware,codex421:5:421004:398,461.97148036956787,45676,1,2.5196626596152782,2.5199706219136715
cache_aware,codex543:27:543026:400,463.6201956272125,86720,1,5.547803837805986,5.548266354948282
cache_aware,codex166:7:166006:401,463.81946849823,61781,1,5.342362746596336,5.3429939188063145
cache_aware,codex70:33:70032:402,464.4811840057373,99805,1,0.7031512819230556,0.7037074454128742
cache_aware,codex110:10:110009:403,464.96248483657837,75626,1,1.5473299771547318,1.5477581061422825
cache_aware,codex506:24:506023:404,465.5607807636261,99771,1,2.72046160697937,2.721028033643961
cache_aware,codex25:18:25017:405,466.49607515335083,65021,1,2.5072046145796776,2.5076008811593056
cache_aware,codex110:11:110010:406,467.50182056427,83909,1,9.242990668863058,9.243489909917116
cache_aware,codex234:1:234000:407,467.5528402328491,13534,1,6.648764871060848,6.648900534957647
cache_aware,codex315:20:315019:408,468.7309684753418,84451,1,1.2868744134902954,1.287369679659605
cache_aware,codex213:10:213009:409,468.8720438480377,42200,1,9.021890755742788,9.022892959415913
cache_aware,codex116:7:116006:410,469.8682208061218,64702,1,8.030786778777838,8.031162604689598
cache_aware,codex422:17:422016:411,470.00911593437195,43073,1,0.42350878939032555,0.4237881638109684
cache_aware,codex548:4:548003:412,471.662624835968,39940,1,6.264919649809599,6.265405792742968
cache_aware,codex493:35:493034:414,474.1931736469269,134697,1,8.059731416404247,8.061186511069536
cache_aware,codex234:2:234001:413,474.2595579624176,17820,1,3.669607512652874,3.6697550527751446
cache_aware,codex166:8:166007:415,475.74990224838257,65626,1,2.0702258981764317,2.0706397481262684
cache_aware,codex315:21:315020:416,476.0881221294403,84693,1,6.171651929616928,6.1721110716462135
cache_aware,codex110:12:110011:418,479.0829224586487,84772,1,2.30604824796319,2.306628715246916
cache_aware,codex509:16:509015:419,479.47994780540466,63025,1,0.9923740588128567,0.9927773773670197
cache_aware,codex548:5:548004:420,479.61541295051575,42982,1,2.228272344917059,2.22854732722044
cache_aware,codex110:13:110012:421,481.69778871536255,89603,1,7.402125883847475,7.402631718665361
cache_aware,codex361:15:361014:422,481.83769392967224,42569,1,5.835763353854418,5.836056120693684
cache_aware,codex25:19:25018:423,482.1334753036499,67248,1,1.5042871721088886,1.5047037154436111
cache_aware,codex315:22:315021:417,482.5583870410919,85244,1,1.1635420992970467,1.1640162020921707
cache_aware,codex166:9:166008:424,482.77335476875305,66306,1,0.8730207607150078,0.873415146023035
cache_aware,codex548:6:548005:425,483.38502502441406,47455,1,5.5312615893781185,5.531557682901621
cache_aware,codex509:17:509016:426,484.88459730148315,64840,1,1.3098580576479435,1.3102685622870922
cache_aware,codex220:7:220006:427,485.0767915248871,62358,1,0.7231212258338928,0.7235256209969521
cache_aware,codex422:18:422017:428,486.04896116256714,43513,1,0.40177179872989655,0.4021523855626583
cache_aware,codex493:36:493035:430,488.6903464794159,143050,1,10.80767235159874,10.809633571654558
cache_aware,codex234:3:234002:431,488.7703745365143,22408,1,3.8100034072995186,3.8101906701922417
cache_aware,codex213:11:213010:432,488.90916180610657,43628,1,6.956646423786879,6.957073163241148
cache_aware,codex548:7:548006:429,489.09058690071106,55517,1,6.9402074702084064,6.940551243722439
cache_aware,codex110:14:110013:433,489.41427850723267,93010,1,6.856074206531048,6.856619011610746
cache_aware,codex509:18:509017:434,489.9764018058777,66802,1,1.7536190822720528,1.7540098614990711
cache_aware,codex166:10:166009:435,490.1914737224579,69133,1,1.6723249815404415,1.6727274991571903
cache_aware,codex116:8:116007:436,490.48367953300476,65345,1,5.5515918135643005,5.551960568875074
cache_aware,codex506:25:506024:438,491.7197461128235,102551,1,7.788931865245104,7.7957265973091125
cache_aware,codex308:1:308000:439,492.1532030105591,13069,1,1.6147960051894188,1.6150285974144936
cache_aware,codex422:19:422018:440,493.03028416633606,44221,1,0.7645679786801338,0.7648447342216969
cache_aware,codex70:34:70033:442,495.29739356040955,100262,1,4.216905787587166,4.2174540758132935
cache_aware,codex166:11:166010:443,495.51587677001953,69310,1,1.0678556114435196,1.0682522282004356
cache_aware,codex213:12:213011:437,496.0219347476959,44901,1,0.7212436161935329,0.7215245179831982
cache_aware,codex116:9:116008:441,496.26094579696655,71073,1,5.202935121953487,5.203456178307533
cache_aware,codex110:15:110014:444,496.5735719203949,93781,1,7.030842527747154,7.0318174585700035
cache_aware,codex213:13:213012:445,498.27721977233887,46847,1,5.333492420613766,5.333774801343679
cache_aware,codex234:4:234003:446,498.55404448509216,24500,1,5.053522776812315,5.053693871945143
cache_aware,codex548:8:548007:447,500.4228162765503,60641,1,3.361250054091215,3.3616034761071205
cache_aware,codex220:8:220007:448,500.91815423965454,62623,1,1.7693515494465828,1.7697294764220715
cache_aware,codex308:2:308001:450,501.123681306839,30695,1,3.5310404151678085,3.531266201287508
cache_aware,codex213:14:213013:449,503.7765762805939,48928,1,1.0382014736533165,1.0384999364614487
cache_aware,codex422:20:422019:451,504.6492512226105,44912,1,0.5028303526341915,0.5031218752264977
cache_aware,codex509:19:509018:452,506.3095338344574,67866,1,0.8886229433119297,0.8890404775738716
cache_aware,codex234:5:234004:453,506.8708429336548,27533,1,0.8214914724230766,0.8218287713825703
cache_aware,codex220:9:220008:454,507.6177816390991,62906,1,0.7427434958517551,0.7431136853992939
cache_aware,codex110:16:110015:455,508.3507375717163,96634,1,2.2781178168952465,2.2786550745368004
cache_aware,codex308:3:308002:456,508.5797483921051,45136,1,4.126291673630476,4.126584101468325
cache_aware,codex367:1:367000:457,508.62804794311523,13427,1,1.2698741555213928,1.2700123861432076
cache_aware,codex548:9:548008:458,510.98911571502686,65934,1,2.5801798179745674,2.5805929228663445
cache_aware,codex70:35:70034:459,511.40107679367065,100487,1,0.8542906418442726,0.8548525050282478
cache_aware,codex116:10:116009:460,513.9398818016052,71365,1,0.6374280378222466,0.6378725282847881
cache_aware,codex110:17:110016:461,514.3743102550507,100549,1,3.0816477239131927,3.0822225846350193
cache_aware,codex220:10:220009:462,515.3279528617859,63195,1,0.5739473290741444,0.5743422992527485
cache_aware,codex70:36:70035:463,517.2835750579834,107679,1,5.394256871193647,5.394977010786533
cache_aware,codex422:21:422020:464,518.3236894607544,49343,1,4.788554009050131,4.788858976215124
cache_aware,codex166:12:166011:465,518.7067234516144,75701,1,7.164709318429232,7.165167439728975
cache_aware,codex116:11:116010:466,519.9598412513733,74331,1,2.950386341661215,2.9508026987314224
cache_aware,codex110:18:110017:467,520.8208074569702,101429,1,2.1434713788330555,2.1440786197781563
cache_aware,codex220:11:220010:468,521.161612033844,63334,1,5.855083201080561,5.8554550632834435
cache_aware,codex308:4:308003:469,521.58016705513,55149,1,5.7217671275138855,5.722243160009384
cache_aware,codex192:9:192008:470,523.4324316978455,45161,1,0.6465037427842617,0.6468207351863384
cache_aware,codex422:22:422021:472,526.1714272499084,49622,1,1.1563605554401875,1.1566722877323627
cache_aware,codex234:6:234005:473,526.2601330280304,27733,1,0.36913827434182167,0.36935778707265854
cache_aware,codex25:20:25019:474,527.0079374313354,67883,1,0.8788937218487263,0.8792867176234722
cache_aware,codex220:12:220011:471,527.2076816558838,63422,1,0.43785955756902695,0.4382280632853508
cache_aware,codex308:5:308004:475,528.3630566596985,94857,1,21.092630095779896,21.093786519020796
cache_aware,codex110:19:110018:476,528.8903415203094,102149,1,1.5730912014842033,1.5736380890011787
cache_aware,codex548:10:548009:477,529.4729628562927,66477,1,0.9839564114809036,0.9843841940164566
cache_aware,codex234:7:234006:478,530.4490656852722,27798,1,0.22387636452913284,0.22416488081216812
cache_aware,codex506:26:506025:479,531.5030310153961,103123,1,1.5945913456380367,1.595301415771246
cache_aware,codex116:12:116011:480,531.739978313446,74885,1,0.6860356442630291,0.6865035593509674
cache_aware,codex70:37:70036:481,532.1468305587769,107758,1,1.1448490992188454,1.1455289497971535
cache_aware,codex166:13:166012:482,532.9291660785675,76175,1,16.532296735793352,16.532721128314734
cache_aware,codex543:28:543027:483,534.1075527667999,88356,1,15.694388538599014,15.694867350161076
cache_aware,codex367:2:367001:484,534.6532666683197,21050,1,1.3215010538697243,1.3216904364526272
cache_aware,codex220:13:220012:485,534.9898226261139,63602,1,14.806487657129765,14.806879796087742
cache_aware,codex506:27:506026:486,536.4085726737976,103687,1,1.616771336644888,1.6173462942242622
cache_aware,codex116:13:116012:487,537.0495135784149,77957,1,2.5625733137130737,2.5630077198147774
cache_aware,codex70:38:70037:488,538.0116336345673,119108,1,9.149589568376541,9.150597039610147
cache_aware,codex234:8:234007:489,538.5139858722687,29656,1,1.0925721041858196,1.0928018167614937
cache_aware,codex25:21:25020:490,538.9421508312225,75891,1,4.108033906668425,4.108516797423363
cache_aware,codex315:23:315022:491,539.598477602005,85849,1,7.570832770317793,7.571318559348583
cache_aware,codex278:1:278000:492,541.3838465213776,13270,1,1.2198800332844257,1.2201518379151821
cache_aware,codex509:20:509019:493,543.480122089386,68105,1,0.5973950996994972,0.5978109687566757
cache_aware,codex234:9:234008:495,544.0704228878021,33258,1,1.141266379505396,1.141530904918909
cache_aware,codex509:21:509020:496,545.6889691352844,71061,1,1.856576319783926,1.857020564377308
cache_aware,codex25:22:25021:498,548.9274065494537,76161,1,2.35707426071167,2.3576329424977303
cache_aware,codex509:22:509021:499,549.1724174022675,73848,1,2.152006320655346,2.1524121090769768
cache_aware,codex234:10:234009:500,549.2807188034058,34730,1,0.8663599081337452,0.8666071891784668
cache_aware,codex166:14:166013:494,549.7381947040558,80085,1,2.9520167782902718,2.9524976648390293
cache_aware,codex338:1:338000:501,549.7900967597961,13413,1,1.3154991269111633,1.3156358040869236
cache_aware,codex543:29:543028:497,550.1386921405792,88718,1,3.4725467525422573,3.4730283841490746
cache_aware,codex192:10:192009:503,551.1011543273926,48402,1,2.504290748387575,2.5046015046536922
cache_aware,codex548:11:548010:505,551.6193788051605,68800,1,4.072512645274401,4.072948113083839
cache_aware,codex116:14:116013:506,552.0834491252899,82594,1,3.650854606181383,3.6513212881982327
cache_aware,codex367:3:367002:507,552.2416682243347,22873,1,1.315793216228485,1.3159740008413792
cache_aware,codex166:15:166014:504,553.0046055316925,82303,1,4.149456072598696,4.149952381849289
cache_aware,codex315:24:315023:508,553.296380519867,86333,1,1.277651246637106,1.2781196013092995
cache_aware,codex25:23:25022:509,553.5507366657257,76547,1,0.8932903446257114,0.8937607333064079
cache_aware,codex338:2:338001:510,553.6005318164825,14073,1,0.33518465235829353,0.33539972454309464
cache_aware,codex543:30:543029:502,553.9273908138275,91147,1,6.791167471557856,6.791686777025461
cache_aware,codex220:14:220013:511,555.5896167755127,71909,1,5.8337415382266045,5.834178883582354
cache_aware,codex278:2:278001:512,556.9494593143463,40498,1,12.018416546285152,12.018999822437763
cache_aware,codex421:6:421005:513,557.6764786243439,46469,1,11.295194253325462,11.295470084995031
cache_aware,codex509:23:509022:514,558.58846616745,75703,1,1.635035552084446,1.6355014480650425
cache_aware,codex25:24:25023:515,559.3599529266357,76669,1,0.9029237888753414,0.9033529981970787
cache_aware,codex543:31:543030:516,561.1192173957825,111657,1,15.471186991780996,15.471789117902517
cache_aware,codex116:15:116014:517,561.4125673770905,90999,1,8.005619242787361,8.006743222475052
cache_aware,codex234:11:234010:518,561.6625673770905,36635,1,7.758752729743719,7.758978459984064
cache_aware,codex192:11:192010:519,562.1451601982117,51221,1,2.343744929879904,2.3440589793026447
cache_aware,codex213:15:213014:520,562.3748655319214,51226,1,7.066837273538113,7.06713729724288
cache_aware,codex166:16:166015:521,562.9788751602173,82777,1,13.603280331939459,13.603746421635151
cache_aware,codex338:3:338002:522,563.0435416698456,18120,1,1.4414682388305664,1.4416282512247562
cache_aware,codex422:23:422022:523,563.8795499801636,50065,1,12.53605192899704,12.536379970610142
cache_aware,codex315:25:315024:524,564.3990530967712,86524,1,1.0213525481522083,1.0218477919697762
cache_aware,codex367:4:367003:525,564.4819560050964,24497,1,0.8878821954131126,0.888207670301199
cache_aware,codex453:1:453000:526,565.9936232566833,13604,1,1.2654698193073273,1.2656980454921722
cache_aware,codex367:5:367004:527,567.2322978973389,25192,1,0.33762912079691887,0.3378206752240658
cache_aware,codex367:6:367005:528,568.5329778194427,29093,1,1.0307810492813587,1.0309784598648548
cache_aware,codex213:16:213015:530,570.5468289852142,56871,1,5.4478631764650345,5.448345474898815
cache_aware,codex338:4:338003:531,571.0033059120178,19274,1,0.3733100965619087,0.37347448617219925
cache_aware,codex548:12:548011:532,572.0810770988464,75134,1,3.9556821808218956,3.9561055712401867
cache_aware,codex509:24:509023:533,572.3514447212219,76825,1,1.1711460053920746,1.1715968661010265
cache_aware,codex367:7:367006:534,572.7023234367371,30405,1,0.5803683698177338,0.580596562474966
cache_aware,codex220:15:220014:535,575.0628230571747,73189,1,1.5336185209453106,1.5340141616761684
cache_aware,codex338:5:338004:536,575.130208492279,20016,1,0.3433162234723568,0.343501765280962
cache_aware,codex192:12:192011:537,576.3294463157654,53308,1,1.753189329057932,1.7535280287265778
cache_aware,codex338:6:338005:538,576.4085419178009,23466,1,1.6423635818064213,1.6426824554800987
cache_aware,codex422:24:422023:529,576.5741469860077,50351,1,0.576839204877615,0.5771721340715885
cache_aware,codex509:25:509024:539,577.0782976150513,78861,1,1.8608010336756706,1.8612454794347286
cache_aware,codex278:3:278002:540,577.4399757385254,56304,1,5.443688713014126,5.444021873176098
cache_aware,codex422:25:422024:541,577.7598731517792,50473,1,0.4505908228456974,0.4510181210935116
cache_aware,codex315:26:315025:542,578.9284543991089,90219,1,3.682609725743532,3.683140318840742
cache_aware,codex220:16:220015:543,579.6970136165619,74014,1,0.9558462090790272,0.9562989883124828
cache_aware,codex453:2:453001:544,579.8848841190338,19710,1,2.7330193892121315,2.7331727035343647
cache_aware,codex308:6:308005:545,583.4584376811981,96896,1,2.1093623340129852,2.1099113263189793
cache_aware,codex192:13:192012:546,583.635204076767,56408,1,3.839891195297241,3.8403679840266705
cache_aware,codex367:8:367007:547,583.7321467399597,30739,1,0.6262028627097607,0.626426175236702
cache_aware,codex73:16:73015:548,583.9103088378906,58432,1,5.096965823322535,5.097666397690773
cache_aware,codex234:12:234011:549,584.2354784011841,41352,1,2.0297221578657627,2.0299921855330467
cache_aware,codex338:7:338006:550,584.3540151119232,30098,1,4.656251296401024,4.656464222818613
cache_aware,codex453:3:453002:551,584.6321470737457,29336,1,7.9517072550952435,7.952006246894598
cache_aware,codex509:26:509025:552,586.2574536800385,83681,1,3.2111628614366055,3.211629841476679
cache_aware,codex367:9:367008:553,586.8132109642029,37260,1,6.680043786764145,6.680296286940575
cache_aware,codex166:17:166016:554,587.3940479755402,89973,1,6.116318315267563,6.1168143935501575
cache_aware,codex192:14:192013:555,587.8009145259857,58206,1,5.699055373668671,5.699385963380337
cache_aware,codex220:17:220016:556,589.4580931663513,76492,1,4.046765610575676,4.0471955463290215
cache_aware,codex338:8:338007:557,590.1069340705872,33059,1,3.3885343484580517,3.388746716082096
cache_aware,codex88:1:88000:559,590.5997796058655,14659,1,1.9099490903317928,1.9116278104484081
cache_aware,codex213:17:213016:560,591.0576689243317,57604,1,1.457431722432375,1.4578915424644947
cache_aware,codex315:27:315026:561,591.9019339084625,90554,1,3.1131477057933807,3.1136661507189274
cache_aware,codex453:4:453003:558,592.7102558612823,36843,1,2.320899937301874,2.321131180971861
cache_aware,codex509:27:509026:562,593.3232479095459,85401,1,1.8652146458625793,1.8656886406242847
cache_aware,codex422:26:422025:563,593.4859523773193,50613,1,0.6802218779921532,0.6805428601801395
cache_aware,codex278:4:278003:565,594.1582205295563,69050,1,7.4979246743023396,7.498403936624527
cache_aware,codex88:2:88001:566,594.9300260543823,28492,1,8.706736598163843,8.70912254229188
cache_aware,codex453:5:453004:564,595.1794180870056,44232,1,2.945763323456049,2.9460455626249313
cache_aware,codex315:28:315027:567,596.7187433242798,90898,1,1.412407010793686,1.4129205010831356
cache_aware,codex110:20:110019:568,597.8250005245209,103938,1,5.943674333393574,5.944263942539692
cache_aware,codex509:28:509027:569,598.1158063411713,89233,1,2.8939840234816074,2.8945231065154076
cache_aware,codex308:7:308006:570,598.5000183582306,99933,1,2.6871160231530666,2.687660939991474
cache_aware,codex192:15:192014:571,599.5713863372803,60976,1,1.4894127137959003,1.489765953272581
cache_aware,codex338:9:338008:572,601.0012230873108,36362,1,1.1298965401947498,1.1302254721522331
cache_aware,codex88:3:88002:573,603.7595093250275,34393,1,4.244661655277014,4.244911778718233
cache_aware,codex110:21:110020:574,604.1141233444214,106971,1,5.939900252968073,5.940772499889135
cache_aware,codex213:18:213017:575,604.2968993186951,58037,1,5.761875316500664,5.762209378182888
cache_aware,codex338:10:338009:576,604.417277097702,37978,1,0.8230623677372932,0.823323480784893
cache_aware,codex166:18:166017:577,605.23224401474,91447,1,1.691344939172268,1.6918447390198708
cache_aware,codex192:16:192015:578,606.2403130531311,61317,1,0.6770276166498661,0.6774305030703545
cache_aware,codex548:13:548012:579,606.8934540748596,78730,1,5.650964576750994,5.651410084217787
cache_aware,codex308:8:308007:581,607.4856810569763,102688,1,2.4045345336198807,2.409375373274088
cache_aware,codex88:4:88003:580,608.1729245185852,47708,1,11.66093035042286,11.66154084354639
cache_aware,codex73:17:73016:583,609.1530363559723,58630,1,0.5381279699504375,0.5384993180632591
cache_aware,codex213:19:213018:582,610.2495970726013,58279,1,9.882859192788601,9.88322664797306
cache_aware,codex338:11:338010:584,610.7487223148346,38225,1,0.3807087242603302,0.3810684308409691
cache_aware,codex110:22:110021:585,612.5323247909546,117657,1,14.496559478342533,14.497196264564991
cache_aware,codex278:5:278004:586,612.9383342266083,74462,1,17.130671877413988,17.13143978640437
cache_aware,codex234:13:234012:587,615.1449642181396,43580,1,14.927910752594471,14.928176287561655
cache_aware,codex405:1:405000:588,615.2001800537109,13349,1,1.2368575371801853,1.2372065596282482
cache_aware,codex422:27:422026:590,616.0679817199707,50769,1,0.57337287068367,0.5737938247621059
cache_aware,codex338:12:338011:592,617.6368854045868,39217,1,0.637877069413662,0.6381474398076534
cache_aware,codex308:9:308008:593,618.171516418457,104953,1,3.1804267168045044,3.1811003014445305
cache_aware,codex166:19:166018:594,618.8660471439362,92726,1,2.5319011844694614,2.5324149131774902
cache_aware,codex506:28:506027:595,619.5017671585083,104305,1,2.531488563865423,2.5321485437452793
cache_aware,codex73:18:73017:596,619.6955001354218,59150,1,1.6349151507019997,1.63529621809721
cache_aware,codex88:5:88004:589,620.123378276825,83870,1,26.126656480133533,26.127442963421345
cache_aware,codex213:20:213019:591,620.3149535655975,58595,1,25.93977803364396,25.9401112832129
cache_aware,codex192:17:192016:597,620.532665014267,62091,1,1.4942032508552074,1.4945703744888306
cache_aware,codex453:6:453005:598,622.0184049606323,49759,1,3.180058803409338,3.1804647892713547
cache_aware,codex405:2:405001:599,622.647501707077,21038,1,2.56126856431365,2.561428390443325
cache_aware,codex603:1:603000:600,623.4054133892059,13081,1,1.1910886615514755,1.1913236267864704
cache_aware,codex422:28:422027:601,624.5023894309998,50951,1,0.6248755753040314,0.6251975260674953
cache_aware,codex548:14:548013:602,625.1187829971313,85221,1,24.829600654542446,24.830190051347017
cache_aware,codex220:18:220017:605,626.7924180030823,79623,1,2.281804136931896,2.282274916768074
cache_aware,codex110:23:110022:603,627.4257824420929,122856,1,25.206164691597223,25.207183748483658
cache_aware,codex338:13:338012:606,627.5720610618591,43107,1,1.4970366135239601,1.4973255544900894
cache_aware,codex421:7:421006:607,629.0498101711273,50873,1,24.020213965326548,24.020537216216326
cache_aware,codex234:14:234013:604,630.253839969635,53253,1,29.203976314514875,29.216535434126854
cache_aware,codex220:19:220018:609,632.1042547225952,80765,1,1.2122016958892345,1.2126945853233337
cache_aware,codex73:19:73018:610,633.1738691329956,59246,1,0.5696755424141884,0.5700467601418495
cache_aware,codex338:14:338013:611,633.6453075408936,49664,1,2.731047071516514,2.731366526335478
cache_aware,codex509:29:509028:613,636.3673884868622,91290,1,2.0021997652947903,2.0027115903794765
cache_aware,codex192:18:192017:614,637.1256902217865,62908,1,0.8236793242394924,0.8240714408457279
cache_aware,codex166:20:166019:615,638.9223237037659,97942,1,4.936553757637739,4.937231473624706
cache_aware,codex278:6:278005:616,639.3980028629303,77698,1,20.066095106303692,20.07295484468341
cache_aware,codex315:29:315028:617,640.3500139713287,91167,1,0.6354683712124825,0.635990098118782
cache_aware,codex305:1:305000:618,640.4473781585693,13272,1,1.2296119183301926,1.2298562191426754
cache_aware,codex603:2:603001:619,640.8418211936951,30015,1,5.119621016085148,5.119822893291712
cache_aware,codex405:3:405002:621,642.0143311023712,25234,1,0.9278189092874527,0.9280310086905956
cache_aware,codex509:30:509029:623,644.5657308101654,95825,1,3.284323025494814,3.284865878522396
cache_aware,codex405:4:405003:624,645.3439445495605,26414,1,0.6152311749756336,0.6154293306171894
cache_aware,codex308:10:308009:625,645.9509928226471,105278,1,3.192257270216942,3.1929714009165764
cache_aware,codex603:3:603002:626,646.0974869728088,41024,1,4.534985780715942,4.535393424332142
cache_aware,codex213:21:213020:608,646.4496765136719,58860,1,13.019750282168388,13.021770343184471
cache_aware,codex88:6:88005:628,646.7397775650024,85177,1,13.131197687238455,13.131749983876944
cache_aware,codex338:15:338014:630,646.9841611385345,54738,1,2.539451524615288,2.5398802161216736
cache_aware,codex315:30:315029:631,648.5827836990356,91443,1,0.9900404363870621,0.9905314035713673
cache_aware,codex166:21:166020:632,648.9254183769226,98696,1,1.7624952606856823,1.7630430608987808
cache_aware,codex405:5:405004:634,649.7516043186188,31509,1,1.3927446529269218,1.3929700180888176
cache_aware,codex548:15:548014:627,650.2406349182129,85852,1,10.40915647894144,10.409642033278942
cache_aware,codex509:31:509030:637,652.1283838748932,95869,1,1.127710834145546,1.1282319948077202
cache_aware,codex116:16:116015:638,652.5596196651459,92541,1,8.394813846796751,8.395333677530289
cache_aware,codex110:24:110023:612,653.0603060722351,124463,1,8.224323242902756,8.224982958287
cache_aware,codex421:8:421007:622,653.2462651729584,53054,1,7.223779756575823,7.224484201520681
cache_aware,codex308:11:308010:641,655.447371006012,110489,1,6.289586059749126,6.290194071829319
cache_aware,codex315:31:315030:643,656.3260774612427,91825,1,0.8060445599257946,0.8065778836607933
cache_aware,codex305:2:305001:645,656.6074614524841,48268,1,8.594164151698351,8.595228355377913
cache_aware,codex220:20:220019:646,656.9842655658722,81035,1,3.9647105149924755,3.965197667479515
cache_aware,codex73:20:73019:647,657.7467396259308,66572,1,4.3407658860087395,4.341165080666542
cache_aware,codex405:6:405005:648,657.8502702713013,32366,1,3.893324736505747,3.893699798732996
cache_aware,codex234:15:234014:644,659.6796205043793,59833,1,10.041764255613089,10.042126584798098
cache_aware,codex213:22:213021:620,659.8623814582825,59149,1,4.521436452865601,4.5218020379543304
cache_aware,codex88:7:88006:639,660.1491928100586,85868,1,9.578239366412163,9.578719653189182
cache_aware,codex509:32:509031:651,660.4581642150879,96219,1,4.75088457390666,4.7513932548463345
cache_aware,codex421:9:421008:629,660.6418194770813,54071,1,11.23098349571228,11.237561415880919
cache_aware,codex548:16:548015:636,660.9385530948639,86601,1,10.940169751644135,10.94143246486783
cache_aware,codex116:17:116016:649,661.2714433670044,94207,1,11.108322229236364,11.108832407742739
cache_aware,codex110:25:110024:635,661.723963022232,130593,1,13.652144134044647,13.652804672718048
cache_aware,codex315:32:315031:652,662.0779457092285,92877,1,1.6127277947962284,1.613258358091116
cache_aware,codex308:12:308011:653,663.6629858016968,110647,1,0.9309278577566147,0.9315236322581768
cache_aware,codex220:21:220020:655,664.1611964702606,81185,1,0.8136655911803246,0.8141443319618702
cache_aware,codex192:19:192018:656,664.3754620552063,63277,1,0.7302591800689697,0.7307794615626335
cache_aware,codex213:23:213022:640,664.5826318264008,59761,1,10.584174416959286,10.584557231515646
cache_aware,codex443:1:443000:658,665.5139906406403,13954,1,1.31982059776783,1.3200816735625267
cache_aware,codex405:7:405006:659,666.8151581287384,36034,1,3.5917323864996433,3.5919943787157536
cache_aware,codex453:7:453006:660,667.0829825401306,55206,1,3.3283910043537617,3.328723154962063
cache_aware,codex509:33:509032:661,668.0102233886719,96998,1,1.7227159813046455,1.7232224270701408
cache_aware,codex220:22:220021:664,669.7108023166656,81706,1,0.9081598371267319,0.9086285755038261
cache_aware,codex88:8:88007:654,670.0384256839752,87070,1,8.040709637105465,8.041507598012686
cache_aware,codex234:16:234015:665,670.2525544166565,64237,1,8.221825949847698,8.222249187529087
cache_aware,codex603:4:603003:666,670.4018437862396,46424,1,1.9722789451479912,1.972577277570963
cache_aware,codex421:10:421009:633,672.0668313503265,55248,1,8.044518753886223,8.051035147160292
cache_aware,codex548:17:548016:642,672.3642544746399,87688,1,7.753015361726284,7.754173703491688
cache_aware,codex116:18:116017:657,672.7118196487427,97506,1,7.809318024665117,7.809852629899979
cache_aware,codex192:20:192019:670,673.5880341529846,65622,1,1.779863279312849,1.7802534215152264
cache_aware,codex315:33:315032:672,674.4083344936371,93620,1,2.5038680881261826,2.5043898075819016
cache_aware,codex220:23:220022:673,674.6939418315887,82149,1,1.284015417098999,1.284484937787056
cache_aware,codex443:2:443001:674,674.7492637634277,16212,1,2.187853343784809,2.1879850700497627
cache_aware,codex278:7:278006:675,675.0236358642578,81070,1,8.324348863214254,8.325105261057615
cache_aware,codex405:8:405007:676,675.1587445735931,37689,1,1.776849839836359,1.7773633003234863
cache_aware,codex213:24:213023:662,675.3588662147522,59963,1,7.9944470301270485,7.994795251637697
cache_aware,codex509:34:509033:677,675.966445684433,97212,1,0.8539707250893116,0.8546172045171261
cache_aware,codex166:22:166021:678,677.3731081485748,99435,1,1.7040241621434689,1.7045540325343609
cache_aware,codex88:9:88008:668,678.4042370319366,90774,1,6.637900415807962,6.638736631721258
cache_aware,codex443:3:443002:680,678.4685804843903,18570,1,0.6020334102213383,0.6022126860916615
cache_aware,codex234:17:234016:679,678.692863702774,66211,1,6.705040529370308,6.705420136451721
cache_aware,codex308:13:308012:681,679.0613794326782,110855,1,0.9677785187959671,0.9683849066495895
cache_aware,codex421:11:421010:650,680.3330862522125,56728,1,8.285936947911978,8.286271158605814
cache_aware,codex453:8:453007:683,680.5099167823792,55387,1,0.5091430582106113,0.509504958987236
cache_aware,codex116:19:116018:671,680.851610660553,98952,1,7.962952729314566,7.963520500808954
cache_aware,codex355:1:355000:684,680.9039344787598,13443,1,1.2532819211483002,1.2535256929695606
cache_aware,codex315:34:315033:686,681.9111869335175,94102,1,1.143653828650713,1.1441667787730694
cache_aware,codex405:9:405008:687,682.036872625351,38136,1,0.964338518679142,0.9647197239100933
cache_aware,codex509:35:509034:688,682.610946893692,97549,1,1.2637175470590591,1.2642440870404243
cache_aware,codex603:5:603004:689,682.8035142421722,57187,1,4.866042509675026,4.867960777133703
cache_aware,codex213:25:213024:669,683.6384694576263,78231,1,17.451360277831554,17.4517914801836
cache_aware,codex308:14:308013:690,684.8795189857483,111539,1,2.799529992043972,2.8002421148121357
cache_aware,codex88:10:88009:685,685.3874225616455,100344,1,20.19059270992875,20.191636938601732
cache_aware,codex192:21:192020:691,685.672797203064,66102,1,1.6877780556678772,1.6881733946502209
cache_aware,codex234:18:234017:692,685.9021625518799,69571,1,20.025685496628284,20.026073947548866
cache_aware,codex509:36:509035:693,686.7876784801483,97723,1,3.2531229071319103,3.2536356411874294
cache_aware,codex305:3:305002:694,686.9600524902344,52310,1,3.074343681335449,3.0746679082512856
cache_aware,codex443:4:443003:695,687.0337955951691,22883,1,1.5800083801150322,1.5801996663212776
cache_aware,codex220:24:220023:696,687.3511340618134,82321,1,0.5998752303421497,0.6003302074968815
cache_aware,codex166:23:166022:698,688.324803352356,100376,1,1.8430987782776356,1.8436400592327118
cache_aware,codex192:22:192021:699,688.5570962429047,70774,1,3.806765615940094,3.807278525084257
cache_aware,codex355:2:355001:700,688.6106023788452,15996,1,1.495904989540577,1.4962695986032486
cache_aware,codex421:12:421011:663,688.8044469356537,56993,1,17.119348347187042,17.119700480252504
cache_aware,codex116:20:116019:682,689.1573386192322,100008,1,17.409572154283524,17.410085402429104
cache_aware,codex308:15:308014:701,689.7359263896942,112187,1,1.4692305251955986,1.4698316864669323
cache_aware,codex548:18:548017:702,690.0252091884613,87849,1,16.530912782996893,16.531405445188284
cache_aware,codex405:10:405009:703,690.5776281356812,39754,1,1.8184026591479778,1.818648561835289
cache_aware,codex443:5:443004:704,690.6601278781891,25483,1,1.7327434606850147,1.73320047929883
cache_aware,codex509:37:509036:705,693.0499346256256,102671,1,3.8711391277611256,3.87177961319685
cache_aware,codex453:9:453008:707,695.5326294898987,66248,1,5.552435923367739,5.552811246365309
cache_aware,codex603:6:603005:708,695.73291182518,64865,1,4.043937340378761,4.044347833842039
cache_aware,codex308:16:308015:709,696.2464737892151,112833,1,3.593551993370056,3.594137206673622
cache_aware,codex443:6:443005:710,696.3337905406952,26193,1,4.746533393859863,4.74672769382596
cache_aware,codex278:8:278007:712,697.2555902004242,86989,1,9.305501576513052,9.30596686527133
cache_aware,codex121:1:121000:713,697.4126017093658,13242,1,1.2228456921875477,1.2231162935495377
cache_aware,codex166:24:166023:715,701.071540594101,101167,1,1.3270227313041687,1.32764832675457
cache_aware,codex121:2:121001:716,702.3212606906891,38908,1,5.3611188270151615,5.361475020647049
cache_aware,codex355:3:355002:717,702.9451591968536,18287,1,0.5355364643037319,0.5357055366039276
cache_aware,codex453:10:453009:719,705.1757776737213,69592,1,2.472519215196371,2.472974192351103
cache_aware,codex443:7:443006:720,705.4843580722809,28143,1,2.7458599023520947,2.7460740134119987
cache_aware,codex88:11:88010:718,705.9116213321686,102013,1,2.6305395290255547,2.631099160760641
cache_aware,codex421:13:421012:667,706.106112241745,57447,1,5.208134859800339,5.20847699791193
cache_aware,codex234:19:234018:714,706.3236906528473,70264,1,5.1900594830513,5.190443564206362
cache_aware,codex192:23:192022:722,706.546355009079,71700,1,1.7252479679882526,1.7256670072674751
cache_aware,codex548:19:548018:706,706.8558487892151,91533,1,4.664028916507959,4.664522763341665
cache_aware,codex116:21:116020:697,707.2206153869629,100282,1,4.306228030472994,4.306767176836729
cache_aware,codex121:3:121002:723,709.5384528636932,43979,1,4.0825259275734425,4.082862246781588
cache_aware,codex192:24:192023:724,710.4991381168365,72639,1,1.0085086859762669,1.0089387223124504
cache_aware,codex305:4:305003:726,710.8073863983154,58398,1,3.009372442960739,3.0097553618252277
cache_aware,codex88:12:88011:727,711.302321434021,105642,1,5.021898631006479,5.02246405929327
cache_aware,codex421:14:421013:721,711.4962968826294,58124,1,5.158150192350149,5.1596833653748035
cache_aware,codex116:22:116021:711,711.8569645881653,102294,1,4.804548427462578,4.805097937583923
cache_aware,codex506:29:506028:728,712.7859239578247,104777,1,1.3227004297077656,1.3232784122228622
cache_aware,codex603:7:603006:729,713.4594254493713,65654,1,0.7446980625391006,0.7450759783387184
cache_aware,codex121:4:121003:730,713.8087584972382,55132,1,5.054752044379711,5.055112261325121
cache_aware,codex213:26:213025:731,715.7711079120636,78515,1,1.097623910754919,1.0980656296014786
cache_aware,codex506:30:506029:732,716.3105714321136,105815,1,2.734918288886547,2.7354666516184807
cache_aware,codex421:15:421014:725,716.8589181900024,58413,1,0.537124402821064,0.5374956764280796
cache_aware,codex315:35:315034:733,717.3053650856018,94631,1,1.7338824048638344,1.734420258551836
cache_aware,codex110:26:110025:734,717.8563215732574,132991,1,5.360000375658274,5.360797259956598
cache_aware,codex453:11:453010:735,718.0947549343109,72408,1,2.9317765198647976,2.9322251938283443
cache_aware,codex88:13:88012:736,718.446161031723,108359,1,5.525943037122488,5.526517067104578
cache_aware,codex308:17:308016:737,718.8536772727966,115531,1,3.4437580928206444,3.444395322352648
cache_aware,codex443:8:443007:738,718.9672358036041,31486,1,2.073438808321953,2.0737345032393932
cache_aware,codex355:4:355003:739,719.0299956798553,19148,1,0.38056008145213127,0.38074561953544617
cache_aware,codex220:25:220024:740,720.6794476509094,82502,1,1.6744339130818844,1.6748797930777073
cache_aware,codex422:29:422028:741,720.8395943641663,51055,1,1.5081728771328926,1.5087793804705143
cache_aware,codex278:9:278008:742,722.1622025966644,87704,1,1.837158564478159,1.837634276598692
cache_aware,codex291:1:291000:743,722.6101861000061,13540,1,1.5257994383573532,1.5290774665772915
cache_aware,codex405:11:405010:744,722.831823348999,40086,1,1.3072136156260967,1.3080653510987759
cache_aware,codex192:25:192024:745,723.9604542255402,73482,1,1.0798288583755493,1.0802729316055775
cache_aware,codex121:5:121004:746,724.7316522598267,55514,1,0.6278877854347229,0.6282225176692009
cache_aware,codex422:30:422029:747,726.2740280628204,51501,1,0.7917664721608162,0.7922639548778534
cache_aware,codex305:5:305004:748,726.4763422012329,62841,1,2.849451217800379,2.849953815340996
cache_aware,codex405:12:405011:749,726.6357941627502,42232,1,0.9347170107066631,0.9351223222911358
cache_aware,codex220:26:220025:750,727.0440955162048,82916,1,1.3450767993927002,1.3455654233694077
cache_aware,codex121:6:121005:751,727.2639961242676,57005,1,2.090967793017626,2.091308306902647
cache_aware,codex110:27:110026:752,728.1086328029633,133503,1,1.9956183210015297,1.9963294453918934
cache_aware,codex355:5:355004:753,728.1775960922241,19529,1,0.7943651154637337,0.7945405654609203
cache_aware,codex603:8:603007:754,728.3791356086731,67103,1,1.2508260495960712,1.251205462962389
cache_aware,codex506:31:506030:755,728.9435832500458,106469,1,1.6394578032195568,1.64006357640028
cache_aware,codex453:12:453011:756,730.0905916690826,81153,1,7.438916780054569,7.43941031396389
cache_aware,codex308:18:308017:757,730.569139957428,116841,1,2.2522885277867317,2.253002632409334
cache_aware,codex88:14:88013:758,730.9718909263611,116479,1,7.886626981198788,7.887266207486391
cache_aware,codex355:6:355005:759,731.042515039444,20242,1,1.7707053273916245,1.770874734967947
cache_aware,codex291:2:291001:760,731.8043293952942,29473,1,7.6561774127185345,7.656385652720928
cache_aware,codex121:7:121006:761,732.807596206665,58654,1,1.2316150330007076,1.2319863922894
cache_aware,codex355:7:355006:762,733.5438830852509,20814,1,0.29924290254712105,0.29941773787140846
cache_aware,codex192:26:192025:763,734.4710857868195,76592,1,5.161358866840601,5.161805402487516
cache_aware,codex116:23:116022:764,735.218513250351,104587,1,4.426402360200882,4.426947984844446
cache_aware,codex213:27:213026:765,737.248685836792,79042,1,2.3896136805415154,2.3900462202727795
cache_aware,codex220:27:220026:766,738.1713271141052,83787,1,2.2385253310203552,2.2389961928129196
cache_aware,codex603:9:603008:767,738.3990550041199,67778,1,2.0055837891995907,2.0059919469058514
cache_aware,codex315:36:315035:769,739.4525549411774,95119,1,2.777720883488655,2.7783115059137344
cache_aware,codex291:3:291002:768,739.5774102210999,37246,1,2.6691012158989906,2.6694289967417717
cache_aware,codex129:1:129000:770,739.626083612442,13392,1,2.477881234139204,2.478084657341242
cache_aware,codex166:25:166024:771,740.1112823486328,102388,1,1.9333461038768291,1.9339248016476631
cache_aware,codex278:10:278009:772,740.3941950798035,89368,1,3.4953108951449394,3.4959347397089005
cache_aware,codex121:8:121007:773,741.5203101634979,60481,1,1.042519249022007,1.0428821556270123
cache_aware,codex234:20:234019:774,741.7827246189117,73486,1,2.142100039869547,2.1425070837140083
cache_aware,codex192:27:192026:775,744.2592616081238,89711,1,11.495968542993069,11.497226402163506
cache_aware,codex443:9:443008:776,744.3643796443939,32552,1,4.97032618522644,4.9705660790205
cache_aware,codex110:28:110027:777,745.1073944568634,134009,1,4.247271679341793,4.2479440830647945
cache_aware,codex213:28:213027:778,745.3771657943726,79993,1,3.963691234588623,3.964135430753231
cache_aware,codex355:8:355007:779,745.4475088119507,21090,1,0.2999594323337078,0.3002621792256832
cache_aware,codex278:11:278010:780,746.2402460575104,90883,1,3.1064350195229053,3.106970865279436
cache_aware,codex506:32:506031:781,747.9188137054443,107296,1,7.849084049463272,7.850104372948408
cache_aware,codex422:31:422030:782,748.0830223560333,51661,1,0.7711344100534916,0.7714673057198524
cache_aware,codex220:28:220027:783,748.6498348712921,85496,1,1.6048101894557476,1.6053015105426311
cache_aware,codex121:9:121008:784,748.8462843894958,62653,1,1.3282551318407059,1.3286537751555443
cache_aware,codex88:15:88014:785,749.3234038352966,118159,1,1.9023975469172,1.9030182845890522
cache_aware,codex116:24:116023:786,751.1820483207703,104945,1,1.831304781138897,1.831857830286026
cache_aware,codex453:13:453012:787,751.5501110553741,85744,1,4.298655912280083,4.299438312649727
cache_aware,codex129:2:129001:788,751.611419916153,17430,1,1.3949686288833618,1.3951285555958748
cache_aware,codex315:37:315036:789,751.974237203598,95404,1,3.881744936108589,3.8822506070137024
cache_aware,codex421:16:421015:790,752.7343938350677,59397,1,0.9426991492509842,0.943087600171566
cache_aware,codex603:10:603009:791,753.0000190734863,72160,1,3.5729390010237694,3.573594145476818
cache_aware,codex220:29:220028:792,753.3318734169006,85913,1,3.3159067258238792,3.316863913089037
cache_aware,codex422:32:422031:793,754.3860795497894,51810,1,2.2680463939905167,2.268353220075369
cache_aware,codex129:3:129002:794,754.4572465419769,21028,1,0.7563344351947308,0.7566079944372177
cache_aware,codex359:1:359000:795,755.1073997020721,13395,1,1.2598477751016617,1.2600551694631577
cache_aware,codex355:9:355008:796,755.2081892490387,23127,1,1.4427302367985249,1.4428941048681736
cache_aware,codex509:38:509037:797,756.3569576740265,102837,1,1.137846015393734,1.138405229896307
cache_aware,codex110:29:110028:798,757.480409860611,137657,1,8.793149586766958,8.794391453266144
cache_aware,codex116:25:116024:799,758.0463919639587,110370,1,8.213401537388563,8.214441783726215
cache_aware,codex367:10:367009:800,758.5654754638672,37372,1,0.4722144715487957,0.4724902957677841
cache_aware,codex421:17:421016:801,758.79798412323,59780,1,7.240661855787039,7.241027995944023
cache_aware,codex506:33:506032:802,760.1638362407684,108443,1,1.8876719810068607,1.8882611282169819
cache_aware,codex315:38:315037:804,762.038215637207,95945,1,1.0676977075636387,1.0682546310126781
cache_aware,codex121:10:121009:805,762.2684876918793,63915,1,0.994888573884964,0.9952615536749363
cache_aware,codex422:33:422032:806,762.643919467926,53394,1,1.1073687635362148,1.10769484937191
cache_aware,codex506:34:506033:807,763.7412300109863,112592,1,3.6382902711629868,3.6389153823256493
cache_aware,codex359:2:359001:808,764.4711756706238,22881,1,1.7777065709233284,1.7779923342168331
cache_aware,codex220:30:220029:810,765.2308592796326,86243,1,1.015096090734005,1.0155864246189594
cache_aware,codex278:12:278011:812,766.0264136791229,91088,1,2.323542606085539,2.324073299765587
cache_aware,codex421:18:421017:803,766.2365465164185,61066,1,1.895100150257349,1.8954720422625542
cache_aware,codex110:30:110029:811,766.737645149231,142985,1,6.856165673583746,6.856996770948172
cache_aware,codex308:19:308018:813,767.1147644519806,117624,1,3.995866894721985,3.996524788439274
cache_aware,codex305:6:305005:814,767.7103865146637,83028,1,13.3253117762506,13.330546438694
cache_aware,codex603:11:603010:815,767.9829943180084,76441,1,3.2434846684336662,3.2439114786684513
cache_aware,codex443:10:443009:816,768.1244513988495,37755,1,2.500883799046278,2.501317299902439
cache_aware,codex421:19:421018:809,768.3401098251343,63573,1,7.265495799481869,7.265904050320387
cache_aware,codex192:28:192027:817,768.9975957870483,90728,1,1.6775686740875244,1.6780642122030258
cache_aware,codex422:34:422033:818,769.9565989971161,53574,1,1.2946661449968815,1.2949740067124367
cache_aware,codex525:1:525000:819,771.0807254314423,13473,1,1.7167047150433064,1.71684705093503
cache_aware,codex116:26:116025:820,772.1312234401703,111321,1,4.607458870857954,4.620541285723448
cache_aware,codex315:39:315038:821,772.4529356956482,96141,1,1.1763090714812279,1.1768159791827202
cache_aware,codex129:4:129003:822,772.5884852409363,33118,1,6.593617606908083,6.593974694609642
cache_aware,codex121:11:121010:823,772.7924542427063,64140,1,8.247596893459558,8.248937021940947
cache_aware,codex509:39:509038:824,773.1501796245575,105173,1,7.898029748350382,7.898680701851845
cache_aware,codex308:20:308019:826,775.0094902515411,124873,1,6.509011432528496,6.5096681118011475
cache_aware,codex291:4:291003:827,775.1629815101624,44742,1,4.138175543397665,4.138465024530888
cache_aware,codex506:35:506034:828,775.5341100692749,114173,1,5.4498596750199795,5.450454778969288
cache_aware,codex421:20:421019:825,775.8648669719696,69307,1,4.703234437853098,4.7036365158855915
cache_aware,codex116:27:116026:829,777.7191233634949,112127,1,2.8564979657530785,2.8570791482925415
cache_aware,codex359:3:359002:830,778.0565676689148,28645,1,2.9988149888813496,2.9990194402635098
cache_aware,codex192:29:192028:831,778.5697071552277,91976,1,5.192057088017464,5.192917667329311
cache_aware,codex525:2:525001:832,778.9345266819,18720,1,5.231681298464537,5.231837123632431
cache_aware,codex355:10:355009:833,779.2958176136017,24392,1,2.2296115793287754,2.229781899601221
cache_aware,codex405:13:405012:834,779.6818084716797,49310,1,4.611554238945246,4.613011170178652
cache_aware,codex453:14:453013:835,780.5510895252228,86427,1,3.7486856654286385,3.7495801150798798
cache_aware,codex110:31:110030:836,782.0025858879089,143769,1,2.1768530569970608,2.1775706447660923
cache_aware,codex443:11:443010:837,782.1367907524109,39207,1,2.1822460368275642,2.1825795881450176
cache_aware,codex422:35:422034:838,783.5677719116211,53781,1,0.6027227640151978,0.6030514314770699
cache_aware,codex506:36:506035:839,784.1570072174072,114568,1,1.8600000776350498,1.8606290630996227
cache_aware,codex525:3:525002:840,784.4942440986633,22056,1,1.5154476501047611,1.5156337581574917
cache_aware,codex359:4:359003:841,784.6181132793427,32164,1,1.1226611398160458,1.122900702059269
cache_aware,codex220:31:220030:842,785.1486971378326,86568,1,1.955110039561987,1.9555863253772259
cache_aware,codex355:11:355010:843,785.2374849319458,26064,1,1.0794500149786472,1.0797472931444645
cache_aware,codex278:13:278012:844,785.7325091362,91380,1,0.8401185944676399,0.8406154401600361
cache_aware,codex422:36:422035:845,786.0039989948273,54134,1,1.0944088101387024,1.0947399213910103
cache_aware,codex308:21:308020:846,787.0865151882172,127671,1,3.696635264903307,3.697350274771452
cache_aware,codex509:40:509039:847,787.9532887935638,105645,1,1.3527450002729893,1.3533324636518955
cache_aware,codex421:21:421020:848,788.1759667396545,71225,1,1.4812914617359638,1.4817156940698624
cache_aware,codex443:12:443011:849,788.4532263278961,47998,1,3.577803783118725,3.578294139355421
cache_aware,codex603:12:603011:850,788.8019497394562,76920,1,2.006994117051363,2.007410805672407
cache_aware,codex359:5:359004:851,789.6211173534393,34111,1,0.791455440223217,0.791704636067152
cache_aware,codex129:5:129004:852,790.1261415481567,40811,1,2.2806595601141453,2.280946720391512
cache_aware,codex110:32:110031:853,791.8345830440521,144269,1,2.194806829094887,2.196109116077423
cache_aware,codex291:5:291004:854,792.021674156189,52285,1,4.695189077407122,4.695512298494577
cache_aware,codex121:12:121011:855,792.9442012310028,64282,1,0.5767068043351173,0.5771014615893364
cache_aware,codex192:30:192029:856,793.4000110626221,96912,1,8.995353523641825,8.995868042111397
cache_aware,codex525:4:525003:857,793.5138485431671,33423,1,8.873971603810787,8.874210558831692
cache_aware,codex220:32:220031:858,794.0068633556366,89769,1,2.7161511592566967,2.7166399396955967
cache_aware,codex278:14:278013:859,794.5594010353088,91579,1,1.0167514458298683,1.0172596015036106
cache_aware,codex506:37:506036:860,795.5632405281067,116525,1,6.839891582727432,6.8404670767486095
cache_aware,codex415:1:415000:861,796.1123170852661,13003,1,1.7643237002193928,1.764569465070963
cache_aware,codex422:37:422036:862,796.421355009079,54273,1,0.6756154410541058,0.6759480983018875
cache_aware,codex129:6:129005:863,796.5989675521851,42057,1,1.304141953587532,1.3044913671910763
cache_aware,codex359:6:359005:864,796.7106161117554,35567,1,0.675902783870697,0.6762705445289612
cache_aware,codex116:28:116027:865,798.3497264385223,113026,1,1.4298810884356499,1.4304945282638073
cache_aware,codex305:7:305006:866,799.03191447258,120010,1,25.489409390836954,25.490496952086687
cache_aware,codex308:22:308021:867,799.5225238800049,128183,1,1.1355689018964767,1.1362641751766205
cache_aware,codex421:22:421021:868,800.5681359767914,71706,1,0.8135748542845249,0.8139876499772072
cache_aware,codex220:33:220032:869,801.9545052051544,89907,1,1.5991391986608505,1.599656742066145
cache_aware,codex453:15:453014:870,802.267736196518,93907,1,6.314157642424107,6.314650326967239
cache_aware,codex359:7:359006:871,802.3835446834564,36962,1,21.97005546092987,21.970322709530592
cache_aware,codex509:41:509040:872,802.7672748565674,106105,1,21.74243250116706,21.743455041199923
cache_aware,codex166:26:166025:873,803.2488739490509,102848,1,1.3049524053931236,1.3055353201925755
cache_aware,codex443:13:443012:874,803.41388630867,51609,1,5.161511406302452,5.1618542186915874
cache_aware,codex129:7:129006:875,803.5449838638306,42218,1,1.0016831755638123,1.001961775124073
cache_aware,codex110:33:110032:876,804.3335404396057,144582,1,1.7186990305781364,1.7194602005183697
cache_aware,codex422:38:422037:877,804.5398364067078,54467,1,0.8823750354349613,0.8827083930373192
cache_aware,codex603:13:603012:878,805.4135575294495,77608,1,1.2516877837479115,1.2521355375647545
cache_aware,codex278:15:278014:879,805.7685632705688,91781,1,0.9024624526500702,0.9029458649456501
cache_aware,codex88:16:88015:880,806.652370929718,119720,1,1.9372485391795635,1.9378593489527702
cache_aware,codex116:29:116028:881,808.5645904541016,113412,1,1.2152933031320572,1.2159067206084728
cache_aware,codex525:5:525004:882,809.0192844867706,37566,1,1.2769558317959309,1.2772104032337666
cache_aware,codex88:17:88016:883,810.7589101791382,120979,1,1.7299373298883438,1.730581358075142
cache_aware,codex405:14:405013:885,811.7166049480438,52787,1,1.6958316266536713,1.6961820982396603
cache_aware,codex422:39:422038:886,811.8898310661316,54723,1,0.4897354356944561,0.49009593576192856
cache_aware,codex139:1:139000:887,812.2187430858612,13365,1,1.8601767979562283,1.8603071235120296
cache_aware,codex421:23:421022:888,813.1821987628937,72277,1,1.4730388335883617,1.473466169089079
cache_aware,codex129:8:129007:889,813.3328602313995,43602,1,1.2820399925112724,1.2824719958007336
cache_aware,codex453:16:453015:890,813.748425245285,94504,1,1.3578948639333248,1.3584219254553318
cache_aware,codex220:34:220033:891,814.0726211071014,94841,1,9.229067772626877,9.22958255559206
cache_aware,codex166:27:166026:892,816.1092636585236,116776,1,11.67091378942132,11.672502599656582
cache_aware,codex415:2:415001:893,816.1963839530945,23995,1,3.5397530794143677,3.5400720983743668
cache_aware,codex291:6:291005:895,816.3856551647186,59098,1,6.905125197023153,6.90547838807106
cache_aware,codex603:14:603013:896,816.8401527404785,78300,1,10.950360894203186,10.950804259628057
cache_aware,codex506:38:506037:897,817.3610889911652,121705,1,6.506033077836037,6.506666295230389
cache_aware,codex278:16:278015:898,817.7033679485321,93851,1,4.345601227134466,4.34613136947155
cache_aware,codex139:2:139001:899,817.8246488571167,34905,1,4.302356373518705,4.302589111030102
cache_aware,codex129:9:129008:900,818.5424072742462,50699,1,4.316966064274311,4.317473221570253
cache_aware,codex110:34:110033:901,819.302553653717,144724,1,4.010184094309807,4.010886937379837
cache_aware,codex422:40:422039:902,819.5009701251984,54915,1,8.447828385978937,8.448165614157915
cache_aware,codex405:15:405014:903,820.809023141861,53128,1,3.050349835306406,3.050699308514595
cache_aware,codex421:24:421023:905,821.4806880950928,72879,1,1.815174002200365,1.8155774772167206
cache_aware,codex116:30:116029:906,823.2777245044708,113614,1,1.638175044208765,1.6387607604265213
cache_aware,codex278:17:278016:907,823.669605255127,94254,1,1.2392114512622356,1.2397168725728989
cache_aware,codex443:14:443013:908,823.8508424758911,53254,1,1.0516683980822563,1.052005335688591
cache_aware,codex88:18:88017:909,824.3421292304993,121486,1,1.2995554618537426,1.3002374023199081
cache_aware,codex359:8:359007:884,824.495005607605,40918,1,3.29827019572258,3.2985213547945023
cache_aware,codex509:42:509041:904,824.8897490501404,108512,1,3.2045592702925205,3.20515975356102
cache_aware,codex415:3:415002:910,825.4862298965454,31464,1,1.785851240158081,1.7861057706177235
cache_aware,codex359:9:359008:894,827.9429132938385,41753,1,0.6840765476226807,0.684358075261116
cache_aware,codex139:3:139002:912,828.0844938755035,42210,1,2.286974459886551,2.287253003567457
cache_aware,codex241:1:241000:913,828.4928891658783,13806,1,1.2888544648885727,1.2889863811433315
cache_aware,codex359:10:359009:911,828.7697126865387,42626,1,0.6190453879535198,0.6193324811756611
cache_aware,codex121:13:121012:914,829.3220221996307,64477,1,0.5794839337468147,0.5798628069460392
cache_aware,codex88:19:88018:915,830.3614113330841,121634,1,1.0444498881697655,1.0450950488448143
cache_aware,codex506:39:506038:916,830.9131500720978,122486,1,2.148966860026121,2.149825021624565
cache_aware,codex405:16:405015:917,831.0863161087036,53328,1,0.48673902079463005,0.4870636761188507
cache_aware,codex525:6:525005:918,831.7460007667542,38116,1,1.3437552750110626,1.344012662768364
cache_aware,codex129:10:129009:919,832.9755370616913,53898,1,1.8930738121271133,1.893683485686779
cache_aware,codex121:14:121013:920,834.2654211521149,64569,1,0.6229500882327557,0.6233278810977936
cache_aware,codex278:18:278017:921,834.7020280361176,94468,1,0.8171820864081383,0.817712314426899
cache_aware,codex139:4:139003:922,834.860237121582,47567,1,1.9194955080747604,1.9199784360826015
cache_aware,codex443:15:443014:923,835.1574409008026,53933,1,0.735572874546051,0.735922385007143
cache_aware,codex359:11:359010:924,835.7274031639099,44533,1,0.9653309285640717,0.9656240902841091
cache_aware,codex129:11:129010:925,836.6856701374054,55724,1,1.3220691531896591,1.3224122002720833
cache_aware,codex509:43:509042:926,837.9939961433411,108769,1,1.1441813111305237,1.1447969265282154
cache_aware,codex421:25:421024:927,838.5196528434753,77016,1,2.6568446196615696,2.657289620488882
cache_aware,codex241:2:241001:928,838.5753555297852,15900,1,0.4552081450819969,0.45538007467985153
cache_aware,codex291:7:291006:929,839.3952896595001,60642,1,1.1412567421793938,1.1416442804038525
cache_aware,codex308:23:308022:930,841.1640343666077,128344,1,1.3298860862851143,1.330566093325615
cache_aware,codex506:40:506039:931,843.8068323135376,124542,1,4.231321305036545,4.232076041400433
cache_aware,codex291:8:291007:932,844.0275478363037,63982,1,3.943919338285923,3.9444069862365723
cache_aware,codex603:15:603014:933,845.2991647720337,78928,1,0.8873954899609089,0.8878909759223461
cache_aware,codex278:19:278018:934,845.6546008586884,94632,1,1.2713839001953602,1.271909013390541
cache_aware,codex421:26:421025:935,846.4962995052338,79898,1,6.424199689179659,6.424667704850435
cache_aware,codex234:21:234020:936,846.7699673175812,79915,1,8.684390254318714,8.684987470507622
cache_aware,codex359:12:359011:937,846.9167201519012,45144,1,0.6692026667296886,0.6695150434970856
cache_aware,codex129:12:129011:938,847.4276585578918,63261,1,8.332435447722673,8.332824777811766
cache_aware,codex308:24:308023:939,848.6404514312744,128498,1,1.6179379187524319,1.6187324300408363
cache_aware,codex139:5:139004:940,848.8142166137695,50678,1,1.6187814995646477,1.6190918646752834
cache_aware,codex603:16:603015:941,849.0814347267151,79149,1,1.2124117128551006,1.2128369733691216
cache_aware,codex359:13:359012:942,850.0981528759003,49965,1,2.703509781509638,2.7038460969924927
cache_aware,codex506:41:506040:943,851.7793688774109,125231,1,2.4656652323901653,2.466307871043682
cache_aware,codex509:44:509043:944,852.2441902160645,108914,1,1.9927075766026974,1.993320632725954
cache_aware,codex443:16:443015:945,852.4252552986145,54470,1,1.8015808388590813,1.8019045181572437
cache_aware,codex405:17:405016:946,852.5924954414368,53785,1,1.6375544480979443,1.6378627754747868
cache_aware,codex121:15:121014:947,852.7946529388428,65258,1,1.427242498844862,1.4276624731719494
cache_aware,codex308:25:308024:948,853.8873889446259,128619,1,2.470142588019371,2.470802679657936
cache_aware,codex422:41:422040:949,854.0764465332031,55093,1,2.2684641256928444,2.27155052870512
cache_aware,codex241:3:241002:950,854.1674506664276,27170,1,2.195109624415636,2.1953933872282505
cache_aware,codex40:1:40000:951,854.2140808105469,13459,1,2.126144118607044,2.134555619210005
cache_aware,codex110:35:110034:952,855.3717474937439,146863,1,5.576031189411879,5.576784819364548
cache_aware,codex234:22:234021:953,855.7504167556763,82270,1,5.183195650577545,5.183676932007074
cache_aware,codex291:9:291008:954,857.3545966148376,72387,1,10.729243192821741,10.730403281748295
cache_aware,codex443:17:443016:955,857.5418334007263,60205,1,6.034912444651127,6.035447861999273
cache_aware,codex603:17:603016:956,857.8215231895447,79563,1,1.1620913818478584,1.1625850535929203
cache_aware,codex421:27:421026:957,858.1008350849152,81077,1,2.8375125750899315,2.8379706516861916
cache_aware,codex422:42:422041:958,859.4142796993256,55369,1,0.5778802894055843,0.5782353393733501
cache_aware,codex139:6:139005:959,859.9648771286011,56911,1,2.5453073047101498,2.5456588976085186
cache_aware,codex506:42:506041:960,860.6228349208832,128416,1,7.470539137721062,7.471203073859215
cache_aware,codex121:16:121015:961,860.8360123634338,65543,1,0.688968475908041,0.689350850880146
cache_aware,codex355:12:355011:962,860.9246599674225,27205,1,0.48801176249980927,0.48821796104311943
cache_aware,codex509:45:509044:963,863.0144164562225,109122,1,1.0226608999073505,1.0232623629271984
cache_aware,codex40:2:40001:964,863.0741453170776,17142,1,1.0707620941102505,1.0709175504744053
cache_aware,codex116:31:116030:965,863.4496018886566,115540,1,2.1551061421632767,2.155736919492483
cache_aware,codex241:4:241003:966,864.7172884941101,30914,1,4.019089944660664,4.01930770277977
cache_aware,codex234:23:234022:967,865.8935160636902,82606,1,0.8066290058195591,0.8070969171822071
cache_aware,codex525:7:525006:968,866.2738254070282,38729,1,2.465533573180437,2.4657854326069355
cache_aware,codex603:18:603017:969,866.689293384552,81465,1,2.055725798010826,2.0561825335025787
cache_aware,codex506:43:506042:970,868.5338578224182,131278,1,3.64274512976408,3.8495780788362026
cache_aware,codex443:18:443017:971,868.7301504611969,60607,1,3.384838718920946,3.3852300718426704
cache_aware,codex116:32:116031:972,869.7821011543274,117216,1,2.9016442634165287,2.902263205498457
cache_aware,codex251:1:251000:973,869.8333764076233,13343,1,2.838970545679331,2.8426250740885735
cache_aware,codex241:5:241004:974,872.0945625305176,35394,1,2.057007174938917,2.0572396591305733
cache_aware,codex443:19:443018:975,872.3792655467987,61710,1,1.809674546122551,1.810046624392271
cache_aware,codex603:19:603018:976,873.2680490016937,81645,1,0.8801192082464695,0.8806220963597298
cache_aware,codex234:24:234023:977,873.547913312912,83422,1,1.4037700034677982,1.404239997267723
cache_aware,codex40:3:40002:978,873.6420636177063,27369,1,2.4009973257780075,2.4012020602822304
cache_aware,codex116:33:116032:979,874.7270600795746,118735,1,2.8490588925778866,2.8498304821550846
cache_aware,codex121:17:121016:980,874.9417536258698,65646,1,0.6339406371116638,0.6343418657779694
cache_aware,codex251:2:251001:981,875.278026342392,16537,1,2.6624093018472195,2.6626487113535404
cache_aware,codex278:20:278019:982,876.8033757209778,94789,1,1.1951142139732838,1.19563340395689
cache_aware,codex139:7:139006:983,876.9960985183716,60021,1,1.6985494866967201,1.698909405618906
cache_aware,codex355:13:355012:984,878.180764913559,27664,1,0.3632284961640835,0.3634328134357929
cache_aware,codex415:4:415003:985,879.0249090194702,33575,1,3.2444567903876305,3.2446964271366596
cache_aware,codex234:25:234024:986,879.5078401565552,86728,1,3.7484704591333866,3.7489378042519093
cache_aware,codex116:34:116033:987,880.0129716396332,119223,1,3.251558382064104,3.252171628177166
cache_aware,codex603:20:603019:988,880.3875925540924,81826,1,0.8480701893568039,0.8485372103750706
cache_aware,codex305:8:305007:989,880.9518427848816,123056,1,5.408573359251022,5.409194927662611
cache_aware,codex421:28:421027:990,881.22509765625,81283,1,2.025848690420389,2.0263330563902855
cache_aware,codex509:46:509045:991,882.2603821754456,110929,1,4.092676006257534,4.0932720601558685
cache_aware,codex443:20:443019:992,883.0497221946716,62432,1,3.000617243349552,3.001015055924654
cache_aware,codex241:6:241005:993,883.2408230304718,38829,1,2.6362243965268135,2.636497337371111
cache_aware,codex422:43:422042:994,883.6246209144592,55518,1,0.8258225284516811,0.826177004724741
cache_aware,codex110:36:110035:995,884.43652176857,148115,1,3.4254510812461376,3.426182337105274
cache_aware,codex506:44:506043:996,885.3232190608978,131888,1,1.8491621278226376,1.8500231131911278
cache_aware,codex40:4:40003:997,885.4781329631805,44703,1,6.596283789724112,6.597071751952171
cache_aware,codex116:35:116034:998,885.8681027889252,119573,1,1.9844051823019981,1.9850508384406567
cache_aware,codex359:14:359013:999,886.0430090427399,51045,1,0.8549965620040894,0.8553245738148689
cache_aware,codex525:8:525007:1000,886.3410933017731,39058,1,0.8454645276069641,0.8458135724067688
cache_aware,codex158:1:158000:1001,886.4602086544037,13320,1,1.3831991739571095,1.383329626172781
cache_aware,codex603:21:603020:1002,887.7057275772095,83629,1,4.37714160233736,4.377594251185656
cache_aware,codex415:5:415004:1003,887.839635848999,39406,1,1.7956617698073387,1.7959592901170254
cache_aware,codex355:14:355013:1004,888.1188154220581,28644,1,3.9587400816380978,3.958941336721182
cache_aware,codex443:21:443020:1005,889.2460839748383,62813,1,0.8774026781320572,0.8777688629925251
cache_aware,codex359:15:359014:1006,889.405668258667,51435,1,0.6124364025890827,0.612758856266737
cache_aware,codex421:29:421028:1007,890.8249213695526,81802,1,1.0573475994169712,1.057804025709629
cache_aware,codex121:18:121017:1008,891.3937292098999,65759,1,0.441088680177927,0.44149525836110115
cache_aware,codex603:22:603021:1009,892.3698403835297,84079,1,0.7484934478998184,0.7489868849515915
cache_aware,codex355:15:355014:1010,893.1093597412109,33132,1,1.2118617072701454,1.21224320307374
cache_aware,codex305:9:305008:1011,893.849888086319,127991,1,10.672753881663084,10.673595231026411
cache_aware,codex139:8:139007:1012,894.1026198863983,73734,1,7.500603657215834,7.501064356416464
cache_aware,codex241:7:241006:1013,894.2935502529144,38958,1,0.47526171803474426,0.4755522347986698
cache_aware,codex129:13:129012:1014,894.579647064209,63645,1,0.7834155298769474,0.7838939316570759
cache_aware,codex158:2:158001:1015,895.3570020198822,20981,1,6.255058396607637,6.255218591541052
cache_aware,codex443:22:443021:1016,895.7501604557037,63119,1,1.0666711516678333,1.0670533068478107
cache_aware,codex509:47:509046:1017,896.669294834137,120528,1,9.413194946944714,9.413831144571304
cache_aware,codex525:9:525008:1018,896.8093054294586,40230,1,0.6711170859634876,0.6714181862771511
cache_aware,codex121:19:121018:1019,897.8893873691559,65894,1,8.183906763792038,8.18429408967495
cache_aware,codex405:18:405017:1020,899.9348058700562,54110,1,0.617784358561039,0.6181468777358532
power_of_two,codex543:8:543007:200,300.35727763175964,38215,1,0.7790232226252556,0.7794293686747551
power_of_two,codex70:25:70024:201,300.74180579185486,95402,1,1.6938759349286556,1.6945241428911686
power_of_two,codex483:22:483021:202,302.8512876033783,94681,1,1.2123941779136658,1.2130282185971737
power_of_two,codex543:9:543008:203,303.5000433921814,39790,1,0.7504008337855339,0.7508202567696571
power_of_two,codex315:5:315004:204,303.69013690948486,52972,1,2.34723411872983,2.3476840555667877
power_of_two,codex361:6:361005:205,304.71167826652527,28932,1,0.7326936982572079,0.7329181283712387
power_of_two,codex509:2:509001:206,305.8520531654358,19675,1,1.51680126786232,1.5171210058033466
power_of_two,codex543:10:543009:207,306.6431028842926,40432,1,0.7509667314589024,0.7513357028365135
power_of_two,codex363:12:363011:208,309.0597288608551,100281,1,1.5644906796514988,1.5650780349969864
power_of_two,codex543:11:543010:209,309.5986304283142,43234,1,1.1921186409890652,1.1924966275691986
power_of_two,codex152:8:152007:210,310.3139441013336,69766,1,1.5190482512116432,1.519475992769003
power_of_two,codex361:7:361006:211,310.5432240962982,29427,1,0.4964502528309822,0.4967488870024681
power_of_two,codex73:1:73000:212,311.6960098743439,13617,1,1.2553673051297665,1.2556202933192253
power_of_two,codex543:12:543011:213,312.30009269714355,44523,1,1.6404983438551426,1.6407845579087734
power_of_two,codex25:6:25005:214,312.394020318985,29495,1,1.543311946094036,1.5435218252241611
power_of_two,codex315:6:315005:215,313.931006193161,55594,1,1.4578400626778603,1.4581805393099785
power_of_two,codex506:14:506013:216,315.3796262741089,88788,1,2.6062401235103607,2.6067597530782223
power_of_two,codex363:13:363012:217,317.4938220977783,102936,1,2.5343555994331837,2.5350399762392044
power_of_two,codex25:7:25006:218,317.84633469581604,31305,1,0.814107321202755,0.8143453225493431
power_of_two,codex152:9:152008:219,319.04512906074524,70391,1,1.0867352448403835,1.087123591452837
power_of_two,codex315:7:315006:220,321.1432831287384,58303,1,1.6891509927809238,1.6897258944809437
power_of_two,codex422:10:422009:221,321.6938855648041,33410,1,0.811227347701788,0.81157511100173
power_of_two,codex73:2:73001:222,322.3379783630371,21062,1,1.3255249708890915,1.325838852673769
power_of_two,codex483:23:483022:223,323.44561195373535,94999,1,1.2628742717206478,1.26341862231493
power_of_two,codex363:14:363013:224,324.58627820014954,103989,1,3.596847750246525,3.5975939072668552
power_of_two,codex422:11:422010:225,324.69965744018555,34871,1,0.8533853106200695,0.8536254465579987
power_of_two,codex506:15:506014:226,325.5450704097748,91680,1,2.6818447448313236,2.6824319176375866
power_of_two,codex73:3:73002:227,326.3806984424591,25975,1,1.150167804211378,1.1503870151937008
power_of_two,codex152:10:152009:228,326.9288282394409,80379,1,5.81422258540988,5.81484317407012
power_of_two,codex509:3:509002:229,328.1557295322418,25548,1,1.6009637601673603,1.6011561825871468
power_of_two,codex25:8:25007:230,328.8404939174652,31890,1,0.9186594486236572,0.9188832566142082
power_of_two,codex315:8:315007:231,329.7507092952728,58817,1,0.7800200469791889,0.7803801484405994
power_of_two,codex363:15:363014:232,330.91929292678833,104819,1,1.9023674577474594,1.9029717519879341
power_of_two,codex483:24:483023:233,332.46048045158386,95605,1,1.2951245158910751,1.295652311295271
power_of_two,codex363:16:363015:234,336.0032196044922,105282,1,3.1946729198098183,3.1952882073819637
power_of_two,codex192:1:192000:235,336.305743932724,13423,1,1.636874370276928,1.6391628086566925
power_of_two,codex73:4:73003:236,336.71071910858154,27097,1,1.2339452169835567,1.234739363193512
power_of_two,codex25:9:25008:237,337.21135902404785,36929,1,1.9791587367653847,1.9794145449995995
power_of_two,codex315:9:315008:238,338.3847050666809,59429,1,0.9355528950691223,0.9359092079102993
power_of_two,codex509:4:509003:239,339.1850459575653,29637,1,1.207835502922535,1.208155918866396
power_of_two,codex25:10:25009:240,339.45512866973877,37534,1,0.5696656256914139,0.5699248798191547
power_of_two,codex152:11:152010:241,341.9252381324768,84188,1,2.6260282546281815,2.626517705619335
power_of_two,codex543:13:543012:242,343.0769579410553,45033,1,0.6803994327783585,0.6806985884904861
power_of_two,codex25:11:25010:243,346.6085481643677,37858,1,1.274229682981968,1.274485770612955
power_of_two,codex363:17:363016:244,347.52585315704346,106754,1,2.1019127666950226,2.1026575677096844
power_of_two,codex73:5:73004:245,347.6205723285675,27291,1,0.6633023656904697,0.6636305190622807
power_of_two,codex493:27:493026:246,347.8750305175781,85675,1,0.9695468991994858,0.970060408115387
power_of_two,codex315:10:315009:247,348.2051250934601,62395,1,1.9995360597968102,1.999915812164545
power_of_two,codex543:14:543013:248,349.3920736312866,50295,1,2.1236274391412735,2.12398387119174
power_of_two,codex483:25:483024:249,350.19454050064087,95729,1,2.2162636406719685,2.2167917117476463
power_of_two,codex73:6:73005:250,350.7324016094208,31329,1,1.1962830610573292,1.1965132839977741
power_of_two,codex192:2:192001:251,350.8060166835785,20228,1,1.6110984236001968,1.6112555526196957
power_of_two,codex110:1:110000:252,352.7148096561432,13568,1,1.2431045360863209,1.2433469630777836
power_of_two,codex152:12:152011:253,355.6737561225891,86014,1,2.443295981734991,2.4437744058668613
power_of_two,codex110:2:110001:254,355.75523114204407,22383,1,1.6332558169960976,1.6334523744881153
power_of_two,codex422:12:422011:255,355.87237071990967,37248,1,1.6796010099351406,1.67996059730649
power_of_two,codex25:12:25011:256,356.42729687690735,38804,1,1.1461272165179253,1.1464602127671242
power_of_two,codex110:3:110002:257,360.5125923156738,39740,1,4.516930386424065,4.517199855297804
power_of_two,codex509:5:509004:258,360.7486171722412,35388,1,1.539635892957449,1.540013287216425
power_of_two,codex363:18:363017:259,361.59584069252014,107774,1,1.7690180353820324,1.7696037590503693
power_of_two,codex422:13:422012:260,362.71114683151245,39880,1,1.0688980259001255,1.06916144490242
power_of_two,codex493:28:493027:261,363.3522891998291,85849,1,0.8210417032241821,0.8215135298669338
power_of_two,codex152:13:152012:262,364.7526853084564,87205,1,1.6876013949513435,1.6881136037409306
power_of_two,codex543:15:543014:263,364.91678762435913,50727,1,0.6988001726567745,0.6991245187819004
power_of_two,codex192:3:192002:264,365.0122621059418,29980,1,2.244963977485895,2.245185613632202
power_of_two,codex70:26:70025:265,365.4598379135132,96307,1,1.4293374493718147,1.4298674017190933
power_of_two,codex25:13:25012:266,365.6062409877777,42088,1,1.4151756055653095,1.4154441505670547
power_of_two,codex363:19:363018:267,367.62697768211365,108157,1,1.1178026013076305,1.1188055127859116
power_of_two,codex509:6:509005:268,367.90692138671875,36179,1,0.8264960646629333,0.8269097357988358
power_of_two,codex192:4:192003:269,368.7257487773895,36263,1,2.180219814181328,2.1806054301559925
power_of_two,codex152:14:152013:270,369.3664405345917,87698,1,1.057426180690527,1.0579354278743267
power_of_two,codex116:1:116000:271,369.4223840236664,13777,1,1.7727027833461761,1.7729342728853226
power_of_two,codex73:7:73006:272,369.64813017845154,31697,1,1.2757279351353645,1.2760407589375973
power_of_two,codex110:4:110003:273,369.8480546474457,44001,1,1.8170342706143856,1.8173090033233166
power_of_two,codex493:29:493028:274,370.2532820701599,86052,1,1.1545500718057156,1.1551275588572025
power_of_two,codex25:14:25013:275,370.4139232635498,42794,1,0.8091576024889946,0.809424702078104
power_of_two,codex70:27:70026:276,372.4185700416565,97725,1,2.367770355194807,2.3683905713260174
power_of_two,codex73:8:73007:277,372.5520303249359,38821,1,2.5677271150052547,2.567996598780155
power_of_two,codex116:2:116001:278,372.683082818985,39647,1,5.700222481042147,5.70051496848464
power_of_two,codex422:14:422013:279,372.8158874511719,40792,1,0.6339126415550709,0.634435135871172
power_of_two,codex509:7:509006:280,373.9535746574402,44064,1,2.701147109270096,2.701563388109207
power_of_two,codex506:16:506015:281,374.774498462677,93738,1,3.8529922403395176,3.8535161204636097
power_of_two,codex152:15:152014:282,375.11103558540344,87856,1,4.30648060888052,4.307322099804878
power_of_two,codex315:11:315010:283,375.8917899131775,64178,1,3.531013410538435,3.5313771329820156
power_of_two,codex493:30:493029:284,376.2345333099365,89095,1,4.0535826198756695,4.054198149591684
power_of_two,codex73:9:73008:285,376.8436949253082,43704,1,3.464631799608469,3.4649996049702168
power_of_two,codex192:5:192004:286,377.19140911102295,37765,1,2.246555916965008,2.2469083815813065
power_of_two,codex483:26:483025:287,379.3431236743927,96435,1,1.2942123375833035,1.2947459667921066
power_of_two,codex315:12:315011:288,380.2018756866455,67213,1,2.1469036154448986,2.147314991801977
power_of_two,codex509:8:509007:289,381.6845097541809,45184,1,0.8488619215786457,0.8493218645453453
power_of_two,codex73:10:73009:290,382.2462296485901,44935,1,0.9937157370150089,0.9940100088715553
power_of_two,codex363:20:363019:291,382.91347074508667,109770,1,3.1839810013771057,3.1845617704093456
power_of_two,codex506:17:506016:292,383.2309219837189,93935,1,1.37840062007308,1.37892946600914
power_of_two,codex543:16:543015:293,384.01642775535583,59782,1,4.395539496093988,4.396329395473003
power_of_two,codex25:15:25014:294,384.1591341495514,43124,1,0.5550781488418579,0.5554748103022575
power_of_two,codex483:27:483026:295,384.5853409767151,96596,1,1.5039529092609882,1.5045154392719269
power_of_two,codex493:31:493030:296,385.2402994632721,104366,1,10.622001271694899,10.62267928570509
power_of_two,codex70:28:70027:297,385.61646366119385,98291,1,1.7170920819044113,1.7176553346216679
power_of_two,codex152:16:152015:298,385.9239311218262,88005,1,2.495301313698292,2.495818220078945
power_of_two,codex422:15:422014:299,386.07865023612976,42660,1,0.9645035155117512,0.964813806116581
power_of_two,codex152:17:152016:300,389.63752031326294,88136,1,0.8007104732096195,0.8012244962155819
power_of_two,codex363:21:363020:301,390.0507342815399,110123,1,1.3284470923244953,1.329047802835703
power_of_two,codex361:8:361007:302,390.1496603488922,29784,1,0.39348193630576134,0.3941640965640545
power_of_two,codex73:11:73010:303,390.8440384864807,47407,1,1.1192229613661766,1.1195283606648445
power_of_two,codex315:13:315012:304,391.3677451610565,67833,1,4.525729101151228,4.526124887168407
power_of_two,codex361:9:361008:305,393.02023935317993,32933,1,1.1384264938533306,1.1386737748980522
power_of_two,codex543:17:543016:306,393.8897342681885,67574,1,3.9065145924687386,3.9069304168224335
power_of_two,codex110:5:110004:307,394.04317688941956,48340,1,2.0745170526206493,2.074817392975092
power_of_two,codex213:1:213000:308,394.08969616889954,13027,1,1.2009614370763302,1.2012368403375149
power_of_two,codex361:10:361009:309,396.8514974117279,33505,1,0.45579833537340164,0.4561421014368534
power_of_two,codex152:18:152017:310,398.79978704452515,88259,1,1.0165967345237732,1.017131194472313
power_of_two,codex213:2:213001:311,398.8728995323181,21057,1,2.1286427825689316,2.1293573193252087
power_of_two,codex543:18:543017:312,399.3902471065521,69881,1,1.9479383826255798,1.9483377039432526
power_of_two,codex509:9:509008:313,399.53554677963257,45999,1,1.4715885110199451,1.4720501638948917
power_of_two,codex73:12:73011:314,400.3551752567291,48522,1,0.8920854851603508,0.8924881368875504
power_of_two,codex192:6:192005:315,402.08585143089294,41600,1,2.6660920791327953,2.6663905270397663
power_of_two,codex73:13:73012:316,402.36632680892944,56464,1,5.776679173111916,5.777002338320017
power_of_two,codex361:11:361010:317,403.1457245349884,35258,1,1.6085156500339508,1.6087500266730785
power_of_two,codex152:19:152018:318,403.6496727466583,88423,1,1.2834093049168587,1.2839222438633442
power_of_two,codex506:18:506017:319,404.18358612060547,94094,1,1.2645514532923698,1.2650980539619923
power_of_two,codex315:14:315013:320,404.4244318008423,71567,1,3.7227576561272144,3.7231555059552193
power_of_two,codex70:29:70028:321,404.74286222457886,98557,1,3.410621240735054,3.4111516550183296
power_of_two,codex116:3:116002:322,404.9233224391937,48493,1,3.268767222762108,3.269141126424074
power_of_two,codex543:19:543018:323,405.3329906463623,71484,1,2.8328648507595062,2.8332608714699745
power_of_two,codex25:16:25015:324,405.83876514434814,45536,1,2.3003835044801235,2.3006728813052177
power_of_two,codex213:3:213002:325,406.66238164901733,25096,1,1.0468703657388687,1.0472276248037815
power_of_two,codex363:22:363021:326,408.12546491622925,112118,1,3.002077504992485,3.002729695290327
power_of_two,codex506:19:506018:327,408.59038949012756,94209,1,0.817870520055294,0.818376075476408
power_of_two,codex192:7:192006:328,408.7357380390167,41932,1,0.6535340026021004,0.653816469013691
power_of_two,codex493:32:493031:329,409.3796274662018,107448,1,3.586361840367317,3.5870515890419483
power_of_two,codex166:1:166000:330,410.15912413597107,14321,1,1.3977683931589127,1.3979079276323318
power_of_two,codex543:20:543019:331,410.7576324939728,71649,1,1.1396259516477585,1.1400745436549187
power_of_two,codex192:8:192007:332,411.55264163017273,44576,1,1.2685297131538391,1.2689639255404472
power_of_two,codex70:30:70029:333,412.2431523799896,99004,1,4.086737595498562,4.087316922843456
power_of_two,codex152:20:152019:334,412.5404164791107,88547,1,5.147286333143711,5.147781956940889
power_of_two,codex110:6:110005:335,412.72360348701477,53518,1,4.957452841103077,4.958870343863964
power_of_two,codex166:2:166001:336,413.5316677093506,25686,1,4.455216906964779,4.455522522330284
power_of_two,codex213:4:213003:337,414.92124462127686,25687,1,0.5296372510492802,0.5299841351807117
power_of_two,codex315:15:315014:339,415.7484667301178,75438,1,2.304135873913765,2.304557602852583
power_of_two,codex509:10:509009:340,416.22911190986633,46638,1,0.8723899014294147,0.8728375174105167
power_of_two,codex70:31:70030:338,416.6584436893463,99279,1,1.5340704135596752,1.5345968641340733
power_of_two,codex509:11:509010:341,417.54603719711304,48849,1,1.354083925485611,1.354381538927555
power_of_two,codex213:5:213004:342,418.43649530410767,28569,1,0.9399241656064987,0.9401279054582119
power_of_two,codex116:4:116003:343,418.89314007759094,53663,1,4.4768813736736774,4.477259639650583
power_of_two,codex363:23:363022:344,420.08710980415344,112236,1,1.3611370362341404,1.3617623336613178
power_of_two,codex315:16:315015:345,420.3536500930786,78032,1,3.6912656240165234,3.6919640824198723
power_of_two,codex506:20:506019:346,420.7599108219147,94657,1,6.639400877058506,6.64002388343215
power_of_two,codex152:21:152020:347,421.1418261528015,95587,1,6.602121755480766,6.602623999118805
power_of_two,codex509:12:509011:348,421.31143260002136,49988,1,2.7589041478931904,2.759219691157341
power_of_two,codex361:12:361011:349,421.4262354373932,35643,1,0.6440066732466221,0.6444035954773426
power_of_two,codex543:21:543020:350,421.7460985183716,71893,1,0.6826426796615124,0.6831032671034336
power_of_two,codex220:4:220003:351,421.98050713539124,40239,1,4.8451238833367825,4.845418073236942
power_of_two,codex166:3:166002:352,422.8459632396698,29783,1,3.9956784695386887,3.995965823531151
power_of_two,codex213:6:213005:353,423.48861742019653,29883,1,0.7128343731164932,0.7130574956536293
power_of_two,codex543:22:543021:354,424.50378799438477,77440,1,3.2343204095959663,3.234775897115469
power_of_two,codex421:1:421000:356,426.54605054855347,13368,1,1.5224643275141716,1.522590171545744
power_of_two,codex506:21:506020:355,427.7262921333313,94828,1,1.5013009905815125,1.5018285885453224
power_of_two,codex152:22:152021:357,428.0618362426758,95756,1,1.17173570394516,1.1722456812858582
power_of_two,codex110:7:110006:359,429.2165949344635,54220,1,0.9827838689088821,0.9836102910339832
power_of_two,codex152:23:152022:358,429.5631663799286,100235,1,4.153190642595291,4.15377389267087
power_of_two,codex493:33:493032:360,429.946346282959,122761,1,15.418883509933949,15.420308038592339
power_of_two,codex213:7:213006:361,430.0458381175995,30123,1,0.8672650493681431,0.867495808750391
power_of_two,codex506:22:506021:362,430.7877881526947,95022,1,14.585185434669256,14.585684463381767
power_of_two,codex361:13:361012:363,430.908323764801,35921,1,0.5581123605370522,0.558466050773859
power_of_two,codex315:17:315016:364,434.5995180606842,80181,1,12.181103378534317,12.181685741990805
power_of_two,codex116:5:116004:365,435.2689583301544,55876,1,2.822267062962055,2.8227736204862595
power_of_two,codex543:23:543022:366,436.00384497642517,78577,1,2.129908762872219,2.1303500942885876
power_of_two,codex166:4:166003:367,436.10534620285034,31663,1,0.8699524030089378,0.8703558668494225
power_of_two,codex213:8:213007:368,436.5948555469513,35710,1,1.8021056167781353,1.8023501969873905
power_of_two,codex421:2:421001:369,436.69697761535645,30402,1,10.866751316934824,10.866960186511278
power_of_two,codex509:13:509012:370,439.6134898662567,54607,1,2.127393215894699,2.1277303136885166
power_of_two,codex110:8:110007:371,440.0729820728302,55773,1,1.0967977941036224,1.0971711501479149
power_of_two,codex166:5:166004:372,441.73360228538513,54050,1,11.035978730767965,11.036496236920357
power_of_two,codex543:24:543023:373,442.57805132865906,79148,1,0.9636238515377045,0.9640990905463696
power_of_two,codex548:1:548000:374,442.948219537735,13754,1,1.3542087078094482,1.3543339632451534
power_of_two,codex213:9:213008:375,444.2985415458679,37539,1,0.8737484775483608,0.8741094246506691
power_of_two,codex110:9:110008:376,444.7980806827545,73383,1,13.959013897925615,13.959451146423817
power_of_two,codex548:2:548001:377,444.9441397190094,26062,1,2.2937317714095116,2.294046990573406
power_of_two,codex543:25:543024:379,447.55649757385254,81167,1,1.6376188173890114,1.6381124332547188
power_of_two,codex421:3:421002:378,447.6882209777832,38488,1,12.759047489613295,12.75965990126133
power_of_two,codex220:5:220004:380,447.81704330444336,41257,1,0.6610953360795975,0.6614037416875362
power_of_two,codex315:18:315017:381,449.0711147785187,82558,1,5.020794294774532,5.021351184695959
power_of_two,codex25:17:25016:382,449.5938744544983,60104,1,9.15251286700368,9.15303573012352
power_of_two,codex361:14:361013:383,450.1593279838562,36031,1,0.45626799762248993,0.4565296471118927
power_of_two,codex73:14:73013:384,451.05816316604614,57436,1,9.54044459760189,9.5408184081316
power_of_two,codex509:14:509013:385,451.23197889328003,56082,1,1.2151796072721481,1.2155374623835087
power_of_two,codex506:23:506022:386,451.93996691703796,96366,1,1.8607328049838543,1.8612645342946053
power_of_two,codex543:26:543025:387,452.20364451408386,84297,1,2.782866097986698,2.7833621576428413
power_of_two,codex548:3:548002:389,452.6862745285034,36619,1,5.53761325776577,5.537861172109842
power_of_two,codex116:6:116005:390,454.97722601890564,61123,1,3.2509998753666878,3.2513637617230415
power_of_two,codex166:6:166005:391,455.3024969100952,58651,1,3.4489608220756054,3.449446927756071
power_of_two,codex493:34:493033:393,457.8957130908966,125897,1,4.433752473443747,4.434422895312309
power_of_two,codex70:32:70031:394,458.2151629924774,99604,1,2.7421640045940876,2.742725893855095
power_of_two,codex220:6:220005:395,458.50020003318787,61910,1,8.657030936330557,8.6577411852777
power_of_two,codex509:15:509014:396,458.7341904640198,62314,1,3.356780704110861,3.3572791926562786
power_of_two,codex315:19:315018:397,459.9630138874054,83562,1,7.200587380677462,7.20105092599988
power_of_two,codex421:4:421003:388,460.5913510322571,39004,1,1.5192224830389023,1.5196484327316284
power_of_two,codex73:15:73014:392,460.79461431503296,57760,1,1.0905222073197365,1.0908869579434395
power_of_two,codex422:16:422015:399,460.9479286670685,42885,1,0.6899959929287434,0.6902994401752949
power_of_two,codex421:5:421004:398,462.2788071632385,45676,1,2.7037090472877026,2.70406686142087
power_of_two,codex543:27:543026:400,463.6159689426422,86720,1,2.8988157361745834,2.899326406419277
power_of_two,codex166:7:166006:401,463.81009221076965,61781,1,3.3720403984189034,3.3724975883960724
power_of_two,codex70:33:70032:402,464.49105525016785,99805,1,1.5855665877461433,1.586210671812296
power_of_two,codex110:10:110009:403,464.9736316204071,75626,1,2.2483131512999535,2.248751249164343
power_of_two,codex506:24:506023:404,465.56939673423767,99771,1,4.488749247044325,4.489490617066622
power_of_two,codex25:18:25017:405,466.50480365753174,65021,1,7.032315488904715,7.032808367162943
power_of_two,codex110:11:110010:406,467.52870440483093,83909,1,6.669768262654543,6.670244242995977
power_of_two,codex234:1:234000:407,467.58122968673706,13534,1,3.6113355308771133,3.6140414252877235
power_of_two,codex315:20:315019:408,468.74262714385986,84451,1,2.45815122500062,2.4586244970560074
power_of_two,codex213:10:213009:409,468.8841042518616,42200,1,2.2076280899345875,2.2080452628433704
power_of_two,codex116:7:116006:410,469.9030566215515,64702,1,2.2035033851861954,2.2039562463760376
power_of_two,codex422:17:422016:411,470.0480809211731,43073,1,1.0672405511140823,1.0676053538918495
power_of_two,codex548:4:548003:412,471.67276763916016,39940,1,1.4599945694208145,1.4602599889039993
power_of_two,codex234:2:234001:413,472.0765724182129,17820,1,0.8831025063991547,0.8832577131688595
power_of_two,codex493:35:493034:414,474.18526124954224,134697,1,10.111390922218561,10.113576080650091
power_of_two,codex166:8:166007:415,475.76475262641907,65626,1,2.0855940729379654,2.086170542985201
power_of_two,codex315:21:315020:416,476.1011004447937,84693,1,1.1876900531351566,1.188194703310728
power_of_two,codex315:22:315021:417,478.8285868167877,85244,1,1.4022834822535515,1.4027874656021595
power_of_two,codex110:12:110011:418,479.1174819469452,84772,1,1.8922403268516064,1.892727792263031
power_of_two,codex509:16:509015:419,479.50393056869507,63025,1,4.801857870072126,4.802216146141291
power_of_two,codex548:5:548004:420,479.6747667789459,42982,1,4.627246096730232,4.627514969557524
power_of_two,codex110:13:110012:421,481.6324121952057,89603,1,4.153344605118036,4.153889622539282
power_of_two,codex361:15:361014:422,481.7878942489624,42569,1,3.2690526992082596,3.2693277709186077
power_of_two,codex25:19:25018:423,482.159380197525,67248,1,1.8657002225518227,1.866129081696272
power_of_two,codex166:9:166008:424,482.79080963134766,66306,1,2.2709221839904785,2.2712977342307568
power_of_two,codex548:6:548005:425,484.4758849143982,47455,1,1.7318543791770935,1.7322527170181274
power_of_two,codex509:17:509016:426,484.85171365737915,64840,1,1.6738190352916718,1.6742101237177849
power_of_two,codex220:7:220006:427,485.049099445343,62358,1,1.0917243734002113,1.092104360461235
power_of_two,codex422:18:422017:428,486.05608081817627,43513,1,0.6295233219861984,0.6298907324671745
power_of_two,codex548:7:548006:429,487.52385354042053,55517,1,7.798891369253397,7.799243986606598
power_of_two,codex493:36:493035:430,488.6968116760254,143050,1,12.77903325483203,12.780969277024269
power_of_two,codex234:3:234002:431,488.77796459198,22408,1,1.4369640201330185,1.4371515214443207
power_of_two,codex213:11:213010:432,488.9177405834198,43628,1,0.8178766369819641,0.8181913234293461
power_of_two,codex110:14:110013:433,489.44312810897827,93010,1,6.125933066010475,6.126498997211456
power_of_two,codex509:18:509017:434,489.98964834213257,66802,1,1.7379860691726208,1.7383754253387451
power_of_two,codex166:10:166009:435,490.2087950706482,69133,1,5.120559841394424,5.120953515172005
power_of_two,codex116:8:116007:436,490.4918375015259,65345,1,0.7728833369910717,0.7732927985489368
power_of_two,codex213:12:213011:437,490.7862401008606,44901,1,10.69730207324028,10.697583630681038
power_of_two,codex506:25:506024:438,491.7167708873749,102551,1,9.934545259922743,9.935100838541985
power_of_two,codex308:1:308000:439,492.1544587612152,13069,1,1.1942156478762627,1.1944302693009377
power_of_two,codex422:19:422018:440,493.0305640697479,44221,1,0.8265105187892914,0.8269215039908886
power_of_two,codex116:9:116008:441,493.31556963920593,71073,1,3.51505146920681,3.5156271122395992
power_of_two,codex70:34:70033:442,495.3112745285034,100262,1,1.905669741332531,1.9062113761901855
power_of_two,codex166:11:166010:443,495.5595669746399,69310,1,1.3057994358241558,1.306196417659521
power_of_two,codex110:15:110014:444,496.12860202789307,93781,1,6.519872236996889,6.520408269017935
power_of_two,codex234:4:234003:446,498.56808972358704,24500,1,0.708987683057785,0.7091879285871983
power_of_two,codex548:8:548007:447,500.43555212020874,60641,1,2.9125517569482327,2.9130089171230793
power_of_two,codex220:8:220007:448,500.93567061424255,62623,1,2.445467669516802,2.4458372741937637
power_of_two,codex308:2:308001:450,501.1213870048523,30695,1,3.530670192092657,3.53088853135705
power_of_two,codex213:13:213012:445,501.6421091556549,46847,1,1.0733916908502579,1.0736747607588768
power_of_two,codex213:14:213013:449,502.8820424079895,48928,1,1.2702862247824669,1.2705833800137043
power_of_two,codex422:20:422019:451,504.6467921733856,44912,1,0.7387599050998688,0.7395995780825615
power_of_two,codex509:19:509018:452,506.3130006790161,67866,1,1.0350278466939926,1.0354562550783157
power_of_two,codex234:5:234004:453,506.84746170043945,27533,1,0.9402360841631889,0.9405403025448322
power_of_two,codex220:9:220008:454,507.61916184425354,62906,1,1.1015046015381813,1.1019005589187145
power_of_two,codex110:16:110015:455,508.352157831192,96634,1,2.654062446206808,2.6545997224748135
power_of_two,codex308:3:308002:456,508.58356618881226,45136,1,4.2844656221568584,4.2848558239638805
power_of_two,codex367:1:367000:457,508.63134503364563,13427,1,1.252793613821268,1.2529235891997814
power_of_two,codex548:9:548008:458,510.99552965164185,65934,1,2.959294196218252,2.9597051329910755
power_of_two,codex70:35:70034:459,511.4215850830078,100487,1,1.0573054440319538,1.0582154355943203
power_of_two,codex116:10:116009:460,513.9460737705231,71365,1,0.9873082302510738,0.9877664297819138
power_of_two,codex110:17:110016:461,514.3628647327423,100549,1,4.312779188156128,4.313314102590084
power_of_two,codex220:10:220009:462,515.3307750225067,63195,1,3.3385596573352814,3.338936910033226
power_of_two,codex70:36:70035:463,517.2620298862457,107679,1,5.568960033357143,5.569565236568451
power_of_two,codex422:21:422020:464,518.3205969333649,49343,1,1.8218383714556694,1.822168841958046
power_of_two,codex166:12:166011:465,518.6593096256256,75701,1,4.851631049066782,4.85209184139967
power_of_two,codex116:11:116010:466,519.959867477417,74331,1,4.6149792075157166,4.61540163308382
power_of_two,codex110:18:110017:467,520.814505815506,101429,1,2.7557523138821125,2.7563901990652084
power_of_two,codex220:11:220010:468,521.1566166877747,63334,1,0.6201559640467167,0.6206633932888508
power_of_two,codex308:4:308003:469,521.5756611824036,55149,1,3.8744114488363266,3.8747703358531
power_of_two,codex192:9:192008:470,523.4308006763458,45161,1,0.8451333753764629,0.8455193862318993
power_of_two,codex220:12:220011:471,525.7421793937683,63422,1,0.7528607398271561,0.753260113298893
power_of_two,codex422:22:422021:472,526.1705386638641,49622,1,0.9121835082769394,0.9125109277665615
power_of_two,codex234:6:234005:473,526.2587728500366,27733,1,0.39131220057606697,0.39163052663207054
power_of_two,codex25:20:25019:474,527.0126321315765,67883,1,1.3810155391693115,1.381407380104065
power_of_two,codex308:5:308004:475,528.3819477558136,94857,1,20.97198787331581,20.97714724391699
power_of_two,codex110:19:110018:476,528.9029078483582,102149,1,1.3434571251273155,1.3440539464354515
power_of_two,codex548:10:548009:477,529.4833030700684,66477,1,19.874344296753407,19.8748019374907
power_of_two,codex234:7:234006:478,530.4499492645264,27798,1,0.43144192919135094,0.4316609278321266
power_of_two,codex506:26:506025:479,531.4947330951691,103123,1,3.266339987516403,3.2675620280206203
power_of_two,codex116:12:116011:480,531.7239549160004,74885,1,2.938718218356371,2.939183998852968
power_of_two,codex70:37:70036:481,532.193437576294,107758,1,2.5754638835787773,2.576111637055874
power_of_two,codex166:13:166012:482,532.9392454624176,76175,1,1.1624050922691822,1.1628571934998035
power_of_two,codex543:28:543027:483,534.0906834602356,88356,1,1.5155735723674297,1.5161067433655262
power_of_two,codex367:2:367001:484,534.6477267742157,21050,1,1.4089793749153614,1.4092384465038776
power_of_two,codex220:13:220012:485,534.9850981235504,63602,1,0.9115724265575409,0.9119450859725475
power_of_two,codex506:27:506026:486,536.4278225898743,103687,1,1.9328236356377602,1.933421827852726
power_of_two,codex116:13:116012:487,537.0493259429932,77957,1,2.0634577237069607,2.0639330372214317
power_of_two,codex70:38:70037:488,538.0082890987396,119108,1,8.632714692503214,8.633415155112743
power_of_two,codex234:8:234007:489,538.5138370990753,29656,1,12.733847953379154,12.734058484435081
power_of_two,codex25:21:25020:490,538.9349212646484,75891,1,4.617355417460203,4.617816984653473
power_of_two,codex315:23:315022:491,539.6021213531494,85849,1,1.122933391481638,1.1234388500452042
power_of_two,codex278:1:278000:492,541.384360074997,13270,1,10.774144407361746,10.774273954331875
power_of_two,codex509:20:509019:493,543.4809958934784,68105,1,0.6900467462837696,0.6904640421271324
power_of_two,codex166:14:166013:494,544.1259579658508,80085,1,2.5756849758327007,2.5761280730366707
power_of_two,codex509:21:509020:496,545.7003786563873,71061,1,7.8973282761871815,7.897894278168678
power_of_two,codex543:29:543028:497,546.1190891265869,88718,1,1.04332759603858,1.0438366755843163
power_of_two,codex25:22:25021:498,548.9142789840698,76161,1,0.7444541864097118,0.7448843717575073
power_of_two,codex338:1:338000:501,549.5867695808411,13413,1,1.6586144119501114,1.658754076808691
power_of_two,codex543:30:543029:502,551.0753827095032,91147,1,2.8003484047949314,2.801173247396946
power_of_two,codex192:10:192009:503,551.2401971817017,48402,1,3.5234722085297108,3.523875504732132
power_of_two,codex166:15:166014:504,551.5233111381531,82303,1,3.818766415119171,3.8193343691527843
power_of_two,codex234:9:234008:495,551.6346259117126,33258,1,3.9725309275090694,3.9729030542075634
power_of_two,codex548:11:548010:505,551.8645539283752,68800,1,2.9365600906312466,2.936940897256136
power_of_two,codex116:14:116013:506,552.1525967121124,82594,1,3.576356202363968,3.5768174156546593
power_of_two,codex367:3:367002:507,552.2632818222046,22873,1,0.9945356585085392,0.9947203733026981
power_of_two,codex315:24:315023:508,552.9919731616974,86333,1,1.391621433198452,1.3921100571751595
power_of_two,codex25:23:25022:509,553.2517726421356,76547,1,2.940003089606762,2.94054314494133
power_of_two,codex338:2:338001:510,553.4051632881165,14073,1,2.8250749856233597,2.827270559966564
power_of_two,codex509:22:509021:499,553.861558675766,73848,1,2.375380076467991,2.3757826760411263
power_of_two,codex220:14:220013:511,555.5979738235474,71909,1,4.949573993682861,4.949991438537836
power_of_two,codex234:10:234009:500,555.7183961868286,34730,1,0.7405141480267048,0.7408410459756851
power_of_two,codex278:2:278001:512,556.9704172611237,40498,1,6.079775717109442,6.080049399286509
power_of_two,codex421:6:421005:513,557.6754076480865,46469,1,0.9492947421967983,0.9495992213487625
power_of_two,codex509:23:509022:514,558.5852959156036,75703,1,1.9665897451341152,1.967003583908081
power_of_two,codex25:24:25023:515,559.3553094863892,76669,1,1.2229896932840347,1.2234130203723907
power_of_two,codex543:31:543030:516,560.5353217124939,111657,1,14.629965841770172,14.63067365437746
power_of_two,codex116:15:116014:517,561.0384004116058,90999,1,7.98552568256855,7.98662980273366
power_of_two,codex234:11:234010:518,561.6681728363037,36635,1,7.359563782811165,7.359799716621637
power_of_two,codex192:11:192010:519,562.1189658641815,51221,1,6.912473615258932,6.912778444588184
power_of_two,codex213:15:213014:520,562.3736710548401,51226,1,1.5213742665946484,1.521682795137167
power_of_two,codex166:16:166015:521,562.9854252338409,82777,1,1.4995217211544514,1.4999937415122986
power_of_two,codex338:3:338002:522,563.0459153652191,18120,1,0.8453766889870167,0.845531165599823
power_of_two,codex422:23:422022:523,563.8863327503204,50065,1,0.6017865501344204,0.6020824387669563
power_of_two,codex315:25:315024:524,564.396336555481,86524,1,1.3983160927891731,1.3988164328038692
power_of_two,codex367:4:367003:525,564.4770846366882,24497,1,0.6403248980641365,0.6405245326459408
power_of_two,codex453:1:453000:526,565.9980325698853,13604,1,3.4984371662139893,3.4986414946615696
power_of_two,codex367:5:367004:527,567.2349555492401,25192,1,0.5123734809458256,0.5125921368598938
power_of_two,codex367:6:367005:528,568.5342719554901,29093,1,1.1372816637158394,1.1376069895923138
power_of_two,codex422:24:422023:529,568.7601475715637,50351,1,0.7279172725975513,0.7282340787351131
power_of_two,codex213:16:213015:530,570.5466198921204,56871,1,5.868535552173853,5.868883237242699
power_of_two,codex338:4:338003:531,571.0055074691772,19274,1,0.5047412551939487,0.504920057952404
power_of_two,codex548:12:548011:532,572.0924718379974,75134,1,4.331859517842531,4.332255084067583
power_of_two,codex509:24:509023:533,572.3547034263611,76825,1,1.6862995214760303,1.6867777071893215
power_of_two,codex367:7:367006:534,572.703822851181,30405,1,2.4732269011437893,2.473519876599312
power_of_two,codex220:15:220014:535,575.0572926998138,73189,1,1.3627003729343414,1.3631052002310753
power_of_two,codex338:5:338004:536,575.124086856842,20016,1,0.3871581442654133,0.3874119743704796
power_of_two,codex192:12:192011:537,576.3304634094238,53308,1,1.4221401736140251,1.4224866963922977
power_of_two,codex338:6:338005:538,576.4082098007202,23466,1,1.0467048808932304,1.04694115370512
power_of_two,codex509:25:509024:539,577.0897669792175,78861,1,4.478544730693102,4.479019500315189
power_of_two,codex278:3:278002:540,577.4485402107239,56304,1,9.391712013632059,9.392047245055437
power_of_two,codex422:25:422024:541,577.7450551986694,50473,1,9.091606501489878,9.091941799968481
power_of_two,codex315:26:315025:542,578.9690961837769,90219,1,3.2720390036702156,3.2726733833551407
power_of_two,codex220:16:220015:543,579.7048876285553,74014,1,1.1336001865565777,1.1340976394712925
power_of_two,codex453:2:453001:544,579.8811116218567,19710,1,1.0973537601530552,1.0975098311901093
power_of_two,codex308:6:308005:545,583.4414665699005,96896,1,3.4053011052310467,3.405856989324093
power_of_two,codex192:13:192012:546,583.6224477291107,56408,1,1.9209807626903057,1.9213142730295658
power_of_two,codex367:8:367007:547,583.7171137332916,30739,1,1.7936627306044102,1.7939801923930645
power_of_two,codex73:16:73015:548,583.8926920890808,58432,1,0.9598591513931751,0.9602586813271046
power_of_two,codex234:12:234011:549,584.2377536296844,41352,1,3.3222690261900425,3.3226290568709373
power_of_two,codex338:7:338006:550,584.3395216464996,30098,1,3.19577307254076,3.196123134344816
power_of_two,codex453:3:453002:551,584.6243920326233,29336,1,5.062824975699186,5.0631596222519875
power_of_two,codex509:26:509025:552,586.2639756202698,83681,1,3.4722247421741486,3.4726960584521294
power_of_two,codex367:9:367008:553,586.8289272785187,37260,1,1.953973200172186,1.9542482942342758
power_of_two,codex166:17:166016:554,587.4084165096283,89973,1,4.735174138098955,4.735673729330301
power_of_two,codex192:14:192013:555,587.805483341217,58206,1,1.258983537554741,1.2593427784740925
power_of_two,codex220:17:220016:556,589.4544968605042,76492,1,1.6262739598751068,1.6267138719558716
power_of_two,codex338:8:338007:557,590.1060206890106,33059,1,3.3866316564381123,3.386860877275467
power_of_two,codex453:4:453003:558,590.2258293628693,36843,1,3.2690537497401237,3.269282139837742
power_of_two,codex88:1:88000:559,590.6029939651489,14659,1,1.392710480839014,1.3929354138672352
power_of_two,codex213:17:213016:560,591.0714762210846,57604,1,0.849967073649168,0.8503161631524563
power_of_two,codex315:27:315026:561,591.9121806621552,90554,1,1.7296625822782516,1.7301824018359184
power_of_two,codex509:27:509026:562,593.3277080059052,85401,1,3.4263629391789436,3.4268342442810535
power_of_two,codex422:26:422025:563,593.4869463443756,50613,1,3.2611805200576782,3.2614816688001156
power_of_two,codex453:5:453004:564,593.6328558921814,44232,1,3.1121557503938675,3.112452194094658
power_of_two,codex278:4:278003:565,594.1472659111023,69050,1,5.985587228089571,5.986015405505896
power_of_two,codex88:2:88001:566,594.9271137714386,28492,1,3.191315732896328,3.191527843475342
power_of_two,codex315:28:315027:567,596.7232677936554,90898,1,1.7982577867805958,1.7987726964056492
power_of_two,codex110:20:110019:568,597.8243613243103,103938,1,5.879236131906509,5.879831939935684
power_of_two,codex509:28:509027:569,598.1111540794373,89233,1,2.9034722447395325,2.904027182608843
power_of_two,codex308:7:308006:570,598.5089695453644,99933,1,5.855193335562944,5.8557469211518764
power_of_two,codex192:15:192014:571,599.5713269710541,60976,1,1.776320219039917,1.77668958902359
power_of_two,codex338:9:338008:572,601.005893945694,36362,1,1.1170744970440865,1.1173229739069939
power_of_two,codex88:3:88002:573,602.4209177494049,34393,1,1.9365604147315025,1.9367979541420937
power_of_two,codex110:21:110020:574,604.051435470581,106971,1,3.4687601439654827,3.4693347960710526
power_of_two,codex213:18:213017:575,604.2318861484528,58037,1,1.0934138521552086,1.0937618054449558
power_of_two,codex338:10:338009:576,604.3521549701691,37978,1,0.9692431911826134,0.9694974422454834
power_of_two,codex166:18:166017:577,605.3128068447113,91447,1,1.76640435308218,1.7669033519923687
power_of_two,codex192:16:192015:578,606.2345716953278,61317,1,0.8385637030005455,0.8389641158282757
power_of_two,codex548:13:548012:579,606.902366399765,78730,1,2.5539533384144306,2.554456803947687
power_of_two,codex88:4:88003:580,607.0645835399628,47708,1,9.844750631600618,9.845170032233
power_of_two,codex308:8:308007:581,607.5059072971344,102688,1,9.91511794552207,9.916322868317366
power_of_two,codex213:19:213018:582,607.9844768047333,58279,1,0.6890493594110012,0.6894257180392742
power_of_two,codex73:17:73016:583,609.1615135669708,58630,1,0.8435073271393776,0.8438676409423351
power_of_two,codex338:11:338010:584,610.7633440494537,38225,1,0.41480955854058266,0.4151788242161274
power_of_two,codex110:22:110021:585,612.5301868915558,117657,1,12.938377868384123,12.939350984990597
power_of_two,codex278:5:278004:586,612.9349982738495,74462,1,4.491935104131699,4.492340985685587
power_of_two,codex234:13:234012:587,615.1448230743408,43580,1,1.1369634792208672,1.137393455952406
power_of_two,codex405:1:405000:588,615.2001514434814,13349,1,1.38190358877182,1.382028877735138
power_of_two,codex422:27:422026:590,616.0727934837341,50769,1,1.1378478184342384,1.1381638497114182
power_of_two,codex213:20:213019:591,616.5772514343262,58595,1,0.8745549619197845,0.8748849034309387
power_of_two,codex88:5:88004:589,617.2016959190369,83870,1,18.10722567886114,18.108055759221315
power_of_two,codex338:12:338011:592,617.6021678447723,39217,1,0.6394737549126148,0.6398481763899326
power_of_two,codex308:9:308008:593,618.159797668457,104953,1,7.717233344912529,7.717793319374323
power_of_two,codex166:19:166018:594,618.8678686618805,92726,1,7.215847685933113,7.21702715754509
power_of_two,codex506:28:506027:595,619.4949290752411,104305,1,6.596307892352343,6.596970822662115
power_of_two,codex73:18:73017:596,619.674441576004,59150,1,1.0498419404029846,1.0502120144665241
power_of_two,codex192:17:192016:597,620.5502138137817,62091,1,1.2277554385364056,1.22815927490592
power_of_two,codex453:6:453005:598,622.0208864212036,49759,1,2.15618122369051,2.156639691442251
power_of_two,codex405:2:405001:599,622.6458466053009,21038,1,1.4026215337216854,1.4029356837272644
power_of_two,codex603:1:603000:600,623.4065670967102,13081,1,3.082247108221054,3.0824302211403847
power_of_two,codex422:28:422027:601,624.4938917160034,50951,1,10.819454442709684,10.819750409573317
power_of_two,codex548:14:548013:602,625.1049535274506,85221,1,4.296830467879772,4.297312527894974
power_of_two,codex110:23:110022:603,625.8636012077332,122856,1,7.4385914243757725,7.4393877275288105
power_of_two,codex234:14:234013:604,626.4077451229095,53253,1,7.878435853868723,7.878761749714613
power_of_two,codex220:18:220017:605,626.7783317565918,79623,1,2.286081351339817,2.28652822971344
power_of_two,codex338:13:338012:606,627.3770296573639,43107,1,1.6821689866483212,1.682461928576231
power_of_two,codex421:7:421006:607,629.0513780117035,50873,1,6.307868663221598,6.3084798119962215
power_of_two,codex213:21:213020:608,630.0894992351532,58860,1,5.27426028996706,5.274592414498329
power_of_two,codex220:19:220018:609,632.0981669425964,80765,1,1.237496793270111,1.2379468567669392
power_of_two,codex73:19:73018:610,633.168580532074,59246,1,0.5807754024863243,0.5811487622559071
power_of_two,codex338:14:338013:611,633.646087884903,49664,1,2.71715884283185,2.7174724861979485
power_of_two,codex110:24:110023:612,634.2755663394928,124463,1,2.0954423286020756,2.096089456230402
power_of_two,codex509:29:509028:613,636.3538637161255,91290,1,2.0933768935501575,2.0938943959772587
power_of_two,codex192:18:192017:614,637.1241652965546,62908,1,1.1591967232525349,1.1596004404127598
power_of_two,codex166:20:166019:615,638.9133417606354,97942,1,6.617353204637766,6.617928959429264
power_of_two,codex278:6:278005:616,639.3841333389282,77698,1,7.6290938556194305,7.629558093845844
power_of_two,codex315:29:315028:617,640.3541851043701,91167,1,0.8475338220596313,0.8481077812612057
power_of_two,codex305:1:305000:618,640.4462265968323,13272,1,1.2229515686631203,1.2230946011841297
power_of_two,codex603:2:603001:619,640.8431549072266,30015,1,6.952136132866144,6.9524915888905525
power_of_two,codex213:22:213021:620,642.0427372455597,59149,1,1.2265514582395554,1.2268994450569153
power_of_two,codex405:3:405002:621,642.1242625713348,25234,1,1.1403966881334782,1.1405894421041012
power_of_two,codex421:8:421007:622,643.2574727535248,53054,1,1.5053603909909725,1.5057200267910957
power_of_two,codex509:30:509029:623,644.5655372142792,95825,1,5.876845505088568,5.877535052597523
power_of_two,codex405:4:405003:624,645.3370139598846,26414,1,0.6576011031866074,0.6577999219298363
power_of_two,codex308:10:308009:625,645.9866325855255,105278,1,2.6145685836672783,2.615134783089161
power_of_two,codex548:15:548014:627,646.3105270862579,85852,1,1.8156436011195183,1.8161573894321918
power_of_two,codex88:6:88005:628,646.6100385189056,85177,1,2.3460957668721676,2.3465857319533825
power_of_two,codex421:9:421008:629,646.7931308746338,54071,1,1.8015640787780285,1.8019007593393326
power_of_two,codex338:15:338014:630,647.0024659633636,54738,1,3.4672327861189842,3.4675511866807938
power_of_two,codex603:3:603002:626,647.940952539444,41024,1,4.9881311766803265,4.990370448678732
power_of_two,codex315:30:315029:631,648.5843360424042,91443,1,1.5511204972863197,1.5516672357916832
power_of_two,codex166:21:166020:632,648.9442281723022,98696,1,3.9930226020514965,3.993776749819517
power_of_two,codex421:10:421009:633,649.6049053668976,55248,1,0.8746827617287636,0.8750085718929768
power_of_two,codex405:5:405004:634,649.7408518791199,31509,1,1.949340559542179,1.9495837688446045
power_of_two,codex110:25:110024:635,651.3910562992096,130593,1,9.639475222676992,9.640394117683172
power_of_two,codex548:16:548015:636,651.6827392578125,86601,1,1.665804848074913,1.666384357959032
power_of_two,codex509:31:509030:637,652.1421394348145,95869,1,1.2528339326381683,1.2534287311136723
power_of_two,codex116:16:116015:638,652.5665416717529,92541,1,2.4521562308073044,2.452676799148321
power_of_two,codex88:7:88006:639,654.8176877498627,85868,1,1.1393169574439526,1.1398045048117638
power_of_two,codex213:23:213022:640,655.0088052749634,59761,1,0.7420757412910461,0.7424450106918812
power_of_two,codex308:11:308010:641,655.4462420940399,110489,1,7.5734913647174835,7.574223950505257
power_of_two,codex548:17:548016:642,655.7414038181305,87688,1,3.0636621713638306,3.0642936378717422
power_of_two,codex315:31:315030:643,656.3246366977692,91825,1,2.5655275397002697,2.566362515091896
power_of_two,codex234:15:234014:644,656.5273621082306,59833,1,3.5899835601449013,3.590354572981596
power_of_two,codex305:2:305001:645,656.6938512325287,48268,1,9.751622930169106,9.752054050564766
power_of_two,codex220:20:220019:646,656.988308429718,81035,1,2.1068356297910213,2.1072879284620285
power_of_two,codex73:20:73019:647,657.7500076293945,66572,1,3.409505281597376,3.409886784851551
power_of_two,codex405:6:405005:648,657.8627605438232,32366,1,0.47696220874786377,0.4772121012210846
power_of_two,codex116:17:116016:649,658.2493271827698,94207,1,4.815027911216021,4.815528389066458
power_of_two,codex421:11:421010:650,659.0861675739288,56728,1,1.3439767621457577,1.344453826546669
power_of_two,codex509:32:509031:651,660.1075692176819,96219,1,0.8484320715069771,0.8491048887372017
power_of_two,codex315:32:315031:652,662.0602262020111,92877,1,2.412447303533554,2.4130266718566418
power_of_two,codex308:12:308011:653,663.649222612381,110647,1,2.17445532605052,2.1751322112977505
power_of_two,codex88:8:88007:654,663.9603202342987,87070,1,2.534898344427347,2.535405721515417
power_of_two,codex220:21:220020:655,664.244202375412,81185,1,1.5723402723670006,1.5727838911116123
power_of_two,codex192:19:192018:656,664.460725069046,63277,1,1.350406352430582,1.350799798965454
power_of_two,codex116:18:116017:657,665.7485258579254,97506,1,3.267067637294531,3.2676366306841373
power_of_two,codex443:1:443000:658,665.804000377655,13954,1,1.3205672800540924,1.320710826665163
power_of_two,codex405:7:405006:659,666.8153636455536,36034,1,1.203238856047392,1.2036118730902672
power_of_two,codex453:7:453006:660,667.1002979278564,55206,1,4.055077075958252,4.0555289424955845
power_of_two,codex509:33:509032:661,668.0094137191772,96998,1,3.2067457549273968,3.207370936870575
power_of_two,codex213:24:213023:662,668.4251832962036,59963,1,0.8652717918157578,0.8656167536973953
power_of_two,codex421:12:421011:663,668.7049651145935,56993,1,0.680604737251997,0.6809369437396526
power_of_two,codex220:22:220021:664,669.6970653533936,81706,1,0.9371714703738689,0.9376852475106716
power_of_two,codex234:16:234015:665,670.1303284168243,64237,1,2.4381354488432407,2.438490655273199
power_of_two,codex603:4:603003:666,670.2959456443787,46424,1,2.2681787237524986,2.2684815116226673
power_of_two,codex421:13:421012:667,672.140971660614,57447,1,1.1997464373707771,1.200088869780302
power_of_two,codex88:9:88008:668,672.554276227951,90774,1,3.6689555943012238,3.669535331428051
power_of_two,codex213:25:213024:669,673.3313660621643,78231,1,11.93198088183999,11.933631163090467
power_of_two,codex192:20:192019:670,673.57248711586,65622,1,2.7985332384705544,2.7989147268235683
power_of_two,codex116:19:116018:671,674.0849215984344,98952,1,2.34217244759202,2.3427895195782185
power_of_two,codex315:33:315032:672,674.4148089885712,93620,1,1.584944512695074,1.5854761265218258
power_of_two,codex220:23:220022:673,674.6859178543091,82149,1,1.3301175646483898,1.3305548764765263
power_of_two,codex443:2:443001:674,674.7395994663239,16212,1,1.4888663329184055,1.4890839084982872
power_of_two,codex278:7:278006:675,675.0115430355072,81070,1,2.9134298525750637,2.913920857012272
power_of_two,codex405:8:405007:676,675.1405193805695,37689,1,10.127154644578695,10.127637345343828
power_of_two,codex509:34:509033:677,675.9819259643555,97212,1,0.8580574467778206,0.8585703410208225
power_of_two,codex166:22:166021:678,677.3758509159088,99435,1,2.1534049473702908,2.154063157737255
power_of_two,codex234:17:234016:679,677.5848870277405,66211,1,7.831939823925495,7.832351326942444
power_of_two,codex443:3:443002:680,678.2607798576355,18570,1,7.158594690263271,7.158740323036909
power_of_two,codex308:13:308012:681,679.0314061641693,110855,1,0.9351503886282444,0.9357407987117767
power_of_two,codex116:20:116019:682,680.4618880748749,100008,1,2.4436407908797264,2.444215040653944
power_of_two,codex453:8:453007:683,680.6418566703796,55387,1,0.9051956459879875,0.9055519849061966
power_of_two,codex355:1:355000:684,680.8335843086243,13443,1,1.2597356662154198,1.259873017668724
power_of_two,codex88:10:88009:685,681.5365188121796,100344,1,7.137885592877865,7.138419214636087
power_of_two,codex315:34:315033:686,681.9020240306854,94102,1,3.523676037788391,3.524171758443117
power_of_two,codex509:35:509034:688,682.5993955135345,97549,1,1.4152336306869984,1.4157647527754307
power_of_two,codex603:5:603004:689,682.7806079387665,57187,1,4.545457620173693,4.545938655734062
power_of_two,codex308:14:308013:690,684.8705849647522,111539,1,2.5415110364556313,2.5422074049711227
power_of_two,codex405:9:405008:687,685.4104690551758,38136,1,2.0467080622911453,2.0474681444466114
power_of_two,codex192:21:192020:691,685.6699573993683,66102,1,1.793086126446724,1.7935717850923538
power_of_two,codex234:18:234017:692,685.8928661346436,69571,1,3.2307548969984055,3.2311920672655106
power_of_two,codex509:36:509035:693,686.7971506118774,97723,1,1.8713504672050476,1.8718942776322365
power_of_two,codex305:3:305002:694,686.9664113521576,52310,1,3.227365780621767,3.2276864051818848
power_of_two,codex443:4:443003:695,687.043689250946,22883,1,3.1160980351269245,3.1163938753306866
power_of_two,codex220:24:220023:696,687.3164415359497,82321,1,4.130046993494034,4.130657892674208
power_of_two,codex116:21:116020:697,687.995316028595,100282,1,2.249438237398863,2.2501151636242867
power_of_two,codex166:23:166022:698,688.3462107181549,100376,1,2.00105207785964,2.0016758367419243
power_of_two,codex192:22:192021:699,688.5923693180084,70774,1,2.890058394521475,2.8904469460248947
power_of_two,codex355:2:355001:700,688.6473565101624,15996,1,0.5606668144464493,0.5608877502381802
power_of_two,codex308:15:308014:701,689.7454578876495,112187,1,3.917712166905403,3.919000580906868
power_of_two,codex548:18:548017:702,690.0321822166443,87849,1,3.5574915893375874,3.558139517903328
power_of_two,codex405:10:405009:703,690.60191655159,39754,1,3.0647642724215984,3.065013449639082
power_of_two,codex443:5:443004:704,690.6861724853516,25483,1,0.7690698318183422,0.7693406417965889
power_of_two,codex509:37:509036:705,693.0575289726257,102671,1,8.035510957241058,8.03606790304184
power_of_two,codex548:19:548018:706,695.020370721817,91533,1,6.5566041842103004,6.557490572333336
power_of_two,codex453:9:453008:707,695.5344104766846,66248,1,9.068199623376131,9.068600840866566
power_of_two,codex603:6:603005:708,695.7358763217926,64865,1,3.699623841792345,3.7000126726925373
power_of_two,codex308:16:308015:709,696.2607712745667,112833,1,5.326760549098253,5.327378980815411
power_of_two,codex443:6:443005:710,696.351799249649,26193,1,0.983411867171526,0.9836118407547474
power_of_two,codex116:22:116021:711,697.012469291687,102294,1,2.3277712613344193,2.328506350517273
power_of_two,codex278:8:278007:712,697.3281695842743,86989,1,7.279877483844757,7.280355632305145
power_of_two,codex121:1:121000:713,697.4119231700897,13242,1,4.26636379212141,4.266595050692558
power_of_two,codex234:19:234018:714,698.6795144081116,70264,1,0.9588108360767365,0.9592013210058212
power_of_two,codex166:24:166023:715,701.0803542137146,101167,1,2.004604507237673,2.0051910169422626
power_of_two,codex121:2:121001:716,702.324143409729,38908,1,5.392766296863556,5.393094465136528
power_of_two,codex355:3:355002:717,702.943156003952,18287,1,0.6391067877411842,0.6393594890832901
power_of_two,codex88:11:88010:718,704.5914702415466,102013,1,3.4164905212819576,3.4171228371560574
power_of_two,codex453:10:453009:719,705.1770689487457,69592,1,2.280814867466688,2.281243223696947
power_of_two,codex443:7:443006:720,705.4858868122101,28143,1,0.8621721379458904,0.8623916208744049
power_of_two,codex421:14:421013:721,705.857946395874,58124,1,2.1766737289726734,2.1770085766911507
power_of_two,codex192:23:192022:722,706.3395829200745,71700,1,1.3733826130628586,1.3738076016306877
power_of_two,codex121:3:121002:723,709.5413646697998,43979,1,1.9519535712897778,1.9522794373333454
power_of_two,codex192:24:192023:724,710.5031545162201,72639,1,3.9739380069077015,3.974419344216585
power_of_two,codex421:15:421014:725,710.6870672702789,58413,1,1.0268704108893871,1.0272524766623974
power_of_two,codex305:4:305003:726,710.8681397438049,58398,1,6.464549995958805,6.464916862547398
power_of_two,codex88:12:88011:727,711.3345627784729,105642,1,3.700380638241768,3.7009429559111595
power_of_two,codex506:29:506028:728,712.80233335495,104777,1,1.9102464653551579,1.9108041673898697
power_of_two,codex603:7:603006:729,713.4559836387634,65654,1,1.0768655091524124,1.077255729585886
power_of_two,codex121:4:121003:730,713.6289663314819,55132,1,5.421971898525953,5.422314550727606
power_of_two,codex213:26:213025:731,715.7859873771667,78515,1,0.7253499180078506,0.7258308194577694
power_of_two,codex506:30:506029:732,716.3135311603546,105815,1,2.744189567863941,2.744782816618681
power_of_two,codex315:35:315034:733,717.3228759765625,94631,1,4.95529555156827,4.955896127969027
power_of_two,codex110:26:110025:734,717.8525462150574,132991,1,5.272956792265177,5.273935776203871
power_of_two,codex453:11:453010:735,718.0859808921814,72408,1,3.0590799190104008,3.0596329756081104
power_of_two,codex88:13:88012:736,718.4333417415619,108359,1,3.7449691332876682,3.745554581284523
power_of_two,codex308:17:308016:737,718.8560311794281,115531,1,5.122059799730778,5.122694827616215
power_of_two,codex443:8:443007:738,718.965931892395,31486,1,2.195463553071022,2.195812415331602
power_of_two,codex355:4:355003:739,719.0440764427185,19148,1,0.3795812875032425,0.37984444946050644
power_of_two,codex220:25:220024:740,720.6822066307068,82502,1,2.4803504534065723,2.4807998053729534
power_of_two,codex422:29:422028:741,720.8430066108704,51055,1,0.8409066200256348,0.841440849006176
power_of_two,codex278:9:278008:742,722.1657679080963,87704,1,2.217140655964613,2.217729117721319
power_of_two,codex291:1:291000:743,722.6124362945557,13540,1,2.2869856022298336,2.2872055880725384
power_of_two,codex405:11:405010:744,722.8353922367096,40086,1,0.5174511820077896,0.5177907682955265
power_of_two,codex192:25:192024:745,723.9592275619507,73482,1,1.1519599743187428,1.152391292154789
power_of_two,codex121:5:121004:746,724.732225894928,55514,1,0.7002372667193413,0.7005686201155186
power_of_two,codex422:30:422029:747,726.2386870384216,51501,1,0.8114034943282604,0.8117396086454391
power_of_two,codex305:5:305004:748,726.4593544006348,62841,1,2.4930641166865826,2.493431903421879
power_of_two,codex405:12:405011:749,726.6368672847748,42232,1,1.033794280141592,1.034107331186533
power_of_two,codex220:26:220025:750,727.0412125587463,82916,1,1.3651951141655445,1.365677785128355
power_of_two,codex121:6:121005:751,727.2697694301605,57005,1,1.2977785617113113,1.2981229238212109
power_of_two,codex110:27:110026:752,728.1190333366394,133503,1,4.157234001904726,4.158021152019501
power_of_two,codex355:5:355004:753,728.1889977455139,19529,1,0.7588827796280384,0.7590436562895775
power_of_two,codex603:8:603007:754,728.3960502147675,67103,1,3.8063397966325283,3.8068481124937534
power_of_two,codex506:31:506030:755,728.9377238750458,106469,1,2.173110779374838,2.1738725528120995
power_of_two,codex453:12:453011:756,730.0936570167542,81153,1,5.154184989631176,5.15466046705842
power_of_two,codex308:18:308017:757,730.5838642120361,116841,1,2.241296149790287,2.2419726066291332
power_of_two,codex88:14:88013:758,730.9984269142151,116479,1,6.301569532603025,6.302319023758173
power_of_two,codex355:6:355005:759,731.1005630493164,20242,1,1.7169966660439968,1.7171621322631836
power_of_two,codex291:2:291001:760,731.8068428039551,29473,1,2.9388214610517025,2.9391506612300873
power_of_two,codex121:7:121006:761,732.8112871646881,58654,1,1.2201759368181229,1.2205211855471134
power_of_two,codex355:7:355006:762,733.5449941158295,20814,1,0.44669798016548157,0.4468764699995518
power_of_two,codex192:26:192025:763,734.4620900154114,76592,1,5.009205512702465,5.009639702737331
power_of_two,codex116:23:116022:764,735.2331731319427,104587,1,4.292162369936705,4.292729806154966
power_of_two,codex213:27:213026:765,737.2591731548309,79042,1,1.4666551351547241,1.4671437591314316
power_of_two,codex220:27:220026:766,738.2048132419586,83787,1,2.2253796495497227,2.2258625105023384
power_of_two,codex603:9:603008:767,738.4183411598206,67778,1,1.0478256605565548,1.0486915670335293
power_of_two,codex291:3:291002:768,738.5406818389893,37246,1,2.392397213727236,2.392758682370186
power_of_two,codex315:36:315035:769,739.4530630111694,95119,1,1.5999544896185398,1.6006308570504189
power_of_two,codex129:1:129000:770,739.5179557800293,13392,1,1.2556084878742695,1.2558546289801598
power_of_two,codex166:25:166024:771,740.1188979148865,102388,1,2.5072430036962032,2.507830623537302
power_of_two,codex278:10:278009:772,740.4192988872528,89368,1,2.3218015506863594,2.3222802467644215
power_of_two,codex121:8:121007:773,741.5253536701202,60481,1,1.347098782658577,1.3474725149571896
power_of_two,codex234:20:234019:774,741.7836742401123,73486,1,2.581762805581093,2.58218115195632
power_of_two,codex192:27:192026:775,744.2532904148102,89711,1,12.376359891146421,12.376836363226175
power_of_two,codex443:9:443008:776,744.3580484390259,32552,1,1.0935877226293087,1.093820858746767
power_of_two,codex110:28:110027:777,745.1033005714417,134009,1,2.9301888048648834,2.93101529404521
power_of_two,codex213:28:213027:778,745.3749554157257,79993,1,1.3961944282054901,1.3966699577867985
power_of_two,codex355:8:355007:779,745.4476022720337,21090,1,0.3116113096475601,0.31179800257086754
power_of_two,codex278:11:278010:780,746.2479019165039,90883,1,10.386903498321772,10.387376192957163
power_of_two,codex506:32:506031:781,747.8556005954742,107296,1,2.157911840826273,2.1585292108356953
power_of_two,codex422:31:422030:782,748.0209045410156,51661,1,8.383662484586239,8.384172543883324
power_of_two,codex220:28:220027:783,748.6272125244141,85496,1,2.992842610925436,2.993381902575493
power_of_two,codex121:9:121008:784,748.8216710090637,62653,1,2.7922711446881294,2.7926668524742126
power_of_two,codex88:15:88014:785,749.3168141841888,118159,1,3.696651194244623,3.6973079964518547
power_of_two,codex116:24:116023:786,751.1673474311829,104945,1,4.077761385589838,4.078314412385225
power_of_two,codex453:13:453012:787,751.5367956161499,85744,1,5.087723515927792,5.088207971304655
power_of_two,codex129:2:129001:788,751.597806930542,17430,1,2.527727536857128,2.5280715711414814
power_of_two,codex315:37:315036:789,751.9646894931793,95404,1,3.2681855261325836,3.2691813074052334
power_of_two,codex421:16:421015:790,752.7280426025391,59397,1,3.6825187765061855,3.683091703802347
power_of_two,codex603:10:603009:791,753.0002961158752,72160,1,3.64012348651886,3.6405330300331116
power_of_two,codex220:29:220028:792,753.3259465694427,85913,1,1.9127403683960438,1.9131977371871471
power_of_two,codex129:3:129002:794,754.3973128795624,21028,1,0.8506063185632229,0.8507737852632999
power_of_two,codex359:1:359000:795,755.1074965000153,13395,1,1.290443193167448,1.290652733296156
power_of_two,codex355:9:355008:796,755.2127194404602,23127,1,0.5649442002177238,0.5651286654174328
power_of_two,codex509:38:509037:797,756.3860065937042,102837,1,1.6937426030635834,1.6943192034959793
power_of_two,codex422:32:422031:793,756.6148481369019,51810,1,0.8860510028898716,0.8863811567425728
power_of_two,codex110:29:110028:798,757.4886341094971,137657,1,6.677625261247158,6.678536638617516
power_of_two,codex116:25:116024:799,758.0424942970276,110370,1,5.245812702924013,5.246380507946014
power_of_two,codex367:10:367009:800,758.5709671974182,37372,1,0.6724875308573246,0.6728666387498379
power_of_two,codex421:17:421016:801,758.8174030780792,59780,1,5.403434626758099,5.404072720557451
power_of_two,codex506:33:506032:802,760.1665949821472,108443,1,2.480613775551319,2.481336060911417
power_of_two,codex315:38:315037:804,762.0439269542694,95945,1,1.1993972696363926,1.1999322697520256
power_of_two,codex121:10:121009:805,762.267454624176,63915,1,2.2486906237900257,2.249071791768074
power_of_two,codex422:33:422032:806,762.625198841095,53394,1,1.2842642739415169,1.284631498157978
power_of_two,codex506:34:506033:807,763.7314174175262,112592,1,4.908914532512426,4.909708369523287
power_of_two,codex421:18:421017:803,764.4317824840546,61066,1,1.7981786206364632,1.7985599972307682
power_of_two,codex359:2:359001:808,764.5103132724762,22881,1,4.505647607147694,4.5058345422148705
power_of_two,codex220:30:220029:810,765.2210774421692,86243,1,1.6245406456291676,1.6250432431697845
power_of_two,codex110:30:110029:811,765.9034054279327,142985,1,7.71739910915494,7.718223504722118
power_of_two,codex278:12:278011:812,766.2195100784302,91088,1,7.738917842507362,7.739562209695578
power_of_two,codex421:19:421018:809,766.4377899169922,63573,1,6.754324976354837,6.754715368151665
power_of_two,codex308:19:308018:813,766.8332912921906,117624,1,2.446671735495329,2.4474120549857616
power_of_two,codex305:6:305005:814,767.7190771102905,83028,1,14.983355343341827,14.983849041163921
power_of_two,codex603:11:603010:815,767.9800918102264,76441,1,14.771794471889734,14.772495236247778
power_of_two,codex443:10:443009:816,768.1095123291016,37755,1,1.8585617206990719,1.858838152140379
power_of_two,codex192:28:192027:817,769.0086605548859,90728,1,1.444787222892046,1.4454393982887268
power_of_two,codex422:34:422033:818,769.9614169597626,53574,1,0.4970684014260769,0.49738286808133125
power_of_two,codex525:1:525000:819,771.0801632404327,13473,1,4.540289580821991,4.540427468717098
power_of_two,codex116:26:116025:820,772.1677451133728,111321,1,5.905691988766193,5.906498439610004
power_of_two,codex315:39:315038:821,772.5061461925507,96141,1,6.286283373832703,6.286791391670704
power_of_two,codex129:4:129003:822,772.622095823288,33118,1,12.622932203114033,12.623164970427752
power_of_two,codex121:11:121010:823,772.8352453708649,64140,1,1.2161605432629585,1.216616164892912
power_of_two,codex509:39:509038:824,773.180666923523,105173,1,5.618013970553875,5.618557047098875
power_of_two,codex421:20:421019:825,773.5959351062775,69307,1,12.57208488881588,12.572646662592888
power_of_two,codex308:20:308019:826,774.9769456386566,124873,1,12.343594547361135,12.344261016696692
power_of_two,codex291:4:291003:827,775.128009557724,44742,1,3.657325193285942,3.657613020390272
power_of_two,codex506:35:506034:828,775.5116446018219,114173,1,3.295083060860634,3.2956973016262054
power_of_two,codex359:3:359002:830,778.0637454986572,28645,1,4.6909480802714825,4.691150341182947
power_of_two,codex116:27:116026:829,778.4569146633148,112127,1,2.112611711025238,2.113233495503664
power_of_two,codex192:29:192028:831,778.7751154899597,91976,1,2.425334867089987,2.4259997457265854
power_of_two,codex525:2:525001:832,778.9352920055389,18720,1,2.2712620832026005,2.271491903811693
power_of_two,codex355:10:355009:833,779.3013708591461,24392,1,3.0550703033804893,3.055358048528433
power_of_two,codex405:13:405012:834,779.6852130889893,49310,1,3.2559077106416225,3.2562088295817375
power_of_two,codex453:14:453013:835,780.5568552017212,86427,1,1.5919465385377407,1.592436272650957
power_of_two,codex110:31:110030:836,782.0039007663727,143769,1,2.2531509585678577,2.2539710700511932
power_of_two,codex443:11:443010:837,782.1399972438812,39207,1,2.0354052931070328,2.035749901086092
power_of_two,codex422:35:422034:838,783.5672492980957,53781,1,0.5861763656139374,0.5865221731364727
power_of_two,codex506:36:506035:839,784.1426815986633,114568,1,2.192750673741102,2.193450454622507
power_of_two,codex525:3:525002:840,784.4940493106842,22056,1,0.8768481500446796,0.8771256133913994
power_of_two,codex359:4:359003:841,784.6186873912811,32164,1,1.729280810803175,1.7295829989016056
power_of_two,codex220:31:220030:842,785.1494419574738,86568,1,3.3434691913425922,3.3439416363835335
power_of_two,codex355:11:355010:843,785.2404820919037,26064,1,0.7801308445632458,0.7803334072232246
power_of_two,codex278:13:278012:844,785.7679688930511,91380,1,1.327288556843996,1.3277937546372414
power_of_two,codex422:36:422035:845,786.0149457454681,54134,1,2.472525630146265,2.4728688187897205
power_of_two,codex308:21:308020:846,787.7483134269714,127671,1,4.465093653649092,4.465869020670652
power_of_two,codex509:40:509039:847,788.0961210727692,105645,1,4.86893792450428,4.86964949965477
power_of_two,codex421:21:421020:848,788.3223476409912,71225,1,4.25344805419445,4.253873445093632
power_of_two,codex443:12:443011:849,788.4799518585205,47998,1,5.039972085505724,5.040394876152277
power_of_two,codex603:12:603011:850,788.8253774642944,76920,1,0.9237356185913086,0.9241975732147694
power_of_two,codex359:5:359004:851,789.6558485031128,34111,1,0.9379883855581284,0.9382401444017887
power_of_two,codex129:5:129004:852,790.1096022129059,40811,1,2.513607256114483,2.513947505503893
power_of_two,codex110:32:110031:853,791.8442888259888,144269,1,4.845052741467953,4.845847692340612
power_of_two,codex291:5:291004:854,792.0172455310822,52285,1,4.159408863633871,4.159882064908743
power_of_two,codex121:12:121011:855,792.9537498950958,64282,1,0.6007718034088612,0.601150669157505
power_of_two,codex192:30:192029:856,793.3944261074066,96912,1,3.7918233945965767,3.7923642210662365
power_of_two,codex525:4:525003:857,793.5090837478638,33423,1,2.7035429924726486,2.7038412131369114
power_of_two,codex220:32:220031:858,793.9971542358398,89769,1,2.6827815547585487,2.6832925975322723
power_of_two,codex278:14:278013:859,794.5593304634094,91579,1,3.152207840234041,3.1527925804257393
power_of_two,codex506:37:506036:860,795.4789798259735,116525,1,2.290288306772709,2.2908843643963337
power_of_two,codex415:1:415000:861,796.1154696941376,13003,1,1.2754128873348236,1.275541290640831
power_of_two,codex422:37:422036:862,796.4139106273651,54273,1,1.1884610876441002,1.188884574919939
power_of_two,codex129:6:129005:863,796.5483634471893,42057,1,1.0133921727538109,1.013779442757368
power_of_two,codex359:6:359005:864,796.6577017307281,35567,1,0.9635814130306244,0.9638922922313213
power_of_two,codex116:28:116027:865,798.3368201255798,113026,1,1.4282922372221947,1.42892387509346
power_of_two,codex305:7:305006:866,799.0350558757782,120010,1,29.55558556690812,29.55625383555889
power_of_two,codex308:22:308021:867,799.5281100273132,128183,1,2.853982165455818,2.85468140989542
power_of_two,codex421:22:421021:868,800.5700488090515,71706,1,0.8320188857614994,0.8324693404138088
power_of_two,codex220:33:220032:869,801.9528391361237,89907,1,26.30598207935691,26.306491523981094
power_of_two,codex453:15:453014:870,802.2539947032928,93907,1,6.335067693144083,6.335570767521858
power_of_two,codex359:7:359006:871,802.3708169460297,36962,1,1.2026020884513855,1.2028802298009396
power_of_two,codex509:41:509040:872,802.7714605331421,106105,1,1.7478372529149055,1.7485419698059559
power_of_two,codex166:26:166025:873,803.2393500804901,102848,1,2.211275029927492,2.211818289011717
power_of_two,codex443:13:443012:874,803.4321918487549,51609,1,2.0083362571895123,2.0086531788110733
power_of_two,codex129:7:129006:875,803.5678489208221,42218,1,5.050945822149515,5.051209770143032
power_of_two,codex110:33:110032:876,804.3272540569305,144582,1,4.270708806812763,4.2714536637067795
power_of_two,codex422:38:422037:877,804.5083129405975,54467,1,0.9359840676188469,0.9363068789243698
power_of_two,codex603:13:603012:878,805.431015253067,77608,1,3.15226873755455,3.1527134515345097
power_of_two,codex278:15:278014:879,805.7774884700775,91781,1,2.8499460853636265,2.850981716066599
power_of_two,codex88:16:88015:880,806.6606619358063,119720,1,2.597731113433838,2.59845569729805
power_of_two,codex116:29:116028:881,808.5695378780365,113412,1,1.2431715503335,1.2437825426459312
power_of_two,codex525:5:525004:882,809.0605654716492,37566,1,1.850386843085289,1.8506380654871464
power_of_two,codex88:17:88016:883,810.7676341533661,120979,1,3.185958169400692,3.186691604554653
power_of_two,codex359:8:359007:884,810.9054079055786,40918,1,1.6076165325939655,1.6079085506498814
power_of_two,codex405:14:405013:885,811.7202169895172,52787,1,2.0412378646433353,2.0416613072156906
power_of_two,codex422:39:422038:886,811.8947401046753,54723,1,2.0817114114761353,2.0820385478436947
power_of_two,codex139:1:139000:887,812.2174961566925,13365,1,1.5396845936775208,1.5398224852979183
power_of_two,codex421:23:421022:888,813.1757130622864,72277,1,1.3423852510750294,1.3428186252713203
power_of_two,codex129:8:129007:889,813.3130161762238,43602,1,0.8408705554902554,0.8412344865500927
power_of_two,codex453:16:453015:890,813.7498526573181,94504,1,1.7801223695278168,1.7806546799838543
power_of_two,codex166:27:166026:892,816.127149105072,116776,1,11.257914680987597,11.25862355157733
power_of_two,codex415:2:415001:893,816.2158470153809,23995,1,3.5868217572569847,3.587156143039465
power_of_two,codex359:9:359008:894,816.3559353351593,41753,1,11.756452035158873,11.756741426885128
power_of_two,codex291:6:291005:895,816.5390756130219,59098,1,13.255851443856955,13.256576422601938
power_of_two,codex603:14:603013:896,816.8469350337982,78300,1,1.4320658147335052,1.4325443021953106
power_of_two,codex506:38:506037:897,817.4759132862091,121705,1,6.3865131214261055,6.38716185092926
power_of_two,codex278:16:278015:898,817.7811510562897,93851,1,2.0353690832853317,2.0358928851783276
power_of_two,codex139:2:139001:899,817.9097273349762,34905,1,5.416825380176306,5.417637061327696
power_of_two,codex129:9:129008:900,818.5473258495331,50699,1,3.073680330067873,3.0740019120275974
power_of_two,codex110:34:110033:901,819.3145875930786,144724,1,2.4378312304615974,2.4385822862386703
power_of_two,codex422:40:422039:902,819.4974837303162,54915,1,0.6435854882001877,0.6439259573817253
power_of_two,codex405:15:405014:903,820.8055202960968,53128,1,2.525226417928934,2.525547992438078
power_of_two,codex509:42:509041:904,821.3723225593567,108512,1,4.976599145680666,4.977166190743446
power_of_two,codex421:24:421023:905,821.6127369403839,72879,1,8.187864311039448,8.188270527869463
power_of_two,codex116:30:116029:906,823.2646360397339,113614,1,3.1415971219539642,3.142199706286192
power_of_two,codex278:17:278016:907,823.6744272708893,94254,1,2.453061480075121,2.453689645975828
power_of_two,codex443:14:443013:908,823.8507359027863,53254,1,2.2260164134204388,2.226483754813671
power_of_two,codex88:18:88017:909,824.3177082538605,121486,1,2.149981502443552,2.1506922021508217
power_of_two,codex415:3:415002:910,825.5057101249695,31464,1,4.306745953857899,4.3070551417768
power_of_two,codex139:3:139002:912,828.1053512096405,42210,1,3.1103367917239666,3.1107601076364517
power_of_two,codex359:10:359009:911,828.2497472763062,42626,1,2.9895041324198246,2.989770095795393
power_of_two,codex220:34:220033:891,828.5786666870117,94841,1,4.999632813036442,5.0002942234277725
power_of_two,codex241:1:241000:913,828.6379594802856,13806,1,1.2987821102142334,1.299018856137991
power_of_two,codex121:13:121012:914,829.340274810791,64477,1,1.0439705438911915,1.0443668998777866
power_of_two,codex88:19:88018:915,830.3728144168854,121634,1,1.087694589048624,1.088341124355793
power_of_two,codex506:39:506038:916,830.9542853832245,122486,1,2.687498025596142,2.6881367042660713
power_of_two,codex405:16:405015:917,831.1308627128601,53328,1,0.8161916732788086,0.8165356703102589
power_of_two,codex525:6:525005:918,831.7512516975403,38116,1,0.5534318462014198,0.5536847412586212
power_of_two,codex129:10:129009:919,832.9848146438599,53898,1,1.8474226035177708,1.8478445336222649
power_of_two,codex121:14:121013:920,834.258419752121,64569,1,0.6180827468633652,0.6184482201933861
power_of_two,codex278:18:278017:921,834.6685123443604,94468,1,1.388217754662037,1.388730764389038
power_of_two,codex139:4:139003:922,834.8239758014679,47567,1,2.1128866635262966,2.113382648676634
power_of_two,codex443:15:443014:923,835.1563477516174,53933,1,0.746299996972084,0.7466556951403618
power_of_two,codex359:11:359010:924,835.7287783622742,44533,1,0.9660281725227833,0.966304924339056
power_of_two,codex129:11:129010:925,836.6879370212555,55724,1,1.308730285614729,1.3090712279081345
power_of_two,codex509:43:509042:926,837.9831478595734,108769,1,1.1934342458844185,1.1940259151160717
power_of_two,codex421:25:421024:927,838.5069539546967,77016,1,2.6859011463820934,2.686351388692856
power_of_two,codex241:2:241001:928,838.5624327659607,15900,1,0.5368434488773346,0.5371229089796543
power_of_two,codex291:7:291006:929,839.3957285881042,60642,1,1.2245426140725613,1.224930301308632
power_of_two,codex308:23:308022:930,841.1796836853027,128344,1,2.807252287864685,2.807930000126362
power_of_two,codex506:40:506039:931,843.7732973098755,124542,1,7.466984406113625,7.467724334448576
power_of_two,codex291:8:291007:932,843.9742860794067,63982,1,1.9618872366845608,1.9622824788093567
power_of_two,codex603:15:603014:933,845.3228070735931,78928,1,1.635005846619606,1.6354408711194992
power_of_two,codex278:19:278018:934,845.6295325756073,94632,1,1.3050172179937363,1.3055430613458157
power_of_two,codex421:26:421025:935,846.4848010540009,79898,1,2.5863193720579147,2.586786862462759
power_of_two,codex234:21:234020:936,846.7762823104858,79915,1,6.239115919917822,6.254734560847282
power_of_two,codex359:12:359011:937,846.9247975349426,45144,1,0.6753868088126183,0.6756961569190025
power_of_two,codex129:12:129011:938,847.4296314716339,63261,1,3.427942682057619,3.4283186197280884
power_of_two,codex308:24:308023:939,848.6317052841187,128498,1,5.563194029033184,5.56451128423214
power_of_two,codex139:5:139004:940,848.8020243644714,50678,1,1.8175786137580872,1.81805769354105
power_of_two,codex603:16:603015:941,849.0608654022217,79149,1,5.570255201309919,5.57069543749094
power_of_two,codex359:13:359012:942,850.0962347984314,49965,1,2.7230290584266186,2.723365366458893
power_of_two,codex506:41:506040:943,851.7689323425293,125231,1,1.5912214331328869,1.5919737964868546
power_of_two,codex509:44:509043:944,852.2524993419647,108914,1,2.542102511972189,2.542845968157053
power_of_two,codex443:16:443015:945,852.4397759437561,54470,1,1.068051803857088,1.068372379988432
power_of_two,codex405:17:405016:946,852.6075809001923,53785,1,2.027593906968832,2.027905337512493
power_of_two,codex121:15:121014:947,852.8122971057892,65258,1,1.8268770463764668,1.8272524662315845
power_of_two,codex422:41:422040:949,853.8164913654327,55093,1,1.0024158880114555,1.0027339980006218
power_of_two,codex241:3:241002:950,854.0172970294952,27170,1,2.2043155692517757,2.2046584486961365
power_of_two,codex40:1:40000:951,854.0646493434906,13459,1,1.6079713962972164,1.6081035062670708
power_of_two,codex308:25:308024:948,854.6181855201721,128619,1,3.900893647223711,3.901647239923477
power_of_two,codex110:35:110034:952,855.3762407302856,146863,1,8.269665766507387,8.270630117505789
power_of_two,codex234:22:234021:953,855.6668860912323,82270,1,3.8804203048348427,3.881002441048622
power_of_two,codex291:9:291008:954,857.361524105072,72387,1,5.117658231407404,5.1184205785393715
power_of_two,codex443:17:443016:955,857.5770044326782,60205,1,6.131835151463747,6.132470816373825
power_of_two,codex603:17:603016:956,857.8451588153839,79563,1,1.7417082488536835,1.7421517930924892
power_of_two,codex421:27:421026:957,858.1104457378387,81077,1,5.604590106755495,5.605028498917818
power_of_two,codex422:42:422041:958,859.4078578948975,55369,1,3.0765710584819317,3.0768999494612217
power_of_two,codex139:6:139005:959,859.9638040065765,56911,1,5.569929365068674,5.570392057299614
power_of_two,codex506:42:506041:960,860.6093242168427,128416,1,4.996381334960461,5.278209071606398
power_of_two,codex121:16:121015:961,860.8206021785736,65543,1,0.7119958959519863,0.712447751313448
power_of_two,codex355:12:355011:962,860.9076101779938,27205,1,0.675201091915369,0.675483763217926
power_of_two,codex509:45:509044:963,863.0318245887756,109122,1,1.0223469696938992,1.0230055823922157
power_of_two,codex40:2:40001:964,863.0917224884033,17142,1,1.3032931089401245,1.3035263121128082
power_of_two,codex116:31:116030:965,863.4499549865723,115540,1,2.930331874638796,2.9310217015445232
power_of_two,codex241:4:241003:966,864.717527627945,30914,1,1.1727254092693329,1.1729523986577988
power_of_two,codex234:23:234022:967,865.8820140361786,82606,1,1.4139874428510666,1.4144696034491062
power_of_two,codex525:7:525006:968,866.2693841457367,38729,1,0.761613056063652,0.7620057165622711
power_of_two,codex603:18:603017:969,866.691121339798,81465,1,1.643124807626009,1.6435996480286121
power_of_two,codex506:43:506042:970,867.9399313926697,131278,1,4.613024774938822,4.613835345953703
power_of_two,codex443:18:443017:971,868.3203828334808,60607,1,1.5338562577962875,1.534221887588501
power_of_two,codex116:32:116031:972,869.7956719398499,117216,1,3.11811937764287,3.1187336519360542
power_of_two,codex251:1:251000:973,869.848813533783,13343,1,1.2333150021731853,1.2334560081362724
power_of_two,codex241:5:241004:974,872.0918946266174,35394,1,2.864619567990303,2.8648630417883396
power_of_two,codex443:19:443018:975,872.372540473938,61710,1,2.5884854905307293,2.5888451859354973
power_of_two,codex603:19:603018:976,873.2679085731506,81645,1,1.6982130482792854,1.6986674964427948
power_of_two,codex234:24:234023:977,873.5506980419159,83422,1,1.7464741989970207,1.746952909976244
power_of_two,codex40:3:40002:978,873.6431310176849,27369,1,4.549501698464155,4.549720633774996
power_of_two,codex116:33:116032:979,874.7282054424286,118735,1,3.472560618072748,3.4732068218290806
power_of_two,codex121:17:121016:980,874.9493443965912,65646,1,1.0098195038735867,1.0102303996682167
power_of_two,codex251:2:251001:981,875.2836692333221,16537,1,0.6946572996675968,0.6948790512979031
power_of_two,codex278:20:278019:982,876.8059692382812,94789,1,1.6307105049490929,1.631215538829565
power_of_two,codex139:7:139006:983,876.9982740879059,60021,1,2.0901041217148304,2.0905667692422867
power_of_two,codex355:13:355012:984,878.1879546642303,27664,1,0.9137301221489906,0.9140032939612865
power_of_two,codex415:4:415003:985,879.0243580341339,33575,1,1.0113010667264462,1.0115395113825798
power_of_two,codex234:25:234024:986,879.5204048156738,86728,1,5.997126378118992,5.997598513960838
power_of_two,codex116:34:116033:987,880.0250198841095,119223,1,5.513894774019718,5.514493063092232
power_of_two,codex603:20:603019:988,880.3904149532318,81826,1,1.1536314114928246,1.154137846082449
power_of_two,codex305:8:305007:989,880.9420230388641,123056,1,4.590092122554779,4.59073219448328
power_of_two,codex421:28:421027:990,881.2129817008972,81283,1,4.298975095152855,4.299479201436043
power_of_two,codex509:46:509045:991,882.254016160965,110929,1,3.270559437572956,3.2711229510605335
power_of_two,codex443:20:443019:992,883.0526165962219,62432,1,1.5094647780060768,1.5099904127418995
power_of_two,codex241:6:241005:993,883.2399532794952,38829,1,1.4591748416423798,1.4595192894339561
power_of_two,codex422:43:422042:994,883.6498045921326,55518,1,0.9407895654439926,0.9411130212247372
power_of_two,codex110:36:110035:995,884.4730298519135,148115,1,6.585820972919464,6.5865589417517185
power_of_two,codex506:44:506043:996,885.3340575695038,131888,1,5.715593367815018,5.716338377445936
power_of_two,codex40:4:40003:997,885.4998321533203,44703,1,5.619223318994045,5.6198414377868176
power_of_two,codex116:35:116034:998,885.949081659317,119573,1,5.178198214620352,5.1788074634969234
power_of_two,codex359:14:359013:999,886.1253638267517,51045,1,4.734182372689247,4.734504509717226
power_of_two,codex525:8:525007:1000,886.3329603672028,39058,1,0.5069668814539909,0.5072528459131718
power_of_two,codex158:1:158000:1001,886.4608602523804,13320,1,1.3941868282854557,1.3943401612341404
power_of_two,codex603:21:603020:1002,887.7115015983582,83629,1,2.4642521888017654,2.4648717492818832
power_of_two,codex415:5:415004:1003,887.8513538837433,39406,1,2.389094762504101,2.38942589238286
power_of_two,codex355:14:355013:1004,888.1202256679535,28644,1,2.1360450387001038,2.136325992643833
power_of_two,codex443:21:443020:1005,889.2591722011566,62813,1,0.9546651281416416,0.955031506717205
power_of_two,codex421:29:421028:1007,890.8491096496582,81802,1,1.6772371791303158,1.6778274402022362
power_of_two,codex359:15:359014:1006,891.0366899967194,51435,1,1.5141230076551437,1.514425877481699
power_of_two,codex121:18:121017:1008,891.390105009079,65759,1,0.8288451246917248,0.8292666934430599
power_of_two,codex603:22:603021:1009,892.0602648258209,84079,1,0.785790104418993,0.7862548716366291
power_of_two,codex355:15:355014:1010,893.118978023529,33132,1,1.912977796047926,1.913359984755516
power_of_two,codex305:9:305008:1011,893.8407733440399,127991,1,6.623346798121929,6.624161306768656
power_of_two,codex139:8:139007:1012,894.0762860774994,73734,1,7.422574892640114,7.423329658806324
power_of_two,codex241:7:241006:1013,894.2897043228149,38958,1,0.7649144493043423,0.7652623206377029
power_of_two,codex129:13:129012:1014,894.5761337280273,63645,1,0.7877757512032986,0.7882275283336639
power_of_two,codex158:2:158001:1015,895.3577923774719,20981,1,1.4504762254655361,1.4506596252322197
power_of_two,codex443:22:443021:1016,895.7558381557465,63119,1,5.748074322938919,5.748433452099562
power_of_two,codex509:47:509046:1017,896.6645655632019,120528,1,10.83744366466999,10.838082704693079
power_of_two,codex525:9:525008:1018,896.8035137653351,40230,1,3.675758618861437,3.676101539283991
power_of_two,codex121:19:121018:1019,897.9021799564362,65894,1,9.590887255966663,9.591273054480553
power_of_two,codex405:18:405017:1020,899.9319019317627,54110,1,0.875674944370985,0.8760130554437637
consistent_hash,codex70:25:70024:201,300.7485508918762,95402,1,1.3742786273360252,1.37559699639678
consistent_hash,codex483:22:483021:202,302.86598658561707,94681,1,1.2133918143808842,1.213931642472744
consistent_hash,codex543:9:543008:203,303.498575925827,39790,1,0.7241161167621613,0.7244669683277607
consistent_hash,codex315:5:315004:204,303.6881744861603,52972,1,2.205571185797453,2.2060053423047066
consistent_hash,codex361:6:361005:205,304.71327018737793,28932,1,0.6180340871214867,0.6182619333267212
consistent_hash,codex509:2:509001:206,305.83490777015686,19675,1,0.9570425637066364,0.9572133794426918
consistent_hash,codex543:10:543009:207,306.63818192481995,40432,1,0.48389727994799614,0.4842693917453289
consistent_hash,codex363:12:363011:208,309.0562891960144,100281,1,1.266759429126978,1.2673127874732018
consistent_hash,codex543:11:543010:209,309.58893179893494,43234,1,1.1041206866502762,1.1044005490839481
consistent_hash,codex152:8:152007:210,310.3123416900635,69766,1,1.0684339478611946,1.068839743733406
consistent_hash,codex361:7:361006:211,310.5415189266205,29427,1,0.3851282596588135,0.38542502000927925
consistent_hash,codex73:1:73000:212,311.6931827068329,13617,1,1.261546764522791,1.26178827136755
consistent_hash,codex543:12:543011:213,312.29926896095276,44523,1,1.2480972185730934,1.248370949178934
consistent_hash,codex25:6:25005:214,312.3919506072998,29495,1,1.129504732787609,1.1298331804573536
consistent_hash,codex315:6:315005:215,313.9177703857422,55594,1,1.4631930552423,1.4635376632213593
consistent_hash,codex506:14:506013:216,315.37177205085754,88788,1,2.596337415277958,2.5968670397996902
consistent_hash,codex363:13:363012:217,317.44716334342957,102936,1,2.4204590655863285,2.4211461804807186
consistent_hash,codex25:7:25006:218,317.8431992530823,31305,1,0.7283717095851898,0.728590052574873
consistent_hash,codex152:9:152008:219,319.03213381767273,70391,1,0.9112332463264465,0.9116125591099262
consistent_hash,codex315:7:315006:220,321.1419425010681,58303,1,1.4367715679109097,1.4371174424886703
consistent_hash,codex422:10:422009:221,321.6871531009674,33410,1,0.7352534085512161,0.7355775907635689
consistent_hash,codex73:2:73001:222,322.33569502830505,21062,1,1.2836339846253395,1.2839033044874668
consistent_hash,codex483:23:483022:223,323.42334723472595,94999,1,1.2613053806126118,1.2618160583078861
consistent_hash,codex363:14:363013:224,324.56821942329407,103989,1,1.4147463329136372,1.4153162837028503
consistent_hash,codex422:11:422010:225,324.67603278160095,34871,1,0.8469961695373058,0.8472357913851738
consistent_hash,codex506:15:506014:226,325.51541018486023,91680,1,4.667933229357004,4.66853965446353
consistent_hash,codex73:3:73002:227,326.37282252311707,25975,1,7.284491501748562,7.284825887531042
consistent_hash,codex152:10:152009:228,326.8362805843353,80379,1,6.870558142662048,6.870989188551903
consistent_hash,codex509:3:509002:229,328.15077018737793,25548,1,1.2366378009319305,1.2369078882038593
consistent_hash,codex25:8:25007:230,328.83725142478943,31890,1,0.394400954246521,0.39462948590517044
consistent_hash,codex315:8:315007:231,329.7384169101715,58817,1,0.6627154722809792,0.6630549468100071
consistent_hash,codex363:15:363014:232,330.9035723209381,104819,1,1.107046291232109,1.1076338738203049
consistent_hash,codex483:24:483023:233,332.458163022995,95605,1,1.2425761707127094,1.2434381917119026
consistent_hash,codex363:16:363015:234,335.98849654197693,105282,1,1.2276894114911556,1.228295423090458
consistent_hash,codex192:1:192000:235,336.30701994895935,13423,1,1.504835832864046,1.5070099234580994
consistent_hash,codex73:4:73003:236,336.7067539691925,27097,1,1.1070391573011875,1.107540387660265
consistent_hash,codex25:9:25008:237,337.20688104629517,36929,1,1.4737646356225014,1.4741284921765327
consistent_hash,codex315:9:315008:238,338.3727238178253,59429,1,0.6980458423495293,0.6983979232609272
consistent_hash,codex509:4:509003:239,339.18010902404785,29637,1,1.0560246370732784,1.056326124817133
consistent_hash,codex25:10:25009:240,339.4449565410614,37534,1,0.516642689704895,0.5169825665652752
consistent_hash,codex152:11:152010:241,341.8993887901306,84188,1,2.6027878299355507,2.603271786123514
consistent_hash,codex543:13:543012:242,343.04635977745056,45033,1,0.6424901746213436,0.6427851617336273
consistent_hash,codex25:11:25010:243,346.59529161453247,37858,1,0.4728027358651161,0.47307660430669785
consistent_hash,codex363:17:363016:244,347.491482257843,106754,1,1.903187371790409,1.903784565627575
consistent_hash,codex73:5:73004:245,347.5782063007355,27291,1,0.6136194989085197,0.6138440631330013
consistent_hash,codex493:27:493026:246,347.82411003112793,85675,1,0.9148149453103542,0.9153189063072205
consistent_hash,codex315:10:315009:247,348.18567657470703,62395,1,1.648824855685234,1.6491936333477497
consistent_hash,codex543:14:543013:248,349.3838794231415,50295,1,2.087531901896,2.08783832937479
consistent_hash,codex483:25:483024:249,350.1702961921692,95729,1,0.8761257193982601,0.8766641989350319
consistent_hash,codex73:6:73005:250,350.72841596603394,31329,1,2.1442755088210106,2.144574761390686
consistent_hash,codex192:2:192001:251,350.7968168258667,20228,1,2.0569017082452774,2.057159971445799
consistent_hash,codex110:1:110000:252,352.71983075141907,13568,1,1.260160993784666,1.2603924833238125
consistent_hash,codex152:12:152011:253,355.6630606651306,86014,1,1.7639506943523884,1.7644205540418625
consistent_hash,codex110:2:110001:254,355.74171018600464,22383,1,1.6374444849789143,1.6376100704073906
consistent_hash,codex422:12:422011:255,355.8537073135376,37248,1,1.3223322816193104,1.3227218240499496
consistent_hash,codex25:12:25011:256,356.41454792022705,38804,1,0.7853071615099907,0.7855524308979511
consistent_hash,codex110:3:110002:257,360.51344752311707,39740,1,4.590656604617834,4.592044338583946
consistent_hash,codex509:5:509004:258,360.74243116378784,35388,1,2.623935017734766,2.6241764053702354
consistent_hash,codex363:18:363017:259,361.59125685691833,107774,1,1.7827699147164822,1.7833233326673508
consistent_hash,codex422:13:422012:260,362.7189257144928,39880,1,0.9533873163163662,0.9536552354693413
consistent_hash,codex493:28:493027:261,363.35772800445557,85849,1,1.7531052492558956,1.753579493612051
consistent_hash,codex152:13:152012:262,364.7248582839966,87205,1,2.9171514324843884,2.9176619425415993
consistent_hash,codex543:15:543014:263,364.88539958000183,50727,1,0.7061689496040344,0.7065087780356407
consistent_hash,codex192:3:192002:264,364.9810254573822,29980,1,2.9994404949247837,2.999778389930725
consistent_hash,codex70:26:70025:265,365.44479513168335,96307,1,1.3661970347166061,1.3668492026627064
consistent_hash,codex25:13:25012:266,365.5850918292999,42088,1,1.1609399318695068,1.1612344719469547
consistent_hash,codex363:19:363018:267,367.62810039520264,108157,1,1.2978216111660004,1.2985164821147919
consistent_hash,codex509:6:509005:268,367.9063663482666,36179,1,1.0341469086706638,1.034451186656952
consistent_hash,codex192:4:192003:269,368.71144700050354,36263,1,2.4072038047015667,2.407517109066248
consistent_hash,codex152:14:152013:270,369.35491156578064,87698,1,3.4517518244683743,3.4522554352879524
consistent_hash,codex116:1:116000:271,369.4046936035156,13777,1,3.006893403828144,3.0070204213261604
consistent_hash,codex73:7:73006:272,369.6326251029968,31697,1,2.9185367189347744,2.918753534555435
consistent_hash,codex110:4:110003:273,369.83651757240295,44001,1,2.1690135151147842,2.169399656355381
consistent_hash,codex493:29:493028:274,370.22698163986206,86052,1,1.8260632380843163,1.826548870652914
consistent_hash,codex25:14:25013:275,370.36253118515015,42794,1,0.5256317518651485,0.5260435231029987
consistent_hash,codex70:27:70026:276,372.4048664569855,97725,1,1.7505212724208832,1.7510622628033161
consistent_hash,codex116:2:116001:278,372.54675698280334,39647,1,9.663586176931858,9.663958732038736
consistent_hash,codex73:8:73007:277,372.6717777252197,38821,1,9.663190100342035,9.671401839703321
consistent_hash,codex422:14:422013:279,372.79722237586975,40792,1,0.5650674365460873,0.5654442347586155
consistent_hash,codex509:7:509006:280,373.9455258846283,44064,1,2.473655242472887,2.4739609099924564
consistent_hash,codex506:16:506015:281,374.80087780952454,93738,1,7.541578307747841,7.5429277047514915
consistent_hash,codex152:15:152014:282,375.10505199432373,87856,1,7.4085668213665485,7.409044452011585
consistent_hash,codex315:11:315010:283,375.8660469055176,64178,1,1.3376551046967506,1.3380383513867855
consistent_hash,codex493:30:493029:284,376.2169678211212,89095,1,2.303786024451256,2.3042927123606205
consistent_hash,codex192:5:192004:286,377.19663548469543,37765,1,5.307814609259367,5.308062262833118
consistent_hash,codex483:26:483025:287,379.31924390792847,96435,1,1.0147069282829762,1.0152531452476978
consistent_hash,codex315:12:315011:288,380.1917703151703,67213,1,1.7564942426979542,1.7569138295948505
consistent_hash,codex509:8:509007:289,381.67538142204285,45184,1,0.8332181237637997,0.8334956578910351
consistent_hash,codex73:9:73008:285,382.4985764026642,43704,1,2.191134389489889,2.1915327981114388
consistent_hash,codex363:20:363019:291,382.8891849517822,109770,1,3.0061685256659985,3.0067415721714497
consistent_hash,codex506:17:506016:292,383.21527886390686,93935,1,1.6367947608232498,1.6373065747320652
consistent_hash,codex543:16:543015:293,384.00434160232544,59782,1,4.756383046507835,4.7571117505431175
consistent_hash,codex25:15:25014:294,384.1392312049866,43124,1,3.475309878587723,3.4756899811327457
consistent_hash,codex483:27:483026:295,384.56097984313965,96596,1,1.3402596525847912,1.3407518677413464
consistent_hash,codex73:10:73009:290,384.8420991897583,44935,1,1.045289997011423,1.045581553131342
consistent_hash,codex493:31:493030:296,385.22349977493286,104366,1,11.144243571907282,11.144932679831982
consistent_hash,codex70:28:70027:297,385.5885486602783,98291,1,1.330288004130125,1.330813754349947
consistent_hash,codex152:16:152015:298,385.87817215919495,88005,1,0.7739594429731369,0.7744801603257656
consistent_hash,codex422:15:422014:299,386.054270029068,42660,1,2.7104003988206387,2.710665911436081
consistent_hash,codex152:17:152016:300,389.62937116622925,88136,1,0.8163204938173294,0.8168247975409031
consistent_hash,codex363:21:363020:301,390.04693698883057,110123,1,1.3254825063049793,1.3260630406439304
consistent_hash,codex361:8:361007:302,390.14342641830444,29784,1,0.38333994150161743,0.3836546652019024
consistent_hash,codex73:11:73010:303,390.8415958881378,47407,1,1.1160577833652496,1.1164758279919624
consistent_hash,codex315:13:315012:304,391.36117911338806,67833,1,0.7505830936133862,0.7509643696248531
consistent_hash,codex361:9:361008:305,393.008425951004,32933,1,1.0824292562901974,1.082659263163805
consistent_hash,codex543:17:543016:306,393.87699699401855,67574,1,3.775902148336172,3.776293307542801
consistent_hash,codex110:5:110004:307,394.028685092926,48340,1,2.360370110720396,2.360651306807995
consistent_hash,codex213:1:213000:308,394.07635164260864,13027,1,1.1999255046248436,1.200203686952591
consistent_hash,codex361:10:361009:309,396.85320830345154,33505,1,0.41412676125764847,0.41445713862776756
consistent_hash,codex152:18:152017:310,398.7904694080353,88259,1,1.0259060077369213,1.0264197289943695
consistent_hash,codex213:2:213001:311,398.86139702796936,21057,1,1.3197115324437618,1.3199799582362175
consistent_hash,codex543:18:543017:312,399.3913993835449,69881,1,1.7264202237129211,1.7268296293914318
consistent_hash,codex509:9:509008:313,399.5348401069641,45999,1,0.8238940574228764,0.8241898380219936
consistent_hash,codex73:12:73011:314,400.35242676734924,48522,1,0.8585639633238316,0.8589265570044518
consistent_hash,codex192:6:192005:315,402.0827577114105,41600,1,4.187013626098633,4.187412440776825
consistent_hash,codex73:13:73012:316,402.36256551742554,56464,1,7.727520074695349,7.7342274114489555
consistent_hash,codex361:11:361010:317,403.14403200149536,35258,1,0.6644871905446053,0.6648461818695068
consistent_hash,codex152:19:152018:318,403.65698981285095,88423,1,6.4391165263950825,6.440397210419178
consistent_hash,codex506:18:506017:319,404.16870164871216,94094,1,5.934968210756779,5.935565613210201
consistent_hash,codex315:14:315013:320,404.389004945755,71567,1,2.7615650296211243,2.7621212415397167
consistent_hash,codex70:29:70028:321,404.74216508865356,98557,1,2.4597733467817307,2.460402525961399
consistent_hash,codex116:3:116002:322,404.9084596633911,48493,1,5.584129694849253,5.5844166204333305
consistent_hash,codex543:19:543018:323,405.32587599754333,71484,1,2.1817433163523674,2.1822651363909245
consistent_hash,codex25:16:25015:324,405.82479882240295,45536,1,1.7064396403729916,1.7067131958901882
consistent_hash,codex213:3:213002:325,406.6565749645233,25096,1,0.9114754535257816,0.9117435961961746
consistent_hash,codex363:22:363021:326,408.1103000640869,112118,1,2.3891422413289547,2.3897098898887634
consistent_hash,codex192:7:192006:328,408.54801750183105,41932,1,1.9409802965819836,1.9412462264299393
consistent_hash,codex493:32:493031:329,409.35584592819214,107448,1,3.3479686491191387,3.348570290952921
consistent_hash,codex166:1:166000:330,410.1575860977173,14321,1,1.6771147586405277,1.6773221902549267
consistent_hash,codex506:19:506018:327,410.4796323776245,94209,1,0.6530073806643486,0.6535245403647423
consistent_hash,codex543:20:543019:331,410.73033833503723,71649,1,0.8180060014128685,0.8184284456074238
consistent_hash,codex192:8:192007:332,411.54047298431396,44576,1,1.2332807630300522,1.2336799800395966
consistent_hash,codex70:30:70029:333,412.2266745567322,99004,1,1.1847406290471554,1.1853943355381489
consistent_hash,codex152:20:152019:334,412.5110116004944,88547,1,1.0333691723644733,1.0338821411132812
consistent_hash,codex110:6:110005:335,412.6809091567993,53518,1,2.2473760321736336,2.2477367483079433
consistent_hash,codex166:2:166001:336,413.53306341171265,25686,1,2.247350662946701,2.2475314252078533
consistent_hash,codex213:4:213003:337,414.9223527908325,25687,1,0.855560090392828,0.8557513654232025
consistent_hash,codex70:31:70030:338,415.5153970718384,99279,1,2.8142093494534492,2.8148280158638954
consistent_hash,codex315:15:315014:339,415.77150321006775,75438,1,2.505616493523121,2.5061850398778915
consistent_hash,codex509:10:509009:340,416.23520946502686,46638,1,0.5576654709875584,0.5580182038247585
consistent_hash,codex509:11:509010:341,417.53658533096313,48849,1,1.1397620774805546,1.1402028948068619
consistent_hash,codex213:5:213004:342,418.43371510505676,28569,1,0.8479164578020573,0.8481356799602509
consistent_hash,codex116:4:116003:343,418.89462780952454,53663,1,2.48265752568841,2.48298167809844
consistent_hash,codex363:23:363022:344,420.08143043518066,112236,1,1.3031198009848595,1.303725726902485
consistent_hash,codex315:16:315015:345,420.34419870376587,78032,1,1.8809925094246864,1.8814470879733562
consistent_hash,codex506:20:506019:346,420.75511050224304,94657,1,5.572301607578993,5.5729951076209545
consistent_hash,codex152:21:152020:347,421.0806517601013,95587,1,5.639420848339796,5.6399326883256435
consistent_hash,codex509:12:509011:348,421.2496702671051,49988,1,2.758950013667345,2.7595514096319675
consistent_hash,codex361:12:361011:349,421.36961793899536,35643,1,0.3781803585588932,0.378532275557518
consistent_hash,codex543:21:543020:350,421.7321774959564,71893,1,0.6249365173280239,0.6253434345126152
consistent_hash,codex220:4:220003:351,421.9792733192444,40239,1,3.616174452006817,3.6165772080421448
consistent_hash,codex166:3:166002:352,422.841668844223,29783,1,1.097943365573883,1.0981674157083035
consistent_hash,codex213:6:213005:353,423.4904942512512,29883,1,0.521094586700201,0.5212945342063904
consistent_hash,codex543:22:543021:354,424.497838973999,77440,1,3.138116229325533,3.1385877430438995
consistent_hash,codex506:21:506020:355,426.66295623779297,94828,1,2.0398448295891285,2.0410271510481834
consistent_hash,codex421:1:421000:356,426.7126295566559,13368,1,1.9820255488157272,1.990427102893591
consistent_hash,codex152:22:152021:357,427.45396542549133,95756,1,1.2960367612540722,1.2965301238000393
consistent_hash,codex152:23:152022:358,429.20023918151855,100235,1,3.8674664311110973,3.868148237466812
consistent_hash,codex110:7:110006:359,429.3758511543274,54220,1,0.7221996486186981,0.7225399762392044
consistent_hash,codex493:33:493032:360,429.93221068382263,122761,1,12.359116602689028,12.359855610877275
consistent_hash,codex213:7:213006:361,430.02887868881226,30123,1,0.375701192766428,0.3760193698108196
consistent_hash,codex506:22:506021:362,430.7704048156738,95022,1,2.342827510088682,2.3433342650532722
consistent_hash,codex361:13:361012:363,430.88413977622986,35921,1,0.362291157245636,0.36256103962659836
consistent_hash,codex315:17:315016:364,434.59041833877563,80181,1,1.6311609260737896,1.631629589945078
consistent_hash,codex116:5:116004:365,435.26718974113464,55876,1,1.4293257854878902,1.4296760745346546
consistent_hash,codex543:23:543022:366,435.99816155433655,78577,1,1.1423072703182697,1.1427569724619389
consistent_hash,codex166:4:166003:367,436.0973196029663,31663,1,0.6662096343934536,0.6665142737329006
consistent_hash,codex213:8:213007:368,436.59064507484436,35710,1,1.6583371497690678,1.6586965210735798
consistent_hash,codex421:2:421001:369,436.69035363197327,30402,1,3.3620806261897087,3.362296652048826
consistent_hash,codex509:13:509012:370,439.6107563972473,54607,1,2.155945360660553,2.156289141625166
consistent_hash,codex110:8:110007:371,440.04662799835205,55773,1,2.268829330801964,2.2691661715507507
consistent_hash,codex166:5:166004:372,441.758504152298,54050,1,7.834404420107603,7.8347557708621025
consistent_hash,codex543:24:543023:373,442.575706243515,79148,1,0.8797812722623348,0.8802451118826866
consistent_hash,codex548:1:548000:374,442.9349913597107,13754,1,6.920057386159897,6.920260798186064
consistent_hash,codex213:9:213008:375,444.3018934726715,37539,1,0.7819310128688812,0.7822957448661327
consistent_hash,codex110:9:110008:376,444.76883816719055,73383,1,7.919629845768213,7.9200655817985535
consistent_hash,codex421:3:421002:378,446.1823511123657,38488,1,2.3105761520564556,2.310907695442438
consistent_hash,codex543:25:543024:379,447.5450527667999,81167,1,1.5404924750328064,1.5409965328872204
consistent_hash,codex220:5:220004:380,447.73473596572876,41257,1,0.6673031486570835,0.6676454842090607
consistent_hash,codex315:18:315017:381,449.07534646987915,82558,1,1.6845732033252716,1.68503138422966
consistent_hash,codex25:17:25016:382,449.58521604537964,60104,1,7.555162414908409,7.555673133581877
consistent_hash,codex548:2:548001:377,449.9405643939972,26062,1,2.2709407433867455,2.2711339630186558
consistent_hash,codex361:14:361013:383,450.1542429924011,36031,1,0.34957341849803925,0.3499217666685581
consistent_hash,codex73:14:73013:384,451.04903650283813,57436,1,1.1667404249310493,1.167081717401743
consistent_hash,codex509:14:509013:385,451.2205321788788,56082,1,0.9985167495906353,0.9988328851759434
consistent_hash,codex506:23:506022:386,451.9317858219147,96366,1,2.1302217729389668,2.1308539919555187
consistent_hash,codex543:26:543025:387,452.1953616142273,84297,1,4.992215879261494,4.992708925157785
consistent_hash,codex421:4:421003:388,452.564044713974,39004,1,1.5142166465520859,1.5144582837820053
consistent_hash,codex548:3:548002:389,452.68093180656433,36619,1,2.8130037151277065,2.813256297260523
consistent_hash,codex116:6:116005:390,454.97479033470154,61123,1,3.240531824529171,3.240875031799078
consistent_hash,codex166:6:166005:391,455.3092694282532,58651,1,2.9019894413650036,2.9023371934890747
consistent_hash,codex73:15:73014:392,455.4875559806824,57760,1,2.7311252020299435,2.731445759534836
consistent_hash,codex493:34:493033:393,457.8772249221802,125897,1,3.6559793949127197,3.6567230969667435
consistent_hash,codex70:32:70031:394,458.20041060447693,99604,1,0.8730884678661823,0.8736533112823963
consistent_hash,codex220:6:220005:395,458.4910590648651,61910,1,10.387565232813358,10.387922555208206
consistent_hash,codex509:15:509014:396,458.70827865600586,62314,1,10.173998437821865,10.174341589212418
consistent_hash,codex315:19:315018:397,459.9591484069824,83562,1,1.2340143136680126,1.2344874031841755
consistent_hash,codex421:5:421004:398,460.642546415329,45676,1,2.4029670506715775,2.4032568261027336
consistent_hash,codex422:16:422015:399,460.7798099517822,42885,1,0.3894593082368374,0.38984764739871025
consistent_hash,codex543:27:543026:400,463.6184113025665,86720,1,2.2453900650143623,2.245877493172884
consistent_hash,codex166:7:166006:401,463.8119707107544,61781,1,1.7682064101099968,1.768572311848402
consistent_hash,codex70:33:70032:402,464.4692816734314,99805,1,0.6630917303264141,0.6636656150221825
consistent_hash,codex110:10:110009:403,464.9643235206604,75626,1,1.6013281121850014,1.6017914675176144
consistent_hash,codex506:24:506023:404,465.5699851512909,99771,1,2.7043007910251617,2.7048601992428303
consistent_hash,codex25:18:25017:405,466.48954606056213,65021,1,2.5227002948522568,2.5230762399733067
consistent_hash,codex110:11:110010:406,467.49353098869324,83909,1,4.87396177276969,4.874431267380714
consistent_hash,codex234:1:234000:407,467.54369354248047,13534,1,1.3308687657117844,1.3309941701591015
consistent_hash,codex315:20:315019:408,468.73054671287537,84451,1,1.2860411778092384,1.2865173146128654
consistent_hash,codex213:10:213009:409,468.86978912353516,42200,1,1.6596856638789177,1.6600262820720673
consistent_hash,codex116:7:116006:410,469.8693428039551,64702,1,2.10638315230608,2.1067686676979065
consistent_hash,codex422:17:422016:411,470.0081236362457,43073,1,0.41821345686912537,0.4185837619006634
consistent_hash,codex548:4:548003:412,471.6616699695587,39940,1,1.9390613846480846,1.9394151605665684
consistent_hash,codex234:2:234001:413,472.07160997390747,17820,1,1.5383690521121025,1.5385896563529968
consistent_hash,codex493:35:493034:414,474.1697950363159,134697,1,8.661649737507105,8.663696635514498
consistent_hash,codex166:8:166007:415,475.76442766189575,65626,1,2.068917740136385,2.06931683793664
consistent_hash,codex315:21:315020:416,476.07339882850647,84693,1,0.7440711930394173,0.7445641420781612
consistent_hash,codex315:22:315021:417,478.8382544517517,85244,1,1.2710720635950565,1.2715588137507439
consistent_hash,codex110:12:110011:418,479.11635422706604,84772,1,3.7247419618070126,3.725479420274496
consistent_hash,codex509:16:509015:419,479.47799038887024,63025,1,0.9564302191138268,0.9568101465702057
consistent_hash,codex548:5:548004:420,479.6137776374817,42982,1,1.269996266812086,1.2703656516969204
consistent_hash,codex361:15:361014:422,481.76246213912964,42569,1,2.118326224386692,2.118715714663267
consistent_hash,codex25:19:25018:423,482.1352708339691,67248,1,1.5316666178405285,1.5320751406252384
consistent_hash,codex166:9:166008:424,482.77078652381897,66306,1,2.39932643994689,2.399864997714758
consistent_hash,codex110:13:110012:421,483.1341586112976,89603,1,3.2825694382190704,3.2830783389508724
consistent_hash,codex548:6:548005:425,483.375262260437,47455,1,1.82227036729455,1.8225501999258995
consistent_hash,codex509:17:509016:426,484.86452198028564,64840,1,1.7344466634094715,1.734802007675171
consistent_hash,codex220:7:220006:427,485.0536353588104,62358,1,1.5117498338222504,1.5121943578124046
consistent_hash,codex422:18:422017:428,486.0506718158722,43513,1,0.40203559398651123,0.40238046273589134
consistent_hash,codex548:7:548006:429,487.5093002319336,55517,1,6.034120474010706,6.034742407500744
consistent_hash,codex493:36:493035:430,488.65910959243774,143050,1,10.450802721083164,10.452217072248459
consistent_hash,codex234:3:234002:431,488.73594975471497,22408,1,4.809958625584841,4.81012761592865
consistent_hash,codex213:11:213010:432,488.8725414276123,43628,1,0.7806321419775486,0.781030360609293
consistent_hash,codex110:14:110013:433,489.40428256988525,93010,1,9.714250575751066,9.714833613485098
consistent_hash,codex509:18:509017:434,489.95879316329956,66802,1,1.750923190265894,1.7512903548777103
consistent_hash,codex166:10:166009:435,490.16437005996704,69133,1,3.8923556953668594,3.8927521221339703
consistent_hash,codex116:8:116007:436,490.47270131111145,65345,1,0.744262084364891,0.7446566261351109
consistent_hash,codex213:12:213011:437,490.7838957309723,44901,1,0.9215947911143303,0.9218767508864403
consistent_hash,codex506:25:506024:438,491.69599175453186,102551,1,5.283572480082512,5.28413999825716
consistent_hash,codex308:1:308000:439,492.15489530563354,13069,1,1.9062043391168118,1.9063964858651161
consistent_hash,codex422:19:422018:440,493.02536964416504,44221,1,0.6065371297299862,0.6068140529096127
consistent_hash,codex116:9:116008:441,493.3713319301605,71073,1,3.64198025316,3.642374575138092
consistent_hash,codex70:34:70033:442,495.2949130535126,100262,1,1.2718887217342854,1.2725515961647034
consistent_hash,codex166:11:166010:443,495.5144271850586,69310,1,0.6019415743649006,0.6023756302893162
consistent_hash,codex213:13:213012:445,498.2710826396942,46847,1,1.178197331726551,1.1784803792834282
consistent_hash,codex234:4:234003:446,498.5548610687256,24500,1,0.8911659345030785,0.8913493566215038
consistent_hash,codex110:15:110014:444,499.4384775161743,93781,1,1.7335817962884903,1.7341351620852947
consistent_hash,codex548:8:548007:447,500.4237117767334,60641,1,3.572477590292692,3.5729527436196804
consistent_hash,codex220:8:220007:448,500.91420102119446,62623,1,0.7151712849736214,0.7155348472297192
consistent_hash,codex213:14:213013:449,501.064724445343,48928,1,1.1388789899647236,1.1392618156969547
consistent_hash,codex308:2:308001:450,501.16415452957153,30695,1,4.748952459543943,4.749298449605703
consistent_hash,codex422:20:422019:451,504.6468460559845,44912,1,0.5302903354167938,0.5306069552898407
consistent_hash,codex509:19:509018:452,506.31574058532715,67866,1,0.8936166949570179,0.8940267600119114
consistent_hash,codex234:5:234004:453,506.84700417518616,27533,1,0.824480976909399,0.8247834406793118
consistent_hash,codex220:9:220008:454,507.61320662498474,62906,1,0.7567525655031204,0.7571305893361568
consistent_hash,codex110:16:110015:455,508.35988783836365,96634,1,2.300382524728775,2.3012590296566486
consistent_hash,codex308:3:308002:456,508.58240604400635,45136,1,7.571810707449913,7.572185203433037
consistent_hash,codex367:1:367000:457,508.6299002170563,13427,1,4.292255531996489,4.29245039075613
consistent_hash,codex548:9:548008:458,510.98590207099915,65934,1,5.204880729317665,5.205248303711414
consistent_hash,codex70:35:70034:459,511.4006145000458,100487,1,0.8918425142765045,0.8923938013613224
consistent_hash,codex116:10:116009:460,513.9561746120453,71365,1,0.634461309760809,0.6348984241485596
consistent_hash,codex110:17:110016:461,514.3752989768982,100549,1,3.105240449309349,3.1057976111769676
consistent_hash,codex220:10:220009:462,515.3377976417542,63195,1,0.5748968347907066,0.575289037078619
consistent_hash,codex70:36:70035:463,517.2606158256531,107679,1,5.386959690600634,5.3876141011714935
consistent_hash,codex422:21:422020:464,518.3207728862762,49343,1,1.6938413009047508,1.6941484399139881
consistent_hash,codex166:12:166011:465,518.6560950279236,75701,1,6.160104315727949,6.1605513617396355
consistent_hash,codex116:11:116010:466,519.9508299827576,74331,1,1.9622861370444298,1.9627042636275291
consistent_hash,codex110:18:110017:467,520.8141856193542,101429,1,1.483624406158924,1.4841779507696629
consistent_hash,codex220:11:220010:468,521.1603810787201,63334,1,0.5949147120118141,0.5953088477253914
consistent_hash,codex308:4:308003:469,521.5720300674438,55149,1,4.177062060683966,4.177395388484001
consistent_hash,codex192:9:192008:470,523.4327111244202,45161,1,0.6303618550300598,0.6306620612740517
consistent_hash,codex220:12:220011:471,525.741135597229,63422,1,0.5149231888353825,0.5153171233832836
consistent_hash,codex422:22:422021:472,526.1601684093475,49622,1,0.8454876728355885,0.8458070270717144
consistent_hash,codex234:6:234005:473,526.2493715286255,27733,1,0.35832205042243004,0.3586169332265854
consistent_hash,codex25:20:25019:474,526.998039484024,67883,1,0.8697206452488899,0.8701190166175365
consistent_hash,codex308:5:308004:475,528.3552234172821,94857,1,21.34336953982711,21.350388273596764
consistent_hash,codex110:19:110018:476,528.8757333755493,102149,1,1.1242602206766605,1.1249286010861397
consistent_hash,codex548:10:548009:477,529.4564754962921,66477,1,20.245829474180937,20.249036855995655
consistent_hash,codex234:7:234006:478,530.4443709850311,27798,1,19.260462623089552,19.26065194234252
consistent_hash,codex506:26:506025:479,531.4837951660156,103123,1,1.8278730772435665,1.8285074941813946
consistent_hash,codex116:12:116011:480,531.717796087265,74885,1,1.5372798442840576,1.5377906039357185
consistent_hash,codex70:37:70036:481,532.1754179000854,107758,1,0.764362309128046,0.7650519832968712
consistent_hash,codex166:13:166012:482,532.9276907444,76175,1,17.365619111806154,17.366051465272903
consistent_hash,codex543:28:543027:483,534.0939090251923,88356,1,1.4586652517318726,1.4591794461011887
consistent_hash,codex367:2:367001:484,534.6473920345306,21050,1,16.65022112056613,16.650486681610346
consistent_hash,codex220:13:220012:485,534.9912672042847,63602,1,0.5976771451532841,0.5980341397225857
consistent_hash,codex506:27:506026:486,536.4337937831879,103687,1,3.204334542155266,3.2048693895339966
consistent_hash,codex116:13:116012:487,537.051397562027,77957,1,2.580126043409109,2.580572333186865
consistent_hash,codex70:38:70037:488,538.0044693946838,119108,1,9.138675585389137,9.139688171446323
consistent_hash,codex25:21:25020:490,538.9478073120117,75891,1,4.1241630129516125,4.124636214226484
consistent_hash,codex315:23:315022:491,539.6194930076599,85849,1,7.531576532870531,7.532042004168034
consistent_hash,codex278:1:278000:492,541.4076571464539,13270,1,12.021870855242014,12.024231310933828
consistent_hash,codex509:20:509019:493,543.5014026165009,68105,1,0.4911770522594452,0.49159088358283043
consistent_hash,codex509:21:509020:496,545.708550453186,71061,1,1.8417936228215694,1.8422143049538136
consistent_hash,codex543:29:543028:497,546.1134328842163,88718,1,0.8089026845991611,0.8094302900135517
consistent_hash,codex25:22:25021:498,548.9158020019531,76161,1,0.9084080681204796,0.9088479429483414
consistent_hash,codex509:22:509021:499,549.1492052078247,73848,1,2.0745254047214985,2.0749515369534492
consistent_hash,codex338:1:338000:501,549.5845832824707,13413,1,1.6336839236319065,1.6338151954114437
consistent_hash,codex234:8:234007:489,549.806431055069,29656,1,3.6252281852066517,3.6257265768945217
consistent_hash,codex166:14:166013:494,550.5658597946167,80085,1,4.319838181138039,4.320401255041361
consistent_hash,codex543:30:543029:502,551.0572309494019,91147,1,2.359151691198349,2.359692569822073
consistent_hash,codex192:10:192009:503,551.2141563892365,48402,1,4.377882786095142,4.3781831450760365
consistent_hash,codex548:11:548010:505,551.6326725482941,68800,1,4.250657673925161,4.2513557523489
consistent_hash,codex116:14:116013:506,552.0532524585724,82594,1,3.54408160969615,3.54454680159688
consistent_hash,codex367:3:367002:507,552.2423133850098,22873,1,3.6435709297657013,3.643764529377222
consistent_hash,codex315:24:315023:508,552.9828608036041,86333,1,1.2323763109743595,1.23285511136055
consistent_hash,codex25:23:25022:509,553.2360827922821,76547,1,0.85577542334795,0.8562166728079319
consistent_hash,codex338:2:338001:510,553.408563375473,14073,1,0.2630193494260311,0.26355043426156044
consistent_hash,codex234:9:234008:495,553.5464549064636,33258,1,3.7297085151076317,3.73008519038558
consistent_hash,codex166:15:166014:504,555.2023985385895,82303,1,3.3968690931797028,3.3976945988833904
consistent_hash,codex220:14:220013:511,555.583268404007,71909,1,5.448430106043816,5.448837652802467
consistent_hash,codex278:2:278001:512,556.9471569061279,40498,1,6.343358151614666,6.343904908746481
consistent_hash,codex234:10:234009:500,557.3914496898651,34730,1,5.9020317532122135,5.902256283909082
consistent_hash,codex421:6:421005:513,557.6649041175842,46469,1,0.925565779209137,0.9260688535869122
consistent_hash,codex509:23:509022:514,558.5799572467804,75703,1,2.456497795879841,2.4569177255034447
consistent_hash,codex25:24:25023:515,559.411363363266,76669,1,0.5468917116522789,0.5473556965589523
consistent_hash,codex543:31:543030:516,560.5093655586243,111657,1,13.684026211500168,13.685310509055853
consistent_hash,codex116:15:116014:517,561.0204892158508,90999,1,6.313539572060108,6.314366638660431
consistent_hash,codex192:11:192010:519,562.1279957294464,51221,1,5.210392773151398,5.210695341229439
consistent_hash,codex213:15:213014:520,562.3728544712067,51226,1,1.7236953973770142,1.724115688353777
consistent_hash,codex166:16:166015:521,562.9795529842377,82777,1,1.6748396903276443,1.6753255240619183
consistent_hash,codex338:3:338002:522,563.039511680603,18120,1,1.0657981894910336,1.0660149939358234
consistent_hash,codex234:11:234010:518,563.4069340229034,36635,1,1.5955957360565662,1.5959327593445778
consistent_hash,codex422:23:422022:523,563.8705661296844,50065,1,10.333187855780125,10.333495892584324
consistent_hash,codex315:25:315024:524,564.391538143158,86524,1,0.8712451495230198,0.8717257715761662
consistent_hash,codex367:4:367003:525,564.4721639156342,24497,1,0.5431741699576378,0.5434311851859093
consistent_hash,codex453:1:453000:526,565.9957900047302,13604,1,1.2599624022841454,1.2601943537592888
consistent_hash,codex367:5:367004:527,567.2319760322571,25192,1,0.3533303365111351,0.353511318564415
consistent_hash,codex367:6:367005:528,568.531795501709,29093,1,1.0225582160055637,1.0227793119847775
consistent_hash,codex213:16:213015:530,570.5489213466644,56871,1,2.62526785582304,2.6257533133029938
consistent_hash,codex338:4:338003:531,571.0061807632446,19274,1,2.176759507507086,2.1769892796874046
consistent_hash,codex548:12:548011:532,572.0830931663513,75134,1,3.868424706161022,3.8689590096473694
consistent_hash,codex509:24:509023:533,572.3520317077637,76825,1,1.1315920278429985,1.1320151686668396
consistent_hash,codex367:7:367006:534,572.7038276195526,30405,1,3.2615080922842026,3.2617968693375587
consistent_hash,codex422:24:422023:529,574.3867464065552,50351,1,0.738639835268259,0.73897260800004
consistent_hash,codex220:15:220014:535,575.0537197589874,73189,1,1.363997858017683,1.3644295558333397
consistent_hash,codex338:5:338004:536,575.1200435161591,20016,1,0.3389558903872967,0.33923013880848885
consistent_hash,codex192:12:192011:537,576.3305332660675,53308,1,1.2056804336607456,1.206026192754507
consistent_hash,codex338:6:338005:538,576.4109814167023,23466,1,0.7766965590417385,0.7769879512488842
consistent_hash,codex509:25:509024:539,577.0880446434021,78861,1,1.8565178215503693,1.8569639176130295
consistent_hash,codex278:3:278002:540,577.4411063194275,56304,1,5.381790664047003,5.382142137736082
consistent_hash,codex422:25:422024:541,577.7423551082611,50473,1,0.44539208710193634,0.44581495597958565
consistent_hash,codex315:26:315025:542,578.9338803291321,90219,1,2.7925480380654335,2.7931045219302177
consistent_hash,codex220:16:220015:543,579.7103569507599,74014,1,1.8613218069076538,1.8618799112737179
consistent_hash,codex453:2:453001:544,579.8821220397949,19710,1,1.697157435119152,1.6973837427794933
consistent_hash,codex308:6:308005:545,583.4396064281464,96896,1,3.5693642497062683,3.5700551494956017
consistent_hash,codex192:13:192012:546,583.6191143989563,56408,1,2.194093558937311,2.1945814564824104
consistent_hash,codex367:8:367007:547,583.713630437851,30739,1,3.3262886442244053,3.3268126770853996
consistent_hash,codex73:16:73015:548,583.8896088600159,58432,1,1.9526811614632607,1.953010968863964
consistent_hash,codex234:12:234011:549,584.2330899238586,41352,1,2.9416830986738205,2.9419426694512367
consistent_hash,codex338:7:338006:550,584.3309714794159,30098,1,1.5707931965589523,1.5710034109652042
consistent_hash,codex453:3:453002:551,584.62597823143,29336,1,4.836222920566797,4.836437955498695
consistent_hash,codex509:26:509025:552,586.2847619056702,83681,1,3.182957235723734,3.1834154091775417
consistent_hash,codex367:9:367008:553,587.1698343753815,37260,1,6.465689051896334,6.465930309146643
consistent_hash,codex166:17:166016:554,587.4614298343658,89973,1,6.180059686303139,6.18055722117424
consistent_hash,codex192:14:192013:555,587.7913613319397,58206,1,1.2135928086936474,1.213977936655283
consistent_hash,codex220:17:220016:556,589.4553225040436,76492,1,3.3874999172985554,3.3880535885691643
consistent_hash,codex338:8:338007:557,590.1043984889984,33059,1,1.0102978982031345,1.0106300488114357
consistent_hash,codex453:4:453003:558,590.2218024730682,36843,1,2.638370309025049,2.638693157583475
consistent_hash,codex88:1:88000:559,590.5997047424316,14659,1,1.3908051177859306,1.3910184390842915
consistent_hash,codex213:17:213016:560,591.0606520175934,57604,1,0.8535250127315521,0.8538720160722733
consistent_hash,codex315:27:315026:561,591.9049067497253,90554,1,0.9777623489499092,0.9783386215567589
consistent_hash,codex509:27:509026:562,593.3293566703796,85401,1,3.8419345542788506,3.8425439037382603
consistent_hash,codex422:26:422025:563,593.4917418956757,50613,1,0.6632680483162403,0.6635824553668499
consistent_hash,codex453:5:453004:564,593.6299993991852,44232,1,3.561090510338545,3.5614437833428383
consistent_hash,codex278:4:278003:565,594.1468307971954,69050,1,7.859076082706451,7.859567232429981
consistent_hash,codex88:2:88001:566,594.9222071170807,28492,1,2.5446913056075573,2.5449958071112633
consistent_hash,codex315:28:315027:567,596.7170302867889,90898,1,1.3966229818761349,1.3971185125410557
consistent_hash,codex110:20:110019:568,597.8214724063873,103938,1,2.177256718277931,2.1779458187520504
consistent_hash,codex509:28:509027:569,598.102429151535,89233,1,2.7682903073728085,2.7687803134322166
consistent_hash,codex308:7:308006:570,598.5016162395477,99933,1,3.5575648881495,3.5584013536572456
consistent_hash,codex192:15:192014:571,599.567994594574,60976,1,1.497676357626915,1.498050544410944
consistent_hash,codex338:9:338008:572,600.9992616176605,36362,1,1.0926830992102623,1.0930039957165718
consistent_hash,codex88:3:88002:573,602.4165871143341,34393,1,1.921590730547905,1.9218263924121857
consistent_hash,codex110:21:110020:574,604.0313112735748,106971,1,3.1278268806636333,3.1283854134380817
consistent_hash,codex213:18:213017:575,604.2138071060181,58037,1,1.159099042415619,1.1594500839710236
consistent_hash,codex338:10:338009:576,604.3332922458649,37978,1,1.0065030679106712,1.0068722739815712
consistent_hash,codex166:18:166017:577,605.2348575592041,91447,1,1.8556618243455887,1.8565430715680122
consistent_hash,codex192:16:192015:578,606.2348906993866,61317,1,0.8461357429623604,0.8467739261686802
consistent_hash,codex548:13:548012:579,606.8954429626465,78730,1,4.441123392432928,4.441650249063969
consistent_hash,codex88:4:88003:580,607.0701553821564,47708,1,4.091086968779564,4.091457087546587
consistent_hash,codex308:8:308007:581,607.4797472953796,102688,1,3.911184884607792,3.911810502409935
consistent_hash,codex213:19:213018:582,607.9686725139618,58279,1,0.6600744687020779,0.6604461148381233
consistent_hash,codex73:17:73016:583,609.162100315094,58630,1,0.542145911604166,0.5425281003117561
consistent_hash,codex338:11:338010:584,610.7661011219025,38225,1,0.3753843158483505,0.37573686242103577
consistent_hash,codex110:22:110021:585,612.5175013542175,117657,1,9.264337971806526,9.26511935889721
consistent_hash,codex278:5:278004:586,612.918219089508,74462,1,3.708692703396082,3.709232170134783
consistent_hash,codex234:13:234012:587,615.1447043418884,43580,1,1.5076574049890041,1.5081496722996235
consistent_hash,codex405:1:405000:588,615.2000999450684,13349,1,6.585018694400787,6.585206646472216
consistent_hash,codex88:5:88004:589,616.019359588623,83870,1,16.224589686840773,16.22534614428878
consistent_hash,codex422:27:422026:590,616.1778230667114,50769,1,3.5044739209115505,3.5047975666821003
consistent_hash,codex213:20:213019:591,616.5666439533234,58595,1,0.5739637278020382,0.5744466185569763
consistent_hash,codex338:12:338011:592,617.6438398361206,39217,1,0.6459274478256702,0.6463150940835476
consistent_hash,codex308:9:308008:593,618.2252140045166,104953,1,3.200636275112629,3.2012998461723328
consistent_hash,codex166:19:166018:594,618.8558168411255,92726,1,2.614741802215576,2.6152276657521725
consistent_hash,codex506:28:506027:595,619.489949464798,104305,1,2.534997135400772,2.53564790263772
consistent_hash,codex73:18:73017:596,619.6744720935822,59150,1,1.6639453619718552,1.6643243953585625
consistent_hash,codex192:17:192016:597,620.5492360591888,62091,1,1.4932347983121872,1.493586178869009
consistent_hash,codex453:6:453005:598,622.0149612426758,49759,1,1.998321294784546,1.9986280612647533
consistent_hash,codex405:2:405001:599,622.644632101059,21038,1,1.279235552996397,1.2794014662504196
consistent_hash,codex603:1:603000:600,623.4032039642334,13081,1,1.1948994994163513,1.195125050842762
consistent_hash,codex422:28:422027:601,624.4955065250397,50951,1,7.752830743789673,7.753141209483147
consistent_hash,codex548:14:548013:602,625.1161937713623,85221,1,6.4237473122775555,6.424328289926052
consistent_hash,codex110:23:110022:603,625.7501089572906,122856,1,4.588978175073862,4.589648190885782
consistent_hash,codex234:14:234013:604,626.442955493927,53253,1,5.824893616139889,5.825313217937946
consistent_hash,codex220:18:220017:605,626.7910115718842,79623,1,2.2704045586287975,2.270853776484728
consistent_hash,codex338:13:338012:606,627.3814513683319,43107,1,1.4476682394742966,1.4479828923940659
consistent_hash,codex421:7:421006:607,629.0524790287018,50873,1,1.763507079333067,1.7638165913522243
consistent_hash,codex213:21:213020:608,630.0898551940918,58860,1,0.42117543891072273,0.42151980474591255
consistent_hash,codex220:19:220018:609,632.1064023971558,80765,1,1.2030443213880062,1.2035154737532139
consistent_hash,codex73:19:73018:610,633.1742899417877,59246,1,0.5646514184772968,0.5650127939879894
consistent_hash,codex338:14:338013:611,633.6461093425751,49664,1,2.72496747225523,2.72528113424778
consistent_hash,codex110:24:110023:612,634.295661687851,124463,1,2.083288487046957,2.0839446149766445
consistent_hash,codex509:29:509028:613,636.3615829944611,91290,1,1.9986648559570312,1.9991845674812794
consistent_hash,codex192:18:192017:614,637.1398286819458,62908,1,0.8214148581027985,0.8218103460967541
consistent_hash,codex166:20:166019:615,638.9074938297272,97942,1,6.035498324781656,6.036054901778698
consistent_hash,codex278:6:278005:616,639.3714473247528,77698,1,7.38362293690443,7.384063638746738
consistent_hash,codex315:29:315028:617,640.3274641036987,91167,1,0.6582354493439198,0.6587669104337692
consistent_hash,codex305:1:305000:618,640.4485640525818,13272,1,1.2428994812071323,1.2431340962648392
consistent_hash,codex603:2:603001:619,640.8439428806305,30015,1,7.378552310168743,7.378846071660519
consistent_hash,codex213:22:213021:620,642.0387079715729,59149,1,0.6529291346669197,0.6532945148646832
consistent_hash,codex405:3:405002:621,642.1388602256775,25234,1,1.1003501377999783,1.100557554513216
consistent_hash,codex421:8:421007:622,643.2333438396454,53054,1,1.345171608030796,1.3455873243510723
consistent_hash,codex509:30:509029:623,644.5692529678345,95825,1,3.3018067479133606,3.302434477955103
consistent_hash,codex405:4:405003:624,645.3336534500122,26414,1,0.6352897994220257,0.635495413094759
consistent_hash,codex308:10:308009:625,645.9608736038208,105278,1,3.044670917093754,3.0452130548655987
consistent_hash,codex548:15:548014:627,646.3000309467316,85852,1,2.699590425938368,2.7000785507261753
consistent_hash,codex88:6:88005:628,646.5779232978821,85177,1,1.5667124055325985,1.5671791806817055
consistent_hash,codex421:9:421008:629,646.7465245723724,54071,1,0.8367818705737591,0.8371414355933666
consistent_hash,codex338:15:338014:630,646.9792511463165,54738,1,2.0913639031350613,2.091685462743044
consistent_hash,codex603:3:603002:626,648.3716778755188,41024,1,4.6779095232486725,4.685786254703999
consistent_hash,codex315:30:315029:631,648.6730830669403,91443,1,1.149622280150652,1.1501362770795822
consistent_hash,codex166:21:166020:632,648.987007856369,98696,1,4.069593075662851,4.070847995579243
consistent_hash,codex421:10:421009:633,649.6026937961578,55248,1,0.8527597561478615,0.8530984334647655
consistent_hash,codex405:5:405004:634,649.7427387237549,31509,1,1.914889220148325,1.9151180982589722
consistent_hash,codex110:25:110024:635,651.3620772361755,130593,1,5.639330800622702,5.651312481611967
consistent_hash,codex548:16:548015:636,651.6504557132721,86601,1,1.447823092341423,1.4482778869569302
consistent_hash,codex509:31:509030:637,652.104654788971,95869,1,0.6403198540210724,0.6408525370061398
consistent_hash,codex116:16:116015:638,652.5511710643768,92541,1,1.5225367322564125,1.5230521857738495
consistent_hash,codex88:7:88006:639,654.8157472610474,85868,1,1.1414531283080578,1.1419515684247017
consistent_hash,codex213:23:213022:640,655.00803565979,59761,1,0.7348112910985947,0.7351825200021267
consistent_hash,codex308:11:308010:641,655.4272394180298,110489,1,7.776521485298872,7.777139812707901
consistent_hash,codex548:17:548016:642,655.7227056026459,87688,1,5.856324877589941,5.857062686234713
consistent_hash,codex315:31:315030:643,656.2913501262665,91825,1,1.0361293107271194,1.0371831580996513
consistent_hash,codex234:15:234014:644,656.4837663173676,59833,1,6.746286019682884,6.7466298043727875
consistent_hash,codex305:2:305001:645,656.6453688144684,48268,1,13.658660385757685,13.659126158803701
consistent_hash,codex220:20:220019:646,656.9868366718292,81035,1,0.8695148602128029,0.8699828237295151
consistent_hash,codex73:20:73019:647,657.7431573867798,66572,1,12.569946948438883,12.570321012288332
consistent_hash,codex405:6:405005:648,657.8484945297241,32366,1,0.49586694687604904,0.4962411969900131
consistent_hash,codex116:17:116016:649,658.2532773017883,94207,1,12.249782100319862,12.250283516943455
consistent_hash,codex421:11:421010:650,659.0862379074097,56728,1,11.222992736846209,11.223322674632072
consistent_hash,codex509:32:509031:651,660.0122239589691,96219,1,0.8393034599721432,0.8399675637483597
consistent_hash,codex315:32:315031:652,662.0607581138611,92877,1,2.368826873600483,2.3693403340876102
consistent_hash,codex308:12:308011:653,663.6572895050049,110647,1,1.0540053471922874,1.0546060614287853
consistent_hash,codex88:8:88007:654,663.9508051872253,87070,1,1.5784862376749516,1.5790083333849907
consistent_hash,codex220:21:220020:655,664.2222409248352,81185,1,0.8048607781529427,0.8054026775062084
consistent_hash,codex192:19:192018:656,664.4194917678833,63277,1,6.076935343444347,6.077302936464548
consistent_hash,codex443:1:443000:658,665.5167465209961,13954,1,1.315058160573244,1.315209649503231
consistent_hash,codex405:7:405006:659,666.8141691684723,36034,1,1.2033209204673767,1.2035724185407162
consistent_hash,codex453:7:453006:660,667.0860600471497,55206,1,3.7409285604953766,3.7412975132465363
consistent_hash,codex509:33:509032:661,668.0091650485992,96998,1,2.888862505555153,2.889398865401745
consistent_hash,codex213:24:213023:662,668.4278013706207,59963,1,0.5434959456324577,0.543863620609045
consistent_hash,codex220:22:220021:664,669.6939735412598,81706,1,1.2433896884322166,1.2438309825956821
consistent_hash,codex234:16:234015:665,670.1204483509064,64237,1,5.1035543866455555,5.103946402668953
consistent_hash,codex603:4:603003:666,670.2944276332855,46424,1,4.786903254687786,4.787211317569017
consistent_hash,codex421:12:421011:663,670.4886484146118,56993,1,0.5579035691916943,0.5582349523901939
consistent_hash,codex116:18:116017:657,670.8170320987701,97506,1,2.9704729840159416,2.971134912222624
consistent_hash,codex421:13:421012:667,672.1399230957031,57447,1,2.9451143331825733,2.94544355943799
consistent_hash,codex88:9:88008:668,672.5430929660797,90774,1,2.6890807300806046,2.6895823143422604
consistent_hash,codex213:25:213024:669,673.3270773887634,78231,1,8.730411805212498,8.730851165950298
consistent_hash,codex192:20:192019:670,673.569744348526,65622,1,2.5391835644841194,2.5396594144403934
consistent_hash,codex116:19:116018:671,674.1321699619293,98952,1,2.0297176726162434,2.030231025069952
consistent_hash,codex315:33:315032:672,674.4421560764313,93620,1,1.6845773719251156,1.6851653270423412
consistent_hash,codex220:23:220022:673,674.717939376831,82149,1,1.2747258096933365,1.2753069959580898
consistent_hash,codex443:2:443001:674,674.7727797031403,16212,1,1.2128392085433006,1.2130326442420483
consistent_hash,codex278:7:278006:675,675.072901725769,81070,1,2.542573492974043,2.54304888471961
consistent_hash,codex405:8:405007:676,675.2168636322021,37689,1,0.8564146533608437,0.8566679693758488
consistent_hash,codex509:34:509033:677,675.9777133464813,97212,1,0.8824841156601906,0.8830573111772537
consistent_hash,codex166:22:166021:678,677.3850753307343,99435,1,3.273555241525173,3.2740965969860554
consistent_hash,codex234:17:234016:679,677.6027374267578,66211,1,2.2983936741948128,2.2988052144646645
consistent_hash,codex443:3:443002:680,678.2620921134949,18570,1,0.787510983645916,0.787668414413929
consistent_hash,codex308:13:308012:681,679.0419015884399,110855,1,1.6234893836081028,1.6240546889603138
consistent_hash,codex116:20:116019:682,680.4681942462921,100008,1,1.64335210993886,1.6438812613487244
consistent_hash,codex453:8:453007:683,680.647531747818,55387,1,1.3759942911565304,1.3763424456119537
consistent_hash,codex355:1:355000:684,680.8355135917664,13443,1,2.0338273756206036,2.0339592695236206
consistent_hash,codex88:10:88009:685,681.5317394733429,100344,1,7.078536223620176,7.0790748074650764
consistent_hash,codex315:34:315033:686,681.8897695541382,94102,1,1.0053323730826378,1.0058420971035957
consistent_hash,codex405:9:405008:687,682.0163054466248,38136,1,0.8561482392251492,0.8563960641622543
consistent_hash,codex509:35:509034:688,682.6767995357513,97549,1,1.208529308438301,1.2090561166405678
consistent_hash,codex603:5:603004:689,682.8648905754089,57187,1,6.531304053962231,6.533030521124601
consistent_hash,codex308:14:308013:690,684.8808238506317,111539,1,4.523672375828028,4.524252727627754
consistent_hash,codex192:21:192020:691,685.6735134124756,66102,1,1.6507914625108242,1.6511953361332417
consistent_hash,codex234:18:234017:692,685.8946025371552,69571,1,4.454324122518301,4.454835258424282
consistent_hash,codex509:36:509035:693,686.7992804050446,97723,1,1.8168754801154137,1.8173851259052753
consistent_hash,codex305:3:305002:694,686.9686739444733,52310,1,4.8566622622311115,4.8570688255131245
consistent_hash,codex443:4:443003:695,687.0425653457642,22883,1,1.5545533075928688,1.5547286346554756
consistent_hash,codex220:24:220023:696,687.3150033950806,82321,1,1.28922663256526,1.2897233478724957
consistent_hash,codex116:21:116020:697,687.9931330680847,100282,1,3.9178236089646816,3.9189843125641346
consistent_hash,codex166:23:166022:698,688.3160309791565,100376,1,2.0848786905407906,2.08541676774621
consistent_hash,codex192:22:192021:699,688.5401837825775,70774,1,3.376288276165724,3.3766833916306496
consistent_hash,codex355:2:355001:700,688.5933771133423,15996,1,0.480324599891901,0.4805700294673443
consistent_hash,codex308:15:308014:701,689.7771730422974,112187,1,1.8621792122721672,1.8628562353551388
consistent_hash,codex548:18:548017:702,690.0695612430573,87849,1,1.512126587331295,1.5126739256083965
consistent_hash,codex405:10:405009:703,690.5703649520874,39754,1,0.8846518583595753,0.8849829584360123
consistent_hash,codex443:5:443004:704,690.6502821445465,25483,1,0.6911929659545422,0.6914747916162014
consistent_hash,codex509:37:509036:705,693.0479388237,102671,1,6.99918631836772,6.999734651297331
consistent_hash,codex548:19:548018:706,695.0236592292786,91533,1,6.064787331968546,6.065305504947901
consistent_hash,codex453:9:453008:707,695.5474979877472,66248,1,5.872235160320997,5.872620902955532
consistent_hash,codex603:6:603005:708,695.7485501766205,64865,1,9.434899803251028,9.435277849435806
consistent_hash,codex308:16:308015:709,696.246251821518,112833,1,9.75098779052496,9.760106567293406
consistent_hash,codex443:6:443005:710,696.3352193832397,26193,1,0.974165428429842,0.9743624553084373
consistent_hash,codex116:22:116021:711,696.9931592941284,102294,1,2.9473422691226006,2.948027241975069
consistent_hash,codex278:8:278007:712,697.3023171424866,86989,1,8.701230641454458,8.702956479042768
consistent_hash,codex121:1:121000:713,697.4113218784332,13242,1,2.9966221787035465,2.996840476989746
consistent_hash,codex234:19:234018:714,698.6727285385132,70264,1,7.341234762221575,7.341630466282368
consistent_hash,codex166:24:166023:715,701.0768058300018,101167,1,4.9760680347681046,4.976589299738407
consistent_hash,codex121:2:121001:716,702.3211131095886,38908,1,6.40132998675108,6.405962370336056
consistent_hash,codex355:3:355002:717,702.9432318210602,18287,1,0.5249364115297794,0.5252195559442043
consistent_hash,codex88:11:88010:718,704.5912098884583,102013,1,1.758358035236597,1.7588934041559696
consistent_hash,codex453:10:453009:719,705.1741936206818,69592,1,1.914005320519209,1.9144218936562538
consistent_hash,codex443:7:443006:720,705.4855480194092,28143,1,0.8574942350387573,0.8576883636415005
consistent_hash,codex421:14:421013:721,705.8554298877716,58124,1,2.87102347612381,2.8721129409968853
consistent_hash,codex192:23:192022:722,706.3363997936249,71700,1,2.3962089382112026,2.3966159261763096
consistent_hash,codex121:3:121002:723,709.5405106544495,43979,1,2.3817525655031204,2.3820551596581936
consistent_hash,codex192:24:192023:724,710.4997158050537,72639,1,3.9536058343946934,3.9540943577885628
consistent_hash,codex421:15:421014:725,710.6773207187653,58413,1,8.220961406826973,8.221318881958723
consistent_hash,codex305:4:305003:726,710.8600022792816,58398,1,8.041816338896751,8.042143296450377
consistent_hash,codex88:12:88011:727,711.3153162002563,105642,1,3.030033305287361,3.0307196751236916
consistent_hash,codex506:29:506028:728,712.7980163097382,104777,1,6.287717722356319,6.288356486707926
consistent_hash,codex603:7:603006:729,713.4596590995789,65654,1,0.9312211349606514,0.9315955638885498
consistent_hash,codex121:4:121003:730,713.637767791748,55132,1,5.796680614352226,5.797013491392136
consistent_hash,codex213:26:213025:731,715.7829022407532,78515,1,0.7225142307579517,0.7229932993650436
consistent_hash,codex315:35:315034:733,717.3131906986237,94631,1,1.7593678385019302,1.7599189169704914
consistent_hash,codex110:26:110025:734,717.8758130073547,132991,1,3.085093781352043,3.085774712264538
consistent_hash,codex453:11:453010:735,718.1227993965149,72408,1,2.736018445342779,2.736425008624792
consistent_hash,codex88:13:88012:736,718.4960811138153,108359,1,3.3692218214273453,3.369866631925106
consistent_hash,codex308:17:308016:737,718.887859582901,115531,1,2.9020477198064327,2.90263544395566
consistent_hash,codex443:8:443007:738,719.0015671253204,31486,1,1.0053505785763264,1.0056747309863567
consistent_hash,codex355:4:355003:739,719.0640025138855,19148,1,1.7896414697170258,1.7897993065416813
consistent_hash,codex506:30:506029:732,719.4236927032471,105815,1,1.5188985131680965,1.5194637142121792
consistent_hash,codex220:25:220024:740,720.6824758052826,82502,1,0.8713010810315609,0.8717530257999897
consistent_hash,codex422:29:422028:741,720.8490264415741,51055,1,1.3151375018060207,1.3154523149132729
consistent_hash,codex278:9:278008:742,722.1555752754211,87704,1,1.1354804337024689,1.135999958962202
consistent_hash,codex291:1:291000:743,722.6052935123444,13540,1,1.3565015569329262,1.3566340282559395
consistent_hash,codex405:11:405010:744,722.821916103363,40086,1,0.5078756846487522,0.5082074776291847
consistent_hash,codex192:25:192024:745,723.9561448097229,73482,1,1.470324944704771,1.4707699567079544
consistent_hash,codex121:5:121004:746,724.7286458015442,55514,1,0.7267513610422611,0.7270737364888191
consistent_hash,codex422:30:422029:747,726.2427127361298,51501,1,0.8218071274459362,0.8221346102654934
consistent_hash,codex305:5:305004:748,726.4562752246857,62841,1,2.8403516933321953,2.8408636674284935
consistent_hash,codex405:12:405011:749,726.6344337463379,42232,1,0.935243297368288,0.9356391169130802
consistent_hash,codex220:26:220025:750,727.036417722702,82916,1,1.3497218862175941,1.3501939699053764
consistent_hash,codex121:6:121005:751,727.2641642093658,57005,1,2.0629325471818447,2.0632723942399025
consistent_hash,codex110:27:110026:752,728.1038272380829,133503,1,1.9943551234900951,1.9950521737337112
consistent_hash,codex355:5:355004:753,728.1725716590881,19529,1,0.7438841685652733,0.7440514303743839
consistent_hash,codex603:8:603007:754,728.376104593277,67103,1,1.1634034477174282,1.1637840941548347
consistent_hash,codex506:31:506030:755,728.9081811904907,106469,1,1.6779891699552536,1.678574737161398
consistent_hash,codex453:12:453011:756,730.0844156742096,81153,1,5.224813122302294,5.225293841212988
consistent_hash,codex308:18:308017:757,730.5719585418701,116841,1,1.8595153093338013,1.8602182567119598
consistent_hash,codex88:14:88013:758,730.9736287593842,116479,1,6.28786638751626,6.288496486842632
consistent_hash,codex355:6:355005:759,731.0434420108795,20242,1,4.189582247287035,4.189747780561447
consistent_hash,codex291:2:291001:760,731.797625541687,29473,1,2.8712104484438896,2.8715244568884373
consistent_hash,codex121:7:121006:761,732.7956171035767,58654,1,1.2290639616549015,1.2295394912362099
consistent_hash,codex192:26:192025:763,734.4704995155334,76592,1,4.05991892516613,4.060373306274414
consistent_hash,codex116:23:116022:764,735.224883556366,104587,1,3.3172059915959835,3.3177498392760754
consistent_hash,codex355:7:355006:762,735.302579164505,20814,1,0.29230140894651413,0.29246996715664864
consistent_hash,codex213:27:213026:765,737.2484991550446,79042,1,1.287214957177639,1.2876429222524166
consistent_hash,codex220:27:220026:766,738.1699640750885,83787,1,1.2990863174200058,1.2995351403951645
consistent_hash,codex603:9:603008:767,738.3822588920593,67778,1,1.0814948603510857,1.0818876586854458
consistent_hash,codex291:3:291002:768,738.5038712024689,37246,1,2.1314240992069244,2.1317617297172546
consistent_hash,codex315:36:315035:769,739.4525573253632,95119,1,0.9741068407893181,0.9746283330023289
consistent_hash,codex129:1:129000:770,739.5156445503235,13392,1,1.242922767996788,1.2431298308074474
consistent_hash,codex166:25:166024:771,740.132976770401,102388,1,5.337392911314964,5.337955079972744
consistent_hash,codex278:10:278009:772,740.4149439334869,89368,1,2.856806520372629,2.858356911689043
consistent_hash,codex121:8:121007:773,741.5347571372986,60481,1,1.0593306459486485,1.059712991118431
consistent_hash,codex234:20:234019:774,741.7874281406403,73486,1,3.6763451509177685,3.676773753017187
consistent_hash,codex192:27:192026:775,744.2528746128082,89711,1,9.658517006784678,9.659385938197374
consistent_hash,codex443:9:443008:776,744.3555529117584,32552,1,1.102531235665083,1.102765366435051
consistent_hash,codex110:28:110027:777,745.1250267028809,134009,1,1.9032172039151192,1.9040119983255863
consistent_hash,codex213:28:213027:778,745.3818092346191,79993,1,1.2768287397921085,1.277301274240017
consistent_hash,codex355:8:355007:779,745.4544942378998,21090,1,0.2886738255620003,0.2889316976070404
consistent_hash,codex278:11:278010:780,746.2421414852142,90883,1,1.7879476137459278,1.7884777635335922
consistent_hash,codex506:32:506031:781,747.8542544841766,107296,1,6.0653561763465405,6.06601382791996
consistent_hash,codex422:31:422030:782,748.0192530155182,51661,1,0.8523957319557667,0.8527346812188625
consistent_hash,codex220:28:220027:783,748.6435534954071,85496,1,1.6193896159529686,1.6198785603046417
consistent_hash,codex121:9:121008:784,748.8460371494293,62653,1,5.673520766198635,5.674954988062382
consistent_hash,codex88:15:88014:785,749.3216278553009,118159,1,1.8824516162276268,1.8830737210810184
consistent_hash,codex116:24:116023:786,751.1659100055695,104945,1,3.361060369759798,3.3617088571190834
consistent_hash,codex453:13:453012:787,751.52650141716,85744,1,3.976868487894535,3.9773687459528446
consistent_hash,codex129:2:129001:788,751.5859477519989,17430,1,3.523914810270071,3.5241642519831657
consistent_hash,codex315:37:315036:789,751.9586186408997,95404,1,1.0524776503443718,1.0531047731637955
consistent_hash,codex421:16:421015:790,752.727103471756,59397,1,1.8258730806410313,1.826221477240324
consistent_hash,codex603:10:603009:791,752.9901201725006,72160,1,2.5358937345445156,2.536301877349615
consistent_hash,codex220:29:220028:792,753.326009273529,85913,1,3.1858433559536934,3.1864322908222675
consistent_hash,codex422:32:422031:793,754.3813972473145,51810,1,0.5845231153070927,0.5849171541631222
consistent_hash,codex359:1:359000:795,755.1067938804626,13395,1,1.2581218108534813,1.2583369873464108
consistent_hash,codex129:3:129002:794,755.1861193180084,21028,1,1.345446813851595,1.3458777330815792
consistent_hash,codex355:9:355008:796,755.261307477951,23127,1,1.2723732478916645,1.272548247128725
consistent_hash,codex509:38:509037:797,756.3542807102203,102837,1,1.1258012801408768,1.126372817903757
consistent_hash,codex110:29:110028:798,757.4658713340759,137657,1,4.144329555332661,4.1450601778924465
consistent_hash,codex116:25:116024:799,758.0191323757172,110370,1,5.900025732815266,5.9006066136062145
consistent_hash,codex367:10:367009:800,758.5586695671082,37372,1,0.4722617492079735,0.4725354425609112
consistent_hash,codex421:17:421016:801,758.8046979904175,59780,1,5.809618338942528,5.811301123350859
consistent_hash,codex506:33:506032:802,760.147438287735,108443,1,4.474259294569492,4.681055705994368
consistent_hash,codex315:38:315037:804,762.0202045440674,95945,1,1.0421938337385654,1.0427200011909008
consistent_hash,codex121:10:121009:805,762.2676501274109,63915,1,3.9712617993354797,3.9716744795441628
consistent_hash,codex422:33:422032:806,762.6269574165344,53394,1,0.9017720818519592,0.902092020958662
consistent_hash,codex359:2:359001:808,764.476154088974,22881,1,1.7658089250326157,1.765976194292307
consistent_hash,codex421:18:421017:803,764.8238558769226,61066,1,4.4518991485238075,4.452282838523388
consistent_hash,codex506:34:506033:807,765.1858448982239,112592,1,7.921475108712912,7.922085840255022
consistent_hash,codex220:30:220029:810,765.4640181064606,86243,1,1.3678716346621513,1.3683664202690125
consistent_hash,codex110:30:110029:811,765.9262590408325,142985,1,5.672898683696985,5.673783574253321
consistent_hash,codex278:12:278011:812,766.2299952507019,91088,1,0.8299872614443302,0.8304899521172047
consistent_hash,codex308:19:308018:813,766.8189539909363,117624,1,3.9851813726127148,3.985968578606844
consistent_hash,codex305:6:305005:814,767.6820030212402,83028,1,15.600093122571707,15.607460290193558
consistent_hash,codex603:11:603010:815,767.9216396808624,76441,1,2.9170088320970535,2.917418897151947
consistent_hash,codex443:10:443009:816,768.0447783470154,37755,1,1.5447831489145756,1.5451544485986233
consistent_hash,codex192:28:192027:817,768.9926409721375,90728,1,14.296026788651943,14.297423981130123
consistent_hash,codex421:19:421018:809,769.4936120510101,63573,1,14.29487819969654,14.295281279832125
consistent_hash,codex422:34:422033:818,769.9426398277283,53574,1,0.37507013231515884,0.3754052594304085
consistent_hash,codex525:1:525000:819,771.0760822296143,13473,1,1.6506974697113037,1.650842297822237
consistent_hash,codex116:26:116025:820,772.1158814430237,111321,1,11.90612481534481,11.90668835490942
consistent_hash,codex315:39:315038:821,772.4144966602325,96141,1,1.1664090007543564,1.166949287056923
consistent_hash,codex129:4:129003:822,772.5236954689026,33118,1,4.506714127957821,4.508860941976309
consistent_hash,codex121:11:121010:823,772.7219550609589,64140,1,11.292373549193144,11.29274569824338
consistent_hash,codex509:39:509038:824,773.0929319858551,105173,1,3.94629979878664,3.9468751400709152
consistent_hash,codex308:20:308019:826,774.9755272865295,124873,1,7.179850656539202,7.180533241480589
consistent_hash,codex291:4:291003:827,775.1290318965912,44742,1,2.752111252397299,2.752415794879198
consistent_hash,codex506:35:506034:828,775.4968483448029,114173,1,8.909779865294695,8.910430010408163
consistent_hash,codex359:3:359002:830,778.0624301433563,28645,1,1.3335376605391502,1.3338965959846973
consistent_hash,codex525:2:525001:832,778.940735578537,18720,1,3.2055820897221565,3.2057445719838142
consistent_hash,codex355:10:355009:833,779.2967784404755,24392,1,0.5012401677668095,0.5014414936304092
consistent_hash,codex405:13:405012:834,779.6860761642456,49310,1,2.5174928158521652,2.517875336110592
consistent_hash,codex453:14:453013:835,780.5448677539825,86427,1,0.9430248476564884,0.9435268230736256
consistent_hash,codex110:31:110030:836,782.0067868232727,143769,1,3.3476643040776253,3.348469078540802
consistent_hash,codex443:11:443010:837,782.1422388553619,39207,1,0.6963633373379707,0.6967445649206638
consistent_hash,codex192:29:192028:831,783.6105470657349,91976,1,4.357201110571623,4.357719376683235
consistent_hash,codex422:35:422034:838,783.7809278964996,53781,1,1.5779110752046108,1.5782362334430218
consistent_hash,codex421:20:421019:825,784.0040647983551,69307,1,5.399662800133228,5.400306638330221
consistent_hash,codex116:27:116026:829,784.3940126895905,112127,1,5.389407649636269,5.390021484345198
consistent_hash,codex506:36:506035:839,784.7880823612213,114568,1,5.001943841576576,5.0025202333927155
consistent_hash,codex525:3:525002:840,784.8677132129669,22056,1,1.6713422909379005,1.6717187091708183
consistent_hash,codex359:4:359003:841,784.9668571949005,32164,1,1.3880234137177467,1.3883782550692558
consistent_hash,codex220:31:220030:842,785.2529191970825,86568,1,1.2462942190468311,1.2470375373959541
consistent_hash,codex355:11:355010:843,785.3438923358917,26064,1,1.1014594063162804,1.1017488725483418
consistent_hash,codex278:13:278012:844,785.7337353229523,91380,1,0.8624182865023613,0.8629159666597843
consistent_hash,codex422:36:422035:845,786.0183584690094,54134,1,0.6169561557471752,0.6172766871750355
consistent_hash,codex308:21:308020:846,787.0757260322571,127671,1,3.7192167453467846,3.7199095115065575
consistent_hash,codex509:40:509039:847,787.955411195755,105645,1,1.123340867459774,1.1239292621612549
consistent_hash,codex443:12:443011:849,788.4839653968811,47998,1,3.537461381405592,3.5377694070339203
consistent_hash,codex603:12:603011:850,788.8005046844482,76920,1,2.020656082779169,2.0210816115140915
consistent_hash,codex421:21:421020:848,789.6629366874695,71225,1,1.6221836097538471,1.6226039938628674
consistent_hash,codex359:5:359004:851,789.7723321914673,34111,1,0.7814443409442902,0.7817912362515926
consistent_hash,codex129:5:129004:852,790.1028094291687,40811,1,2.293931119143963,2.2943054735660553
consistent_hash,codex110:32:110031:853,791.832643032074,144269,1,2.195667080581188,2.196513082832098
consistent_hash,codex291:5:291004:854,792.0130360126495,52285,1,2.7087526097893715,2.7092260643839836
consistent_hash,codex121:12:121011:855,792.9447660446167,64282,1,0.5832352750003338,0.5836334824562073
consistent_hash,codex192:30:192029:856,793.4027643203735,96912,1,5.657813407480717,5.658338140696287
consistent_hash,codex525:4:525003:857,793.5208168029785,33423,1,3.1858592852950096,3.1860871091485023
consistent_hash,codex220:32:220031:858,794.0126225948334,89769,1,2.7007441632449627,2.7012425623834133
consistent_hash,codex278:14:278013:859,794.5772919654846,91579,1,2.141619883477688,2.1421105340123177
consistent_hash,codex506:37:506036:860,795.497517824173,116525,1,3.5711574405431747,3.571784622967243
consistent_hash,codex415:1:415000:861,796.1147153377533,13003,1,1.1799826435744762,1.1801985390484333
consistent_hash,codex422:37:422036:862,796.4241156578064,54273,1,0.6481616869568825,0.6485112048685551
consistent_hash,codex129:6:129005:863,796.591522693634,42057,1,0.8824045658111572,0.8827474266290665
consistent_hash,codex359:6:359005:864,796.7013475894928,35567,1,0.6599897295236588,0.660323727875948
consistent_hash,codex116:28:116027:865,798.3539595603943,113026,1,6.162495598196983,6.163076873868704
consistent_hash,codex305:7:305006:866,799.0445873737335,120010,1,26.231853790581226,26.233594197779894
consistent_hash,codex308:22:308021:867,799.5484893321991,128183,1,1.102739054709673,1.1035421341657639
consistent_hash,codex421:22:421021:868,800.5672478675842,71706,1,24.71580246463418,24.716204289346933
consistent_hash,codex220:33:220032:869,801.9461624622345,89907,1,0.929573331028223,0.9300813116133213
consistent_hash,codex453:15:453014:870,802.238799571991,93907,1,5.8516694493591785,5.852210715413094
consistent_hash,codex359:7:359006:871,802.3545799255371,36962,1,1.2256510332226753,1.22592693567276
consistent_hash,codex509:41:509040:872,802.7481927871704,106105,1,5.411725111305714,5.412924960255623
consistent_hash,codex166:26:166025:873,803.2554423809052,102848,1,1.2543016150593758,1.2548602595925331
consistent_hash,codex443:13:443012:874,803.4272997379303,51609,1,1.6160822957754135,1.6163957901299
consistent_hash,codex129:7:129006:875,803.5754346847534,42218,1,4.587936889380217,4.588204022496939
consistent_hash,codex110:33:110032:876,804.3133587837219,144582,1,1.6880728602409363,1.688849687576294
consistent_hash,codex422:38:422037:877,804.497622013092,54467,1,0.5930612273514271,0.5933837667107582
consistent_hash,codex603:13:603012:878,805.4146027565002,77608,1,1.2456780634820461,1.24621919170022
consistent_hash,codex278:15:278014:879,805.7672724723816,91781,1,0.9393612705171108,0.939842663705349
consistent_hash,codex88:16:88015:880,806.6455931663513,119720,1,1.93552390858531,1.936159286648035
consistent_hash,codex116:29:116028:881,808.566782951355,113412,1,17.078316677361727,17.078948713839054
consistent_hash,codex525:5:525004:882,809.0216343402863,37566,1,1.2939845845103264,1.2942633517086506
consistent_hash,codex88:17:88016:883,810.7638621330261,120979,1,2.102404072880745,2.1031166948378086
consistent_hash,codex359:8:359007:884,810.8971655368805,40918,1,1.381350725889206,1.381739567965269
consistent_hash,codex405:14:405013:885,811.7040069103241,52787,1,1.5452797375619411,1.545689832419157
consistent_hash,codex422:39:422038:886,811.884669303894,54723,1,1.0050855316221714,1.0054044909775257
consistent_hash,codex139:1:139000:887,812.2138419151306,13365,1,18.272292401641607,18.272524043917656
consistent_hash,codex129:8:129007:889,813.2282061576843,43602,1,0.8367816396057606,0.8370637074112892
consistent_hash,codex453:16:453015:890,813.7321808338165,94504,1,4.02235484495759,4.022976096719503
consistent_hash,codex220:34:220033:891,814.0558390617371,94841,1,3.7445502504706383,3.745049837976694
consistent_hash,codex166:27:166026:892,816.1040668487549,116776,1,12.302784137427807,12.30388205125928
consistent_hash,codex415:2:415001:893,816.1876554489136,23995,1,4.787297710776329,4.7876374907791615
consistent_hash,codex359:9:359008:894,816.3357918262482,41753,1,1.353184949606657,1.3534814529120922
consistent_hash,codex291:6:291005:895,816.5454437732697,59098,1,4.465692508965731,4.4660473093390465
consistent_hash,codex603:14:603013:896,816.8274767398834,78300,1,11.586869705468416,11.587285991758108
consistent_hash,codex506:38:506037:897,817.367959022522,121705,1,13.548962090164423,13.55070824176073
consistent_hash,codex278:16:278015:898,817.6748585700989,93851,1,10.828870356082916,10.829373732209206
consistent_hash,codex129:9:129008:900,818.5466549396515,50699,1,2.8263012282550335,2.826611988246441
consistent_hash,codex110:34:110033:901,819.2932562828064,144724,1,1.2543386332690716,1.255083106458187
consistent_hash,codex422:40:422039:902,819.496768951416,54915,1,0.5370381250977516,0.5373984910547733
consistent_hash,codex405:15:405014:903,820.8034958839417,53128,1,0.6179665625095367,0.6182795912027359
consistent_hash,codex509:42:509041:904,821.3634459972382,108512,1,2.36753087118268,2.3681144937872887
consistent_hash,codex443:14:443013:908,823.7178690433502,53254,1,1.0123619548976421,1.0127024874091148
consistent_hash,codex88:18:88017:909,824.313524723053,121486,1,1.7158419899642467,1.716495517641306
consistent_hash,codex421:23:421022:888,825.5339670181274,72277,1,5.3889956921339035,5.389404714107513
consistent_hash,codex415:3:415002:910,825.6363523006439,31464,1,2.124539576470852,2.1247775740921497
consistent_hash,codex116:30:116029:906,826.0146362781525,113614,1,5.576175827533007,5.576790187507868
consistent_hash,codex359:10:359009:911,826.3009841442108,42626,1,0.5953565314412117,0.5957706123590469
consistent_hash,codex241:1:241000:913,828.49626994133,13806,1,1.3009526804089546,1.3010815382003784
consistent_hash,codex278:17:278016:907,828.8243358135223,94254,1,0.8523050062358379,0.8528370782732964
consistent_hash,codex121:13:121012:914,829.3242399692535,64477,1,2.700283918529749,2.7007593624293804
consistent_hash,codex88:19:88018:915,830.3630876541138,121634,1,1.2402397990226746,1.2408536411821842
consistent_hash,codex139:2:139001:899,830.6026711463928,34905,1,6.094192523509264,6.094437822699547
consistent_hash,codex405:16:405015:917,830.8791828155518,53328,1,0.7164723388850689,0.7167855463922024
consistent_hash,codex421:24:421023:905,831.1483905315399,72879,1,5.696072224527597,5.696484498679638
consistent_hash,codex506:39:506038:916,831.5416078567505,122486,1,5.31468839943409,5.3153198547661304
consistent_hash,codex525:6:525005:918,831.7447273731232,38116,1,0.5729863159358501,0.5732376575469971
consistent_hash,codex129:10:129009:919,832.9789941310883,53898,1,1.71113783121109,1.711468756198883
consistent_hash,codex121:14:121013:920,834.2635729312897,64569,1,2.5849073752760887,2.585256978869438
consistent_hash,codex278:18:278017:921,834.6804904937744,94468,1,0.6709813997149467,0.6715387105941772
consistent_hash,codex443:15:443014:923,835.1557579040527,53933,1,0.7100604511797428,0.7103959769010544
consistent_hash,codex359:11:359010:924,835.7220025062561,44533,1,1.1173283867537975,1.1176313497126102
consistent_hash,codex129:11:129010:925,836.6889753341675,55724,1,1.307003814727068,1.30733747407794
consistent_hash,codex139:3:139002:912,836.8335735797882,42210,1,4.357160970568657,4.357549533247948
consistent_hash,codex509:43:509042:926,837.9822728633881,108769,1,1.5092712230980396,1.5099969618022442
consistent_hash,codex421:25:421024:927,838.5113916397095,77016,1,2.843714129179716,2.8441629633307457
consistent_hash,codex241:2:241001:928,838.567155122757,15900,1,0.9280425645411015,0.9282513670623302
consistent_hash,codex291:7:291006:929,839.3958513736725,60642,1,1.1349837370216846,1.135367427021265
consistent_hash,codex308:23:308022:930,841.1606974601746,128344,1,1.3419915288686752,1.3426563143730164
consistent_hash,codex139:4:139003:922,841.3468215465546,47567,1,1.9203858897089958,1.920771911740303
consistent_hash,codex506:40:506039:931,843.7857930660248,124542,1,3.181283611804247,3.1819158010184765
consistent_hash,codex291:8:291007:932,843.9866390228271,63982,1,1.7856462560594082,1.7860548794269562
consistent_hash,codex603:15:603014:933,845.2885801792145,78928,1,1.6647817119956017,1.6652339473366737
consistent_hash,codex278:19:278018:934,845.6504421234131,94632,1,1.309164386242628,1.3096543699502945
consistent_hash,codex421:26:421025:935,846.4705305099487,79898,1,2.6047098077833652,2.605159942060709
consistent_hash,codex234:21:234020:936,846.7764573097229,79915,1,4.431303516030312,4.431832931935787
consistent_hash,codex359:12:359011:937,846.9436135292053,45144,1,0.6212817430496216,0.621689073741436
consistent_hash,codex129:12:129011:938,847.4170575141907,63261,1,3.3484969958662987,3.3488772995769978
consistent_hash,codex308:24:308023:939,848.6557307243347,128498,1,2.6585720889270306,2.659223198890686
consistent_hash,codex139:5:139004:940,848.8197355270386,50678,1,1.624741978943348,1.6251950599253178
consistent_hash,codex603:16:603015:941,849.0646166801453,79149,1,2.2405839674174786,2.241560712456703
consistent_hash,codex359:13:359012:942,850.0958652496338,49965,1,2.7094947658479214,2.7099445275962353
consistent_hash,codex506:41:506040:943,851.7905089855194,125231,1,2.4428364001214504,2.44353311881423
consistent_hash,codex509:44:509043:944,852.2323241233826,108914,1,0.9021097496151924,0.9026792868971825
consistent_hash,codex443:16:443015:945,852.407897233963,54470,1,0.7003825567662716,0.7007292211055756
consistent_hash,codex405:17:405016:946,852.5978357791901,53785,1,1.6234944835305214,1.6238323040306568
consistent_hash,codex121:15:121014:947,852.7984476089478,65258,1,1.4272449277341366,1.4276141934096813
consistent_hash,codex308:25:308024:948,853.9012980461121,128619,1,1.9086390510201454,1.909449677914381
consistent_hash,codex422:41:422040:949,854.079104423523,55093,1,0.7663959674537182,0.7667380385100842
consistent_hash,codex241:3:241002:950,854.168698310852,27170,1,2.190792988985777,2.1911044120788574
consistent_hash,codex40:1:40000:951,854.2159628868103,13459,1,3.603971440345049,3.6041050292551517
consistent_hash,codex110:35:110034:952,855.3528501987457,146863,1,3.439320381730795,3.4400855265557766
consistent_hash,codex234:22:234021:953,855.6346490383148,82270,1,2.190929591655731,2.191387165337801
consistent_hash,codex291:9:291008:954,857.350579738617,72387,1,6.652574896812439,6.653000704944134
consistent_hash,codex443:17:443016:955,857.5372643470764,60205,1,6.018324039876461,6.018727816641331
consistent_hash,codex603:17:603016:956,857.8136143684387,79563,1,0.8736271671950817,0.8740965612232685
consistent_hash,codex421:27:421026:957,858.1024153232574,81077,1,1.3202201835811138,1.320688582956791
consistent_hash,codex422:42:422041:958,859.4132258892059,55369,1,0.5587114170193672,0.5590521655976772
consistent_hash,codex139:6:139005:959,859.9638624191284,56911,1,5.932378821074963,5.932725716382265
consistent_hash,codex506:42:506041:960,860.6286914348602,128416,1,6.670925240963697,6.672613438218832
consistent_hash,codex121:16:121015:961,860.8734056949615,65543,1,6.416778024286032,6.426660690456629
consistent_hash,codex355:12:355011:962,860.9596853256226,27205,1,0.47357146441936493,0.47387997806072235
consistent_hash,codex509:45:509044:963,863.0023212432861,109122,1,1.0197349190711975,1.0203979909420013
consistent_hash,codex40:2:40001:964,863.0618720054626,17142,1,0.6916107200086117,0.6917660087347031
consistent_hash,codex116:31:116030:965,863.4211299419403,115540,1,3.9320636354386806,3.9326539635658264
consistent_hash,codex241:4:241003:966,864.715249300003,30914,1,1.1772007159888744,1.1774245090782642
consistent_hash,codex234:23:234022:967,865.8847241401672,82606,1,1.1147265210747719,1.1152923218905926
consistent_hash,codex525:7:525006:968,866.2701599597931,38729,1,0.7489137798547745,0.7492518797516823
consistent_hash,codex603:18:603017:969,866.6693177223206,81465,1,1.699290443211794,1.699788074940443
consistent_hash,codex506:43:506042:970,867.929176568985,131278,1,4.876788150519133,4.877649545669556
consistent_hash,codex443:18:443017:971,868.3182270526886,60607,1,0.6828672997653484,0.6832359954714775
consistent_hash,codex116:32:116031:972,869.7798941135406,117216,1,3.0797608606517315,3.08035546541214
consistent_hash,codex251:1:251000:973,869.8310115337372,13343,1,1.2198009341955185,1.2199495509266853
consistent_hash,codex241:5:241004:974,872.0921819210052,35394,1,1.55066704377532,1.5509155243635178
consistent_hash,codex443:19:443018:975,872.3655731678009,61710,1,0.9028638266026974,0.9032303392887115
consistent_hash,codex603:19:603018:976,873.2594270706177,81645,1,0.5717783607542515,0.5723520331084728
consistent_hash,codex234:24:234023:977,873.5303547382355,83422,1,2.7250061370432377,2.725457575172186
consistent_hash,codex40:3:40002:978,873.6233808994293,27369,1,2.624897327274084,2.626821845769882
consistent_hash,codex116:33:116032:979,874.6896629333496,118735,1,2.5521642975509167,2.5528093352913857
consistent_hash,codex121:17:121016:980,874.8961100578308,65646,1,0.6600724644958973,0.6604991182684898
consistent_hash,codex251:2:251001:981,875.2797865867615,16537,1,0.5909144356846809,0.5911826118826866
consistent_hash,codex278:20:278019:982,876.7940578460693,94789,1,1.0454390347003937,1.045967523008585
consistent_hash,codex139:7:139006:983,876.9861731529236,60021,1,1.7251987345516682,1.7255524657666683
consistent_hash,codex355:13:355012:984,878.1823472976685,27664,1,0.35905081778764725,0.35935425758361816
consistent_hash,codex415:4:415003:985,879.024617433548,33575,1,0.9766806028783321,0.9769128561019897
consistent_hash,codex234:25:234024:986,879.4958207607269,86728,1,2.7603549621999264,2.7608520165085793
consistent_hash,codex116:34:116033:987,879.9914298057556,119223,1,1.2594111785292625,1.2600646615028381
consistent_hash,codex603:20:603019:988,880.3669929504395,81826,1,1.9182983562350273,1.9187361150979996
consistent_hash,codex305:8:305007:989,880.9475700855255,123056,1,3.853264421224594,3.8538976907730103
consistent_hash,codex421:28:421027:990,881.2057259082794,81283,1,3.5298716723918915,3.5304356515407562
consistent_hash,codex509:46:509045:991,882.2436695098877,110929,1,3.7754147984087467,3.7760224007070065
consistent_hash,codex443:20:443019:992,883.0423197746277,62432,1,0.7849546335637569,0.7853417657315731
consistent_hash,codex241:6:241005:993,883.2368340492249,38829,1,2.7748327553272247,2.775102663785219
consistent_hash,codex422:43:422042:994,883.6270432472229,55518,1,0.8005440905690193,0.8008968122303486
consistent_hash,codex110:36:110035:995,884.4150803089142,148115,1,2.391098566353321,2.392406154423952
consistent_hash,codex506:44:506043:996,885.3007581233978,131888,1,2.550243303179741,2.550904206931591
consistent_hash,codex40:4:40003:997,885.4551560878754,44703,1,6.6442464254796505,6.645090069621801
consistent_hash,codex116:35:116034:998,885.8344163894653,119573,1,2.0086442716419697,2.0092846900224686
consistent_hash,codex359:14:359013:999,886.0046601295471,51045,1,0.806581549346447,0.806885652244091
consistent_hash,codex525:8:525007:1000,886.3415155410767,39058,1,5.761414311826229,5.761661496013403
consistent_hash,codex158:1:158000:1001,886.4601426124573,13320,1,1.3733042627573013,1.3734302073717117
consistent_hash,codex603:21:603020:1002,887.698872089386,83629,1,4.409586172550917,4.410038098692894
consistent_hash,codex415:5:415004:1003,887.8295006752014,39406,1,1.7684280686080456,1.7688039354979992
consistent_hash,codex355:14:355013:1004,888.1126079559326,28644,1,0.4336189441382885,0.4338444769382477
consistent_hash,codex443:21:443020:1005,889.2473940849304,62813,1,0.8482882715761662,0.848657563328743
consistent_hash,codex359:15:359014:1006,889.4083750247955,51435,1,0.5948102958500385,0.5952500365674496
consistent_hash,codex421:29:421028:1007,890.8401215076447,81802,1,1.0955591350793839,1.0961489826440811
consistent_hash,codex121:18:121017:1008,891.3904066085815,65759,1,0.6206972561776638,0.6210825890302658
consistent_hash,codex603:22:603021:1009,892.3938407897949,84079,1,0.7401160560548306,0.7405901923775673
consistent_hash,codex355:15:355014:1010,893.098801612854,33132,1,1.2305366322398186,1.2308900021016598
consistent_hash,codex305:9:305008:1011,893.8471376895905,127991,1,11.835902892053127,11.836567725986242
consistent_hash,codex139:8:139007:1012,894.0842082500458,73734,1,10.540175970643759,10.54071744531393
consistent_hash,codex241:7:241006:1013,894.2866373062134,38958,1,0.49469103664159775,0.49508969858288765
consistent_hash,codex129:13:129012:1014,894.576584815979,63645,1,0.7902331873774529,0.7907260060310364
consistent_hash,codex158:2:158001:1015,895.3606340885162,20981,1,1.4286545254290104,1.428834155201912
consistent_hash,codex443:22:443021:1016,895.7491998672485,63119,1,1.0448985733091831,1.0452735796570778
consistent_hash,codex509:47:509046:1017,896.6503927707672,120528,1,7.798628743737936,7.802857760339975
consistent_hash,codex525:9:525008:1018,896.7850096225739,40230,1,0.6712224371731281,0.6715251952409744
consistent_hash,codex121:19:121018:1019,897.8924386501312,65894,1,7.782343536615372,7.782753154635429
consistent_hash,codex405:18:405017:1020,899.9328365325928,54110,1,0.6447213925421238,0.6453050784766674
rendezvous_hash,codex70:25:70024:201,300.75593519210815,95402,1,1.3543148636817932,1.354988683015108
rendezvous_hash,codex483:22:483021:202,302.8610053062439,94681,1,1.2087844647467136,1.2093278802931309
rendezvous_hash,codex543:9:543008:203,303.5029330253601,39790,1,0.750808771699667,0.7510798946022987
rendezvous_hash,codex315:5:315004:204,303.71147632598877,52972,1,2.2094664871692657,2.209923341870308
rendezvous_hash,codex361:6:361005:205,304.71935272216797,28932,1,0.6100459806621075,0.6102674677968025
rendezvous_hash,codex509:2:509001:206,305.8340907096863,19675,1,0.9442275352776051,0.9445218779146671
rendezvous_hash,codex543:10:543009:207,306.6414427757263,40432,1,0.5050691924989223,0.5053529851138592
rendezvous_hash,codex363:12:363011:208,309.04940366744995,100281,1,1.2796650379896164,1.2803465984761715
rendezvous_hash,codex543:11:543010:209,309.5829014778137,43234,1,1.869451817125082,1.8698149360716343
rendezvous_hash,codex152:8:152007:210,310.3169026374817,69766,1,1.172727532684803,1.1731099002063274
rendezvous_hash,codex361:7:361006:211,310.54076290130615,29427,1,0.37733229622244835,0.37763894721865654
rendezvous_hash,codex73:1:73000:212,311.6918189525604,13617,1,1.762255735695362,1.762478843331337
rendezvous_hash,codex543:12:543011:213,312.2960834503174,44523,1,1.184781540185213,1.1851399429142475
rendezvous_hash,codex25:6:25005:214,312.3877890110016,29495,1,0.6098137274384499,0.6101191490888596
rendezvous_hash,codex315:6:315005:215,313.91881942749023,55594,1,1.5099283196032047,1.5102678909897804
rendezvous_hash,codex506:14:506013:216,315.41939187049866,88788,1,2.6237402707338333,2.6243578381836414
rendezvous_hash,codex363:13:363012:217,317.490740776062,102936,1,2.4313534162938595,2.4322625175118446
rendezvous_hash,codex25:7:25006:218,317.84611535072327,31305,1,0.7003477439284325,0.7005816958844662
rendezvous_hash,codex152:9:152008:219,319.0498192310333,70391,1,0.8780656196177006,0.8784737400710583
rendezvous_hash,codex315:7:315006:220,321.14456009864807,58303,1,1.4383342303335667,1.4386931359767914
rendezvous_hash,codex422:10:422009:221,321.68291759490967,33410,1,0.7603172957897186,0.7606641240417957
rendezvous_hash,codex73:2:73001:222,322.33495712280273,21062,1,1.2440977059304714,1.2442726343870163
rendezvous_hash,codex483:23:483022:223,323.4353096485138,94999,1,0.8005957268178463,0.8011356927454472
rendezvous_hash,codex363:14:363013:224,324.57143688201904,103989,1,1.6526882126927376,1.6533758044242859
rendezvous_hash,codex422:11:422010:225,324.6845860481262,34871,1,1.4794870801270008,1.4798617139458656
rendezvous_hash,codex506:15:506014:226,325.5338339805603,91680,1,2.17656235024333,2.1770988814532757
rendezvous_hash,codex73:3:73002:227,326.3732659816742,25975,1,4.919271886348724,4.919592034071684
rendezvous_hash,codex152:10:152009:228,326.870769739151,80379,1,5.686900619417429,5.6873969957232475
rendezvous_hash,codex509:3:509002:229,328.1596026420593,25548,1,1.219432108104229,1.2196310013532639
rendezvous_hash,codex25:8:25007:230,328.84361743927,31890,1,0.37759657576680183,0.3779512383043766
rendezvous_hash,codex315:8:315007:231,329.7631711959839,58817,1,0.6736871041357517,0.6740570850670338
rendezvous_hash,codex363:15:363014:232,330.9280951023102,104819,1,1.1258094795048237,1.1263912245631218
rendezvous_hash,codex483:24:483023:233,332.4536142349243,95605,1,1.234322965145111,1.2348549254238605
rendezvous_hash,codex363:16:363015:234,336.01774191856384,105282,1,1.7631941698491573,1.7637834809720516
rendezvous_hash,codex192:1:192000:235,336.30328154563904,13423,1,2.0858420059084892,2.085966967046261
rendezvous_hash,codex73:4:73003:236,336.70034742355347,27097,1,0.5227958858013153,0.5229945108294487
rendezvous_hash,codex25:9:25008:237,337.2185113430023,36929,1,1.4526580050587654,1.453031089156866
rendezvous_hash,codex315:9:315008:238,338.38438510894775,59429,1,0.7009833492338657,0.7013475596904755
rendezvous_hash,codex509:4:509003:239,339.1859426498413,29637,1,1.048679180443287,1.0489802099764347
rendezvous_hash,codex25:10:25009:240,339.4474334716797,37534,1,0.5202404595911503,0.5206020325422287
rendezvous_hash,codex152:11:152010:241,341.914794921875,84188,1,2.9869793504476547,2.9874945916235447
rendezvous_hash,codex543:13:543012:242,343.06823539733887,45033,1,1.8684787228703499,1.8688739389181137
rendezvous_hash,codex25:11:25010:243,346.60418701171875,37858,1,0.45154473930597305,0.4519752860069275
rendezvous_hash,codex363:17:363016:244,347.51977348327637,106754,1,2.0697171241045,2.070402327924967
rendezvous_hash,codex73:5:73004:245,347.61309790611267,27291,1,0.6206763125956059,0.6208784766495228
rendezvous_hash,codex493:27:493026:246,347.8776683807373,85675,1,0.9724926687777042,0.9729907028377056
rendezvous_hash,codex315:10:315009:247,348.22729206085205,62395,1,1.972995575517416,1.9733629524707794
rendezvous_hash,codex543:14:543013:248,349.38529086112976,50295,1,3.086064502596855,3.086483482271433
rendezvous_hash,codex483:25:483024:249,350.1906669139862,95729,1,1.8135471045970917,1.8142066672444344
rendezvous_hash,codex73:6:73005:250,350.7165081501007,31329,1,1.7760548554360867,1.7763476818799973
rendezvous_hash,codex192:2:192001:251,350.7826793193817,20228,1,1.228963777422905,1.2292110174894333
rendezvous_hash,codex110:1:110000:252,352.7129924297333,13568,1,1.2587986998260021,1.258932664990425
rendezvous_hash,codex152:12:152011:253,355.6743574142456,86014,1,1.749586295336485,1.7500671073794365
rendezvous_hash,codex110:2:110001:254,355.75619554519653,22383,1,1.6364633478224277,1.6367444284260273
rendezvous_hash,codex422:12:422011:255,355.8722503185272,37248,1,0.9656017199158669,0.9658656045794487
rendezvous_hash,codex25:12:25011:256,356.41281747817993,38804,1,0.5336781144142151,0.534029271453619
rendezvous_hash,codex110:3:110002:257,360.5135815143585,39740,1,4.516828063875437,4.517094925045967
rendezvous_hash,codex509:5:509004:258,360.74515557289124,35388,1,1.5463883876800537,1.546765685081482
rendezvous_hash,codex363:18:363017:259,361.5832312107086,107774,1,1.3184194937348366,1.31903076171875
rendezvous_hash,codex422:13:422012:260,362.7075927257538,39880,1,1.001546673476696,1.0019218735396862
rendezvous_hash,codex493:28:493027:261,363.342164516449,85849,1,0.7557624951004982,0.7562549449503422
rendezvous_hash,codex152:13:152012:262,364.7635848522186,87205,1,1.6418702155351639,1.6423455886542797
rendezvous_hash,codex543:15:543014:263,364.92927527427673,50727,1,1.4281096048653126,1.428553681820631
rendezvous_hash,codex192:3:192002:264,365.02551531791687,29980,1,2.1289524473249912,2.1291648782789707
rendezvous_hash,codex70:26:70025:265,365.4385747909546,96307,1,1.3911582455039024,1.3916749209165573
rendezvous_hash,codex25:13:25012:266,365.6069209575653,42088,1,1.1659926548600197,1.166260026395321
rendezvous_hash,codex363:19:363018:267,367.6437153816223,108157,1,0.9198728576302528,0.9204461611807346
rendezvous_hash,codex509:6:509005:268,367.9045569896698,36179,1,0.5312161408364773,0.5315751284360886
rendezvous_hash,codex192:4:192003:269,368.7155964374542,36263,1,1.7713371217250824,1.771699771285057
rendezvous_hash,codex152:14:152013:270,369.35066080093384,87698,1,1.9574641734361649,1.9584804736077785
rendezvous_hash,codex116:1:116000:271,369.40051889419556,13777,1,1.8998133204877377,1.9080429747700691
rendezvous_hash,codex73:7:73006:272,369.63437700271606,31697,1,1.677146714180708,1.6773614175617695
rendezvous_hash,codex110:4:110003:273,369.83474040031433,44001,1,1.6212729886174202,1.6215441823005676
rendezvous_hash,codex493:29:493028:274,370.2590341567993,86052,1,1.069603480398655,1.0700603649020195
rendezvous_hash,codex25:14:25013:275,370.41332840919495,42794,1,0.5210140720009804,0.5214067660272121
rendezvous_hash,codex70:27:70026:276,372.40534591674805,97725,1,1.985165011137724,1.9857136234641075
rendezvous_hash,codex73:8:73007:277,372.53397011756897,38821,1,3.6892274022102356,3.6895035430788994
rendezvous_hash,codex116:2:116001:278,372.6615746021271,39647,1,9.264667719602585,9.27226622030139
rendezvous_hash,codex422:14:422013:279,372.7862777709961,40792,1,0.5655451193451881,0.5659362562000751
rendezvous_hash,codex509:7:509006:280,373.9457449913025,44064,1,2.4188294261693954,2.4191091246902943
rendezvous_hash,codex506:16:506015:281,374.7657744884491,93738,1,1.8881696686148643,1.8886767141520977
rendezvous_hash,codex152:15:152014:282,375.1086483001709,87856,1,6.824625410139561,6.825768701732159
rendezvous_hash,codex315:11:315010:283,375.8598370552063,64178,1,1.3282632492482662,1.3286505490541458
rendezvous_hash,codex493:30:493029:284,376.2140016555786,89095,1,2.2513243816792965,2.251821704208851
rendezvous_hash,codex73:9:73008:285,376.8356580734253,43704,1,5.1027502827346325,5.103017989546061
rendezvous_hash,codex192:5:192004:286,377.18127822875977,37765,1,0.6890981197357178,0.6894462555646896
rendezvous_hash,codex483:26:483025:287,379.3655047416687,96435,1,0.9904467985033989,0.9910165667533875
rendezvous_hash,codex315:12:315011:288,380.1808023452759,67213,1,1.7623185217380524,1.7628412954509258
rendezvous_hash,codex509:8:509007:289,381.6747713088989,45184,1,0.7981321439146996,0.7984299883246422
rendezvous_hash,codex73:10:73009:290,382.2400321960449,44935,1,0.9668782949447632,0.9671604931354523
rendezvous_hash,codex363:20:363019:291,382.8891408443451,109770,1,3.0041848495602608,3.004765909165144
rendezvous_hash,codex506:17:506016:292,383.1980040073395,93935,1,0.9456803165376186,0.9462062828242779
rendezvous_hash,codex543:16:543015:293,384.0000100135803,59782,1,4.164615295827389,4.165312923491001
rendezvous_hash,codex25:15:25014:294,384.13385701179504,43124,1,0.4962995909154415,0.49669380113482475
rendezvous_hash,codex483:27:483026:295,384.57539796829224,96596,1,1.323829509317875,1.32434793561697
rendezvous_hash,codex493:31:493030:296,385.22631454467773,104366,1,9.595123253762722,9.59571536257863
rendezvous_hash,codex70:28:70027:297,385.5905508995056,98291,1,1.3221676386892796,1.3227204233407974
rendezvous_hash,codex152:16:152015:298,385.87969183921814,88005,1,2.2914465218782425,2.2919260673224926
rendezvous_hash,codex422:15:422014:299,386.0566518306732,42660,1,0.9237859100103378,0.9241313189268112
rendezvous_hash,codex152:17:152016:300,389.6271057128906,88136,1,0.7697626948356628,0.7703130654990673
rendezvous_hash,codex363:21:363020:301,390.0354700088501,110123,1,1.338574681431055,1.339185107499361
rendezvous_hash,codex361:8:361007:302,390.131698846817,29784,1,0.3852943852543831,0.3855866976082325
rendezvous_hash,codex73:11:73010:303,390.83195543289185,47407,1,1.114631250500679,1.1150269582867622
rendezvous_hash,codex315:13:315012:304,391.3628053665161,67833,1,0.7528199814260006,0.753204632550478
rendezvous_hash,codex361:9:361008:305,392.9989776611328,32933,1,1.1186955086886883,1.1189334243535995
rendezvous_hash,codex543:17:543016:306,393.90679001808167,67574,1,3.8632939495146275,3.8636904768645763
rendezvous_hash,codex110:5:110004:307,394.06705617904663,48340,1,1.8200450129806995,1.8203547708690166
rendezvous_hash,codex213:1:213000:308,394.1133785247803,13027,1,1.1880140118300915,1.1882543936371803
rendezvous_hash,codex361:10:361009:309,396.8509261608124,33505,1,0.4100634269416332,0.4103936515748501
rendezvous_hash,codex152:18:152017:310,398.7934465408325,88259,1,1.0356501303613186,1.0361736752092838
rendezvous_hash,codex213:2:213001:311,398.86825942993164,21057,1,1.8573770113289356,1.858969196677208
rendezvous_hash,codex543:18:543017:312,399.39117670059204,69881,1,2.3676263839006424,2.368134919553995
rendezvous_hash,codex509:9:509008:313,399.549996137619,45999,1,1.1801740564405918,1.1804601922631264
rendezvous_hash,codex73:12:73011:314,400.3516447544098,48522,1,1.4303830415010452,1.430743683129549
rendezvous_hash,codex192:6:192005:315,402.0845913887024,41600,1,1.5682430416345596,1.568504374474287
rendezvous_hash,codex73:13:73012:316,402.35990142822266,56464,1,7.241863541305065,7.242807060480118
rendezvous_hash,codex361:11:361010:317,403.146363735199,35258,1,0.6984021179378033,0.6986421085894108
rendezvous_hash,codex152:19:152018:318,403.6441562175751,88423,1,5.964114919304848,5.964597769081593
rendezvous_hash,codex506:18:506017:319,404.18247151374817,94094,1,1.1637182347476482,1.1642629504203796
rendezvous_hash,codex315:14:315013:320,404.40943813323975,71567,1,2.756378546357155,2.7569129541516304
rendezvous_hash,codex70:29:70028:321,404.7520980834961,98557,1,2.4870972111821175,2.487628825008869
rendezvous_hash,codex116:3:116002:322,404.92048811912537,48493,1,4.737282231450081,4.737859006971121
rendezvous_hash,codex543:19:543018:323,405.3251574039459,71484,1,4.3378025852143764,4.338204454630613
rendezvous_hash,codex25:16:25015:324,405.83463287353516,45536,1,1.051815140992403,1.0521204136312008
rendezvous_hash,codex213:3:213002:325,406.6601412296295,25096,1,0.9235932603478432,0.9237833134829998
rendezvous_hash,codex363:22:363021:326,408.127507686615,112118,1,2.6301718801259995,2.6307806447148323
rendezvous_hash,codex506:19:506018:327,408.57604002952576,94209,1,0.8027527257800102,0.8032794073224068
rendezvous_hash,codex192:7:192006:328,408.71683287620544,41932,1,2.033648930490017,2.033907126635313
rendezvous_hash,codex493:32:493031:329,409.3662278652191,107448,1,3.352799829095602,3.353372849524021
rendezvous_hash,codex166:1:166000:330,410.15931129455566,14321,1,2.370058409869671,2.3702019676566124
rendezvous_hash,codex543:20:543019:331,410.74284076690674,71649,1,1.9683852568268776,1.9688281677663326
rendezvous_hash,codex192:8:192007:332,411.5359354019165,44576,1,1.199530154466629,1.1998921781778336
rendezvous_hash,codex70:30:70029:333,412.22856760025024,99004,1,3.1509073302149773,3.1516510657966137
rendezvous_hash,codex152:20:152019:334,412.5233542919159,88547,1,1.017162051051855,1.0177048295736313
rendezvous_hash,codex110:6:110005:335,412.70272421836853,53518,1,3.2949491031467915,3.295271083712578
rendezvous_hash,codex166:2:166001:336,413.53232169151306,25686,1,2.4612518288195133,2.4614555947482586
rendezvous_hash,codex213:4:213003:337,414.923052072525,25687,1,0.4021058641374111,0.4023163840174675
rendezvous_hash,codex70:31:70030:338,415.7178602218628,99279,1,2.8117451071739197,2.8122815154492855
rendezvous_hash,codex315:15:315014:339,415.97369170188904,75438,1,2.5047748014330864,2.505384374409914
rendezvous_hash,codex509:10:509009:340,416.23387813568115,46638,1,0.5454136244952679,0.5458573512732983
rendezvous_hash,codex509:11:509010:341,417.53854417800903,48849,1,1.8356742039322853,1.8361038528382778
rendezvous_hash,codex213:5:213004:342,418.43357276916504,28569,1,0.9551990665495396,0.9554785266518593
rendezvous_hash,codex116:4:116003:343,418.8927547931671,53663,1,2.48294160887599,2.4832808598876
rendezvous_hash,codex363:23:363022:344,420.0721130371094,112236,1,1.310634732246399,1.3112277053296566
rendezvous_hash,codex315:16:315015:345,420.32596492767334,78032,1,1.8954599723219872,1.8958985097706318
rendezvous_hash,codex506:20:506019:346,420.7587594985962,94657,1,1.3444260880351067,1.3450779505074024
rendezvous_hash,codex152:21:152020:347,421.08742332458496,95587,1,6.830301623791456,6.831200197339058
rendezvous_hash,codex509:12:509011:348,421.25871324539185,49988,1,1.0748420171439648,1.0752578638494015
rendezvous_hash,codex361:12:361011:349,421.36781549453735,35643,1,0.9378758706152439,0.9381830282509327
rendezvous_hash,codex543:21:543020:350,421.7328259944916,71893,1,8.36529966443777,8.365709636360407
rendezvous_hash,codex220:4:220003:351,421.9856421947479,40239,1,8.95622929930687,8.956607218831778
rendezvous_hash,codex166:3:166002:352,422.84525537490845,29783,1,10.92434187978506,10.926859058439732
rendezvous_hash,codex213:6:213005:353,423.4901051521301,29883,1,0.5148020461201668,0.5150254555046558
rendezvous_hash,codex506:21:506020:355,426.328852891922,94828,1,0.6830530948936939,0.6835833601653576
rendezvous_hash,codex421:1:421000:356,426.53890347480774,13368,1,1.2295873872935772,1.2298332303762436
rendezvous_hash,codex152:22:152021:357,428.2803580760956,95756,1,5.497323498129845,5.497843757271767
rendezvous_hash,codex110:7:110006:359,429.21585965156555,54220,1,0.8780816346406937,0.8784315697848797
rendezvous_hash,codex493:33:493032:360,429.9846200942993,122761,1,11.501633990556002,11.502375598996878
rendezvous_hash,codex213:7:213006:361,430.08729314804077,30123,1,0.7969677522778511,0.7971864156424999
rendezvous_hash,codex543:22:543021:354,430.3444972038269,77440,1,3.816230185329914,3.8166697062551975
rendezvous_hash,codex506:22:506021:362,430.76428747177124,95022,1,0.9386242628097534,0.9391505233943462
rendezvous_hash,codex361:13:361012:363,430.8796594142914,35921,1,0.3344861790537834,0.33473847061395645
rendezvous_hash,codex152:23:152022:358,434.1479949951172,100235,1,5.5100515224039555,5.510594706982374
rendezvous_hash,codex315:17:315016:364,434.59014678001404,80181,1,1.6231330037117004,1.6236234419047832
rendezvous_hash,codex116:5:116004:365,435.2837402820587,55876,1,4.362080696970224,4.362420309334993
rendezvous_hash,codex543:23:543022:366,436.0147476196289,78577,1,3.6366552859544754,3.6373035982251167
rendezvous_hash,codex166:4:166003:367,436.12051820755005,31663,1,3.5204931274056435,3.5207279175519943
rendezvous_hash,codex213:8:213007:368,436.6015582084656,35710,1,1.6519785448908806,1.652245905250311
rendezvous_hash,codex421:2:421001:369,436.7059996128082,30402,1,3.353701651096344,3.3540206775069237
rendezvous_hash,codex509:13:509012:370,439.63361406326294,54607,1,2.1252553053200245,2.1255819462239742
rendezvous_hash,codex110:8:110007:371,440.0539536476135,55773,1,1.05000876262784,1.0503773465752602
rendezvous_hash,codex166:5:166004:372,441.7502703666687,54050,1,7.84860335290432,7.848959073424339
rendezvous_hash,codex543:24:543023:373,442.59289360046387,79148,1,7.0112002193927765,7.011625070124865
rendezvous_hash,codex548:1:548000:374,442.9388573169708,13754,1,1.3771572038531303,1.3772991299629211
rendezvous_hash,codex213:9:213008:375,444.31187987327576,37539,1,0.7780037075281143,0.7784083932638168
rendezvous_hash,codex110:9:110008:376,444.78158044815063,73383,1,11.17811443284154,11.178650096058846
rendezvous_hash,codex548:2:548001:377,444.9432017803192,26062,1,2.151477847248316,2.151792548596859
rendezvous_hash,codex421:3:421002:378,446.18471670150757,38488,1,9.829394042491913,9.8305705152452
rendezvous_hash,codex220:5:220004:380,447.75524616241455,41257,1,2.119781333953142,2.1200502924621105
rendezvous_hash,codex315:18:315017:381,449.07961440086365,82558,1,7.079524420201778,7.081552397459745
rendezvous_hash,codex25:17:25016:382,449.59040427207947,60104,1,5.4848963767290115,5.485293224453926
rendezvous_hash,codex543:25:543024:379,449.8667719364166,81167,1,1.516280859708786,1.5167676731944084
rendezvous_hash,codex361:14:361013:383,450.1587870121002,36031,1,0.3526938892900944,0.35305725783109665
rendezvous_hash,codex73:14:73013:384,451.05004501342773,57436,1,1.1711818538606167,1.1715354546904564
rendezvous_hash,codex509:14:509013:385,451.2394115924835,56082,1,0.9851187169551849,0.9854424260556698
rendezvous_hash,codex506:23:506022:386,451.94433784484863,96366,1,1.848770122975111,1.8493248522281647
rendezvous_hash,codex543:26:543025:387,452.2114906311035,84297,1,2.320001542568207,2.320503894239664
rendezvous_hash,codex548:3:548002:389,452.6825933456421,36619,1,2.8173462450504303,2.8175979405641556
rendezvous_hash,codex116:6:116005:390,454.99017119407654,61123,1,4.606841579079628,4.607214372605085
rendezvous_hash,codex166:6:166005:391,455.31019592285156,58651,1,6.857495665550232,6.857826009392738
rendezvous_hash,codex73:15:73014:392,455.492445230484,57760,1,6.670781522989273,6.671432424336672
rendezvous_hash,codex421:4:421003:388,456.15123081207275,39004,1,0.4795609787106514,0.47989727184176445
rendezvous_hash,codex493:34:493033:393,457.87027287483215,125897,1,3.6391792222857475,3.6399450711905956
rendezvous_hash,codex70:32:70031:394,458.1937699317932,99604,1,0.8915489874780178,0.8921213001012802
rendezvous_hash,codex220:6:220005:395,458.49581122398376,61910,1,11.519736927002668,11.52010839059949
rendezvous_hash,codex509:15:509014:396,458.719610452652,62314,1,2.768508680164814,2.768876165151596
rendezvous_hash,codex315:19:315018:397,459.95209670066833,83562,1,3.295813415199518,3.2964017130434513
rendezvous_hash,codex421:5:421004:398,460.66613388061523,45676,1,2.604398302733898,2.6047698706388474
rendezvous_hash,codex422:16:422015:399,460.80126428604126,42885,1,0.40938837081193924,0.40968164429068565
rendezvous_hash,codex543:27:543026:400,463.62278389930725,86720,1,6.402049731463194,6.402538008987904
rendezvous_hash,codex166:7:166006:401,463.81973123550415,61781,1,6.199447672814131,6.199797950685024
rendezvous_hash,codex70:33:70032:402,464.4713273048401,99805,1,0.6611661277711391,0.6617455072700977
rendezvous_hash,codex110:10:110009:403,464.964391708374,75626,1,1.5462589338421822,1.5467014461755753
rendezvous_hash,codex506:24:506023:404,465.5606436729431,99771,1,3.3245499655604362,3.3250990249216557
rendezvous_hash,codex25:18:25017:405,466.49432349205017,65021,1,2.5155116990208626,2.5159286558628082
rendezvous_hash,codex110:11:110010:406,467.50098061561584,83909,1,5.47107495367527,5.471800580620766
rendezvous_hash,codex234:1:234000:407,467.5502235889435,13534,1,1.8287001624703407,1.8289207182824612
rendezvous_hash,codex315:20:315019:408,468.7319531440735,84451,1,4.246223542839289,4.246674750000238
rendezvous_hash,codex213:10:213009:409,468.87424492836,42200,1,1.6735668517649174,1.6738319396972656
rendezvous_hash,codex116:7:116006:410,469.86682081222534,64702,1,2.075982917100191,2.0763790123164654
rendezvous_hash,codex422:17:422016:411,470.0069591999054,43073,1,0.4288797713816166,0.42923104763031006
rendezvous_hash,codex548:4:548003:412,471.66385221481323,39940,1,1.2851442135870457,1.2855136767029762
rendezvous_hash,codex234:2:234001:413,472.07418513298035,17820,1,0.7723348960280418,0.7724928110837936
rendezvous_hash,codex493:35:493034:414,474.2002680301666,134697,1,8.749240558594465,8.750582158565521
rendezvous_hash,codex166:8:166007:415,475.75474882125854,65626,1,2.097202330827713,2.0975915007293224
rendezvous_hash,codex315:21:315020:416,476.08340406417847,84693,1,0.7876846082508564,0.788194015622139
rendezvous_hash,codex315:22:315021:417,478.8161301612854,85244,1,2.091212172061205,2.0917856357991695
rendezvous_hash,codex110:12:110011:418,479.09907031059265,84772,1,1.8503184877336025,1.850774321705103
rendezvous_hash,codex509:16:509015:419,479.4911868572235,63025,1,0.9566959403455257,0.9571019038558006
rendezvous_hash,codex548:5:548004:420,479.6280539035797,42982,1,3.3255658634006977,3.3258257135748863
rendezvous_hash,codex110:13:110012:421,481.5941755771637,89603,1,3.462609764188528,3.4631113596260548
rendezvous_hash,codex361:15:361014:422,481.75462555885315,42569,1,2.1193475872278214,2.119695357978344
rendezvous_hash,codex25:19:25018:423,482.1392447948456,67248,1,1.4966441094875336,1.4970456063747406
rendezvous_hash,codex166:9:166008:424,482.7703604698181,66306,1,0.8864093869924545,0.8867881000041962
rendezvous_hash,codex548:6:548005:425,483.382141828537,47455,1,1.7308006808161736,1.7312035709619522
rendezvous_hash,codex509:17:509016:426,484.855854511261,64840,1,1.318045649677515,1.3184350654482841
rendezvous_hash,codex220:7:220006:427,485.04664635658264,62358,1,0.7272713035345078,0.7276625521481037
rendezvous_hash,codex422:18:422017:428,486.05035519599915,43513,1,0.41487619653344154,0.41523540765047073
rendezvous_hash,codex548:7:548006:429,487.50840044021606,55517,1,10.557049710303545,10.557395499199629
rendezvous_hash,codex493:36:493035:430,488.6685059070587,143050,1,9.61793951317668,9.618768401443958
rendezvous_hash,codex234:3:234002:431,488.7459042072296,22408,1,1.479491513222456,1.4797361120581627
rendezvous_hash,codex213:11:213010:432,488.87925457954407,43628,1,0.7838417738676071,0.7841478697955608
rendezvous_hash,codex110:14:110013:433,489.4230480194092,93010,1,2.552164863795042,2.552696358412504
rendezvous_hash,codex509:18:509017:434,489.9775264263153,66802,1,2.109313666820526,2.1096929758787155
rendezvous_hash,codex166:10:166009:435,490.2166874408722,69133,1,2.127744197845459,2.1282189674675465
rendezvous_hash,codex116:8:116007:436,490.4877738952637,65345,1,1.8895410113036633,1.8899086639285088
rendezvous_hash,codex213:12:213011:437,490.7787070274353,44901,1,1.3796370700001717,1.3799108117818832
rendezvous_hash,codex506:25:506024:438,491.6976613998413,102551,1,2.549180045723915,2.5497505739331245
rendezvous_hash,codex308:1:308000:439,492.1540729999542,13069,1,1.1927740946412086,1.1929858922958374
rendezvous_hash,codex422:19:422018:440,493.02931213378906,44221,1,0.6179446838796139,0.6182507947087288
rendezvous_hash,codex116:9:116008:441,493.3139190673828,71073,1,3.295481339097023,3.2960287034511566
rendezvous_hash,codex70:34:70033:442,495.2932412624359,100262,1,2.206588927656412,2.207224804908037
rendezvous_hash,codex166:11:166010:443,495.5084550380707,69310,1,1.1356837339699268,1.1360765621066093
rendezvous_hash,codex110:15:110014:444,496.121235370636,93781,1,1.4240994304418564,1.424685973674059
rendezvous_hash,codex213:13:213012:445,498.27318239212036,46847,1,1.0131499990820885,1.013448964804411
rendezvous_hash,codex234:4:234003:446,498.5570569038391,24500,1,0.6024299561977386,0.6027339287102222
rendezvous_hash,codex548:8:548007:447,500.43273973464966,60641,1,2.3913106061518192,2.391678713262081
rendezvous_hash,codex220:8:220007:448,500.92690348625183,62623,1,0.8064915202558041,0.8069099150598049
rendezvous_hash,codex213:14:213013:449,501.0774700641632,48928,1,1.129896391183138,1.1302935481071472
rendezvous_hash,codex308:2:308001:450,501.1759524345398,30695,1,3.289671912789345,3.2899965569376945
rendezvous_hash,codex422:20:422019:451,504.64878034591675,44912,1,0.5294230356812477,0.529817808419466
rendezvous_hash,codex509:19:509018:452,506.31166100502014,67866,1,0.8809128254652023,0.8813309706747532
rendezvous_hash,codex234:5:234004:453,506.84422540664673,27533,1,0.8129106946289539,0.8132115043699741
rendezvous_hash,codex220:9:220008:454,507.61298751831055,62906,1,0.7659896463155746,0.7663595378398895
rendezvous_hash,codex110:16:110015:455,508.3533751964569,96634,1,2.3082237616181374,2.3087811805307865
rendezvous_hash,codex308:3:308002:456,508.5879147052765,45136,1,4.148666366934776,4.149078227579594
rendezvous_hash,codex367:1:367000:457,508.63611912727356,13427,1,1.2388985976576805,1.2391247116029263
rendezvous_hash,codex548:9:548008:458,510.99262499809265,65934,1,2.547989696264267,2.5483788400888443
rendezvous_hash,codex70:35:70034:459,511.4217119216919,100487,1,0.9349849224090576,0.9355648681521416
rendezvous_hash,codex116:10:116009:460,513.9531195163727,71365,1,0.6382336243987083,0.6388517059385777
rendezvous_hash,codex110:17:110016:461,514.3883571624756,100549,1,3.105586599558592,3.1061556711792946
rendezvous_hash,codex220:10:220009:462,515.3320701122284,63195,1,0.5795918181538582,0.5811909511685371
rendezvous_hash,codex70:36:70035:463,517.2918620109558,107679,1,6.427634306252003,6.428342022001743
rendezvous_hash,codex422:21:422020:464,518.3247830867767,49343,1,1.7110896781086922,1.7114011645317078
rendezvous_hash,codex166:12:166011:465,518.6584594249725,75701,1,5.365546066313982,5.366078224033117
rendezvous_hash,codex116:11:116010:466,519.964423418045,74331,1,4.123760931193829,4.124459650367498
rendezvous_hash,codex110:18:110017:467,520.8448300361633,101429,1,2.92435747012496,2.924891095608473
rendezvous_hash,codex220:11:220010:468,521.1671388149261,63334,1,2.92588147521019,2.926246367394924
rendezvous_hash,codex308:4:308003:469,521.5849912166595,55149,1,3.8368445821106434,3.8372257091104984
rendezvous_hash,codex192:9:192008:470,523.4348526000977,45161,1,0.6222963817417622,0.6226632259786129
rendezvous_hash,codex220:12:220011:471,525.7406256198883,63422,1,0.5145801417529583,0.5149822272360325
rendezvous_hash,codex422:22:422021:472,526.1603062152863,49622,1,0.8638778328895569,0.8641956187784672
rendezvous_hash,codex234:6:234005:473,526.2484970092773,27733,1,0.35995251312851906,0.36025552451610565
rendezvous_hash,codex25:20:25019:474,527.0164301395416,67883,1,0.8671066910028458,0.8675313517451286
rendezvous_hash,codex308:5:308004:475,528.3644285202026,94857,1,24.034613259136677,24.035156816244125
rendezvous_hash,codex110:19:110018:476,528.9029030799866,102149,1,1.1133180409669876,1.1140467636287212
rendezvous_hash,codex548:10:548009:477,529.4857206344604,66477,1,0.7554110921919346,0.7557882480323315
rendezvous_hash,codex234:7:234006:478,530.4519522190094,27798,1,0.23150372132658958,0.23183833062648773
rendezvous_hash,codex506:26:506025:479,531.4988684654236,103123,1,1.5093561634421349,1.5098976753652096
rendezvous_hash,codex116:12:116011:480,531.7380821704865,74885,1,0.7021203637123108,0.7025862447917461
rendezvous_hash,codex70:37:70036:481,532.158243894577,107758,1,0.8013819009065628,0.801967415958643
rendezvous_hash,codex166:13:166012:482,532.9306738376617,76175,1,1.1893746368587017,1.1898289658129215
rendezvous_hash,codex543:28:543027:483,534.1095914840698,88356,1,1.7445619739592075,1.7451946139335632
rendezvous_hash,codex367:2:367001:484,534.648295879364,21050,1,1.2823155969381332,1.2825673334300518
rendezvous_hash,codex220:13:220012:485,534.9918439388275,63602,1,0.8918017521500587,0.8921745158731937
rendezvous_hash,codex506:27:506026:486,536.411384344101,103687,1,1.6130943410098553,1.6136614084243774
rendezvous_hash,codex116:13:116012:487,537.049275636673,77957,1,2.0241334810853004,2.0246085301041603
rendezvous_hash,codex70:38:70037:488,538.0109884738922,119108,1,9.154131945222616,9.156021866947412
rendezvous_hash,codex234:8:234007:489,538.5125334262848,29656,1,0.6552573144435883,0.6555504687130451
rendezvous_hash,codex25:21:25020:490,538.963299036026,75891,1,12.80151417478919,12.801929168403149
rendezvous_hash,codex315:23:315022:491,539.6162643432617,85849,1,7.563621271401644,7.564083736389875
rendezvous_hash,codex278:1:278000:492,541.3864867687225,13270,1,1.212110847234726,1.2123521342873573
rendezvous_hash,codex509:20:509019:493,543.4824669361115,68105,1,0.7643223591148853,0.764727920293808
rendezvous_hash,codex166:14:166013:494,544.1281161308289,80085,1,3.0464795902371407,3.0469125360250473
rendezvous_hash,codex234:9:234008:495,544.2398371696472,33258,1,1.1653223149478436,1.1657008305191994
rendezvous_hash,codex509:21:509020:496,545.717255115509,71061,1,1.8614136055111885,1.8618319407105446
rendezvous_hash,codex543:29:543028:497,546.1219189167023,88718,1,1.0890097916126251,1.089477214962244
rendezvous_hash,codex509:22:509021:499,549.1459717750549,73848,1,2.6112417094409466,2.6116699539124966
rendezvous_hash,codex234:10:234009:500,549.2558727264404,34730,1,0.6669781841337681,0.6673265881836414
rendezvous_hash,codex338:1:338000:501,549.5814211368561,13413,1,1.6618782877922058,1.6620167642831802
rendezvous_hash,codex543:30:543029:502,551.0732169151306,91147,1,6.302278771996498,6.30289650708437
rendezvous_hash,codex192:10:192009:503,551.239191532135,48402,1,2.018740624189377,2.0190424770116806
rendezvous_hash,codex166:15:166014:504,551.5204141139984,82303,1,9.427609253674746,9.428427536040545
rendezvous_hash,codex548:11:548010:505,551.7470712661743,68800,1,1.515328697860241,1.5157816261053085
rendezvous_hash,codex25:22:25021:498,552.0163443088531,76161,1,0.9845021776854992,0.9849278442561626
rendezvous_hash,codex116:14:116013:506,552.2962234020233,82594,1,8.65801940485835,8.65846386551857
rendezvous_hash,codex367:3:367002:507,552.3841259479523,22873,1,0.6118659637868404,0.6120474599301815
rendezvous_hash,codex315:24:315023:508,552.9871680736542,86333,1,1.1308893263339996,1.131450954824686
rendezvous_hash,codex25:23:25022:509,553.2492916584015,76547,1,0.8469073101878166,0.8473662696778774
rendezvous_hash,codex338:2:338001:510,553.4051034450531,14073,1,0.7170555330812931,0.7171779163181782
rendezvous_hash,codex220:14:220013:511,555.5822870731354,71909,1,10.494437754154205,10.494975067675114
rendezvous_hash,codex278:2:278001:512,556.9483842849731,40498,1,5.761470001190901,6.034064073115587
rendezvous_hash,codex421:6:421005:513,557.6667873859406,46469,1,0.9238345250487328,0.9241223819553852
rendezvous_hash,codex509:23:509022:514,558.582674741745,75703,1,1.4108319096267223,1.411257792264223
rendezvous_hash,codex25:24:25023:515,559.3461925983429,76669,1,0.5338077656924725,0.5343964770436287
rendezvous_hash,codex543:31:543030:516,560.5146279335022,111657,1,19.12631406635046,19.126919377595186
rendezvous_hash,codex116:15:116014:517,561.2802538871765,90999,1,19.118197727948427,19.11901481449604
rendezvous_hash,codex234:11:234010:518,561.6625094413757,36635,1,0.7564530372619629,0.756800688803196
rendezvous_hash,codex192:11:192010:519,562.116091966629,51221,1,1.4154403880238533,1.4157538674771786
rendezvous_hash,codex213:15:213014:520,562.3830604553223,51226,1,1.094359863549471,1.094771921634674
rendezvous_hash,codex166:16:166015:521,562.977283000946,82777,1,17.427430618554354,17.427899178117514
rendezvous_hash,codex338:3:338002:522,563.0369925498962,18120,1,0.8459532707929611,0.8461044803261757
rendezvous_hash,codex422:23:422022:523,563.8785078525543,50065,1,0.5986901223659515,0.5990016646683216
rendezvous_hash,codex315:25:315024:524,564.3916442394257,86524,1,0.8298462890088558,0.8303322568535805
rendezvous_hash,codex367:4:367003:525,564.471889257431,24497,1,0.47368692979216576,0.47398098930716515
rendezvous_hash,codex453:1:453000:526,565.9950656890869,13604,1,15.408337660133839,15.410511665046215
rendezvous_hash,codex367:5:367004:527,567.2343599796295,25192,1,0.32605595514178276,0.3263535611331463
rendezvous_hash,codex367:6:367005:528,568.5330495834351,29093,1,1.003373172134161,1.0036848671734333
rendezvous_hash,codex422:24:422023:529,568.7559804916382,50351,1,0.5854953229427338,0.5859333202242851
rendezvous_hash,codex213:16:213015:530,570.5537297725677,56871,1,3.152930725365877,3.1534124724566936
rendezvous_hash,codex338:4:338003:531,571.0049695968628,19274,1,0.3813665211200714,0.38163352757692337
rendezvous_hash,codex548:12:548011:532,572.1037600040436,75134,1,3.7006909176707268,3.7011403888463974
rendezvous_hash,codex509:24:509023:533,572.3480312824249,76825,1,1.3989066816866398,1.399330597370863
rendezvous_hash,codex367:7:367006:534,572.7037389278412,30405,1,0.5525385662913322,0.5527706295251846
rendezvous_hash,codex220:15:220014:535,575.0625667572021,73189,1,6.422470983117819,6.422911945730448
rendezvous_hash,codex338:5:338004:536,575.129426240921,20016,1,0.3439425826072693,0.344122726470232
rendezvous_hash,codex192:12:192011:537,576.3331084251404,53308,1,1.1921938546001911,1.1925406344234943
rendezvous_hash,codex338:6:338005:538,576.4100515842438,23466,1,0.7663411051034927,0.7666382566094398
rendezvous_hash,codex509:25:509024:539,577.0895209312439,78861,1,1.8481530509889126,1.8485946841537952
rendezvous_hash,codex278:3:278002:540,577.4319758415222,56304,1,5.412092249840498,5.412437312304974
rendezvous_hash,codex422:25:422024:541,577.7421267032623,50473,1,0.4548797309398651,0.4553108438849449
rendezvous_hash,codex315:26:315025:542,578.9269795417786,90219,1,2.8065472207963467,2.807102508842945
rendezvous_hash,codex453:2:453001:544,581.4791729450226,19710,1,2.231499433517456,2.2316832654178143
rendezvous_hash,codex220:16:220015:543,581.7227892875671,74014,1,2.1748211793601513,2.175262063741684
rendezvous_hash,codex308:6:308005:545,583.4323387145996,96896,1,2.066663224250078,2.067338030785322
rendezvous_hash,codex192:13:192012:546,583.6123542785645,56408,1,1.7569652125239372,1.7573130242526531
rendezvous_hash,codex367:8:367007:547,583.7072064876556,30739,1,0.633801881223917,0.6340227648615837
rendezvous_hash,codex73:16:73015:548,583.8889384269714,58432,1,0.7453344315290451,0.7457006797194481
rendezvous_hash,codex234:12:234011:549,584.2376568317413,41352,1,1.7294507138431072,1.7297899946570396
rendezvous_hash,codex338:7:338006:550,584.336816072464,30098,1,1.5669792108237743,1.567288976162672
rendezvous_hash,codex453:3:453002:551,584.6280145645142,29336,1,2.176528211683035,2.1767380200326443
rendezvous_hash,codex509:26:509025:552,586.2636845111847,83681,1,3.2107569575309753,3.2112410105764866
rendezvous_hash,codex367:9:367008:553,586.7998411655426,37260,1,1.8749717324972153,1.8752427697181702
rendezvous_hash,codex166:17:166016:554,587.3953914642334,89973,1,7.07406173273921,7.074653059244156
rendezvous_hash,codex192:14:192013:555,587.803594827652,58206,1,1.1997730284929276,1.2001428976655006
rendezvous_hash,codex220:17:220016:556,589.463038444519,76492,1,5.569850880652666,5.570405174046755
rendezvous_hash,codex338:8:338007:557,590.1048634052277,33059,1,1.8186902105808258,1.8189149014651775
rendezvous_hash,codex453:4:453003:558,590.222722530365,36843,1,4.8303996957838535,4.830631632357836
rendezvous_hash,codex88:1:88000:559,590.603422164917,14659,1,2.398368988186121,2.3986084535717964
rendezvous_hash,codex213:17:213016:560,591.0539014339447,57604,1,0.8734597899019718,0.8737984895706177
rendezvous_hash,codex315:27:315026:561,591.9154870510101,90554,1,1.5772853270173073,1.5777938514947891
rendezvous_hash,codex509:27:509026:562,593.325042963028,85401,1,1.724868729710579,1.7253312543034554
rendezvous_hash,codex422:26:422025:563,593.4833662509918,50613,1,0.6643905304372311,0.664698027074337
rendezvous_hash,codex278:4:278003:565,594.1399512290955,69050,1,5.695306781679392,5.6957452446222305
rendezvous_hash,codex88:2:88001:566,594.9296550750732,28492,1,3.1877149306237698,3.1879199743270874
rendezvous_hash,codex453:5:453004:564,595.1987433433533,44232,1,2.9216698594391346,2.9219454154372215
rendezvous_hash,codex315:28:315027:567,596.7187807559967,90898,1,1.4073524847626686,1.4078566171228886
rendezvous_hash,codex110:20:110019:568,597.8273072242737,103938,1,2.1685394272208214,2.1691062450408936
rendezvous_hash,codex509:28:509027:569,598.1090536117554,89233,1,2.8992745727300644,2.8997651860117912
rendezvous_hash,codex308:7:308006:570,598.481306552887,99933,1,2.729762602597475,2.7303977198898792
rendezvous_hash,codex192:15:192014:571,599.5697708129883,60976,1,1.4927560426294804,1.4931150525808334
rendezvous_hash,codex338:9:338008:572,600.9998867511749,36362,1,1.10032544657588,1.100587509572506
rendezvous_hash,codex88:3:88002:573,602.422135591507,34393,1,1.9173965863883495,1.9177553467452526
rendezvous_hash,codex110:21:110020:574,604.0312271118164,106971,1,3.5924145616590977,3.592999953776598
rendezvous_hash,codex213:18:213017:575,604.2132253646851,58037,1,0.6850629635155201,0.6854357942938805
rendezvous_hash,codex338:10:338009:576,604.3334636688232,37978,1,5.4344694800674915,5.434805255383253
rendezvous_hash,codex166:18:166017:577,605.2288722991943,91447,1,1.8424319177865982,1.8429283946752548
rendezvous_hash,codex192:16:192015:578,606.2454135417938,61317,1,0.8181205056607723,0.8184969127178192
rendezvous_hash,codex548:13:548012:579,606.897191286087,78730,1,2.502137638628483,2.502615299075842
rendezvous_hash,codex88:4:88003:580,607.0555393695831,47708,1,4.600663613528013,4.600981123745441
rendezvous_hash,codex308:8:308007:581,607.4936785697937,102688,1,2.4482410922646523,2.4488829113543034
rendezvous_hash,codex213:19:213018:582,607.9805383682251,58279,1,0.6984250023961067,0.6987864449620247
rendezvous_hash,codex73:17:73016:583,609.1569373607635,58630,1,0.5519906990230083,0.5523465499281883
rendezvous_hash,codex338:11:338010:584,610.7855725288391,38225,1,0.8897222094237804,0.8900693207979202
rendezvous_hash,codex110:22:110021:585,612.534220457077,117657,1,9.500879228115082,9.501542873680592
rendezvous_hash,codex278:5:278004:586,612.9326331615448,74462,1,3.256096176803112,3.2565257735550404
rendezvous_hash,codex234:13:234012:587,615.1439883708954,43580,1,1.0483674593269825,1.0486289598047733
rendezvous_hash,codex405:1:405000:588,615.2004895210266,13349,1,9.619788955897093,9.62001895904541
rendezvous_hash,codex88:5:88004:589,616.0169973373413,83870,1,25.59742221608758,25.5981947183609
rendezvous_hash,codex422:27:422026:590,616.1798858642578,50769,1,0.5815609805285931,0.5818868279457092
rendezvous_hash,codex213:20:213019:591,616.576990365982,58595,1,0.564857117831707,0.5652074962854385
rendezvous_hash,codex338:12:338011:592,617.5999629497528,39217,1,24.01793722063303,24.01818334683776
rendezvous_hash,codex308:9:308008:593,618.1664884090424,104953,1,2.399377763271332,2.3999548703432083
rendezvous_hash,codex166:19:166018:594,618.8752961158752,92726,1,1.8715878315269947,1.8722614273428917
rendezvous_hash,codex506:28:506027:595,619.5106430053711,104305,1,1.4743119068443775,1.4748660996556282
rendezvous_hash,codex73:18:73017:596,619.6929574012756,59150,1,1.0812713839113712,1.0816109105944633
rendezvous_hash,codex192:17:192016:597,620.5544362068176,62091,1,0.9250975996255875,0.9254565164446831
rendezvous_hash,codex453:6:453005:598,622.02383685112,49759,1,2.008606407791376,2.008939005434513
rendezvous_hash,codex603:1:603000:600,623.4109206199646,13081,1,1.1825150921940804,1.182748306542635
rendezvous_hash,codex422:28:422027:601,624.4964940547943,50951,1,0.6921322271227837,0.6924507543444633
rendezvous_hash,codex405:2:405001:599,624.8963754177094,21038,1,19.680574882775545,19.680748526006937
rendezvous_hash,codex548:14:548013:602,625.1797761917114,85221,1,3.9127576872706413,3.9132157303392887
rendezvous_hash,codex110:23:110022:603,625.7567734718323,122856,1,21.393475342541933,21.394160326570272
rendezvous_hash,codex234:14:234013:604,626.4112458229065,53253,1,3.6930170208215714,3.6933468766510487
rendezvous_hash,codex220:18:220017:605,626.7896184921265,79623,1,2.297582980245352,2.2980652675032616
rendezvous_hash,codex421:7:421006:607,629.0646307468414,50873,1,17.638979110866785,17.639310091733932
rendezvous_hash,codex213:21:213020:608,630.0965411663055,58860,1,0.42180076241493225,0.4221470579504967
rendezvous_hash,codex220:19:220018:609,632.1091117858887,80765,1,1.1939560621976852,1.194443129003048
rendezvous_hash,codex73:19:73018:610,633.1817967891693,59246,1,0.5563129335641861,0.5566762834787369
rendezvous_hash,codex509:29:509028:613,636.367928981781,91290,1,2.0111136250197887,2.0117464549839497
rendezvous_hash,codex192:18:192017:614,637.1231279373169,62908,1,0.8100829273462296,0.8104880675673485
rendezvous_hash,codex166:20:166019:615,638.9207906723022,97942,1,3.732464101165533,3.7330259792506695
rendezvous_hash,codex278:6:278005:616,639.4162395000458,77698,1,2.152205765247345,2.1526650711894035
rendezvous_hash,codex315:29:315028:617,640.3460144996643,91167,1,6.627707362174988,6.628237493336201
rendezvous_hash,codex305:1:305000:618,640.4527018070221,13272,1,3.0329968705773354,3.0332586467266083
rendezvous_hash,codex603:2:603001:619,640.841536283493,30015,1,3.822753932327032,3.8229711167514324
rendezvous_hash,codex338:13:338012:606,641.7718617916107,43107,1,5.2052351385355,5.205505535006523
rendezvous_hash,codex213:22:213021:620,642.0287852287292,59149,1,0.6358654052019119,0.6362081617116928
rendezvous_hash,codex509:30:509029:623,644.5695233345032,95825,1,3.3050132133066654,3.3055352978408337
rendezvous_hash,codex405:3:405002:621,644.6604378223419,25234,1,2.2231797352433205,2.223373416811228
rendezvous_hash,codex308:10:308009:625,645.9622068405151,105278,1,1.6186216957867146,1.619179554283619
rendezvous_hash,codex603:3:603002:626,646.1082983016968,41024,1,3.3820377364754677,3.382327128201723
rendezvous_hash,codex548:15:548014:627,646.3949673175812,85852,1,1.3071035370230675,1.3075811080634594
rendezvous_hash,codex88:6:88005:628,646.6934320926666,85177,1,4.091666169464588,4.092159569263458
rendezvous_hash,codex421:8:421007:622,646.8766901493073,53054,1,6.562529783695936,6.564450114965439
rendezvous_hash,codex405:4:405003:624,646.9663138389587,26414,1,6.665996104478836,6.66620484367013
rendezvous_hash,codex338:14:338013:611,647.1399629116058,49664,1,6.597428172826767,6.597742207348347
rendezvous_hash,codex110:24:110023:612,647.5652642250061,124463,1,6.36046365275979,6.361114978790283
rendezvous_hash,codex315:30:315029:631,648.6015043258667,91443,1,5.316474623978138,5.316990587860346
rendezvous_hash,codex166:21:166020:632,648.9271373748779,98696,1,1.073557361960411,1.0741140730679035
rendezvous_hash,codex548:16:548015:636,651.605309009552,86601,1,1.140245608985424,1.1407039910554886
rendezvous_hash,codex509:31:509030:637,652.1309568881989,95869,1,0.5826691091060638,0.5832054130733013
rendezvous_hash,codex116:16:116015:638,652.5448899269104,92541,1,1.8239608705043793,1.824469581246376
rendezvous_hash,codex421:9:421008:629,653.627423286438,54071,1,9.542748924344778,9.54343818500638
rendezvous_hash,codex405:5:405004:634,653.7302458286285,31509,1,5.099492561072111,5.099839527159929
rendezvous_hash,codex338:15:338014:630,653.90815782547,54738,1,9.900822822004557,9.901164792478085
rendezvous_hash,codex110:25:110024:635,654.3545680046082,130593,1,10.579655095934868,10.58035797253251
rendezvous_hash,codex88:7:88006:639,654.8143391609192,85868,1,9.006327461451292,9.006782099604607
rendezvous_hash,codex213:23:213022:640,655.0142078399658,59761,1,0.7661052867770195,0.7664729580283165
rendezvous_hash,codex308:11:308010:641,655.4436068534851,110489,1,4.566912740468979,4.567529931664467
rendezvous_hash,codex548:17:548016:642,655.7693998813629,87688,1,1.3534302897751331,1.353957425802946
rendezvous_hash,codex315:31:315030:643,656.3336310386658,91825,1,7.492342621088028,7.492823071777821
rendezvous_hash,codex234:15:234014:644,656.5305087566376,59833,1,3.05192157253623,3.0523023903369904
rendezvous_hash,codex305:2:305001:645,656.6917722225189,48268,1,8.248779330402613,8.249071270227432
rendezvous_hash,codex220:20:220019:646,656.98521733284,81035,1,0.7687366083264351,0.7693235203623772
rendezvous_hash,codex73:20:73019:647,657.7401232719421,66572,1,4.640867341309786,4.641397602856159
rendezvous_hash,codex116:17:116016:649,658.307389497757,94207,1,4.122530046850443,4.1230402290821075
rendezvous_hash,codex405:6:405005:648,658.9442148208618,32366,1,4.869888611137867,4.870105851441622
rendezvous_hash,codex509:32:509031:651,659.9975898265839,96219,1,0.8343715742230415,0.8353099450469017
rendezvous_hash,codex421:10:421009:633,663.3579087257385,55248,1,1.586183462291956,1.5864994302392006
rendezvous_hash,codex308:12:308011:653,663.7984952926636,110647,1,1.3360296711325645,1.3366200402379036
rendezvous_hash,codex88:8:88007:654,664.1247344017029,87070,1,3.887359593063593,3.8878462575376034
rendezvous_hash,codex315:32:315031:652,664.4374125003815,92877,1,4.419565558433533,4.420728709548712
rendezvous_hash,codex220:21:220020:655,664.7188520431519,81185,1,1.0874307416379452,1.0878832526504993
rendezvous_hash,codex192:19:192018:656,664.9227669239044,63277,1,0.8784626200795174,0.8788534216582775
rendezvous_hash,codex421:11:421010:650,665.1242804527283,56728,1,3.7395578920841217,3.740071527659893
rendezvous_hash,codex116:18:116017:657,665.7408936023712,97506,1,4.569724701344967,4.570264957845211
rendezvous_hash,codex443:1:443000:658,665.795065164566,13954,1,1.323515810072422,1.3236709833145142
rendezvous_hash,codex405:7:405006:659,666.821133852005,36034,1,2.248598337173462,2.2488455548882484
rendezvous_hash,codex453:7:453006:660,667.0879292488098,55206,1,3.71380852162838,3.7142935767769814
rendezvous_hash,codex509:33:509032:661,668.0005211830139,96998,1,1.7250147201120853,1.7256623692810535
rendezvous_hash,codex213:24:213023:662,668.4290025234222,59963,1,1.2901819571852684,1.2905397675931454
rendezvous_hash,codex421:12:421011:663,669.0632922649384,56993,1,0.6516461037099361,0.6519876755774021
rendezvous_hash,codex220:22:220021:664,669.7045612335205,81706,1,1.1409169808030128,1.1413729898631573
rendezvous_hash,codex234:16:234015:665,670.1297421455383,64237,1,2.4417474195361137,2.442150119692087
rendezvous_hash,codex603:4:603003:666,670.2976615428925,46424,1,1.8641112968325615,1.8645142577588558
rendezvous_hash,codex421:13:421012:667,672.1420962810516,57447,1,0.7836357802152634,0.7840175293385983
rendezvous_hash,codex88:9:88008:668,672.5461547374725,90774,1,3.43469862267375,3.435181438922882
rendezvous_hash,codex213:25:213024:669,673.3351452350616,78231,1,9.02722355350852,9.027952164411545
rendezvous_hash,codex192:20:192019:670,673.5671937465668,65622,1,1.5944097563624382,1.5948122590780258
rendezvous_hash,codex116:19:116018:671,674.0742268562317,98952,1,2.1159220710396767,2.116446815431118
rendezvous_hash,codex315:33:315032:672,674.3807072639465,93620,1,2.171770751476288,2.172342386096716
rendezvous_hash,codex220:23:220022:673,674.6506352424622,82149,1,1.5782130509614944,1.5786740742623806
rendezvous_hash,codex443:2:443001:674,674.7084879875183,16212,1,0.7835648506879807,0.7838015630841255
rendezvous_hash,codex278:7:278006:675,675.002833366394,81070,1,2.6183657981455326,2.6188245601952076
rendezvous_hash,codex405:8:405007:676,675.142471075058,37689,1,1.4261947348713875,1.4265147522091866
rendezvous_hash,codex509:34:509033:677,675.9693512916565,97212,1,6.399951163679361,6.400559589266777
rendezvous_hash,codex166:22:166021:678,677.4022872447968,99435,1,1.6539056301116943,1.6544498354196548
rendezvous_hash,codex234:17:234016:679,677.611355304718,66211,1,1.5016624592244625,1.5022689178586006
rendezvous_hash,codex443:3:443002:680,678.2622616291046,18570,1,0.7856126464903355,0.7858742401003838
rendezvous_hash,codex308:13:308012:681,679.03981757164,110855,1,0.9432021677494049,0.9438156001269817
rendezvous_hash,codex116:20:116019:682,680.4740476608276,100008,1,1.783820677548647,1.7843810692429543
rendezvous_hash,codex453:8:453007:683,680.6493806838989,55387,1,0.5219113305211067,0.5222679004073143
rendezvous_hash,codex355:1:355000:684,680.8300034999847,13443,1,1.2534397132694721,1.253678485751152
rendezvous_hash,codex88:10:88009:685,681.5252320766449,100344,1,7.148784622550011,7.149299394339323
rendezvous_hash,codex315:34:315033:686,681.8961596488953,94102,1,6.7720503360033035,6.7725359462201595
rendezvous_hash,codex405:9:405008:687,682.0258452892303,38136,1,6.6199766881763935,6.620224170386791
rendezvous_hash,codex509:35:509034:688,682.6954953670502,97549,1,1.2452523782849312,1.2458058819174767
rendezvous_hash,codex603:5:603004:689,682.8791191577911,57187,1,4.603690382093191,4.6041523441672325
rendezvous_hash,codex308:14:308013:690,684.8838949203491,111539,1,1.3907913155853748,1.3913999684154987
rendezvous_hash,codex192:21:192020:691,685.6834259033203,66102,1,1.8338968716561794,1.8342730030417442
rendezvous_hash,codex234:18:234017:692,685.8939862251282,69571,1,2.755928561091423,2.756318148225546
rendezvous_hash,codex509:36:509035:693,686.7855751514435,97723,1,1.8766274154186249,1.8771402537822723
rendezvous_hash,codex305:3:305002:694,686.9588260650635,52310,1,4.336755685508251,4.337334904819727
rendezvous_hash,codex443:4:443003:695,687.0334413051605,22883,1,1.607218611985445,1.6074033193290234
rendezvous_hash,codex220:24:220023:696,687.319043636322,82321,1,1.3365308791399002,1.3370095193386078
rendezvous_hash,codex116:21:116020:697,687.9957165718079,100282,1,2.446051150560379,2.4466149024665356
rendezvous_hash,codex166:23:166022:698,688.3476622104645,100376,1,2.339758235961199,2.3403208032250404
rendezvous_hash,codex192:22:192021:699,688.5830836296082,70774,1,2.7507282458245754,2.75113033503294
rendezvous_hash,codex355:2:355001:700,688.6370978355408,15996,1,0.49255120009183884,0.4927019812166691
rendezvous_hash,codex308:15:308014:701,689.7505979537964,112187,1,2.0476050451397896,2.048275154083967
rendezvous_hash,codex548:18:548017:702,690.0351128578186,87849,1,0.8030760511755943,0.8035527057945728
rendezvous_hash,codex405:10:405009:703,690.5936858654022,39754,1,0.8990269266068935,0.8993713743984699
rendezvous_hash,codex443:5:443004:704,690.6788420677185,25483,1,1.1279848031699657,1.128252997994423
rendezvous_hash,codex509:37:509036:705,693.0518531799316,102671,1,4.3055550418794155,4.30611289665103
rendezvous_hash,codex548:19:548018:706,695.0265409946442,91533,1,2.527379233390093,2.5278920643031597
rendezvous_hash,codex453:9:453008:707,695.5372262001038,66248,1,7.417625222355127,7.418022736907005
rendezvous_hash,codex603:6:603005:708,695.739560842514,64865,1,3.325092278420925,3.3255022540688515
rendezvous_hash,codex308:16:308015:709,696.2565064430237,112833,1,1.3150637671351433,1.3156468160450459
rendezvous_hash,codex443:6:443005:710,696.3437795639038,26193,1,1.006435353308916,1.0066326707601547
rendezvous_hash,codex116:22:116021:711,697.036581993103,102294,1,5.924816586077213,5.925469223409891
rendezvous_hash,codex278:8:278007:712,697.343058347702,86989,1,4.254921413958073,4.255537785589695
rendezvous_hash,codex121:1:121000:713,697.4120543003082,13242,1,4.653937291353941,4.654177784919739
rendezvous_hash,codex234:19:234018:714,698.6949908733368,70264,1,0.954619262367487,0.9551171697676182
rendezvous_hash,codex166:24:166023:715,701.073823928833,101167,1,1.9244718663394451,1.925091490149498
rendezvous_hash,codex121:2:121001:716,702.320652961731,38908,1,5.339891627430916,5.340252865105867
rendezvous_hash,codex355:3:355002:717,702.9478235244751,18287,1,0.5357913710176945,0.535946823656559
rendezvous_hash,codex88:11:88010:718,704.5826666355133,102013,1,2.187879167497158,2.1884640753269196
rendezvous_hash,codex453:10:453009:719,705.1826541423798,69592,1,1.9552614949643612,1.9556626863777637
rendezvous_hash,codex443:7:443006:720,705.4851768016815,28143,1,0.8679432831704617,0.8681514076888561
rendezvous_hash,codex421:14:421013:721,705.8533365726471,58124,1,0.9434784501791,0.9438038170337677
rendezvous_hash,codex192:23:192022:722,706.346533536911,71700,1,0.924579668790102,0.9249894618988037
rendezvous_hash,codex121:3:121002:723,709.5446355342865,43979,1,1.7628741785883904,1.7631743513047695
rendezvous_hash,codex192:24:192023:724,710.4964849948883,72639,1,3.483772438019514,3.484552714973688
rendezvous_hash,codex421:15:421014:725,710.6754434108734,58413,1,0.7107416987419128,0.7110744677484035
rendezvous_hash,codex305:4:305003:726,710.8518369197845,58398,1,3.133531402796507,3.133862476795912
rendezvous_hash,codex88:12:88011:727,711.2976589202881,105642,1,3.020507089793682,3.0210854299366474
rendezvous_hash,codex506:29:506028:728,712.7870318889618,104777,1,1.3163288831710815,1.3169816173613071
rendezvous_hash,codex603:7:603006:729,713.4568650722504,65654,1,1.019920900464058,1.0202970653772354
rendezvous_hash,codex121:4:121003:730,713.6438946723938,55132,1,5.214788813143969,5.215602986514568
rendezvous_hash,codex213:26:213025:731,715.7804741859436,78515,1,0.7053954973816872,0.7058722972869873
rendezvous_hash,codex506:30:506029:732,716.2984554767609,105815,1,2.7469388842582703,2.7475408650934696
rendezvous_hash,codex315:35:315034:733,717.3184385299683,94631,1,1.733189556747675,1.7336910218000412
rendezvous_hash,codex110:26:110025:734,717.870805978775,132991,1,5.405006695538759,5.405853915959597
rendezvous_hash,codex453:11:453010:735,718.1063404083252,72408,1,2.1142697371542454,2.114726096391678
rendezvous_hash,codex88:13:88012:736,718.4615049362183,108359,1,5.096421010792255,5.096990052610636
rendezvous_hash,codex308:17:308016:737,718.8481657505035,115531,1,3.776432268321514,3.777068369090557
rendezvous_hash,codex443:8:443007:738,718.9610772132874,31486,1,3.504228599369526,3.5045690424740314
rendezvous_hash,codex355:4:355003:739,719.0245983600616,19148,1,3.5855281352996826,3.585689213126898
rendezvous_hash,codex220:25:220024:740,720.6871652603149,82502,1,0.9031515643000603,0.9036130346357822
rendezvous_hash,codex422:29:422028:741,720.8487997055054,51055,1,0.47745880484580994,0.4778021201491356
rendezvous_hash,codex278:9:278008:742,722.1610879898071,87704,1,1.1343244649469852,1.1348034963011742
rendezvous_hash,codex291:1:291000:743,722.6070599555969,13540,1,1.3666335046291351,1.3667664229869843
rendezvous_hash,codex405:11:405010:744,722.8273062705994,40086,1,0.7461925372481346,0.7465330734848976
rendezvous_hash,codex192:25:192024:745,723.9680242538452,73482,1,1.0825433284044266,1.0829830914735794
rendezvous_hash,codex121:5:121004:746,724.7247982025146,55514,1,0.6659750714898109,0.6664013527333736
rendezvous_hash,codex422:30:422029:747,726.2432551383972,51501,1,2.7070429772138596,2.70735140517354
rendezvous_hash,codex305:5:305004:748,726.4548041820526,62841,1,3.0696177147328854,3.0700156204402447
rendezvous_hash,codex405:12:405011:749,726.6337234973907,42232,1,0.948463186621666,0.9488534294068813
rendezvous_hash,codex220:26:220025:750,727.0345196723938,82916,1,1.3598825223743916,1.3603702448308468
rendezvous_hash,codex121:6:121005:751,727.2703061103821,57005,1,1.12765496596694,1.1279864348471165
rendezvous_hash,codex110:27:110026:752,728.102963924408,133503,1,2.00135762616992,2.002081025391817
rendezvous_hash,codex355:5:355004:753,728.1718337535858,19529,1,0.7745785154402256,0.7747536264359951
rendezvous_hash,codex603:8:603007:754,728.3733646869659,67103,1,1.1883270964026451,1.1887128315865993
rendezvous_hash,codex506:31:506030:755,728.936928987503,106469,1,1.6527857221662998,1.6533683501183987
rendezvous_hash,codex453:12:453011:756,730.0902404785156,81153,1,5.209263235330582,5.209744904190302
rendezvous_hash,codex308:18:308017:757,730.5757570266724,116841,1,3.060895837843418,3.0616046376526356
rendezvous_hash,codex88:14:88013:758,730.9709506034851,116479,1,6.294969987124205,6.295613307505846
rendezvous_hash,codex355:6:355005:759,731.042590379715,20242,1,4.183540981262922,4.183707840740681
rendezvous_hash,codex291:2:291001:760,731.8079137802124,29473,1,3.5053530409932137,3.505638260394335
rendezvous_hash,codex121:7:121006:761,732.8051114082336,58654,1,1.2224694713950157,1.2228333912789822
rendezvous_hash,codex192:26:192025:763,734.4692811965942,76592,1,1.9805553667247295,1.9810160286724567
rendezvous_hash,codex116:23:116022:764,735.2168102264404,104587,1,2.0760453417897224,2.0765839777886868
rendezvous_hash,codex355:7:355006:762,735.2927753925323,20814,1,0.3140544146299362,0.3143257051706314
rendezvous_hash,codex213:27:213026:765,737.2530255317688,79042,1,1.2617292664945126,1.2621881552040577
rendezvous_hash,codex220:27:220026:766,738.1803140640259,83787,1,1.3389684036374092,1.3394425883889198
rendezvous_hash,codex603:9:603008:767,738.3903090953827,67778,1,1.0649267137050629,1.0653275065124035
rendezvous_hash,codex291:3:291002:768,738.5069456100464,37246,1,2.137187175452709,2.1375386230647564
rendezvous_hash,codex315:36:315035:769,739.4450471401215,95119,1,0.982000257819891,0.9825435467064381
rendezvous_hash,codex129:1:129000:770,739.5124535560608,13392,1,1.2455429285764694,1.2457402423024178
rendezvous_hash,codex166:25:166024:771,740.1144099235535,102388,1,1.9864747822284698,1.987027071416378
rendezvous_hash,codex278:10:278009:772,740.3962459564209,89368,1,2.4205512516200542,2.421045660972595
rendezvous_hash,codex121:8:121007:773,741.5179362297058,60481,1,1.3274126090109348,1.327756430953741
rendezvous_hash,codex234:20:234019:774,741.7769079208374,73486,1,1.8895423524081707,1.8899452164769173
rendezvous_hash,codex192:27:192026:775,744.2706391811371,89711,1,7.702441606670618,7.702925879508257
rendezvous_hash,codex443:9:443008:776,744.3760743141174,32552,1,1.0685933493077755,1.0688305422663689
rendezvous_hash,codex110:28:110027:777,745.104044675827,134009,1,1.9204287752509117,1.9211208559572697
rendezvous_hash,codex213:28:213027:778,745.3713777065277,79993,1,1.2581222504377365,1.2587803080677986
rendezvous_hash,codex355:8:355007:779,745.4412007331848,21090,1,0.298282727599144,0.29857052490115166
rendezvous_hash,codex278:11:278010:780,746.2469146251678,90883,1,1.7793648354709148,1.779877595603466
rendezvous_hash,codex506:32:506031:781,747.8529186248779,107296,1,1.4876133799552917,1.4881992973387241
rendezvous_hash,codex422:31:422030:782,748.0167472362518,51661,1,3.9506328888237476,3.9509518183767796
rendezvous_hash,codex220:28:220027:783,748.6273326873779,85496,1,1.6591743677854538,1.6596569307148457
rendezvous_hash,codex121:9:121008:784,748.8203454017639,62653,1,1.3055179305374622,1.305906530469656
rendezvous_hash,codex88:15:88014:785,749.3115589618683,118159,1,1.927699115127325,1.9283287860453129
rendezvous_hash,codex116:24:116023:786,751.167032957077,104945,1,3.678200263530016,3.6788955703377724
rendezvous_hash,codex453:13:453012:787,751.5298025608063,85744,1,3.708203673362732,3.708786841481924
rendezvous_hash,codex129:2:129001:788,751.589150428772,17430,1,0.7502585016191006,0.7505116127431393
rendezvous_hash,codex315:37:315036:789,751.9569215774536,95404,1,1.0477674417197704,1.048302087932825
rendezvous_hash,codex421:16:421015:790,752.7267587184906,59397,1,0.9556003287434578,0.955970037728548
rendezvous_hash,codex603:10:603009:791,752.989750623703,72160,1,3.3710616901516914,3.3714933805167675
rendezvous_hash,codex220:29:220028:792,753.3243873119354,85913,1,1.953865960240364,1.9543251022696495
rendezvous_hash,codex422:32:422031:793,754.3834443092346,51810,1,2.4917097464203835,2.492162398993969
rendezvous_hash,codex129:3:129002:794,754.4536819458008,21028,1,0.7585712559521198,0.7588666416704655
rendezvous_hash,codex359:1:359000:795,755.107185125351,13395,1,1.7739191986620426,1.7741219066083431
rendezvous_hash,codex355:9:355008:796,755.2082095146179,23127,1,0.5246268846094608,0.5249104425311089
rendezvous_hash,codex509:38:509037:797,756.3499798774719,102837,1,1.1485307402908802,1.1491135954856873
rendezvous_hash,codex110:29:110028:798,757.4806170463562,137657,1,5.159608043730259,5.160333592444658
rendezvous_hash,codex116:25:116024:799,758.044536113739,110370,1,4.603866443037987,4.6044420301914215
rendezvous_hash,codex367:10:367009:800,758.5789158344269,37372,1,0.43871117755770683,0.43909648060798645
rendezvous_hash,codex421:17:421016:801,758.8006885051727,59780,1,3.2460256181657314,3.246388256549835
rendezvous_hash,codex506:33:506032:802,760.1487483978271,108443,1,1.534228228032589,1.5348267182707787
rendezvous_hash,codex315:38:315037:804,762.0360689163208,95945,1,1.731983121484518,1.7325391471385956
rendezvous_hash,codex421:18:421017:803,762.2391395568848,61066,1,1.5187103040516376,1.5190583392977715
rendezvous_hash,codex121:10:121009:805,762.4371068477631,63915,1,1.3246063217520714,1.3249666839838028
rendezvous_hash,codex422:33:422032:806,762.62921667099,53394,1,1.1249273121356964,1.1252630911767483
rendezvous_hash,codex506:34:506033:807,763.7419209480286,112592,1,3.634043328464031,3.6346534490585327
rendezvous_hash,codex359:2:359001:808,764.4800634384155,22881,1,1.704450313001871,1.7046418264508247
rendezvous_hash,codex421:19:421018:809,764.8172717094421,63573,1,1.4469608813524246,1.4474220462143421
rendezvous_hash,codex220:30:220029:810,765.2223229408264,86243,1,0.9679197929799557,0.9683893099427223
rendezvous_hash,codex110:30:110029:811,765.8704369068146,142985,1,5.643883906304836,5.644737768918276
rendezvous_hash,codex278:12:278011:812,766.1763818264008,91088,1,0.8418418727815151,0.8423656858503819
rendezvous_hash,codex308:19:308018:813,766.8375523090363,117624,1,3.1328367926180363,3.1334806978702545
rendezvous_hash,codex305:6:305005:814,767.7103049755096,83028,1,14.43560878559947,14.436104707419872
rendezvous_hash,codex603:11:603010:815,767.9706449508667,76441,1,14.202753134071827,14.209656473249197
rendezvous_hash,codex443:10:443009:816,768.0998847484589,37755,1,1.8626623786985874,1.8629109114408493
rendezvous_hash,codex192:28:192027:817,769.0122408866882,90728,1,13.167123839259148,13.17124842852354
rendezvous_hash,codex422:34:422033:818,769.9557330608368,53574,1,12.535856686532497,12.536203321069479
rendezvous_hash,codex525:1:525000:819,771.0773456096649,13473,1,1.684611737728119,1.6847402341663837
rendezvous_hash,codex116:26:116025:820,772.1334130764008,111321,1,1.6916518583893776,1.6922384947538376
rendezvous_hash,codex315:39:315038:821,772.4479959011078,96141,1,1.1916420385241508,1.192203227430582
rendezvous_hash,codex129:4:129003:822,772.5571126937866,33118,1,3.247704330831766,3.24793529137969
rendezvous_hash,codex121:11:121010:823,772.7570285797119,64140,1,1.0800328440964222,1.080399725586176
rendezvous_hash,codex509:39:509038:824,773.1152341365814,105173,1,2.4322192557156086,2.4327999725937843
rendezvous_hash,codex421:20:421019:825,773.5935888290405,69307,1,2.867942724376917,2.8683636374771595
rendezvous_hash,codex308:20:308019:826,774.9897465705872,124873,1,8.593903109431267,8.594577714800835
rendezvous_hash,codex291:4:291003:827,775.1458323001862,44742,1,9.008004482835531,9.00827493518591
rendezvous_hash,codex506:35:506034:828,775.5336265563965,114173,1,2.2024787589907646,2.2031219601631165
rendezvous_hash,codex116:27:116026:829,777.7220194339752,112127,1,2.3962217457592487,2.396949280053377
rendezvous_hash,codex359:3:359002:830,778.0590724945068,28645,1,4.124111618846655,4.124309841543436
rendezvous_hash,codex525:2:525001:832,778.9401543140411,18720,1,1.1829999648034573,1.1832355931401253
rendezvous_hash,codex355:10:355009:833,779.2948677539825,24392,1,4.852899461984634,4.853084575384855
rendezvous_hash,codex405:13:405012:834,779.6890113353729,49310,1,2.8065839260816574,2.806876879185438
rendezvous_hash,codex453:14:453013:835,780.5479271411896,86427,1,0.9412848427891731,0.9417864233255386
rendezvous_hash,codex110:31:110030:836,782.002001285553,143769,1,2.1607208102941513,2.161450881510973
rendezvous_hash,codex443:11:443010:837,782.1370434761047,39207,1,2.013675857335329,2.0139273777604103
rendezvous_hash,codex192:29:192028:831,782.4826157093048,91976,1,1.736043382436037,1.7366200424730778
rendezvous_hash,codex422:35:422034:838,783.5735461711884,53781,1,0.6700746789574623,0.6703814752399921
rendezvous_hash,codex506:36:506035:839,784.1376523971558,114568,1,1.0881641171872616,1.088803954422474
rendezvous_hash,codex525:3:525002:840,784.4912600517273,22056,1,0.8052452728152275,0.805511835962534
rendezvous_hash,codex359:4:359003:841,784.6257047653198,32164,1,1.117333061993122,1.1175629533827305
rendezvous_hash,codex220:31:220030:842,785.1300942897797,86568,1,1.064353208988905,1.064849842339754
rendezvous_hash,codex355:11:355010:843,785.2160003185272,26064,1,0.5404551923274994,0.5407350771129131
rendezvous_hash,codex278:13:278012:844,785.7346360683441,91380,1,0.8039111122488976,0.8044063188135624
rendezvous_hash,codex422:36:422035:845,786.0015916824341,54134,1,0.615887351334095,0.6162032671272755
rendezvous_hash,codex308:21:308020:846,787.0768620967865,127671,1,5.63196424394846,5.632649429142475
rendezvous_hash,codex509:40:509039:847,787.9785687923431,105645,1,1.3576188907027245,1.3583174534142017
rendezvous_hash,codex421:21:421020:848,788.2031548023224,71225,1,1.481096837669611,1.4814902320504189
rendezvous_hash,codex443:12:443011:849,788.4469628334045,47998,1,7.104031130671501,7.104325443506241
rendezvous_hash,codex603:12:603011:850,788.8130118846893,76920,1,0.8564207181334496,0.8568564765155315
rendezvous_hash,codex359:5:359004:851,789.6174840927124,34111,1,0.7932950779795647,0.793627068400383
rendezvous_hash,codex129:5:129004:852,790.1052813529968,40811,1,2.295137908309698,2.2954250499606133
rendezvous_hash,codex110:32:110031:853,791.8422846794128,144269,1,2.17420532181859,2.1750162094831467
rendezvous_hash,codex291:5:291004:854,792.0175430774689,52285,1,3.5368619486689568,3.537175916135311
rendezvous_hash,codex121:12:121011:855,792.9388043880463,64282,1,0.566739872097969,0.5671150349080563
rendezvous_hash,codex192:30:192029:856,793.3847930431366,96912,1,4.389998946338892,4.390615750104189
rendezvous_hash,codex525:4:525003:857,793.4984683990479,33423,1,4.866742976009846,4.866963773965836
rendezvous_hash,codex220:32:220031:858,794.0010163784027,89769,1,4.373443350195885,4.3739250265061855
rendezvous_hash,codex278:14:278013:859,794.5758802890778,91579,1,0.9374967589974403,0.938004557043314
rendezvous_hash,codex506:37:506036:860,795.5005085468292,116525,1,2.881045825779438,2.8816364891827106
rendezvous_hash,codex415:1:415000:861,796.1148946285248,13003,1,1.1932918652892113,1.1935239098966122
rendezvous_hash,codex422:37:422036:862,796.415929555893,54273,1,1.413677353411913,1.4142714813351631
rendezvous_hash,codex129:6:129005:863,796.5486438274384,42057,1,1.8193051479756832,1.8195651918649673
rendezvous_hash,codex359:6:359005:864,796.6781148910522,35567,1,1.1545875743031502,1.15481411293149
rendezvous_hash,codex116:28:116027:865,798.3548038005829,113026,1,1.4260584264993668,1.4266787432134151
rendezvous_hash,codex305:7:305006:866,799.0361676216125,120010,1,25.94950282946229,25.950123973190784
rendezvous_hash,codex308:22:308021:867,799.5184872150421,128183,1,1.1158322505652905,1.1166050918400288
rendezvous_hash,codex421:22:421021:868,800.5700795650482,71706,1,0.778177335858345,0.7785824500024319
rendezvous_hash,codex220:33:220032:869,801.9427206516266,89907,1,0.9381442442536354,0.9386591613292694
rendezvous_hash,codex453:15:453014:870,802.2485299110413,93907,1,5.630597785115242,5.631232492625713
rendezvous_hash,codex359:7:359006:871,802.3644609451294,36962,1,22.005295500159264,22.00554008409381
rendezvous_hash,codex509:41:509040:872,802.7497324943542,106105,1,1.7893772572278976,1.790090799331665
rendezvous_hash,codex166:26:166025:873,803.2474858760834,102848,1,4.681344602257013,4.681883744895458
rendezvous_hash,codex443:13:443012:874,803.4151387214661,51609,1,1.6779710054397583,1.6783065795898438
rendezvous_hash,codex129:7:129006:875,803.5486001968384,42218,1,0.9832557328045368,0.9835264794528484
rendezvous_hash,codex110:33:110032:876,804.3449249267578,144582,1,1.6694700568914413,1.6702227219939232
rendezvous_hash,codex422:38:422037:877,804.5249071121216,54467,1,19.988285198807716,19.98862710222602
rendezvous_hash,codex603:13:603012:878,805.4214239120483,77608,1,19.276526611298323,19.276981737464666
rendezvous_hash,codex278:15:278014:879,805.7631492614746,91781,1,0.8928803987801075,0.8933896385133266
rendezvous_hash,codex88:16:88015:880,806.6427948474884,119720,1,1.9373847804963589,1.9380090087652206
rendezvous_hash,codex116:29:116028:881,808.5656642913818,113412,1,2.307747110724449,2.308480478823185
rendezvous_hash,codex525:5:525004:882,809.0222511291504,37566,1,1.866131518036127,1.8664571791887283
rendezvous_hash,codex88:17:88016:883,810.769855260849,120979,1,3.30549169331789,3.306150484830141
rendezvous_hash,codex405:14:405013:885,811.7173058986664,52787,1,2.4954749792814255,2.4958941601216793
rendezvous_hash,codex139:1:139000:887,812.2163963317871,13365,1,1.5261193364858627,1.5262515358626842
rendezvous_hash,codex421:23:421022:888,813.1742234230042,72277,1,1.0778071396052837,1.07820563018322
rendezvous_hash,codex129:8:129007:889,813.31223487854,43602,1,0.85855483263731,0.858930554240942
rendezvous_hash,codex453:16:453015:890,813.7353522777557,94504,1,4.074917551130056,4.075456909835339
rendezvous_hash,codex220:34:220033:891,814.04652094841,94841,1,9.231565680354834,9.232083790004253
rendezvous_hash,codex166:27:166026:892,816.0996036529541,116776,1,11.603551749140024,11.60429546609521
rendezvous_hash,codex415:2:415001:893,816.1856369972229,23995,1,2.0722113847732544,2.0724028199911118
rendezvous_hash,codex291:6:291005:895,816.3724660873413,59098,1,2.9374342299997807,2.937793504446745
rendezvous_hash,codex506:38:506037:897,817.3739347457886,121705,1,7.623689528554678,7.624306049197912
rendezvous_hash,codex278:16:278015:898,817.6712193489075,93851,1,5.823620431125164,5.824114393442869
rendezvous_hash,codex139:2:139001:899,817.7910032272339,34905,1,5.696160409599543,5.698138922452927
rendezvous_hash,codex129:9:129008:900,818.5397236347198,50699,1,6.450039431452751,6.450332351028919
rendezvous_hash,codex110:34:110033:901,819.297684431076,144724,1,1.2334836311638355,1.2342527098953724
rendezvous_hash,codex405:15:405014:903,820.8033363819122,53128,1,0.7982806488871574,0.7987918369472027
rendezvous_hash,codex509:42:509041:904,821.3647954463959,108512,1,3.611253920942545,3.611840169876814
rendezvous_hash,codex421:24:421023:905,821.5932307243347,72879,1,0.7888193801045418,0.7893389500677586
rendezvous_hash,codex116:30:116029:906,823.2634847164154,113614,1,4.49425471201539,4.494851313531399
rendezvous_hash,codex278:17:278016:907,823.8052606582642,94254,1,1.1980583220720291,1.1985571309924126
rendezvous_hash,codex443:14:443013:908,823.9766912460327,53254,1,1.5192165970802307,1.5195541195571423
rendezvous_hash,codex88:18:88017:909,824.3580062389374,121486,1,1.29795291274786,1.298611767590046
rendezvous_hash,codex359:8:359007:884,824.5063483715057,40918,1,2.357006821781397,2.357386749237776
rendezvous_hash,codex422:39:422038:886,824.6896908283234,54723,1,2.3258687406778336,2.3261933214962482
rendezvous_hash,codex603:14:603013:896,824.9646456241608,78300,1,2.2350505739450455,2.235490757972002
rendezvous_hash,codex415:3:415002:910,825.4895448684692,31464,1,1.8001140281558037,1.8004199303686619
rendezvous_hash,codex359:9:359008:894,827.0082776546478,41753,1,1.0937713645398617,1.0940360054373741
rendezvous_hash,codex422:40:422039:902,827.1919112205505,54915,1,1.049517896026373,1.0498547442257404
rendezvous_hash,codex139:3:139002:912,828.0958840847015,42210,1,2.9934773705899715,2.993753381073475
rendezvous_hash,codex359:10:359009:911,828.2353661060333,42626,1,0.5890269950032234,0.5893972851336002
rendezvous_hash,codex241:1:241000:913,828.4886379241943,13806,1,1.29672572016716,1.2969529554247856
rendezvous_hash,codex121:13:121012:914,829.3536434173584,64477,1,1.7402731999754906,1.740639079362154
rendezvous_hash,codex88:19:88018:915,830.354412317276,121634,1,1.0434641540050507,1.0441042855381966
rendezvous_hash,codex506:39:506038:916,830.9101922512054,122486,1,1.6589427925646305,1.6595669314265251
rendezvous_hash,codex405:16:405015:917,831.0823349952698,53328,1,0.6745665743947029,0.6748952604830265
rendezvous_hash,codex525:6:525005:918,831.750373840332,38116,1,0.5637979246675968,0.5640459433197975
rendezvous_hash,codex129:10:129009:919,832.9788916110992,53898,1,1.863129835575819,1.8634730093181133
rendezvous_hash,codex121:14:121013:920,834.2664320468903,64569,1,0.6145045347511768,0.6150048635900021
rendezvous_hash,codex278:18:278017:921,834.6769003868103,94468,1,2.3837240114808083,2.38433650508523
rendezvous_hash,codex139:4:139003:922,834.8348948955536,47567,1,2.169935416430235,2.1703405417501926
rendezvous_hash,codex443:15:443014:923,835.1411006450653,53933,1,0.7223974838852882,0.7227705605328083
rendezvous_hash,codex359:11:359010:924,835.7316255569458,44533,1,0.9615088477730751,0.9617936983704567
rendezvous_hash,codex129:11:129010:925,836.686267375946,55724,1,1.3190037496387959,1.319346059113741
rendezvous_hash,codex509:43:509042:926,837.9916796684265,108769,1,1.1494499444961548,1.150148630142212
rendezvous_hash,codex421:25:421024:927,838.5253036022186,77016,1,2.659815017133951,2.6602806486189365
rendezvous_hash,codex241:2:241001:928,838.580559015274,15900,1,0.44303272292017937,0.44328588247299194
rendezvous_hash,codex291:7:291006:929,839.4056715965271,60642,1,1.128587830811739,1.128973301500082
rendezvous_hash,codex308:23:308022:930,841.1725423336029,128344,1,1.3257398866117,1.326410185545683
rendezvous_hash,codex506:40:506039:931,843.7858843803406,124542,1,3.127380881458521,3.128037303686142
rendezvous_hash,codex291:8:291007:932,843.9948551654816,63982,1,1.8740443773567677,1.8744521513581276
rendezvous_hash,codex603:15:603014:933,845.3000891208649,78928,1,0.8780581057071686,0.8785038590431213
rendezvous_hash,codex278:19:278018:934,845.6294071674347,94632,1,0.8659783788025379,0.8666181862354279
rendezvous_hash,codex421:26:421025:935,846.4764263629913,79898,1,2.6010428443551064,2.6014996841549873
rendezvous_hash,codex234:21:234020:936,846.7563223838806,79915,1,7.4669609516859055,7.467406045645475
rendezvous_hash,codex359:12:359011:937,846.9015281200409,45144,1,0.6215250082314014,0.6219305209815502
rendezvous_hash,codex129:12:129011:938,847.4247479438782,63261,1,7.159231085330248,7.159619525074959
rendezvous_hash,codex308:24:308023:939,848.6409764289856,128498,1,1.2473390027880669,1.248088575899601
rendezvous_hash,codex139:5:139004:940,848.8066446781158,50678,1,1.6336177922785282,1.6340484470129013
rendezvous_hash,codex603:16:603015:941,849.0674071311951,79149,1,0.6986994482576847,0.6991512961685658
rendezvous_hash,codex359:13:359012:942,850.0931046009064,49965,1,2.72143192589283,2.7217574901878834
rendezvous_hash,codex506:41:506040:943,851.7614390850067,125231,1,2.8910018131136894,2.8917436227202415
rendezvous_hash,codex509:44:509043:944,852.2473967075348,108914,1,0.9345664903521538,0.9352538324892521
rendezvous_hash,codex443:16:443015:945,852.4274172782898,54470,1,0.9300394244492054,0.9303723499178886
rendezvous_hash,codex405:17:405016:946,852.6088297367096,53785,1,1.6053054183721542,1.6056557931005955
rendezvous_hash,codex121:15:121014:947,852.8075666427612,65258,1,1.4105640575289726,1.4109285548329353
rendezvous_hash,codex308:25:308024:948,853.887913942337,128619,1,2.605388965457678,2.6063015051186085
rendezvous_hash,codex422:41:422040:949,854.070306301117,55093,1,0.7689729407429695,0.769324965775013
rendezvous_hash,codex241:3:241002:950,854.1603486537933,27170,1,3.3911935910582542,3.391389485448599
rendezvous_hash,codex40:1:40000:951,854.2086174488068,13459,1,1.460765477269888,1.4611921906471252
rendezvous_hash,codex110:35:110034:952,855.377343416214,146863,1,4.2236149199306965,4.224480476230383
rendezvous_hash,codex234:22:234021:953,855.6613824367523,82270,1,1.8959782123565674,1.896456841379404
rendezvous_hash,codex291:9:291008:954,857.3554990291595,72387,1,7.151195380836725,7.151896622031927
rendezvous_hash,codex443:17:443016:955,857.5457072257996,60205,1,6.286936104297638,6.287429362535477
rendezvous_hash,codex603:17:603016:956,857.8109855651855,79563,1,0.8707824945449829,0.8712639659643173
rendezvous_hash,codex421:27:421026:957,858.0779476165771,81077,1,1.5583718232810497,1.5588145032525063
rendezvous_hash,codex422:42:422041:958,859.4067976474762,55369,1,0.5856853127479553,0.5860190019011497
rendezvous_hash,codex139:6:139005:959,859.9762210845947,56911,1,3.5059404261410236,3.5062901079654694
rendezvous_hash,codex506:42:506041:960,860.6086280345917,128416,1,3.6213983446359634,3.6222021766006947
rendezvous_hash,codex121:16:121015:961,860.8176653385162,65543,1,2.668651442974806,2.669031485915184
rendezvous_hash,codex355:12:355011:962,860.9049050807953,27205,1,3.604536011815071,3.6047227196395397
rendezvous_hash,codex509:45:509044:963,863.0185699462891,109122,1,1.0269040390849113,1.0275839641690254
rendezvous_hash,codex40:2:40001:964,863.0800225734711,17142,1,1.085112076252699,1.085342887789011
rendezvous_hash,codex116:31:116030:965,863.4716286659241,115540,1,2.0950709506869316,2.095819015055895
rendezvous_hash,codex241:4:241003:966,864.7195644378662,30914,1,1.1910743899643421,1.1912971921265125
rendezvous_hash,codex234:23:234022:967,865.9033601284027,82606,1,0.8017814233899117,0.8022546954452991
rendezvous_hash,codex525:7:525006:968,866.2793655395508,38729,1,0.5760101862251759,0.5763744190335274
rendezvous_hash,codex603:18:603017:969,866.6905088424683,81465,1,1.6378855928778648,1.6383652687072754
rendezvous_hash,codex506:43:506042:970,867.9449191093445,131278,1,3.2659166641533375,3.267294678837061
rendezvous_hash,codex443:18:443017:971,868.3162188529968,60607,1,0.6875507049262524,0.6879420131444931
rendezvous_hash,codex116:32:116031:972,869.7918663024902,117216,1,2.154970910400152,2.1555863730609417
rendezvous_hash,codex251:1:251000:973,869.843189239502,13343,1,1.2163823433220387,1.2166584990918636
rendezvous_hash,codex241:5:241004:974,872.0910637378693,35394,1,1.996954333037138,1.997312057763338
rendezvous_hash,codex443:19:443018:975,872.3675062656403,61710,1,1.758605357259512,1.7589627802371979
rendezvous_hash,codex603:19:603018:976,873.2603180408478,81645,1,0.5533826425671577,0.553864199668169
rendezvous_hash,codex234:24:234023:977,873.5310673713684,83422,1,1.3881361782550812,1.3886292949318886
rendezvous_hash,codex40:3:40002:978,873.6225426197052,27369,1,2.059225257486105,2.0595128908753395
rendezvous_hash,codex116:33:116032:979,874.7013566493988,118735,1,2.3371373526751995,2.3378934375941753
rendezvous_hash,codex121:17:121016:980,874.9092493057251,65646,1,0.626374363899231,0.6267734542489052
rendezvous_hash,codex251:2:251001:981,875.2793612480164,16537,1,0.591691430658102,0.5918337255716324
rendezvous_hash,codex278:20:278019:982,876.7926473617554,94789,1,2.3802997805178165,2.380898382514715
rendezvous_hash,codex139:7:139006:983,876.9812371730804,60021,1,2.1379749961197376,2.1384685449302197
rendezvous_hash,codex355:13:355012:984,878.184573173523,27664,1,0.3694675602018833,0.36968598514795303
rendezvous_hash,codex415:4:415003:985,879.026978969574,33575,1,0.9864176213741302,0.9866624549031258
rendezvous_hash,codex234:25:234024:986,879.5080528259277,86728,1,2.770393744111061,2.7708595506846905
rendezvous_hash,codex116:34:116033:987,880.0035545825958,119223,1,1.2836455292999744,1.2842829786241055
rendezvous_hash,codex603:20:603019:988,880.3721878528595,81826,1,0.84243044257164,0.8429067209362984
rendezvous_hash,codex305:8:305007:989,880.9328536987305,123056,1,3.7875835336744785,3.788257732987404
rendezvous_hash,codex421:28:421027:990,881.2037320137024,81283,1,1.0694148391485214,1.0698839761316776
rendezvous_hash,codex509:46:509045:991,882.2603373527527,110929,1,2.2122203782200813,2.2129217237234116
rendezvous_hash,codex443:20:443019:992,883.0396790504456,62432,1,3.0352084673941135,3.035604242235422
rendezvous_hash,codex241:6:241005:993,883.243709564209,38829,1,2.65160620957613,2.6518861651420593
rendezvous_hash,codex422:43:422042:994,883.6380002498627,55518,1,1.1064707301557064,1.1067951582372189
rendezvous_hash,codex110:36:110035:995,884.4548246860504,148115,1,2.3624902851879597,2.3636015579104424
rendezvous_hash,codex506:44:506043:996,885.3278703689575,131888,1,1.5407115779817104,1.5414622761309147
rendezvous_hash,codex40:4:40003:997,885.4855604171753,44703,1,5.351825430989265,5.3521181382238865
rendezvous_hash,codex116:35:116034:998,885.8861558437347,119573,1,1.9962100014090538,1.9973295517265797
rendezvous_hash,codex359:14:359013:999,886.0675053596497,51045,1,0.8167857192456722,0.8171849511563778
rendezvous_hash,codex525:8:525007:1000,886.3424394130707,39058,1,1.5270726270973682,1.5275045856833458
rendezvous_hash,codex158:1:158000:1001,886.46036028862,13320,1,1.4040166921913624,1.404150616377592
rendezvous_hash,codex603:21:603020:1002,887.7195239067078,83629,1,1.7114845886826515,1.7119684852659702
rendezvous_hash,codex415:5:415004:1003,887.8604652881622,39406,1,1.799608290195465,1.799893245100975
rendezvous_hash,codex355:14:355013:1004,888.12348985672,28644,1,0.43124299868941307,0.4314723014831543
rendezvous_hash,codex443:21:443020:1005,889.2546544075012,62813,1,0.890393327921629,0.8908038213849068
rendezvous_hash,codex359:15:359014:1006,889.4215998649597,51435,1,0.5958641394972801,0.5964120738208294
rendezvous_hash,codex421:29:421028:1007,890.8257908821106,81802,1,1.2216115705668926,1.222069051116705
rendezvous_hash,codex121:18:121017:1008,891.3879330158234,65759,1,0.6543147824704647,0.6547106616199017
rendezvous_hash,codex603:22:603021:1009,892.0316681861877,84079,1,0.7316563911736012,0.7321162112057209
rendezvous_hash,codex355:15:355014:1010,893.104832649231,33132,1,1.2231361269950867,1.2234850451350212
rendezvous_hash,codex305:9:305008:1011,893.9188196659088,127991,1,4.779529191553593,4.780327536165714
rendezvous_hash,codex139:8:139007:1012,894.1606135368347,73734,1,6.628526482731104,6.629053883254528
rendezvous_hash,codex241:7:241006:1013,894.283463716507,38958,1,0.5005040876567364,0.5007830746471882
rendezvous_hash,codex129:13:129012:1014,894.558274269104,63645,1,0.8064596056938171,0.8069183118641376
rendezvous_hash,codex158:2:158001:1015,895.3585331439972,20981,1,1.6995879970490932,1.699872087687254
rendezvous_hash,codex443:22:443021:1016,895.7542011737823,63119,1,1.3434742242097855,1.3438608571887016
rendezvous_hash,codex509:47:509046:1017,896.6716051101685,120528,1,7.8202457241714,7.820889513939619
rendezvous_hash,codex525:9:525008:1018,896.8084876537323,40230,1,0.6617242954671383,0.6620927229523659
rendezvous_hash,codex121:19:121018:1019,897.8841645717621,65894,1,2.941569559276104,2.9421779103577137
rendezvous_hash,codex405:18:405017:1020,899.9277229309082,54110,1,0.6260201558470726,0.6263780668377876
