policy,request_id,dispatch_offset_s,input_tokens,completed_by_horizon,ttft_s,latency_s
smetric_default,codex543:8:543007:431,300.3357675075531,38215,1,0.7078193984925747,0.708096943795681
smetric_default,codex526:11:526010:425,301.71990609169006,52541,1,0.8413891866803169,0.8417253866791725
smetric_default,codex543:9:543008:435,301.84964084625244,39790,1,0.7155130803585052,0.7157589457929134
smetric_default,codex250:13:250012:399,302.4088807106018,57441,1,0.909377820789814,0.9097411222755909
smetric_default,codex586:14:586013:412,302.9060800075531,50808,1,0.7101181708276272,0.7104417569935322
smetric_default,codex215:1:215000:442,303.49759459495544,13107,1,2.295365996658802,2.295593921095133
smetric_default,codex315:5:315004:434,303.828932762146,52972,1,3.5715967640280724,3.572068404406309
smetric_default,codex436:5:436004:439,303.9257187843323,29579,1,3.4903705939650536,3.4905699715018272
smetric_default,codex361:5:361004:419,304.01054191589355,27197,1,1.0028916634619236,1.0031025111675262
smetric_default,codex71:3:71002:444,304.07400488853455,19664,1,1.7529661245644093,1.7536583319306374
smetric_default,codex543:10:543009:443,304.6742067337036,40432,1,1.1563680171966553,1.156638078391552
smetric_default,codex509:2:509001:450,305.2637372016907,19675,1,0.9645591229200363,0.9647267125546932
smetric_default,codex363:12:363011:397,307.2464506626129,100281,1,1.621654473245144,1.6223230510950089
smetric_default,codex526:12:526011:441,307.87481784820557,52934,1,1.0172559544444084,1.0175777599215508
smetric_default,codex250:14:250013:410,308.07249784469604,63753,1,3.5517949014902115,3.5521497391164303
smetric_default,codex543:11:543010:453,308.25464057922363,43234,1,1.3336252011358738,1.3338893502950668
smetric_default,codex152:8:152007:429,308.4748044013977,69766,1,1.0426229424774647,1.0430566258728504
smetric_default,codex228:22:228021:430,310.0017397403717,71422,1,1.5972637794911861,1.5976788885891438
smetric_default,codex65:20:65019:373,310.31472849845886,99263,1,1.3900778368115425,1.390607949346304
smetric_default,codex526:13:526012:447,310.5174832344055,53853,1,0.8475808687508106,0.8479109928011894
smetric_default,codex25:6:25005:461,310.60863041877747,29495,1,0.9984324835240841,0.9986345060169697
smetric_default,codex361:6:361005:438,310.6966462135315,28932,1,0.6327957063913345,0.6330266632139683
smetric_default,codex543:12:543011:456,311.2121887207031,44523,1,0.767517663538456,0.7678087577223778
smetric_default,codex29:14:29013:437,311.589980840683,61856,1,0.9443730488419533,0.9447551891207695
smetric_default,codex73:1:73000:460,311.6972029209137,13617,1,1.2601580806076527,1.2602854184806347
smetric_default,codex215:2:215001:462,311.9740388393402,39843,1,13.830342952162027,13.830623175948858
smetric_default,codex238:17:238016:357,314.2991089820862,142256,1,13.928036402910948,13.92878868803382
smetric_default,codex108:26:108025:433,314.4820337295532,59438,1,0.6508222967386246,0.6512012518942356
smetric_default,codex71:4:71003:469,315.126394033432,31558,1,12.815096519887447,12.81532446667552
smetric_default,codex315:6:315005:457,315.33120799064636,55594,1,3.4667532108724117,3.467114020138979
smetric_default,codex363:13:363012:411,315.66074323654175,102936,1,3.148741852492094,3.1493007838726044
smetric_default,codex361:7:361006:452,316.1336479187012,29427,1,0.6173865050077438,0.6177229844033718
smetric_default,codex250:15:250014:424,316.3518416881561,69601,1,5.8585362657904625,5.85905235260725
smetric_default,codex25:7:25006:472,316.44901728630066,31305,1,0.7742822058498859,0.7745124660432339
smetric_default,codex152:9:152008:449,317.17808079719543,70391,1,1.6242857091128826,1.6246807090938091
smetric_default,codex65:21:65020:392,317.84183716773987,100072,1,4.462544407695532,4.463686279952526
smetric_default,codex228:23:228022:448,318.08251547813416,72052,1,1.4889968112111092,1.4894305393099785
smetric_default,codex506:14:506013:420,318.3796327114105,88788,1,3.9312911108136177,3.9317622296512127
smetric_default,codex483:23:483022:426,318.6906101703644,94999,1,0.9423942603170872,0.9429061450064182
smetric_default,codex436:6:436005:467,318.79036378860474,30281,1,0.4020485356450081,0.4022691212594509
smetric_default,codex526:14:526013:466,319.1357944011688,55494,1,0.9724617414176464,0.9728070832788944
smetric_default,codex73:2:73001:482,319.50665307044983,21062,1,1.2751160636544228,1.2752973847091198
smetric_default,codex436:7:436006:473,320.60706400871277,35017,1,1.558972790837288,1.559221226722002
smetric_default,codex29:15:29014:458,321.1785469055176,62734,1,0.9915863201022148,0.9919608160853386
smetric_default,codex228:24:228023:455,321.96138644218445,72266,1,1.635182186961174,1.6355876997113228
smetric_default,codex119:10:119009:463,322.15875148773193,62630,1,1.4324795976281166,1.432876504957676
smetric_default,codex436:8:436007:479,323.07197761535645,35975,1,0.5276174917817116,0.5278461240231991
smetric_default,codex363:14:363013:428,323.49413442611694,103989,1,2.53672281652689,2.5372974760830402
smetric_default,codex73:3:73002:494,323.5843548774719,25975,1,1.036177683621645,1.0363785922527313
smetric_default,codex315:7:315006:468,323.87167263031006,58303,1,2.9375234693288803,2.9378924630582333
smetric_default,codex526:15:526014:481,325.21694350242615,57339,1,1.6213986910879612,1.62173056229949
smetric_default,codex152:10:152009:465,325.6533467769623,80379,1,5.490448836237192,5.490901857614517
smetric_default,codex25:8:25007:497,325.9044737815857,31890,1,0.4034663774073124,0.40368327125906944
smetric_default,codex65:22:65021:400,326.6715016365051,100354,1,1.5468085333704948,1.5473936088383198
smetric_default,codex483:24:483023:446,327.4006745815277,95605,1,1.7962358221411705,1.7967453226447105
smetric_default,codex506:15:506014:436,327.7070822715759,91680,1,3.2172918133437634,3.2177726477384567
smetric_default,codex228:25:228024:464,327.93434739112854,73252,1,2.1666608937084675,2.16712636500597
smetric_default,codex509:3:509002:502,328.02144861221313,25548,1,1.9212080277502537,1.9218996092677116
smetric_default,codex411:7:411006:496,328.1605327129364,43415,1,0.9250260517001152,0.9253004677593708
smetric_default,codex135:1:135000:499,328.20853757858276,13483,1,1.8856277242302895,1.8878095261752605
smetric_default,codex250:16:250015:445,329.0630614757538,69767,1,1.8554526157677174,1.855825211852789
smetric_default,codex238:18:238017:361,329.7518744468689,145371,1,6.228772137314081,6.2295779176056385
smetric_default,codex526:16:526015:490,329.9361469745636,58002,1,0.9782330989837646,0.9785789065063
smetric_default,codex363:15:363014:440,330.9030559062958,104819,1,1.114438720047474,1.115024633705616
smetric_default,codex422:10:422009:480,331.31390404701233,33410,1,0.9288790300488472,0.9291262812912464
smetric_default,codex215:3:215002:485,331.477974653244,45079,1,4.48380047082901,4.484254207462072
smetric_default,codex315:8:315007:486,331.7184488773346,58817,1,0.6738440655171871,0.6741934306919575
smetric_default,codex436:9:436008:503,332.3792304992676,36243,1,0.3423388600349426,0.34266867116093636
smetric_default,codex73:4:73003:519,332.492027759552,27097,1,0.42234016209840775,0.4225325658917427
smetric_default,codex228:26:228025:474,333.5513958930969,84538,1,9.604356814175844,9.605427738279104
smetric_default,codex25:9:25008:520,333.66974449157715,36929,1,5.5301898047327995,5.53046153858304
smetric_default,codex422:11:422010:488,333.87338423728943,34871,1,0.6375396810472012,0.6377973146736622
smetric_default,codex411:8:411007:514,334.68707394599915,43840,1,1.2788544669747353,1.2792726941406727
smetric_default,codex436:10:436009:516,335.2461380958557,36977,1,0.725171085447073,0.7254178710281849
smetric_default,codex586:15:586014:491,335.40524673461914,51225,1,0.8511485792696476,0.8514629118144512
smetric_default,codex363:16:363015:454,335.7413082122803,105282,1,1.3051027432084084,1.3056726306676865
smetric_default,codex119:11:119010:495,335.9527018070221,66465,1,7.208378281444311,7.208753310143948
smetric_default,codex192:1:192000:522,336.3130133152008,13423,1,1.249034360051155,1.249301303178072
smetric_default,codex215:4:215003:492,337.7949547767639,52733,1,3.067903060466051,3.0682137459516525
smetric_default,codex72:11:72010:505,339.1903862953186,77632,1,3.269995741546154,3.2704385444521904
smetric_default,codex436:11:436010:525,339.3725275993347,37293,1,1.4827601909637451,1.4830268286168575
smetric_default,codex509:4:509003:529,339.46786284446716,29637,1,1.390647754073143,1.3908606879413128
smetric_default,codex238:19:238018:376,340.11054372787476,145775,1,2.3591491729021072,2.359921559691429
smetric_default,codex315:9:315008:504,340.2986898422241,59429,1,1.3040278926491737,1.3043922409415245
smetric_default,codex25:10:25009:526,340.4152982234955,37534,1,2.76290100812912,2.7631419897079468
smetric_default,codex152:11:152010:493,340.6845109462738,84188,1,3.4703329354524612,3.4707785956561565
smetric_default,codex81:15:81014:518,340.84967136383057,47018,1,0.48194415867328644,0.4822582043707371
smetric_default,codex586:16:586015:508,341.5902500152588,52243,1,2.554105766117573,2.554408445954323
smetric_default,codex543:13:543012:530,341.8846552371979,45033,1,1.053055439144373,1.0533398650586605
smetric_default,codex250:17:250016:471,342.10305547714233,69901,1,0.9743639342486858,0.9747705683112144
smetric_default,codex493:27:493026:506,342.36384987831116,85675,1,1.7857256643474102,1.7861786745488644
smetric_default,codex73:5:73004:538,342.45208644866943,27291,1,0.480140570551157,0.4803362376987934
smetric_default,codex29:16:29015:510,342.9253876209259,62919,1,1.2148469127714634,1.2152252048254013
smetric_default,codex238:20:238019:384,343.73251724243164,146311,1,2.0416589714586735,2.042562272399664
smetric_default,codex72:12:72011:512,344.0307307243347,89350,1,8.295868810266256,8.296377211809158
smetric_default,codex73:6:73005:543,344.13257694244385,31329,1,5.330268707126379,5.330585643649101
smetric_default,codex29:17:29016:517,344.66932559013367,66053,1,2.885977864265442,2.8863583132624626
smetric_default,codex203:1:203000:536,344.71838307380676,13394,1,2.832274906337261,2.832410581409931
smetric_default,codex119:12:119011:501,344.94313383102417,73176,1,5.168908402323723,5.169350601732731
smetric_default,codex250:18:250017:478,345.1537923812866,70040,1,1.1370146870613098,1.1374368369579315
smetric_default,codex586:17:586016:511,345.31393456459045,52439,1,2.2445510551333427,2.244862049818039
smetric_default,codex483:25:483024:487,345.61645793914795,95729,1,6.7162116058170795,6.716720424592495
smetric_default,codex250:19:250018:483,347.189510345459,70207,1,0.9520900845527649,0.9525193423032761
smetric_default,codex363:17:363016:476,347.542444229126,106754,1,1.8319007903337479,1.8324884437024593
smetric_default,codex81:16:81015:531,347.9036228656769,58106,1,4.620467130094767,4.620803136378527
smetric_default,codex543:14:543013:541,348.06604409217834,50295,1,2.1862466745078564,2.186550784856081
smetric_default,codex135:2:135001:548,348.1342794895172,20230,1,2.2591980323195457,2.2593642733991146
smetric_default,codex25:11:25010:537,349.1378650665283,37858,1,1.2584073171019554,1.2586453817784786
smetric_default,codex315:10:315009:527,349.3629901409149,62395,1,1.9345382452011108,1.9349149353802204
smetric_default,codex203:2:203001:549,349.8613426685333,32569,1,4.925131157040596,4.9264132753014565
smetric_default,codex192:2:192001:562,350.3901696205139,20228,1,1.5844231396913528,1.5846016369760036
smetric_default,codex152:12:152011:515,351.286691904068,86014,1,3.506718672811985,3.5071950033307076
smetric_default,codex411:9:411008:552,351.4930212497711,44290,1,1.0276220068335533,1.0279136188328266
smetric_default,codex238:21:238020:395,351.965402841568,146773,1,1.8558960743248463,1.8566494956612587
smetric_default,codex65:23:65022:459,352.31244802474976,107162,1,4.974228747189045,4.974814731627703
smetric_default,codex526:17:526016:542,352.5129497051239,58364,1,0.6771366260945797,0.6775163300335407
smetric_default,codex110:1:110000:564,352.71692943573,13568,1,1.2554404251277447,1.2556764595210552
smetric_default,codex526:18:526017:550,355.26969361305237,58801,1,0.9024954698979855,0.9028416499495506
smetric_default,codex110:2:110001:572,355.34601283073425,22383,1,1.9332112856209278,1.933391522616148
smetric_default,codex586:18:586017:532,355.50481629371643,52611,1,0.41061460226774216,0.41105324402451515
smetric_default,codex493:28:493027:534,357.07298278808594,85849,1,0.9487552903592587,0.9492432698607445
smetric_default,codex526:19:526018:560,357.2737126350403,62428,1,1.8865044564008713,1.8868793174624443
smetric_default,codex25:12:25011:566,358.51942205429077,38804,1,0.5746524780988693,0.5749382451176643
smetric_default,codex203:3:203002:573,358.96288228034973,39918,1,3.084669578820467,3.0849510431289673
smetric_default,codex81:17:81016:556,359.96985149383545,58246,1,2.0820107460021973,2.0823593623936176
smetric_default,codex110:3:110002:584,360.2448124885559,39740,1,4.912939503788948,4.91319765150547
smetric_default,codex238:22:238021:409,360.8504319190979,149115,1,6.087464313954115,6.088356602936983
smetric_default,codex152:13:152012:528,361.15021872520447,87205,1,2.014468662440777,2.0149938203394413
smetric_default,codex363:18:363017:509,361.49676179885864,107774,1,3.6687538400292397,3.66932113468647
smetric_default,codex294:1:294000:583,361.5476269721985,13225,1,2.4844940751791,2.484621398150921
smetric_default,codex509:5:509004:586,361.66197514533997,35388,1,3.489623073488474,3.489870846271515
smetric_default,codex215:5:215004:544,361.86897325515747,58071,1,6.567903861403465,6.568532168865204
smetric_default,codex543:15:543014:580,362.0409936904907,50727,1,6.3999026119709015,6.400202561169863
smetric_default,codex493:29:493028:551,362.5925736427307,86052,1,2.5834586434066296,2.5839204490184784
smetric_default,codex586:19:586018:553,363.43719387054443,54077,1,1.7317905463278294,1.732106450945139
smetric_default,codex192:3:192002:594,363.535808801651,29980,1,9.326758936047554,9.32696745172143
smetric_default,codex65:24:65023:475,363.8848032951355,111267,1,6.7877156883478165,6.788293112069368
smetric_default,codex411:10:411009:585,364.0281732082367,44597,1,1.5957737676799297,1.5960674062371254
smetric_default,codex526:20:526019:575,364.2211015224457,62767,1,2.255566295236349,2.2559342607855797
smetric_default,codex70:26:70025:500,364.5362546443939,96307,1,1.9477632828056812,1.948299303650856
smetric_default,codex72:13:72012:540,364.82857871055603,90727,1,3.3168191350996494,3.31729619204998
smetric_default,codex422:12:422011:565,364.9604547023773,37248,1,5.675152745097876,5.675419341772795
smetric_default,codex108:27:108026:558,365.1459918022156,59535,1,5.506043799221516,5.506380304694176
smetric_default,codex294:2:294001:592,365.2747323513031,25345,1,3.4523476399481297,3.45284453779459
smetric_default,codex152:14:152013:533,366.02185225486755,87698,1,4.6264840848743916,4.627014227211475
smetric_default,codex71:5:71004:570,366.1839873790741,47727,1,8.874639455229044,8.874945737421513
smetric_default,codex73:7:73006:593,366.3222596645355,31697,1,2.4076812118291855,2.4078923650085926
smetric_default,codex203:4:203003:588,366.4691758155823,46058,1,4.169908285140991,4.170182552188635
smetric_default,codex25:13:25012:590,367.1995975971222,42088,1,1.2108034901320934,1.2110821940004826
smetric_default,codex493:30:493029:563,367.51681447029114,89095,1,3.1426289305090904,3.1431084647774696
smetric_default,codex436:12:436011:595,367.6443212032318,37698,1,0.49464115500450134,0.49489811062812805
smetric_default,codex70:27:70026:507,368.1297929286957,97725,1,2.535536553710699,2.536051981151104
smetric_default,codex363:19:363018:521,369.3848023414612,108157,1,1.4454250261187553,1.4459987916052341
smetric_default,codex238:23:238022:418,369.8609929084778,149581,1,5.219617739319801,5.220446340739727
smetric_default,codex116:1:116000:612,369.9163029193878,13777,1,2.0528085604310036,2.053053457289934
smetric_default,codex110:4:110003:609,370.0590832233429,44001,1,2.5168174132704735,2.5171202458441257
smetric_default,codex73:8:73007:602,370.18315863609314,38821,1,2.9891231544315815,2.9893843568861485
smetric_default,codex215:6:215005:554,370.3737006187439,59922,1,4.6904109083116055,4.690756853669882
smetric_default,codex436:13:436012:607,370.5179753303528,44349,1,2.6576841846108437,2.6579555943608284
smetric_default,codex509:6:509005:611,370.6309185028076,36179,1,0.5427847094833851,0.5431423597037792
smetric_default,codex25:14:25013:601,370.9812819957733,42794,1,0.5221378020942211,0.5224174335598946
smetric_default,codex65:25:65024:484,372.5650808811188,127107,1,14.336300820112228,14.336954116821289
smetric_default,codex116:2:116001:619,372.72743821144104,39647,1,20.000546742230654,20.000792745500803
smetric_default,codex422:13:422012:574,372.85772943496704,39880,1,19.872768826782703,19.873018596321344
smetric_default,codex483:26:483025:535,373.16296792030334,96435,1,1.9077126272022724,1.908247746527195
smetric_default,codex493:31:493030:577,374.3522984981537,104366,1,10.366132073104382,10.366702772676945
smetric_default,codex192:4:192003:605,374.46961402893066,36263,1,2.366267900913954,2.366589143872261
smetric_default,codex152:15:152014:546,374.7494683265686,87856,1,0.9185051582753658,0.9190206117928028
smetric_default,codex73:9:73008:613,374.8971242904663,43704,1,2.2585971169173717,2.258885007351637
smetric_default,codex135:3:135002:625,375.0502953529358,39788,1,4.638376377522945,4.638640943914652
smetric_default,codex70:28:70027:523,375.40547919273376,98291,1,3.280093088746071,3.280627131462097
smetric_default,codex509:7:509006:626,375.89126348495483,44064,1,2.8170970119535923,2.8173663206398487
smetric_default,codex526:21:526020:604,376.2154517173767,62969,1,0.60098871961236,0.6014072597026825
smetric_default,codex315:11:315010:596,376.79757475852966,64178,1,1.1973742730915546,1.1977637968957424
smetric_default,codex506:16:506015:545,377.14625310897827,93738,1,15.59860847145319,15.599095836281776
smetric_default,codex521:1:521000:634,377.3235926628113,13521,1,1.2544850446283817,1.2547216191887856
smetric_default,codex483:27:483026:547,378.3957245349884,96596,1,0.8557476103305817,0.856271281838417
smetric_default,codex521:2:521001:645,378.93028926849365,18474,1,1.898273728787899,1.8985361456871033
smetric_default,codex72:14:72013:578,379.2391085624695,91340,1,1.6442068628966808,1.644711211323738
smetric_default,codex315:12:315011:608,379.68142223358154,67213,1,1.7665843591094017,1.7669765278697014
smetric_default,codex509:8:509007:636,380.23021125793457,45184,1,0.8347911201417446,0.8350741378962994
smetric_default,codex73:10:73009:623,380.66285610198975,44935,1,0.7518493160605431,0.7521371021866798
smetric_default,codex25:15:25014:632,381.05893206596375,43124,1,0.5120534785091877,0.512394905090332
smetric_default,codex192:5:192004:624,381.40146946907043,37765,1,0.7237551882863045,0.7240122444927692
smetric_default,codex215:7:215006:579,381.9282364845276,60059,1,0.8540269546210766,0.8543772250413895
smetric_default,codex521:3:521002:650,382.12025690078735,24006,1,1.1215083375573158,1.121707670390606
smetric_default,codex119:13:119012:589,382.3945064544678,78463,1,3.1878250017762184,3.1882737055420876
smetric_default,codex71:6:71005:599,382.5749008655548,57230,1,8.346287563443184,8.346637532114983
smetric_default,codex108:28:108027:591,382.7728190422058,59630,1,9.965801760554314,9.966146931052208
smetric_default,codex203:5:203004:631,383.55197072029114,47824,1,1.6285650469362736,1.6288700625300407
smetric_default,codex152:16:152015:576,383.88322043418884,88005,1,1.302194394171238,1.3026467449963093
smetric_default,codex521:4:521003:653,383.99337577819824,33138,1,8.730032905936241,8.730258394032717
smetric_default,codex543:16:543015:628,384.18134355545044,59782,1,6.843682199716568,6.846267323940992
smetric_default,codex72:15:72014:587,384.7053380012512,99459,1,8.045397479087114,8.045906659215689
smetric_default,codex363:20:363019:559,385.1667034626007,109770,1,5.229794014245272,5.23038824647665
smetric_default,codex526:22:526021:635,385.9430601596832,70506,1,4.486261118203402,4.48664628341794
smetric_default,codex152:17:152016:581,386.2288987636566,88136,1,1.4828777201473713,1.4833888970315456
smetric_default,codex73:11:73010:642,386.38275623321533,47407,1,6.351736582815647,6.352014932781458
smetric_default,codex238:24:238023:451,386.8838601112366,150241,1,4.1530307829380035,4.153777819126844
smetric_default,codex25:16:25015:655,389.84636545181274,45536,1,1.0701339803636074,1.0704408176243305
smetric_default,codex315:13:315012:639,390.6675591468811,67833,1,0.7569268569350243,0.7576542124152184
smetric_default,codex70:29:70028:555,392.15508937835693,98557,1,3.018403634428978,3.0189277976751328
smetric_default,codex203:6:203005:651,392.3212790489197,51988,1,2.8454780876636505,2.8457997888326645
smetric_default,codex65:26:65025:498,392.71297788619995,127219,1,2.468691363930702,2.469351999461651
smetric_default,codex110:5:110004:668,393.47530817985535,48340,1,3.323940020054579,3.3242309875786304
smetric_default,codex71:7:71006:615,393.6712634563446,63201,1,7.746191956102848,7.746558837592602
smetric_default,codex294:3:294002:671,393.7680399417877,30158,1,3.0336050912737846,3.0338084846735
smetric_default,codex213:1:213000:676,393.8135826587677,13027,1,2.9827506355941296,2.9828769639134407
smetric_default,codex543:17:543016:641,394.0193953514099,67574,1,7.72404707223177,7.72443014383316
smetric_default,codex363:21:363020:569,394.36888694763184,110123,1,2.458502624183893,2.4590841345489025
smetric_default,codex108:29:108028:598,394.55842757225037,59999,1,2.2547892071306705,2.2551358826458454
smetric_default,codex135:4:135003:672,394.69227743148804,43030,1,2.116915926337242,2.117177553474903
smetric_default,codex509:9:509008:675,394.8575806617737,45999,1,1.9481730870902538,1.9484603628516197
smetric_default,codex506:17:506016:561,395.1553404331207,93935,1,1.6652706637978554,1.665756493806839
smetric_default,codex361:8:361007:657,395.37798261642456,29784,1,1.4150315821170807,1.4152487330138683
smetric_default,codex411:11:411010:674,395.6499230861664,47095,1,5.762320723384619,5.76263016089797
smetric_default,codex215:8:215007:617,395.83806586265564,60545,1,5.878798961639404,5.879147842526436
smetric_default,codex72:16:72015:603,396.1583318710327,100947,1,5.577811066061258,5.578324172645807
smetric_default,codex493:32:493031:616,396.49037194252014,107448,1,5.2349440939724445,5.2355551309883595
smetric_default,codex152:18:152017:606,396.77709436416626,88259,1,1.088085025548935,1.0885678939521313
smetric_default,codex521:5:521004:670,397.087424993515,41015,1,4.617644887417555,4.617914792150259
smetric_default,codex70:30:70029:567,397.7488417625427,99004,1,1.3893122747540474,1.3898457139730453
smetric_default,codex361:9:361008:661,397.85683608055115,32933,1,1.2740246281027794,1.2742565535008907
smetric_default,codex108:30:108029:610,398.87307620048523,60777,1,2.8568304926156998,2.8571820110082626
smetric_default,codex213:2:213001:686,398.9455723762512,21057,1,2.7661916874349117,2.7663600221276283
smetric_default,codex203:7:203006:663,399.1245279312134,53691,1,2.5848622135818005,2.5851879380643368
smetric_default,codex65:27:65026:513,400.0105519294739,127774,1,1.7526940256357193,1.7535318918526173
smetric_default,codex228:27:228026:633,400.2921221256256,85140,1,1.5735774897038937,1.5740343481302261
smetric_default,codex238:25:238024:470,400.8032736778259,150775,1,3.4771952480077744,3.478149838745594
smetric_default,codex70:31:70030:571,401.12727212905884,99279,1,1.305775012820959,1.3062989190220833
smetric_default,codex73:12:73011:662,401.27916979789734,48522,1,1.395161785185337,1.3954503126442432
smetric_default,codex422:14:422013:597,401.4058313369751,40792,1,0.9833651706576347,0.9836450926959515
smetric_default,codex152:19:152018:618,401.696941614151,88423,1,0.9832074344158173,0.9836814701557159
smetric_default,codex522:1:522000:695,401.9374601840973,13529,1,1.3732680901885033,1.3734931461513042
smetric_default,codex361:10:361009:673,402.0477125644684,33505,1,0.623335313051939,0.6235700771212578
smetric_default,codex543:18:543017:647,402.3792552947998,69881,1,4.624712161719799,4.625142525881529
smetric_default,codex315:14:315013:667,402.66282987594604,71567,1,2.1435626074671745,2.143965933471918
smetric_default,codex71:8:71007:622,403.0494463443756,66265,1,3.9585116021335125,3.9588874876499176
smetric_default,codex411:12:411011:679,403.2337415218353,49868,1,1.281625747680664,1.2819331400096416
smetric_default,codex73:13:73012:665,403.53229665756226,56464,1,6.741328455507755,6.742021173238754
smetric_default,codex521:6:521005:678,403.8480303287506,44376,1,6.4297280088067055,6.4301439337432384
smetric_default,codex436:14:436013:692,405.0185720920563,55251,1,4.033212102949619,4.033570885658264
smetric_default,codex294:4:294003:696,405.7407228946686,39887,1,4.560343433171511,4.56060167402029
smetric_default,codex238:26:238025:477,406.2674376964569,158093,1,11.564444746822119,11.565829057246447
smetric_default,codex361:11:361010:681,406.39972448349,35258,1,2.757104393094778,2.7575276643037796
smetric_default,codex192:6:192005:688,406.5341236591339,41600,1,13.516939926892519,13.517225809395313
smetric_default,codex250:20:250019:646,406.7687945365906,70336,1,1.5078327022492886,1.5087484084069729
smetric_default,codex522:2:522001:708,406.82169461250305,15958,1,1.2096495404839516,1.209806900471449
smetric_default,codex203:8:203007:680,406.99518060684204,57198,1,2.1953346841037273,2.1956770345568657
smetric_default,codex135:5:135004:702,407.65328431129456,47047,1,5.792990580201149,5.793286003172398
smetric_default,codex119:14:119013:656,407.93880009651184,83945,1,5.515790320932865,5.516231946647167
smetric_default,codex213:3:213002:704,408.0226881504059,25096,1,1.173072550445795,1.1733327992260456
smetric_default,codex71:9:71008:629,408.26344871520996,73809,1,11.862957384437323,11.863697286695242
smetric_default,codex152:20:152019:644,409.50877571105957,88547,1,0.7887567579746246,0.7892483398318291
smetric_default,codex166:1:166000:715,410.14491510391235,14321,1,2.515852812677622,2.515995964407921
smetric_default,codex108:31:108030:640,410.53896045684814,61147,1,2.130345683544874,2.1306919753551483
smetric_default,codex422:15:422014:627,410.6747989654541,42660,1,1.9907269068062305,1.9909926690161228
smetric_default,codex315:15:315014:684,410.92099356651306,75438,1,2.5385203771293163,2.5389310531318188
smetric_default,codex543:19:543018:654,411.1688611507416,71484,1,8.962916404008865,8.963310316205025
smetric_default,codex72:17:72016:637,412.0517852306366,101639,1,2.764241646975279,2.7647861801087856
smetric_default,codex110:6:110005:707,412.2265167236328,53518,1,2.2253864854574203,2.225694250315428
smetric_default,codex294:5:294004:706,412.5111849308014,43521,1,2.2985296547412872,2.298806242644787
smetric_default,codex509:10:509009:714,412.65687894821167,46638,1,0.7930206805467606,0.7932926639914513
smetric_default,codex65:28:65027:539,413.0675549507141,127879,1,1.3554123863577843,1.3560895137488842
smetric_default,codex363:22:363021:621,413.4347491264343,112118,1,3.786555454134941,3.7871333360671997
smetric_default,codex506:18:506017:614,414.2514579296112,94094,1,2.416730247437954,2.417247224599123
smetric_default,codex509:11:509010:718,414.4111704826355,48849,1,1.1497504524886608,1.1500593535602093
smetric_default,codex315:16:315015:690,414.7100386619568,78032,1,2.5042241141200066,2.5046768710017204
smetric_default,codex166:2:166001:733,414.8039026260376,25686,1,2.8549042716622353,2.85510066896677
smetric_default,codex213:4:213003:725,414.9921016693115,25687,1,2.668449070304632,2.6686319895088673
smetric_default,codex72:18:72017:643,415.907838344574,103630,1,3.6145382933318615,3.615114413201809
smetric_default,codex294:6:294005:713,416.1016960144043,48171,1,3.414013795554638,3.414319682866335
smetric_default,codex493:33:493032:658,416.6543836593628,122761,1,11.449614472687244,11.450271632522345
smetric_default,codex152:21:152020:659,417.0135555267334,95587,1,4.876920539885759,4.877557586878538
smetric_default,codex436:15:436014:717,417.20347690582275,56377,1,1.0264755748212337,1.0268214344978333
smetric_default,codex250:21:250020:666,417.4806580543518,70506,1,4.115037430077791,4.115459896624088
smetric_default,codex509:12:509011:729,417.6531710624695,49988,1,0.9592107534408569,0.9595205299556255
smetric_default,codex116:3:116002:694,417.8156497478485,48493,1,5.671774357557297,5.6896696500480175
smetric_default,codex240:1:240000:742,418.3424394130707,13247,1,1.2302486263215542,1.230468288064003
smetric_default,codex506:19:506018:620,419.04857563972473,94209,1,4.446302205324173,4.456368416547775
smetric_default,codex65:29:65028:557,419.5040783882141,129441,1,4.0000265426933765,4.0046364814043045
smetric_default,codex213:5:213004:737,420.3349697589874,28569,1,3.1734287701547146,3.1736311689019203
smetric_default,codex238:27:238026:489,421.04540944099426,160178,1,4.448134116828442,4.4489661902189255
smetric_default,codex436:16:436015:730,421.23606038093567,59349,1,2.2386268377304077,2.2389901615679264
smetric_default,codex220:4:220003:755,421.3648338317871,40239,1,8.44796572625637,8.448224682360888
smetric_default,codex543:20:543019:660,421.5862329006195,71649,1,3.897500041872263,3.897913921624422
smetric_default,codex152:22:152021:664,423.00783801078796,95756,1,1.2206796742975712,1.2212041318416595
smetric_default,codex119:15:119014:683,423.3272008895874,96165,1,12.864906776696444,12.8655461743474
smetric_default,codex192:7:192006:700,423.46754360198975,41932,1,2.0105238519608974,2.0108095966279507
smetric_default,codex250:22:250021:677,424.2178599834442,70851,1,1.7763763442635536,1.7769076488912106
smetric_default,codex166:3:166002:758,424.4486358165741,29783,1,1.5594764463603497,1.5597806610167027
smetric_default,codex152:23:152022:669,424.8296208381653,100235,1,4.060290165245533,4.060842622071505
smetric_default,codex363:23:363022:649,425.20425248146057,112236,1,2.2269207537174225,2.2275637201964855
smetric_default,codex521:7:521006:719,425.36192536354065,48033,1,3.4641168490052223,3.4644797444343567
smetric_default,codex361:12:361011:727,425.4719262123108,35643,1,3.4339462630450726,3.4341780804097652
smetric_default,codex294:7:294006:735,425.75382256507874,51966,1,3.0754654221236706,3.0757635310292244
smetric_default,codex65:30:65029:568,426.4346432685852,131046,1,3.017451997846365,3.0183783285319805
smetric_default,codex213:6:213005:748,426.534631729126,29883,1,3.45755435526371,3.4578523449599743
smetric_default,codex25:17:25016:753,426.72529578208923,60104,1,13.333322394639254,13.333686884492636
smetric_default,codex135:6:135005:741,426.9657950401306,52726,1,12.193337205797434,12.193653468042612
smetric_default,codex421:1:421000:763,427.015145778656,13368,1,1.8073705099523067,1.807500209659338
smetric_default,codex315:17:315016:716,427.2765939235687,80181,1,1.7902395948767662,1.7906876802444458
smetric_default,codex192:8:192007:705,427.4190900325775,44576,1,1.4134351387619972,1.4137053862214088
smetric_default,codex110:7:110006:757,428.50168633461,54220,1,1.1010117828845978,1.101344969123602
smetric_default,codex506:20:506019:638,428.80941581726074,94657,1,1.7276108488440514,1.7281603552401066
smetric_default,codex166:4:166003:770,429.8071620464325,31663,1,0.7426219284534454,0.7428295463323593
smetric_default,codex436:17:436016:751,430.247332572937,59507,1,0.5456784330308437,0.5460117235779762
smetric_default,codex250:23:250022:693,431.98371958732605,85348,1,11.663292311131954,11.663783580064774
smetric_default,codex506:21:506020:648,432.27812361717224,94828,1,11.375181831419468,11.375681065022945
smetric_default,codex116:4:116003:723,432.8679692745209,53663,1,12.934701032936573,12.946636438369751
smetric_default,codex65:31:65030:582,433.7130537033081,131672,1,12.100699935108423,12.105146285146475
smetric_default,codex509:13:509012:773,433.8864529132843,54607,1,2.8491133339703083,2.8494442515075207
smetric_default,codex108:32:108031:691,434.07131481170654,61445,1,11.750863414257765,11.751225840300322
smetric_default,codex543:21:543020:682,434.2885866165161,71893,1,1.3081335574388504,1.3085558079183102
smetric_default,codex521:8:521007:740,434.442129611969,49998,1,1.157830011099577,1.1581231243908405
smetric_default,codex361:13:361012:747,434.71736335754395,35921,1,0.8707138635218143,0.8709595501422882
smetric_default,codex266:1:266000:785,434.7675676345825,14201,1,1.3418281599879265,1.342050239443779
smetric_default,codex228:28:228027:720,435.3104555606842,85702,1,4.75392459705472,4.754385013133287
smetric_default,codex213:7:213006:764,435.40774965286255,30123,1,10.410107888281345,10.410324722528458
smetric_default,codex166:5:166004:783,435.58157324790955,54050,1,15.069862686097622,15.076517414301634
smetric_default,codex315:18:315017:743,436.5607466697693,82558,1,2.302455961704254,2.3029534444212914
smetric_default,codex294:8:294007:761,436.7282474040985,54311,1,1.2544801533222198,1.254828356206417
smetric_default,codex543:22:543021:687,437.03828406333923,77440,1,11.383027575910091,11.38346516340971
smetric_default,codex421:2:421001:794,437.24950551986694,30402,1,3.2280851751565933,3.2284027710556984
smetric_default,codex110:8:110007:779,437.9269948005676,55773,1,1.1035323701798916,1.1038785837590694
smetric_default,codex238:28:238027:524,438.75640392303467,175322,1,17.160584338009357,17.162240251898766
smetric_default,codex266:2:266001:802,438.85543990135193,25324,1,2.011942159384489,2.0121540427207947
smetric_default,codex119:16:119015:697,439.82667088508606,97027,1,1.6171891652047634,1.6177323199808598
smetric_default,codex203:9:203008:769,440.0491819381714,61454,1,2.096015579998493,2.0963872373104095
smetric_default,codex493:34:493033:698,441.3242917060852,125897,1,6.6240868754684925,6.6247936598956585
smetric_default,codex521:9:521008:759,441.83940267562866,51043,1,1.2905921339988708,1.2909423932433128
smetric_default,codex135:7:135006:754,442.1232907772064,56222,1,2.9346512109041214,2.935094576328993
smetric_default,codex110:9:110008:791,442.58785915374756,73383,1,10.284712739288807,10.285147558897734
smetric_default,codex509:14:509013:793,442.76252269744873,56082,1,1.8795907497406006,1.8799482807517052
smetric_default,codex119:17:119016:703,443.0724878311157,98447,1,2.0448725633323193,2.045663621276617
smetric_default,codex548:1:548000:810,443.1252360343933,13754,1,1.5122180879116058,1.512343380600214
smetric_default,codex70:32:70031:685,443.46796131134033,99604,1,1.1807130835950375,1.1812461204826832
smetric_default,codex266:3:266002:813,443.58724784851074,34623,1,2.343111801892519,2.3434325121343136
smetric_default,codex240:2:240001:812,443.6319692134857,14069,1,1.4873901270329952,1.4875160157680511
smetric_default,codex250:24:250023:701,444.6308755874634,85496,1,6.0265757739543915,6.027804762125015
smetric_default,codex548:2:548001:821,445.297563791275,26062,1,2.641540799289942,2.64174734801054
smetric_default,codex509:15:509014:798,445.49774718284607,62314,1,5.1009320095181465,5.101328521966934
smetric_default,codex220:5:220004:808,446.20833444595337,41257,1,0.999773271381855,1.0000811144709587
smetric_default,codex315:19:315018:766,446.5877275466919,83562,1,1.5293925739824772,1.5298444330692291
smetric_default,codex421:3:421002:823,446.71171832084656,38488,1,4.167492840439081,4.167741525918245
smetric_default,codex215:9:215008:739,446.89523696899414,60740,1,9.028886996209621,9.029263988137245
smetric_default,codex506:22:506021:652,447.19937920570374,95022,1,3.4658140055835247,3.4663024060428143
smetric_default,codex294:9:294008:788,447.75502133369446,56891,1,3.45992736145854,3.460380405187607
smetric_default,codex521:10:521009:776,447.9336152076721,55874,1,5.0904763750731945,5.090810768306255
smetric_default,codex266:4:266003:827,448.4127492904663,43962,1,2.8906848952174187,2.890958320349455
smetric_default,codex70:33:70032:699,449.08640480041504,99805,1,1.7993185743689537,1.7998712286353111
smetric_default,codex25:18:25017:780,449.62519812583923,65021,1,5.1843299232423306,5.1846858486533165
smetric_default,codex228:29:228028:756,450.58909726142883,85871,1,4.226412285119295,4.22687740623951
smetric_default,codex135:8:135007:772,450.87220644950867,61156,1,3.930152479559183,3.930515833199024
smetric_default,codex548:3:548002:835,451.00751972198486,36619,1,3.786939062178135,3.787182215601206
smetric_default,codex213:8:213007:781,451.7087218761444,35710,1,2.5837726816534996,2.584023743867874
smetric_default,codex294:10:294009:797,452.24595880508423,58948,1,2.5598704926669598,2.560203120112419
smetric_default,codex65:32:65031:600,452.6676242351532,131772,1,4.8208780400455,4.822071973234415
smetric_default,codex108:33:108032:709,452.8630015850067,62096,1,1.4957395754754543,1.4961130619049072
smetric_default,codex166:6:166005:805,453.78588485717773,58651,1,3.680520299822092,3.6808551363646984
smetric_default,codex361:14:361013:799,453.8976414203644,36031,1,0.8945562951266766,0.8947974853217602
smetric_default,codex421:4:421003:833,454.01903891563416,39004,1,0.7789001576602459,0.7791566252708435
smetric_default,codex250:25:250024:710,454.284786939621,85720,1,3.190960608422756,3.1917885467410088
smetric_default,codex220:6:220005:830,454.7717707157135,61910,1,14.047637823969126,14.048034898936749
smetric_default,codex315:20:315019:786,455.2980420589447,84451,1,3.1890867948532104,3.189699750393629
smetric_default,codex266:5:266004:843,455.4492897987366,48784,1,2.57966635748744,2.579969346523285
smetric_default,codex73:14:73013:792,455.69073009490967,57436,1,1.7713572606444359,1.7717140689492226
smetric_default,codex119:18:119017:738,456.34191823005676,107691,1,13.75245263427496,13.75341460108757
smetric_default,codex228:30:228029:760,456.61060190200806,86016,1,13.49089327082038,13.491358421742916
smetric_default,codex493:35:493034:722,457.010861158371,134697,1,9.6642946600914,9.665008947253227
smetric_default,codex543:23:543022:712,457.25712537765503,78577,1,1.2488494701683521,1.249288845807314
smetric_default,codex108:34:108033:721,457.45277404785156,62361,1,0.553895078599453,0.5542571134865284
smetric_default,codex110:10:110009:814,458.2883985042572,75626,1,8.378029473125935,8.378443732857704
smetric_default,codex215:10:215009:749,458.4774549007416,60991,1,1.2655478864908218,1.265943806618452
smetric_default,codex421:5:421004:846,458.9240207672119,45676,1,3.5922503508627415,3.5934545509517193
smetric_default,codex108:35:108034:728,459.1327085494995,65562,1,3.9640201553702354,3.9644148014485836
smetric_default,codex71:10:71009:736,459.3781785964966,75076,1,1.6402954868972301,1.6407486945390701
smetric_default,codex116:5:116004:767,459.5549564361572,55876,1,5.2549091428518295,5.25572219863534
smetric_default,codex382:1:382000:856,459.6056981086731,13800,1,1.414896346628666,1.4150215536355972
smetric_default,codex213:9:213008:800,459.7186415195465,37539,1,5.087438814342022,5.091608911752701
smetric_default,codex70:34:70033:726,460.4128623008728,100262,1,2.164224125444889,2.1647850424051285
smetric_default,codex522:3:522002:859,460.488657951355,21076,1,11.36423510313034,11.364407330751419
smetric_default,codex73:15:73014:806,460.73953318595886,57760,1,2.757297143340111,2.757752064615488
smetric_default,codex240:3:240002:863,461.00357246398926,77448,1,33.724839091300964,33.72528649494052
smetric_default,codex294:11:294010:817,461.2602481842041,63225,1,2.2690896913409233,2.2694474160671234
smetric_default,codex135:9:135008:796,461.6860122680664,67936,1,34.29954292997718,34.30217536538839
smetric_default,codex250:26:250025:724,461.9526584148407,85934,1,2.9395592845976353,2.9400134943425655
smetric_default,codex266:6:266005:857,462.12295269966125,55446,1,3.2775692604482174,3.2780147828161716
smetric_default,codex166:7:166006:820,462.30888628959656,61781,1,2.5770421661436558,2.5780714713037014
smetric_default,codex543:24:543023:731,463.08705139160156,79148,1,1.3329205438494682,1.3333690725266933
smetric_default,codex506:23:506022:689,464.14573431015015,96366,1,2.024670831859112,2.0251966938376427
smetric_default,codex315:21:315020:807,464.40958857536316,84693,1,1.0362950712442398,1.036776352673769
smetric_default,codex509:16:509015:842,465.17935132980347,63025,1,1.0244440771639347,1.0248145051300526
smetric_default,codex203:10:203009:834,465.3667788505554,61906,1,0.5835633017122746,0.584159255027771
smetric_default,codex250:27:250026:734,465.8863744735718,86264,1,0.9468825273215771,0.9473363980650902
smetric_default,codex25:19:25018:818,466.15987277030945,67248,1,29.832698423415422,29.833077751100063
smetric_default,codex315:22:315021:811,466.65511107444763,85244,1,1.2535032667219639,1.2539753839373589
smetric_default,codex65:33:65032:630,467.369491815567,138555,1,7.029028285294771,7.029734738171101
smetric_default,codex110:11:110010:822,467.6553912162781,83909,1,12.743861339986324,12.744364764541388
smetric_default,codex234:1:234000:881,467.7073931694031,13534,1,5.824315272271633,5.824445158243179
smetric_default,codex203:11:203010:841,467.89858078956604,62773,1,0.9540746733546257,0.9544467851519585
smetric_default,codex543:25:543024:744,468.5150566101074,81167,1,1.7513154111802578,1.7517541386187077
smetric_default,codex509:17:509016:853,468.7207899093628,64840,1,1.2581674754619598,1.258568599820137
smetric_default,codex382:2:382001:890,468.813063621521,21579,1,1.3316379003226757,1.331795122474432
smetric_default,codex548:4:548003:887,469.9713685512543,39940,1,1.2945610098540783,1.2948361448943615
smetric_default,codex521:11:521010:831,471.65492367744446,76099,1,12.286397952586412,12.286818318068981
smetric_default,codex215:11:215010:782,471.8476028442383,61506,1,1.0621261447668076,1.0624959841370583
smetric_default,codex493:36:493035:746,472.6200850009918,143050,1,9.563590377569199,9.564313653856516
smetric_default,codex543:26:543025:752,472.90038537979126,84297,1,2.3370121717453003,2.3374799005687237
smetric_default,codex509:18:509017:868,473.5259644985199,66802,1,1.3953031860291958,1.3956819400191307
smetric_default,codex166:8:166007:845,473.8878207206726,65626,1,4.918612621724606,4.919004272669554
smetric_default,codex506:24:506023:711,474.3834948539734,99771,1,4.429791394621134,4.430328458547592
smetric_default,codex522:4:522003:877,475.492182970047,24602,1,20.495549891144037,20.496826324611902
smetric_default,codex294:12:294011:855,475.8160717487335,64235,1,8.120747480541468,8.121112246066332
smetric_default,codex70:35:70034:768,476.13471698760986,100487,1,0.9386742524802685,0.939239427447319
smetric_default,codex508:1:508000:904,476.1857647895813,13678,1,1.8174359574913979,1.8175797834992409
smetric_default,codex234:2:234001:901,476.6197762489319,17820,1,5.552897598594427,5.553056471049786
smetric_default,codex382:3:382002:916,477.49894547462463,28437,1,6.4300380274653435,6.430248737335205
smetric_default,codex70:36:70035:771,477.86076498031616,107679,1,6.941157624125481,6.941758934408426
smetric_default,codex213:10:213009:838,477.99933218955994,42200,1,3.141056202352047,3.1414696015417576
smetric_default,codex548:5:548004:909,478.1371340751648,42982,1,5.795455705374479,5.795720838010311
smetric_default,codex119:19:119018:762,478.50781893730164,109682,1,17.60317202657461,17.60474718362093
smetric_default,codex250:28:250027:765,478.7936511039734,86675,1,2.6383438482880592,2.6388165056705475
smetric_default,codex108:36:108035:775,479.10215187072754,65785,1,2.3238246738910675,2.324225138872862
smetric_default,codex220:7:220006:872,479.6377284526825,62358,1,16.47890253737569,16.479259505867958
smetric_default,codex203:12:203011:880,480.7576515674591,63167,1,0.7274587415158749,0.7278239093720913
smetric_default,codex509:19:509018:892,481.416100025177,67866,1,3.4184400103986263,3.4188162684440613
smetric_default,codex228:31:228030:795,481.7753303050995,86103,1,14.346692617982626,14.34716161340475
smetric_default,codex116:6:116005:816,481.9714255332947,61123,1,3.2554226107895374,3.255793336778879
smetric_default,codex203:13:203012:884,482.16750144958496,63324,1,0.5906323418021202,0.5910462997853756
smetric_default,codex508:2:508001:925,482.30319023132324,27481,1,4.141021341085434,4.141232460737228
smetric_default,codex543:27:543026:778,483.24806809425354,86720,1,3.2022062242031097,3.2026863656938076
smetric_default,codex166:9:166008:864,483.4769983291626,66306,1,1.9539116993546486,1.9542810656130314
smetric_default,codex266:7:266006:919,483.9216613769531,57975,1,1.4532759748399258,1.453616987913847
smetric_default,codex110:12:110011:836,484.6390771865845,84772,1,1.488412395119667,1.4889019951224327
smetric_default,codex422:16:422015:825,484.7856197357178,42885,1,0.6656909473240376,0.6659630164504051
smetric_default,codex361:15:361014:894,485.7284107208252,42569,1,2.170666601508856,2.170945134013891
smetric_default,codex294:13:294012:866,486.11760997772217,67613,1,3.3946231454610825,3.396013855934143
smetric_default,codex548:6:548005:918,486.4386258125305,47455,1,3.7108885012567043,3.712472729384899
smetric_default,codex110:13:110012:839,486.93642115592957,89603,1,3.268864259123802,3.2693593092262745
smetric_default,codex250:29:250028:784,487.8907742500305,86844,1,0.8241952508687973,0.8246943801641464
smetric_default,codex521:12:521011:851,488.31881284713745,76879,1,1.8696001395583153,1.8700524158775806
smetric_default,codex166:10:166009:875,488.7043261528015,69133,1,1.7041657641530037,1.7045568004250526
smetric_default,codex521:13:521012:854,490.71071696281433,77889,1,1.3910756558179855,1.3915388993918896
smetric_default,codex203:14:203013:910,490.9114818572998,63474,1,0.9544891528785229,0.9548956491053104
smetric_default,codex70:37:70036:790,491.2593517303467,107758,1,1.0967244319617748,1.09732061997056
smetric_default,codex508:3:508002:940,491.39422059059143,38102,1,3.280701342970133,3.2810537219047546
smetric_default,codex166:11:166010:883,491.82425451278687,69310,1,0.6315565779805183,0.6319633722305298
smetric_default,codex308:1:308000:943,492.16870188713074,13069,1,5.37805113568902,5.378179457038641
smetric_default,codex548:7:548006:927,492.34554386138916,55517,1,6.703890856355429,6.704516496509314
smetric_default,codex110:14:110013:850,492.9379003047943,93010,1,2.896076463162899,2.8965934701263905
smetric_default,codex521:14:521013:862,493.32480120658875,79141,1,5.730493452399969,5.730929810553789
smetric_default,codex215:12:215011:844,493.79653096199036,62237,1,0.9124651774764061,0.9128293544054031
smetric_default,codex422:17:422016:848,493.93482398986816,43073,1,0.4389692470431328,0.43926579132676125
smetric_default,codex213:11:213010:886,495.0211236476898,43628,1,1.0014633052051067,1.0017300434410572
smetric_default,codex294:14:294013:888,495.2391712665558,70809,1,4.550175461918116,4.550581965595484
smetric_default,codex70:38:70037:804,495.62100625038147,119108,1,8.807079277932644,8.807702757418156
smetric_default,codex116:7:116006:849,495.8236560821533,64702,1,2.189463559538126,2.189836658537388
smetric_default,codex266:8:266007:944,496.38572692871094,63533,1,2.8072789907455444,2.8076426945626736
smetric_default,codex203:15:203014:924,496.57699847221375,63587,1,1.4186232574284077,1.4190031327307224
smetric_default,codex135:10:135009:803,497.18986105918884,68471,1,0.8278673849999905,0.8282512314617634
smetric_default,codex213:12:213011:895,497.37716722488403,44901,1,0.9188572950661182,0.9191777259111404
smetric_default,codex234:3:234002:939,497.4508807659149,22408,1,2.3468758016824722,2.347049094736576
smetric_default,codex382:4:382003:951,497.5435645580292,29089,1,2.240186534821987,2.2403954677283764
smetric_default,codex110:15:110014:861,497.85351037979126,93781,1,1.996305413544178,1.996818009763956
smetric_default,codex508:4:508003:956,497.9885275363922,40130,1,1.0227275788784027,1.0230018645524979
smetric_default,codex250:30:250029:815,499.002827167511,87014,1,0.7922698147594929,0.7927437834441662
smetric_default,codex422:18:422017:869,499.43402004241943,43513,1,0.7652645260095596,0.7655383236706257
smetric_default,codex506:25:506024:774,499.7755048274994,102551,1,3.3338808976113796,3.3345141112804413
smetric_default,codex495:1:495000:964,500.3790988922119,13550,1,1.6238714903593063,1.623999960720539
smetric_default,codex250:31:250030:824,500.6852779388428,87189,1,2.9493242278695107,2.9498096704483032
smetric_default,codex521:15:521014:871,500.9645164012909,81646,1,2.748798217624426,2.7493549548089504
smetric_default,codex522:5:522004:899,501.30634665489197,29422,1,1.224462877959013,1.2246884480118752
smetric_default,codex71:11:71010:852,501.9965226650238,91473,1,12.573609434068203,12.574105646461248
smetric_default,codex213:13:213012:906,502.3285753726959,46847,1,1.7086622156202793,1.7090184465050697
smetric_default,codex382:5:382004:962,502.47885823249817,33013,1,1.2605251222848892,1.2607455626130104
smetric_default,codex116:8:116007:870,502.8098101615906,65345,1,1.2614155188202858,1.2617805153131485
smetric_default,codex135:11:135010:819,503.0229961872101,69362,1,0.9630468189716339,0.9634392000734806
smetric_default,codex495:2:495001:974,503.1001601219177,22485,1,12.73089524358511,12.731173537671566
smetric_default,codex308:2:308001:970,504.8450379371643,30695,1,3.6987048387527466,3.6989357583224773
smetric_default,codex508:5:508004:971,505.0889141559601,50953,1,10.772003028541803,10.772323250770569
smetric_default,codex213:14:213013:913,505.240620136261,48928,1,3.6931401193141937,3.693434040993452
smetric_default,codex116:9:116008:876,505.7779414653778,71073,1,3.581320494413376,3.5817562714219093
smetric_default,codex522:6:522005:912,505.8760039806366,31044,1,1.020708691328764,1.0209299698472023
smetric_default,codex119:20:119019:789,506.22015595436096,110306,1,2.671597097069025,2.6724286675453186
smetric_default,codex228:32:228031:826,506.49027824401855,86264,1,2.500429280102253,2.5015918537974358
smetric_default,codex422:19:422018:893,506.6808671951294,44221,1,2.7010385505855083,2.7013144604861736
smetric_default,codex135:12:135011:828,506.8896563053131,69800,1,2.107047375291586,2.1074341349303722
smetric_default,codex220:8:220007:907,507.49340176582336,62623,1,1.5073059983551502,1.5076669193804264
smetric_default,codex203:16:203015:948,507.8986623287201,63756,1,0.6997768357396126,0.7003291733562946
smetric_default,codex234:4:234003:963,507.97743797302246,24500,1,0.6159949153661728,0.616183202713728
smetric_default,codex521:16:521015:889,508.33830213546753,83536,1,4.189945079386234,4.190411005169153
smetric_default,codex548:8:548007:954,508.5316152572632,60641,1,5.849226430058479,5.849598415195942
smetric_default,codex367:1:367000:988,508.58956837654114,13427,1,1.2465197890996933,1.2467340007424355
smetric_default,codex266:9:266008:978,510.5387692451477,94043,1,15.998221892863512,15.998719584196806
smetric_default,codex110:16:110015:898,510.86009764671326,96634,1,3.1293814815580845,3.1299250200390816
smetric_default,codex65:34:65033:732,511.33258748054504,143260,1,8.325362104922533,8.326272811740637
smetric_default,codex308:3:308002:981,511.490522146225,45136,1,5.58025785535574,5.580631695687771
smetric_default,codex135:13:135012:837,511.74449920654297,76197,1,5.747534837573767,5.748073559254408
smetric_default,codex240:4:240003:932,512.5169477462769,80782,1,5.373575787991285,5.374328214675188
smetric_default,codex220:9:220008:922,513.9696123600006,62906,1,3.9257752895355225,3.9261253401637077
smetric_default,codex166:12:166011:941,514.3068931102753,75701,1,5.381473105400801,5.381883196532726
smetric_default,codex521:17:521016:902,515.494740486145,84757,1,1.6224242821335793,1.6228872500360012
smetric_default,codex234:5:234004:987,516.1148595809937,27533,1,0.8349738158285618,0.8351828530430794
smetric_default,codex110:17:110016:905,516.5777812004089,100549,1,3.0995779745280743,3.1002085208892822
smetric_default,codex228:33:228032:847,516.8889586925507,86621,1,1.045287448912859,1.0457668825984001
smetric_default,codex495:3:495002:982,517.3242077827454,29592,1,1.641770839691162,1.6420033015310764
smetric_default,codex508:6:508005:985,519.3995985984802,53535,1,3.319455001503229,3.319767240434885
smetric_default,codex495:4:495003:992,519.8745393753052,33593,1,5.460365142673254,5.460615251213312
smetric_default,codex422:20:422019:921,520.1075387001038,44912,1,1.0071413107216358,1.0074327401816845
smetric_default,codex548:9:548008:969,520.4955363273621,65934,1,4.8443203791975975,4.844701994210482
smetric_default,codex215:13:215012:923,520.876345872879,68935,1,5.018314260989428,5.018812417984009
smetric_default,codex509:20:509019:983,521.1058967113495,68105,1,1.6091076359152794,1.60953638702631
smetric_default,codex110:18:110017:917,521.7387049198151,101429,1,1.8908886946737766,1.8914386816322803
smetric_default,codex521:18:521017:915,522.0370719432831,86341,1,4.9749003648757935,4.975386615842581
smetric_default,codex240:5:240004:946,522.3274662494659,87356,1,7.1719556003808975,7.172448046505451
smetric_default,codex119:21:119020:832,522.7031509876251,110650,1,9.759840458631516,9.76093016564846
smetric_default,codex308:4:308003:1002,523.1505079269409,55149,1,7.317311905324459,7.318022597581148
smetric_default,codex71:12:71011:891,523.6170682907104,92769,1,2.3263891860842705,2.326902646571398
smetric_default,codex509:21:509020:990,524.1203479766846,71061,1,2.410786025226116,2.4111950881779194
smetric_default,codex65:35:65034:745,524.570342540741,143446,1,1.9820301458239555,1.9828429594635963
smetric_default,codex220:10:220009:937,524.776793718338,63195,1,7.691894516348839,7.692246548831463
smetric_default,codex135:14:135013:860,525.033833026886,79527,1,7.439950618892908,7.440439864993095
smetric_default,codex294:15:294014:957,525.2714941501617,76015,1,5.201914664357901,5.202327065169811
smetric_default,codex524:1:524000:1025,525.3317756652832,13343,1,1.2435803711414337,1.2437073923647404
smetric_default,codex116:10:116009:926,525.8559849262238,71365,1,0.728583388030529,0.7289839088916779
smetric_default,codex228:34:228033:879,526.5201766490936,92326,1,5.990608800202608,5.991092648357153
smetric_default,codex315:23:315022:973,527.0010793209076,85849,1,1.2393867373466492,1.239861637353897
smetric_default,codex495:5:495004:998,527.2625143527985,36145,1,0.9722300805151463,0.9724759124219418
smetric_default,codex65:36:65035:750,527.8839857578278,144677,1,2.8672902025282383,2.8681583926081657
smetric_default,codex382:6:382005:1018,527.9993362426758,33354,1,2.487575486302376,2.4878850802779198
smetric_default,codex509:22:509021:995,528.2265446186066,73848,1,1.9070606343448162,1.907488975673914
smetric_default,codex71:13:71012:903,528.6280436515808,96037,1,2.4898170083761215,2.4903380945324898
smetric_default,codex110:19:110018:928,529.1903896331787,102149,1,1.683363363146782,1.6838999651372433
smetric_default,codex166:13:166012:967,529.4394533634186,76175,1,2.8695767484605312,2.870005987584591
smetric_default,codex524:2:524001:1035,529.4921185970306,15215,1,1.3854904249310493,1.385618757456541
smetric_default,codex116:11:116010:934,530.111677646637,74331,1,2.222778484225273,2.223273180425167
smetric_default,codex524:3:524002:1044,531.9203500747681,22743,1,1.5588614419102669,1.5591404996812344
smetric_default,codex422:21:422020:950,532.3006038665771,49343,1,1.9583864696323872,1.9586954675614834
smetric_default,codex234:6:234005:1023,532.6285464763641,27733,1,0.8701904006302357,0.8703876361250877
smetric_default,codex382:7:382006:1026,532.8212423324585,36273,1,4.660880971699953,4.661130502820015
smetric_default,codex308:5:308004:1014,533.2303414344788,94857,1,22.265122890472412,22.26564158126712
smetric_default,codex508:7:508006:1012,533.4219281673431,58721,1,4.409087717533112,4.4095268324017525
smetric_default,codex540:1:540000:1046,533.4686913490295,13170,1,3.3288566432893276,3.32897924259305
smetric_default,codex367:2:367001:1050,533.8419253826141,21050,1,1.9968858435750008,1.9970552287995815
smetric_default,codex116:12:116011:942,534.2509868144989,74885,1,1.857633639127016,1.8580663688480854
smetric_default,codex506:26:506025:867,534.6609065532684,103123,1,1.854757346212864,1.8553228341042995
smetric_default,codex234:7:234006:1028,534.7580254077911,27798,1,1.3526681289076805,1.3528598845005035
smetric_default,codex543:28:543027:920,535.0471711158752,88356,1,2.831845972687006,2.832312624901533
smetric_default,codex524:4:524003:1053,535.1395127773285,27514,1,2.3399032168090343,2.3401110507547855
smetric_default,codex220:11:220010:947,535.3310015201569,63334,1,7.098560560494661,7.099923197180033
smetric_default,codex119:22:119021:840,535.6739475727081,110922,1,6.76366101205349,6.764225579798222
smetric_default,codex422:22:422021:960,535.8340129852295,49622,1,0.9672763757407665,0.9675833359360695
smetric_default,codex135:15:135014:874,536.097984790802,81068,1,4.0914823189377785,4.091948490589857
smetric_default,codex509:23:509022:1011,536.4959201812744,75703,1,1.4276258274912834,1.428044993430376
smetric_default,codex315:24:315023:997,536.7902739048004,86333,1,0.9435967952013016,0.9440944418311119
smetric_default,codex521:19:521018:938,537.1506011486053,87591,1,18.328651949763298,18.329127740114927
smetric_default,codex240:6:240005:968,537.4716513156891,93779,1,5.66686199977994,5.667395778000355
smetric_default,codex506:27:506026:873,538.3052434921265,103687,1,4.117217943072319,4.117777157574892
smetric_default,codex116:13:116012:952,538.5693197250366,77957,1,5.779919002205133,5.7803578563034534
smetric_default,codex166:14:166013:986,538.8343462944031,80085,1,6.301207665354013,6.3022770434618
smetric_default,codex25:20:25019:935,539.0523083209991,67883,1,5.867253750562668,5.86764907091856
smetric_default,codex548:10:548009:1005,539.2578337192535,66477,1,16.21037694066763,16.210758812725544
smetric_default,codex215:14:215013:961,539.4738178253174,69501,1,2.9370697140693665,2.9374651052057743
smetric_default,codex540:2:540001:1061,539.523027420044,14402,1,0.9719720855355263,0.9722026698291302
smetric_default,codex192:9:192008:1008,539.6628758907318,45161,1,2.7427313923835754,2.7430334463715553
smetric_default,codex65:37:65036:777,540.1753942966461,144800,1,4.971111569553614,4.972005989402533
smetric_default,codex524:5:524004:1068,540.6502509117126,36321,1,2.480751134455204,2.4809952676296234
smetric_default,codex508:8:508007:1021,541.2826495170593,59563,1,1.1326600424945354,1.1330057680606842
smetric_default,codex278:1:278000:1073,541.3857834339142,13270,1,1.230966493487358,1.231252159923315
smetric_default,codex135:16:135015:882,541.780823469162,84262,1,3.831471912562847,3.831942368298769
smetric_default,codex250:32:250031:930,542.081303358078,87782,1,3.1021481454372406,3.1026210598647594
smetric_default,codex228:35:228034:911,542.396320104599,92883,1,3.2218232937157154,3.222358640283346
smetric_default,codex278:2:278001:1081,543.1246523857117,40498,1,7.790025342255831,7.790311440825462
smetric_default,codex234:8:234007:1051,543.6079728603363,29656,1,0.637456376105547,0.6376716084778309
smetric_default,codex294:16:294015:991,543.937577009201,77208,1,11.53595469519496,11.536379560828209
smetric_default,codex508:9:508008:1030,544.6080055236816,61413,1,1.921684481203556,1.922065906226635
smetric_default,codex220:12:220011:958,544.9106247425079,63422,1,0.7125263623893261,0.7128795944154263
smetric_default,codex266:10:266009:1031,545.5987694263458,106556,1,9.471483498811722,9.472026005387306
smetric_default,codex543:29:543028:936,546.0429515838623,88718,1,1.2916280999779701,1.292439416050911
smetric_default,codex203:17:203016:1040,546.2472131252289,64489,1,4.673795465379953,4.67417199537158
smetric_default,codex250:33:250032:933,546.5198848247528,88180,1,0.7963876500725746,0.7969323024153709
smetric_default,codex382:8:382007:1058,546.8486940860748,37675,1,8.613118138164282,8.6133623868227
smetric_default,codex215:15:215014:972,547.0675008296967,70011,1,0.7803217507898808,0.7807249762117863
smetric_default,codex234:9:234008:1067,547.621612071991,33258,1,1.2474824488162994,1.247728779911995
smetric_default,codex315:25:315024:1020,548.1618440151215,86524,1,6.901845466345549,6.902308162301779
smetric_default,codex135:17:135016:897,548.6405606269836,84462,1,2.2860311456024647,2.2864909805357456
smetric_default,codex508:10:508009:1037,548.846667766571,64813,1,2.0842872858047485,2.084658097475767
smetric_default,codex509:24:509023:1041,549.2960238456726,76825,1,2.203904688358307,2.20432198792696
smetric_default,codex65:38:65037:787,549.7629256248474,145200,1,6.543342269957066,6.544194232672453
smetric_default,codex215:16:215015:976,549.9807693958282,70169,1,1.5145375430583954,1.514955472201109
smetric_default,codex166:15:166014:999,550.2469000816345,82303,1,6.142649080604315,6.143088907003403
smetric_default,codex338:1:338000:1096,550.2983148097992,13413,1,1.9779738001525402,1.978093210607767
smetric_default,codex543:30:543029:945,550.57617354393,91147,1,2.8105422630906105,2.811053868383169
smetric_default,codex116:14:116013:966,550.8336131572723,82594,1,5.549884159117937,5.550613645464182
smetric_default,codex367:3:367002:1099,550.9106776714325,22873,1,4.140184137970209,4.140353459864855
smetric_default,codex522:7:522006:1017,551.4868266582489,32249,1,0.7882760316133499,0.7885000146925449
smetric_default,codex524:6:524005:1097,552.1455676555634,42399,1,2.908808406442404,2.912486046552658
smetric_default,codex234:10:234009:1080,552.2693707942963,34730,1,2.7871691212058067,2.787392407655716
smetric_default,codex228:36:228035:929,552.9518032073975,93319,1,1.3235494457185268,1.324108138680458
smetric_default,codex508:11:508010:1047,553.1640021800995,69388,1,5.708891488611698,5.709283098578453
smetric_default,codex215:17:215016:980,553.3760004043579,70369,1,2.972442552447319,2.972919464111328
smetric_default,codex220:13:220012:977,553.5984470844269,63602,1,0.9282952807843685,0.9287728108465672
smetric_default,codex119:23:119022:878,553.9601502418518,111189,1,1.5259372927248478,1.526523094624281
smetric_default,codex509:25:509024:1049,554.2116897106171,78861,1,1.6879257448017597,1.688364040106535
smetric_default,codex338:2:338001:1106,554.2585849761963,14073,1,0.7905040308833122,0.7983902171254158
smetric_default,codex540:3:540002:1105,554.4883105754852,19816,1,9.08326693624258,9.083435777574778
smetric_default,codex543:31:543030:955,555.0400457382202,111657,1,20.167468059808016,20.169089652597904
smetric_default,codex25:21:25020:965,555.450585603714,75891,1,8.129866134375334,8.130289424210787
smetric_default,codex203:18:203017:1059,555.890044927597,64655,1,0.6112154833972454,0.6115711480379105
smetric_default,codex294:17:294016:996,557.2267858982086,84078,1,8.228339169174433,8.228800233453512
smetric_default,codex421:6:421005:1102,557.3769433498383,46469,1,1.491304986178875,1.491605993360281
smetric_default,codex135:18:135017:914,557.6573030948639,90439,1,6.401887912303209,6.402393750846386
smetric_default,codex352:1:352000:1113,557.7923336029053,13195,1,1.8257845044136047,1.8259356617927551
smetric_default,codex548:11:548010:1013,558.1722302436829,68800,1,7.75803405418992,7.758698683232069
smetric_default,codex521:20:521019:949,558.5531003475189,91257,1,7.383680935949087,7.384165480732918
smetric_default,codex116:15:116014:975,558.8455047607422,90999,1,9.161342732608318,9.438871402293444
smetric_default,codex382:9:382008:1074,559.1424629688263,40143,1,6.856714591383934,6.856972899287939
smetric_default,codex65:39:65038:801,559.6087687015533,146842,1,10.447050843387842,10.447843044996262
smetric_default,codex524:7:524006:1112,559.7726385593414,46973,1,3.801921084523201,3.802206829190254
smetric_default,codex215:18:215017:993,559.9888074398041,70742,1,15.226293560117483,15.226696860045195
smetric_default,codex119:24:119023:896,560.3429930210114,111503,1,3.7230961434543133,3.7236648201942444
smetric_default,codex367:4:367003:1116,560.72487616539,24497,1,6.447756178677082,6.448293291032314
smetric_default,codex266:11:266010:1056,561.1067490577698,119692,1,12.537735491991043,12.538352616131306
smetric_default,codex352:2:352001:1132,561.6773533821106,33112,1,8.352357972413301,8.352581936866045
smetric_default,codex338:3:338002:1129,561.7397191524506,18120,1,1.5570018030703068,1.5571594536304474
smetric_default,codex509:26:509025:1075,562.0594885349274,83681,1,3.0624750182032585,3.062956102192402
smetric_default,codex278:3:278002:1124,562.6186168193817,56304,1,7.408405493944883,7.408763408660889
smetric_default,codex508:12:508011:1064,562.845285654068,72777,1,12.374041013419628,12.37444144487381
smetric_default,codex495:6:495005:1095,562.9958491325378,45157,1,15.467742342501879,15.468015290796757
smetric_default,codex315:26:315025:1045,563.2900309562683,90219,1,10.400481089949608,10.401224218308926
smetric_default,codex166:16:166015:1016,563.56405377388,82777,1,6.483189672231674,6.483635541051626
smetric_default,codex240:7:240006:1019,564.044994354248,98294,1,3.230823192745447,3.2313684187829494
smetric_default,codex234:11:234010:1109,564.5463466644287,36635,1,0.7486723884940147,0.7489070259034634
smetric_default,codex524:8:524007:1125,565.6480140686035,52284,1,2.1155304461717606,2.115845665335655
smetric_default,codex453:1:453000:1146,565.9953863620758,13604,1,1.2738895043730736,1.274014439433813
smetric_default,codex509:27:509026:1084,567.1211018562317,85401,1,2.920160450041294,2.9206308498978615
smetric_default,codex540:4:540003:1118,567.26602435112,21492,1,11.190004270523787,11.190171714872122
smetric_default,codex25:22:25021:979,568.2787206172943,76161,1,1.7576041892170906,1.7580190934240818
smetric_default,codex294:18:294017:1004,568.5630805492401,84470,1,2.2005463168025017,2.201023332774639
smetric_default,codex119:25:119024:908,569.0054156780243,133663,1,27.915521685034037,27.916652236133814
smetric_default,codex338:4:338003:1154,569.075236082077,19274,1,1.3241570703685284,1.3243276290595531
smetric_default,codex71:14:71013:994,569.3979206085205,98008,1,9.072122398763895,9.072657134383917
smetric_default,codex213:15:213014:1065,569.5637040138245,51226,1,1.676449328660965,1.6767773777246475
smetric_default,codex192:10:192009:1088,569.7140805721283,48402,1,8.746531397104263,8.746833305805922
smetric_default,codex367:5:367004:1128,569.7951958179474,25192,1,3.8976026475429535,3.8977853022515774
smetric_default,codex220:14:220013:1015,570.0161876678467,71909,1,16.588451381772757,16.588885564357042
smetric_default,codex135:19:135018:931,570.7519767284393,92632,1,29.765882302075624,29.766379185020924
smetric_default,codex25:23:25022:989,571.2317087650299,76547,1,29.272687405347824,29.273109681904316
smetric_default,codex65:40:65039:809,571.7926948070526,147056,1,1.8608563132584095,1.8616049848496914
smetric_default,codex509:28:509027:1092,572.0908944606781,89233,1,3.2263337820768356,3.226825848221779
smetric_default,codex240:8:240007:1033,572.4784502983093,108287,1,28.052019648253918,28.05258322134614
smetric_default,codex338:5:338004:1165,572.5492973327637,20016,1,0.34428878501057625,0.34446966275572777
smetric_default,codex422:23:422022:1048,573.0879542827606,50065,1,0.5481116436421871,0.5484373569488525
smetric_default,codex250:34:250033:1001,573.5475840568542,88370,1,1.2513145729899406,1.251806616783142
smetric_default,codex338:6:338005:1173,573.629026889801,23466,1,0.7763869874179363,0.7765726745128632
smetric_default,codex524:9:524008:1155,574.2388467788696,58195,1,2.532196544110775,2.5325611010193825
smetric_default,codex109:1:109000:1179,574.2863733768463,13194,1,1.6683620363473892,1.6684952899813652
smetric_default,codex278:4:278003:1151,574.6938116550446,69050,1,6.612217396497726,6.612676914781332
smetric_default,codex367:6:367005:1138,574.7906177043915,29093,1,1.2858693972229958,1.2860769778490067
smetric_default,codex228:37:228036:984,575.762323141098,93569,1,24.761111214756966,24.761591266840696
smetric_default,codex213:16:213015:1082,575.9501106739044,56871,1,5.346797786653042,5.347140848636627
smetric_default,codex352:3:352002:1170,576.07195520401,37875,1,3.8967130668461323,3.8969827070832253
smetric_default,codex203:19:203018:1115,576.6732840538025,64821,1,4.636758890002966,4.63712203502655
smetric_default,codex422:24:422023:1062,577.1678819656372,50351,1,4.1249707490205765,4.125265646725893
smetric_default,codex250:35:250034:1009,578.147866487503,88566,1,3.172742798924446,3.1732092425227165
smetric_default,codex524:10:524009:1166,578.3552355766296,59340,1,2.9456982538104057,2.9460311084985733
smetric_default,codex338:7:338006:1193,578.4517538547516,30098,1,2.83366034924984,2.8339053466916084
smetric_default,codex367:7:367006:1149,578.7696454524994,30405,1,0.5820834152400494,0.5823107548058033
smetric_default,codex508:13:508012:1079,579.0361740589142,75485,1,2.2793202437460423,2.279726643115282
smetric_default,codex453:2:453001:1203,579.8481705188751,19710,1,1.440763533115387,1.4409210160374641
smetric_default,codex215:19:215018:1006,580.240948677063,71072,1,1.1416139677166939,1.142011996358633
smetric_default,codex65:41:65040:829,580.7030563354492,147357,1,2.251495134085417,2.2523032054305077
smetric_default,codex294:19:294018:1027,580.9931704998016,84841,1,1.063589807599783,1.065036829560995
smetric_default,codex315:27:315026:1070,581.2755398750305,90554,1,1.668963000178337,1.669461514800787
smetric_default,codex524:11:524010:1174,582.4573676586151,59615,1,0.7940358743071556,0.7944043800234795
smetric_default,codex508:14:508013:1089,582.7045984268188,75668,1,0.7811996638774872,0.7816452644765377
smetric_default,codex278:5:278004:1167,582.9329104423523,74462,1,3.676783211529255,3.677188880741596
smetric_default,codex453:3:453002:1218,583.1836829185486,29336,1,2.058924160897732,2.0592182278633118
smetric_default,codex338:8:338007:1207,583.9036877155304,33059,1,1.206348791718483,1.2065902799367905
smetric_default,codex548:12:548011:1066,584.3863050937653,75134,1,4.387283809483051,4.387699823826551
smetric_default,codex192:11:192010:1103,584.5457291603088,51221,1,2.0679777301847935,2.0682718567550182
smetric_default,codex508:15:508014:1093,585.1027846336365,76430,1,1.516864962875843,1.5172801241278648
smetric_default,codex315:28:315027:1083,585.9635140895844,90898,1,0.96896718069911,0.9694703817367554
smetric_default,codex234:12:234011:1185,586.103004693985,41352,1,3.545734729617834,3.5460259430110455
smetric_default,codex453:4:453003:1227,586.2184362411499,36843,1,2.546724658459425,2.546969711780548
smetric_default,codex250:36:250035:1022,586.5095171928406,88765,1,0.9138459004461765,0.91435606777668
smetric_default,codex540:5:540004:1152,586.5971999168396,25445,1,4.109117556363344,4.109316870570183
smetric_default,codex382:10:382009:1139,586.7631585597992,41835,1,2.0050463639199734,2.005309831351042
smetric_default,codex495:7:495006:1120,587.1576745510101,59160,1,6.7447218000888824,6.745060682296753
smetric_default,codex338:9:338008:1220,587.7315626144409,36362,1,1.9199624247848988,1.9202062226831913
smetric_default,codex215:20:215019:1024,588.6622128486633,71348,1,5.248700801283121,5.249117404222488
smetric_default,codex367:8:367007:1189,588.7598037719727,30739,1,0.6228944547474384,0.6231206469237804
smetric_default,codex508:16:508015:1100,589.2029929161072,76768,1,4.713831875473261,4.7143953666090965
smetric_default,codex422:25:422024:1091,589.3766806125641,50473,1,0.7550318874418736,0.7553606480360031
smetric_default,codex278:6:278005:1182,589.6417360305786,77698,1,2.4489589408040047,2.4494114629924297
smetric_default,codex453:5:453004:1240,589.800562620163,44232,1,3.690810613334179,3.6911049485206604
smetric_default,codex382:11:382010:1145,589.9858596324921,44888,1,3.912123128771782,3.9124219678342342
smetric_default,codex308:6:308005:1126,590.4868228435516,96896,1,3.436385542154312,3.436895802617073
smetric_default,codex524:12:524011:1201,590.7002942562103,66324,1,4.025214809924364,4.025701817125082
smetric_default,codex88:1:88000:1243,590.754816532135,14659,1,6.246144328266382,6.246275927871466
smetric_default,codex73:16:73015:1158,590.9325423240662,58432,1,2.9737201258540154,2.9740457125008106
smetric_default,codex109:2:109001:1249,590.9823234081268,15126,1,2.9098634645342827,2.9099973663687706
smetric_default,codex166:17:166016:1077,591.3306746482849,89973,1,6.497491896152496,6.498306728899479
smetric_default,codex338:10:338009:1231,591.5279133319855,37978,1,3.216395992785692,3.2166429199278355
smetric_default,codex367:9:367008:1200,592.0819699764252,37260,1,1.8780655600130558,1.8783010952174664
smetric_default,codex250:37:250036:1034,592.4526474475861,88903,1,5.382251512259245,5.382727339863777
smetric_default,codex220:15:220014:1032,592.6907904148102,73189,1,7.808718666434288,7.80913869664073
smetric_default,codex65:42:65041:858,593.1580402851105,147495,1,4.773651607334614,4.774682357907295
smetric_default,codex71:15:71014:1029,593.4831516742706,98540,1,1.504152249544859,1.504714347422123
smetric_default,codex266:12:266011:1117,593.8837666511536,122626,1,3.0251264087855816,3.0261338651180267
smetric_default,codex495:8:495007:1133,594.714483499527,63348,1,2.2805358693003654,2.280906867235899
smetric_default,codex524:13:524012:1215,596.2345643043518,67273,1,1.4042684063315392,1.4046502783894539
smetric_default,codex338:11:338010:1244,596.35697722435,38225,1,1.2774718813598156,1.277732864022255
smetric_default,codex422:26:422025:1107,596.5130050182343,50613,1,1.4232172705233097,1.4235201850533485
smetric_default,codex382:12:382011:1159,596.6683051586151,47554,1,1.4675304368138313,1.4679043628275394
smetric_default,codex192:12:192011:1142,596.8896622657776,53308,1,1.1252787560224533,1.1255913563072681
smetric_default,codex110:20:110019:1104,597.5724184513092,103938,1,2.9393960125744343,2.9399416148662567
smetric_default,codex109:3:109002:1261,597.6295006275177,16526,1,0.5146389938890934,0.5147759392857552
smetric_default,codex65:43:65042:865,599.0420031547546,163302,1,18.02931508794427,18.03022312372923
smetric_default,codex76:1:76000:1269,599.0999863147736,13338,1,6.322554957121611,6.322687469422817
smetric_default,codex266:13:266012:1130,599.5217778682709,127463,1,5.719400834292173,5.72005732730031
smetric_default,codex213:17:213016:1141,599.7081253528595,57604,1,20.214460231363773,20.214782759547234
smetric_default,codex203:20:203019:1188,599.9222486019135,69479,1,4.218479357659817,4.218887213617563
smetric_default,codex382:13:382012:1172,600.1082363128662,57942,1,8.639383647590876,8.63975104689598
smetric_default,codex88:2:88001:1258,600.2017488479614,28492,1,19.71321727707982,19.71342382207513
smetric_default,codex508:17:508016:1119,600.4817268848419,85295,1,10.070240549743176,10.071007996797562
smetric_default,codex240:9:240008:1043,601.9197523593903,109312,1,2.229878045618534,2.230467054992914
smetric_default,codex521:21:521020:1036,602.2317092418671,92083,1,6.815009325742722,6.815863229334354
smetric_default,codex220:16:220015:1038,602.4670741558075,74014,1,2.7659932859241962,2.766422089189291
smetric_default,codex308:7:308006:1162,602.8018646240234,99933,1,6.252310082316399,6.2529337629675865
smetric_default,codex71:16:71015:1054,603.1478250026703,103295,1,7.502537626773119,7.505913130939007
smetric_default,codex110:21:110020:1111,603.5339851379395,106971,1,3.7323316670954227,3.7329966947436333
smetric_default,codex192:13:192012:1160,603.7339687347412,56408,1,6.822574581950903,6.822903983294964
smetric_default,codex338:12:338011:1265,603.8620824813843,39217,1,3.3448345586657524,3.345185026526451
smetric_default,codex278:7:278006:1230,604.1293578147888,81070,1,3.0186708718538284,3.019172750413418
smetric_default,codex215:21:215020:1057,604.9609849452972,71634,1,5.697430822998285,5.697825111448765
smetric_default,codex25:24:25023:1000,605.2221591472626,76669,1,0.5503233820199966,0.5507493242621422
smetric_default,codex422:27:422026:1134,605.9581274986267,50769,1,13.960949942469597,13.961262758821249
smetric_default,codex540:6:540005:1217,606.3943338394165,26132,1,4.259107742458582,4.259291607886553
smetric_default,codex266:14:266013:1143,606.8044135570526,128773,1,3.648994527757168,3.6496488638222218
smetric_default,codex294:20:294019:1101,607.0919163227081,85185,1,2.0005933679640293,2.0010684467852116
smetric_default,codex511:1:511000:1295,607.1411678791046,13052,1,3.3023091666400433,3.3024418242275715
smetric_default,codex166:18:166017:1108,607.8908703327179,91447,1,12.037878140807152,12.038378566503525
smetric_default,codex524:14:524013:1254,608.1268768310547,72043,1,8.932591311633587,8.932988215237856
smetric_default,codex228:38:228037:1003,608.4304401874542,93856,1,1.3261115923523903,1.3266381584107876
smetric_default,codex509:29:509028:1202,608.7376589775085,91290,1,2.0203128159046173,2.0208025984466076
smetric_default,codex521:22:521021:1042,609.7210309505463,93850,1,1.8079569675028324,1.8084780760109425
smetric_default,codex495:9:495008:1187,610.0444951057434,75736,1,9.586598601192236,9.587313909083605
smetric_default,codex110:22:110021:1123,610.4360466003418,117657,1,12.089663282036781,12.090261153876781
smetric_default,codex294:21:294020:1110,611.187784910202,85470,1,4.360605277121067,4.361078631132841
smetric_default,codex338:13:338012:1277,611.3386073112488,43107,1,11.151647202670574,11.151940803974867
smetric_default,codex192:14:192013:1171,611.5189025402069,58206,1,8.117125146090984,8.117460563778877
smetric_default,codex119:26:119025:953,612.1961350440979,134362,1,7.079563535749912,7.080384600907564
smetric_default,codex228:39:228038:1010,612.6028344631195,117981,1,20.04095009341836,20.041544787585735
smetric_default,codex508:18:508017:1127,612.892744064331,87075,1,11.985892336815596,11.986366052180529
smetric_default,codex76:2:76001:1298,612.94260430336,14216,1,2.5903585143387318,2.590500421822071
smetric_default,codex511:2:511001:1307,613.005797624588,19145,1,5.790402848273516,5.790699504315853
smetric_default,codex71:17:71016:1063,613.3465857505798,107140,1,11.538715526461601,11.53927144780755
smetric_default,codex540:7:540006:1226,613.4757616519928,33333,1,11.381202775985003,11.381454769521952
smetric_default,codex308:8:308007:1183,613.8132367134094,102688,1,8.718760546296835,8.719287812709808
smetric_default,codex266:15:266014:1153,614.2252743244171,131023,1,4.811910293996334,4.812566477805376
smetric_default,codex220:17:220016:1069,614.4747817516327,76492,1,18.151129227131605,18.15156727656722
smetric_default,codex73:17:73016:1241,614.6547424793243,58630,1,7.848116934299469,7.848463051021099
smetric_default,codex509:30:509029:1219,614.9578049182892,95825,1,4.070361904799938,4.070888996124268
smetric_default,codex215:22:215021:1072,615.1775751113892,71920,1,9.693279817700386,9.693698562681675
smetric_default,codex521:23:521022:1055,615.4795544147491,95256,1,7.03910743445158,7.039603926241398
smetric_default,codex405:1:405000:1318,615.5305755138397,13349,1,1.52289904281497,1.523029688745737
smetric_default,codex548:13:548012:1156,617.0468759536743,78730,1,5.46620125323534,5.466628052294254
smetric_default,codex234:13:234012:1290,617.248176574707,43580,1,5.244817063212395,5.245090305805206
smetric_default,codex382:14:382013:1213,619.0150263309479,58350,1,3.4915455617010593,3.491875287145376
smetric_default,codex453:6:453005:1324,619.4425511360168,49759,1,3.055456940084696,3.0557672530412674
smetric_default,codex511:3:511002:1315,619.9096772670746,27256,1,4.952671967446804,4.95286338031292
smetric_default,codex119:27:119026:959,620.3831584453583,134774,1,12.269167374819517,12.269844219088554
smetric_default,codex266:16:266015:1161,620.816418170929,133399,1,4.076766386628151,4.07742665708065
smetric_default,codex192:15:192014:1177,621.0213952064514,60976,1,6.091173980385065,6.091561280190945
smetric_default,codex65:44:65043:885,621.6483891010284,178350,1,20.37085523456335,20.960588335990906
smetric_default,codex506:28:506027:1085,622.0133590698242,104305,1,20.919214338064194,20.91976621747017
smetric_default,codex509:31:509030:1237,622.3124644756317,95869,1,0.8948653116822243,0.8953774534165859
smetric_default,codex109:4:109003:1335,622.3905010223389,21253,1,1.7977910749614239,1.7979705594480038
smetric_default,codex405:2:405001:1338,622.4650447368622,21038,1,2.394555985927582,2.3947200961411
smetric_default,codex495:10:495009:1212,623.5083866119385,79677,1,3.643267422914505,3.643705490976572
smetric_default,codex278:8:278007:1292,623.8177931308746,86989,1,4.985648173838854,4.9861511923372746
smetric_default,codex603:1:603000:1339,623.8733406066895,13081,1,8.478502485901117,8.478634860366583
smetric_default,codex521:24:521023:1060,624.1807510852814,95537,1,1.5896478556096554,1.5901914536952972
smetric_default,codex338:14:338013:1287,624.3436360359192,49664,1,10.397621151059866,10.397924896329641
smetric_default,codex88:3:88002:1279,624.4514029026031,34393,1,19.482003696262836,19.48230605199933
smetric_default,codex110:23:110022:1135,624.848192691803,122856,1,12.388214141130447,12.388852320611477
smetric_default,codex203:21:203020:1271,625.1630980968475,69696,1,3.674335055053234,3.6747559383511543
smetric_default,codex213:18:213017:1163,625.3963477611542,58037,1,18.546079825609922,18.546410460025072
smetric_default,codex422:28:422027:1157,625.5579655170441,50951,1,18.38033851236105,18.380641121417284
smetric_default,codex540:8:540007:1239,625.7615582942963,34274,1,1.4058021046221256,1.4060234017670155
smetric_default,codex250:38:250037:1122,626.6604940891266,89066,1,17.28959297016263,17.290082182735205
smetric_default,codex308:9:308008:1199,626.9946103096008,104953,1,4.076070223003626,4.076624874025583
smetric_default,codex511:4:511003:1325,627.1060042381287,29556,1,1.2385826595127583,1.238802395761013
smetric_default,codex382:15:382014:1233,627.4162199497223,59416,1,3.6387476176023483,3.6391107738018036
smetric_default,codex315:29:315028:1223,628.0292522907257,91167,1,1.5747649408876896,1.5752790682017803
smetric_default,codex521:25:521024:1071,628.3368616104126,95961,1,2.739306904375553,2.7398024387657642
smetric_default,codex73:18:73017:1263,628.6070508956909,59150,1,2.4515420235693455,2.451871007680893
smetric_default,codex166:19:166018:1144,629.1966526508331,92726,1,14.759113024920225,14.759611025452614
smetric_default,codex421:7:421006:1340,629.3651723861694,50873,1,3.2533849477767944,3.2537196464836597
smetric_default,codex215:23:215022:1090,629.5934212207794,72503,1,1.4696511998772621,1.470073752105236
smetric_default,codex509:32:509031:1262,630.2518298625946,96219,1,2.380581982433796,2.3818391002714634
smetric_default,codex234:14:234013:1314,630.4371457099915,53253,1,6.775210052728653,6.775540873408318
smetric_default,codex266:17:266016:1186,630.8626940250397,135808,1,3.7767986692488194,3.7775112949311733
smetric_default,codex511:5:511004:1334,630.9689843654633,31612,1,3.191655222326517,3.191890250891447
smetric_default,codex109:5:109004:1351,631.0461750030518,23774,1,1.3079027868807316,1.3080879747867584
smetric_default,codex495:11:495010:1232,631.6683950424194,85336,1,5.5599190928041935,5.560376632958651
smetric_default,codex540:9:540008:1255,631.7846879959106,34738,1,5.422734558582306,5.423008363693953
smetric_default,codex19:1:19000:1358,631.8323330879211,13527,1,2.1832320913672447,2.183369144797325
smetric_default,codex192:16:192015:1196,632.0316426753998,61317,1,5.191062770783901,5.191419530659914
smetric_default,codex521:26:521025:1076,632.3448984622955,96170,1,1.2533583156764507,1.2538975700736046
smetric_default,codex524:15:524014:1304,632.5959646701813,72408,1,4.621890164911747,4.62231419980526
smetric_default,codex315:30:315029:1245,633.2701394557953,91443,1,1.4106225855648518,1.4111025221645832
smetric_default,codex382:16:382015:1251,633.587916135788,59787,1,0.5877762846648693,0.5881387777626514
smetric_default,codex548:14:548013:1204,634.0089018344879,85221,1,7.352184679359198,7.352691154927015
smetric_default,codex521:27:521026:1087,635.7538967132568,100271,1,7.189863428473473,7.190372634679079
smetric_default,codex266:18:266017:1194,636.1853365898132,138808,1,4.439033914357424,4.439733624458313
smetric_default,codex116:16:116015:1175,636.4940700531006,92541,1,7.4670048877596855,7.467476647347212
smetric_default,codex405:3:405002:1371,636.5783815383911,25234,1,2.3984120041131973,2.3986143954098225
smetric_default,codex508:19:508018:1176,636.8730602264404,88617,1,2.1113052628934383,2.1117833517491817
smetric_default,codex109:6:109005:1368,636.9685294628143,27996,1,5.9461692571640015,5.946363568305969
smetric_default,codex203:22:203021:1297,637.2009329795837,69892,1,3.4054097086191177,3.4058401733636856
smetric_default,codex509:33:509032:1280,637.7418987751007,96998,1,1.41362514346838,1.4141492992639542
smetric_default,codex19:2:19001:1383,637.9185123443604,18485,1,1.9934309646487236,1.9935898333787918
smetric_default,codex73:19:73018:1288,638.1048941612244,59246,1,4.816624015569687,4.816990289837122
smetric_default,codex382:17:382016:1264,638.6487762928009,59925,1,4.276299390941858,4.276639007031918
smetric_default,codex315:31:315030:1257,638.9634830951691,91825,1,1.6519910246133804,1.6525259278714657
smetric_default,codex110:24:110023:1147,639.6107585430145,124463,1,4.443177971988916,4.443930730223656
smetric_default,codex495:12:495011:1252,639.9053802490234,86053,1,1.7102371230721474,1.7107210271060467
smetric_default,codex294:22:294021:1198,640.1951489448547,85803,1,2.742879059165716,2.7433336414396763
smetric_default,codex305:1:305000:1389,640.2470953464508,13272,1,2.66273420676589,2.662863105535507
smetric_default,codex338:15:338014:1308,640.4302704334259,54738,1,3.6813526302576065,3.6819835491478443
smetric_default,codex421:8:421007:1363,640.5984785556793,53054,1,1.257405649870634,1.257733654230833
smetric_default,codex540:10:540009:1275,640.7354862689972,35120,1,0.8957134522497654,0.8959337882697582
smetric_default,codex524:16:524015:1321,641.2111003398895,72652,1,2.906634531915188,2.9070461243391037
smetric_default,codex405:4:405003:1385,641.3532078266144,26414,1,1.5595424883067608,1.5597431361675262
smetric_default,codex508:20:508019:1192,642.3229205608368,89622,1,1.9100192412734032,1.910643108189106
smetric_default,codex278:9:278008:1331,642.6029150485992,87704,1,1.4345026277005672,1.4350006133317947
smetric_default,codex315:32:315031:1268,642.9029817581177,92877,1,5.738424349576235,5.738940432667732
smetric_default,codex509:34:509033:1296,643.6806216239929,97212,1,4.973228808492422,4.97374727204442
smetric_default,codex421:9:421008:1373,643.8525133132935,54071,1,4.542863912880421,4.54319654405117
smetric_default,codex19:3:19002:1399,643.9290721416473,23019,1,3.2477959282696247,3.2479833513498306
smetric_default,codex266:19:266018:1214,644.7544078826904,151778,1,14.261732704937458,14.26248187944293
smetric_default,codex382:18:382017:1274,644.9511787891388,60121,1,3.6961955539882183,3.6965503320097923
smetric_default,codex65:45:65044:900,645.5501003265381,178525,1,19.453202914446592,19.45408719778061
smetric_default,codex203:23:203022:1312,645.7666184902191,70078,1,4.796655472368002,4.797053903341293
smetric_default,codex228:40:228039:1052,646.324079990387,159818,1,40.640367820858955,40.64950742945075
smetric_default,codex250:39:250038:1131,646.662918806076,97532,1,13.337903145700693,13.338576268404722
smetric_default,codex540:11:540010:1286,646.7777345180511,35958,1,2.4202821776270866,2.4205607548356056
smetric_default,codex508:21:508020:1197,647.068779706955,90565,1,3.710375063121319,3.7108678855001926
smetric_default,codex405:5:405004:1398,647.1715407371521,31509,1,3.3498536348342896,3.350315198302269
smetric_default,codex88:4:88003:1293,647.3353161811829,47708,1,11.654632322490215,11.65493180975318
smetric_default,codex116:17:116016:1190,647.8224649429321,94207,1,17.14167283475399,17.142187539488077
smetric_default,codex213:19:213018:1178,648.0077950954437,58279,1,10.986239165067673,10.986588414758444
smetric_default,codex603:2:603001:1391,648.1087872982025,30015,1,4.817707639187574,4.817928522825241
smetric_default,codex109:7:109006:1390,648.197164773941,28120,1,0.6642951518297195,0.6645093522965908
smetric_default,codex192:17:192016:1246,648.3864693641663,62091,1,2.343055844306946,2.3434096090495586
smetric_default,codex524:17:524016:1333,648.6241767406464,73092,1,1.994296371936798,1.994704820215702
smetric_default,codex421:10:421009:1381,649.4213690757751,55248,1,0.874128557741642,0.8744986355304718
smetric_default,codex509:35:509034:1309,652.1489672660828,97549,1,1.554217342287302,1.554773773998022
smetric_default,codex495:13:495012:1285,652.4691846370697,87953,1,3.0377178974449635,3.038186214864254
smetric_default,codex109:8:109007:1405,652.5624842643738,28943,1,2.9198793284595013,2.920090600848198
smetric_default,codex308:10:308009:1281,652.9178745746613,105278,1,2.5834081806242466,2.5839777179062366
smetric_default,codex508:22:508021:1211,653.2279715538025,91389,1,2.28471477329731,2.2851912304759026
smetric_default,codex119:28:119027:1007,653.686121225357,135074,1,33.2950952835381,33.29622618108988
smetric_default,codex110:25:110024:1191,654.2346668243408,130593,1,10.746463414281607,10.747132681310177
smetric_default,codex603:3:603002:1404,654.3832511901855,41024,1,10.56407256424427,10.56435176730156
smetric_default,codex278:10:278009:1359,654.8583436012268,89368,1,4.141087327152491,4.1415639109909534
smetric_default,codex405:6:405005:1415,654.962922334671,32366,1,2.3672267124056816,2.367463167756796
smetric_default,codex548:15:548014:1260,655.2279059886932,85852,1,1.310422707349062,1.3109716139733791
smetric_default,codex220:18:220017:1136,655.4749529361725,79623,1,31.495837837457657,31.497607350349426
smetric_default,codex509:36:509035:1317,656.0201008319855,97723,1,1.3182123824954033,1.318742997944355
smetric_default,codex315:33:315032:1294,656.3146505355835,93620,1,2.691363789141178,2.6918674372136593
smetric_default,codex305:2:305001:1438,656.4764437675476,48268,1,12.739879909902811,12.740173123776913
smetric_default,codex64:1:64000:1444,656.5295569896698,15360,1,2.0322641357779503,2.032408133149147
smetric_default,codex421:11:421010:1409,656.9391877651215,56728,1,2.0362633690238,2.036610748618841
smetric_default,codex524:18:524017:1350,657.3222858905792,73425,1,7.633767627179623,7.6341915391385555
smetric_default,codex19:4:19003:1432,657.4489576816559,24233,1,11.76097984239459,11.761163897812366
smetric_default,codex215:24:215023:1180,657.9151339530945,72813,1,1.2198434509336948,1.2202460952103138
smetric_default,codex109:9:109008:1414,658.00861287117,29512,1,1.0105368942022324,1.0107412040233612
smetric_default,codex166:20:166019:1195,658.3193674087524,97942,1,6.651644743978977,6.652164056897163
smetric_default,codex203:24:203023:1336,658.5560085773468,72772,1,10.665297880768776,10.665705725550652
smetric_default,codex405:7:405006:1424,658.678284406662,36034,1,10.534690991044044,10.53492596000433
smetric_default,codex548:16:548015:1270,658.9658517837524,86601,1,1.123860165476799,1.1243403889238834
smetric_default,codex266:20:266019:1221,660.8654861450195,152484,1,4.126157138496637,4.126910325139761
smetric_default,codex278:11:278010:1369,661.1529908180237,90883,1,8.074090361595154,8.074570272117853
smetric_default,codex508:23:508022:1234,661.4433448314667,91794,1,5.647259082645178,5.647751234471798
smetric_default,codex76:3:76002:1435,661.5273950099945,23907,1,12.568916831165552,12.569119792431593
smetric_default,codex453:7:453006:1446,661.7071034908295,55206,1,10.869253553450108,10.869582440704107
smetric_default,codex308:11:308010:1300,662.066291809082,110489,1,17.74537331983447,17.74592836201191
smetric_default,codex509:37:509036:1330,662.4090549945831,102671,1,10.177763689309359,10.178322825580835
smetric_default,codex315:34:315033:1302,662.7313342094421,94102,1,3.050472993403673,3.05100766941905
smetric_default,codex135:20:135019:1094,663.0635783672333,93271,1,23.924148801714182,23.924639835953712
smetric_default,codex88:5:88004:1305,663.3559210300446,83870,1,20.74719948321581,20.747653916478157
smetric_default,codex421:12:421011:1418,663.5350925922394,56993,1,9.044613536447287,9.04493659734726
smetric_default,codex548:17:548016:1278,663.8078932762146,87688,1,15.99060695245862,15.991104781627655
smetric_default,codex234:15:234014:1393,663.9951994419098,59833,1,3.8552460111677647,3.855605572462082
smetric_default,codex73:20:73019:1346,664.2170646190643,66572,1,14.339906692504883,14.340321686118841
smetric_default,codex540:12:540011:1329,664.3393838405609,37497,1,2.3618109449744225,2.3620797656476498
smetric_default,codex521:28:521027:1150,664.6797730922699,108272,1,15.12559787929058,15.126163642853498
smetric_default,codex192:18:192017:1291,664.8906002044678,62908,1,2.1930767223238945,2.1937811449170113
smetric_default,codex443:1:443000:1474,664.9437839984894,13954,1,6.615986108779907,6.616138827055693
smetric_default,codex213:20:213019:1205,665.7015759944916,58595,1,18.395273219794035,18.395618867129087
smetric_default,codex109:10:109009:1439,665.8870449066162,31416,1,13.902098573744297,13.902317300438881
smetric_default,codex215:25:215024:1209,666.1113498210907,73146,1,1.013263065367937,1.0136691890656948
smetric_default,codex166:21:166020:1216,668.4309947490692,98696,1,15.679146245121956,15.679697621613741
smetric_default,codex116:18:116017:1206,668.8491668701172,97506,1,15.266667675226927,15.267168119549751
smetric_default,codex508:24:508023:1248,669.2003462314606,93129,1,1.5189246647059917,1.5194546729326248
smetric_default,codex511:6:511005:1453,671.1675717830658,33753,1,1.4039686173200607,1.4041982181370258
smetric_default,codex203:25:203024:1345,672.1328084468842,79493,1,5.157469518482685,5.157946772873402
smetric_default,codex215:26:215025:1229,672.3641395568848,73365,1,1.7393874488770962,1.7398099265992641
smetric_default,codex234:16:234015:1412,672.5638217926025,64237,1,2.3175930120050907,2.317975275218487
smetric_default,codex287:1:287000:1506,672.6346454620361,13449,1,1.4637977853417397,1.4639278948307037
smetric_default,codex266:21:266020:1253,673.5805594921112,152756,1,1.6312566362321377,1.6320837251842022
smetric_default,codex508:25:508024:1256,673.9107704162598,94403,1,1.6520526967942715,1.652576930820942
smetric_default,codex421:13:421012:1425,674.0903792381287,57447,1,0.7630555480718613,0.7634290307760239
smetric_default,codex287:2:287001:1519,675.2000925540924,20698,1,1.1855640411376953,1.1858513355255127
smetric_default,codex19:5:19004:1461,675.4287281036377,25919,1,2.42344768345356,2.4236313439905643
smetric_default,codex405:8:405007:1449,675.5536165237427,37689,1,2.3015033937990665,2.3017484061419964
smetric_default,codex76:4:76003:1451,675.8526844978333,25454,1,3.9381805695593357,3.938360646367073
smetric_default,codex524:19:524018:1392,676.7264800071716,73651,1,2.0520869866013527,2.052646405994892
smetric_default,codex234:17:234016:1423,676.9281966686249,66211,1,1.8858420625329018,1.886234350502491
smetric_default,codex443:2:443001:1504,676.981104850769,16212,1,0.8690765909850597,0.869231041520834
smetric_default,codex266:22:266021:1266,677.8310747146606,153054,1,1.3747879676520824,1.375574216246605
smetric_default,codex524:20:524019:1396,679.7191512584686,73952,1,1.4986586272716522,1.4991007298231125
smetric_default,codex443:3:443002:1517,679.7841551303864,18570,1,0.49790139123797417,0.49807073548436165
smetric_default,codex266:23:266022:1276,680.9924416542053,153374,1,3.1336298026144505,3.134407375007868
smetric_default,codex355:1:355000:1536,681.0475225448608,13443,1,2.6616329438984394,2.6617739610373974
smetric_default,codex305:3:305002:1503,681.2086725234985,52310,1,2.881293375045061,2.8816313333809376
smetric_default,codex308:12:308011:1310,682.3308780193329,110647,1,1.8232792727649212,1.8239555582404137
smetric_default,codex521:29:521028:1169,682.6814305782318,109192,1,4.03079766407609,4.031495310366154
smetric_default,codex508:26:508025:1282,683.003039598465,97314,1,3.3997871689498425,3.4003244787454605
smetric_default,codex453:8:453007:1491,683.1829776763916,55387,1,1.5259354375302792,1.5262765623629093
smetric_default,codex234:18:234017:1436,683.4090309143066,69571,1,4.215945545583963,4.216341309249401
smetric_default,codex278:12:278011:1417,683.7025029659271,91088,1,1.499337811022997,1.4998427517712116
smetric_default,codex603:4:603003:1481,683.8548216819763,46424,1,3.7304300479590893,3.730822514742613
smetric_default,codex76:5:76004:1470,683.9603762626648,28859,1,2.7809111662209034,2.7813630290329456
smetric_default,codex405:9:405008:1480,684.0834648609161,38136,1,1.1530154645442963,1.1537618972361088
smetric_default,codex19:6:19005:1492,684.5448298454285,26084,1,0.6958251893520355,0.6960239261388779
smetric_default,codex109:11:109010:1463,684.7016258239746,34552,1,2.0425634868443012,2.042787190526724
smetric_default,codex443:4:443003:1544,686.1729390621185,22883,1,0.9126233085989952,0.9127958044409752
smetric_default,codex109:12:109011:1467,687.2662553787231,35000,1,0.3617881275713444,0.36201388016343117
smetric_default,codex352:4:352003:1532,687.4908428192139,39262,1,5.784414302557707,5.792425610125065
smetric_default,codex443:5:443004:1549,687.9036478996277,25483,1,0.7525246292352676,0.7527171261608601
smetric_default,codex116:19:116018:1225,688.3497159481049,98952,1,4.93295830860734,4.934935946017504
smetric_default,codex135:21:135020:1098,688.6481924057007,94132,1,2.711543992161751,2.712105266749859
smetric_default,codex343:1:343000:1566,689.0440340042114,13864,1,1.7581515610218048,1.7582984268665314
smetric_default,codex355:2:355001:1565,689.0961999893188,15996,1,1.5200501270592213,1.520206093788147
smetric_default,codex521:30:521029:1181,689.5885009765625,110297,1,2.807369913905859,2.807969354093075
smetric_default,codex228:41:228040:1078,690.1270096302032,159975,1,2.789355840533972,2.7901933565735817
smetric_default,codex220:19:220018:1148,690.4105682373047,80765,1,2.3115840181708336,2.3121381998062134
smetric_default,codex192:19:192018:1353,690.610818862915,63277,1,2.324105840176344,2.3245486430823803
smetric_default,codex213:21:213020:1236,690.7970025539398,58860,1,2.491391196846962,2.491734303534031
smetric_default,codex71:18:71017:1289,691.1342055797577,107728,1,1.8587366342544556,1.9759950526058674
smetric_default,codex511:7:511006:1526,691.2463746070862,34051,1,0.5574483461678028,0.5576970279216766
smetric_default,codex343:2:343001:1576,691.3499691486359,31677,1,3.8335379660129547,3.833765182644129
smetric_default,codex443:6:443005:1569,692.3739528656006,26193,1,2.8113218136131763,2.8115022853016853
smetric_default,codex405:10:405009:1509,692.9031994342804,39754,1,0.8720350377261639,0.8722857870161533
smetric_default,codex109:13:109012:1494,693.1069729328156,35325,1,0.6657758094370365,0.6660238094627857
smetric_default,codex278:13:278012:1450,693.7638423442841,91380,1,1.04061608761549,1.0411203652620316
smetric_default,codex228:42:228041:1086,694.3320686817169,161086,1,2.6725019700825214,2.6733858473598957
smetric_default,codex511:8:511007:1540,694.465767621994,34967,1,0.8368203938007355,0.8370454087853432
smetric_default,codex116:20:116019:1238,694.7903816699982,100008,1,2.203788697719574,2.204349860548973
smetric_default,codex603:5:603004:1514,695.1767072677612,57187,1,5.868784386664629,5.869154822081327
smetric_default,codex508:27:508026:1311,695.7978780269623,97838,1,2.70700217038393,2.707546442747116
smetric_default,codex308:13:308012:1344,696.1392509937286,110855,1,2.372575022280216,2.3731559477746487
smetric_default,codex19:7:19006:1534,696.2323868274689,27645,1,2.0324970111250877,2.0327178612351418
smetric_default,codex234:19:234018:1473,696.4478647708893,70264,1,4.6384515427052975,4.638855028897524
smetric_default,codex266:24:266023:1313,696.9761707782745,157257,1,5.44361849501729,5.444622214883566
smetric_default,codex121:1:121000:1592,697.2496063709259,13242,1,1.247740413993597,1.247883252799511
smetric_default,codex116:21:116020:1242,697.6172142028809,100282,1,3.4546558372676373,3.4552072435617447
smetric_default,codex88:6:88005:1354,697.9155452251434,85177,1,3.1500956378877163,3.1505406089127064
smetric_default,codex71:19:71018:1303,698.2561118602753,108027,1,2.8041140846908092,2.8046781457960606
smetric_default,codex524:21:524020:1456,698.4899265766144,74576,1,2.5630243085324764,2.563448540866375
smetric_default,codex135:22:135021:1121,698.8579354286194,94765,1,2.2207736745476723,2.2212739884853363
smetric_default,codex453:9:453008:1547,699.0818519592285,66248,1,7.378581501543522,7.378969125449657
smetric_default,codex278:14:278013:1468,699.381059885025,91579,1,2.5427527129650116,2.543288439512253
smetric_default,codex192:20:192019:1376,699.5917465686798,65622,1,2.7318312488496304,2.732231378555298
smetric_default,codex119:29:119028:1039,700.0309648513794,135575,1,6.438932102173567,6.4396347142755985
smetric_default,codex315:35:315034:1407,700.3449659347534,94631,1,2.1327625066041946,2.1335944682359695
smetric_default,codex511:9:511008:1557,700.4635434150696,35506,1,2.017289575189352,2.0175194032490253
smetric_default,codex443:7:443006:1588,700.5754597187042,28143,1,5.6679194532334805,5.668134234845638
smetric_default,codex508:28:508027:1322,700.8950664997101,98618,1,1.4835305102169514,1.4840527065098286
smetric_default,codex121:2:121001:1598,701.0367996692657,38908,1,6.089082360267639,6.089349418878555
smetric_default,codex495:14:495013:1426,702.7829973697662,89872,1,3.692882504314184,3.6933588832616806
smetric_default,codex287:3:287002:1602,702.8735210895538,25420,1,3.371712129563093,3.3718911670148373
smetric_default,codex213:22:213021:1272,703.0609891414642,59149,1,8.792160745710135,8.792519759386778
smetric_default,codex308:14:308013:1356,703.4192094802856,111539,1,8.474575221538544,8.475169342011213
smetric_default,codex278:15:278014:1479,703.717297077179,91781,1,8.15087204799056,8.151363585144281
smetric_default,codex215:27:215026:1326,703.9501254558563,74024,1,3.1808541864156723,3.181272454559803
smetric_default,codex548:18:548017:1347,704.2292878627777,87849,1,7.648930538445711,7.649386953562498
smetric_default,codex266:25:266024:1320,704.7532753944397,157568,1,7.1679066978394985,7.168693620711565
smetric_default,codex355:3:355002:1600,704.8237721920013,18287,1,2.29781174659729,2.2979872189462185
smetric_default,codex521:31:521030:1228,705.1693956851959,110675,1,6.717994671314955,6.718580354005098
smetric_default,codex305:4:305003:1582,705.3534758090973,58398,1,6.503321535885334,6.5036650113761425
smetric_default,codex71:20:71019:1319,705.6870238780975,108198,1,1.7171103544533253,1.7176795527338982
smetric_default,codex421:14:421013:1541,705.8662452697754,58124,1,1.4155475422739983,1.4158899411559105
smetric_default,codex171:1:171000:1606,705.9385483264923,14166,1,5.289757952094078,5.289907667785883
smetric_default,codex294:23:294022:1400,706.2346358299255,86381,1,5.638534016907215,5.638989735394716
smetric_default,codex382:19:382018:1448,706.4477069377899,61111,1,0.9700637347996235,0.9704228155314922
smetric_default,codex88:7:88006:1377,706.9678547382355,85868,1,4.931077539920807,4.931519102305174
smetric_default,codex352:5:352004:1584,707.1171791553497,40475,1,4.729747708886862,4.730035781860352
smetric_default,codex116:22:116021:1267,707.8691589832306,102294,1,4.036826521158218,4.037383291870356
smetric_default,codex524:22:524021:1485,708.1307933330536,75862,1,3.7804221622645855,3.780836198478937
smetric_default,codex603:6:603005:1546,708.3416173458099,64865,1,6.959639843553305,6.960014183074236
smetric_default,codex192:21:192020:1397,708.5439274311066,66102,1,4.979773107916117,4.980142716318369
smetric_default,codex71:21:71020:1323,708.899710893631,108349,1,4.045850209891796,4.046408351510763
smetric_default,codex511:10:511009:1580,709.0247695446014,37135,1,3.907157439738512,3.907418966293335
smetric_default,codex453:10:453009:1560,709.2486226558685,69592,1,5.923951093107462,5.924357492476702
smetric_default,codex215:28:215027:1332,709.4970588684082,74342,1,5.683941878378391,5.684366550296545
smetric_default,codex121:3:121002:1612,709.6425397396088,43979,1,5.593550149351358,5.593823838979006
smetric_default,codex109:14:109013:1552,709.7552442550659,35821,1,2.664276134222746,2.664518129080534
smetric_default,codex228:43:228042:1114,710.2970380783081,161638,1,4.926589764654636,4.92745079472661
smetric_default,codex421:15:421014:1550,710.4944403171539,58413,1,1.5522920340299606,1.5526389926671982
smetric_default,codex76:6:76005:1558,710.593421459198,30883,1,2.8576913960278034,2.8580134958028793
smetric_default,codex508:29:508028:1341,710.9102122783661,99086,1,4.282831113785505,4.2833433374762535
smetric_default,codex166:22:166021:1306,711.2211372852325,99435,1,1.9771868474781513,1.9777294658124447
smetric_default,codex19:8:19007:1579,711.3212995529175,28866,1,1.0354754701256752,1.0356960035860538
smetric_default,codex382:20:382019:1465,711.515221118927,61583,1,1.9732373915612698,1.9735997840762138
smetric_default,codex135:23:135022:1164,711.8266658782959,95141,1,1.112397015094757,1.1129059344530106
smetric_default,codex495:15:495014:1454,712.9213166236877,91844,1,2.2659502029418945,2.2664468586444855
smetric_default,codex511:11:511010:1587,713.8536703586578,41842,1,2.466567311435938,2.4668494760990143
smetric_default,codex308:15:308014:1364,714.2083783149719,112187,1,4.467685602605343,4.468253310769796
smetric_default,codex548:19:548018:1355,714.5011694431305,91533,1,4.359525695443153,4.360017191618681
smetric_default,codex220:20:220019:1235,714.7517631053925,81035,1,1.574110746383667,1.5745703093707561
smetric_default,codex192:22:192021:1406,714.9764583110809,70774,1,5.434086062014103,5.435137432068586
smetric_default,codex64:2:64001:1631,715.0561532974243,23626,1,5.348857644945383,5.35464920848608
smetric_default,codex287:4:287003:1630,715.1644432544708,34404,1,2.8364427387714386,2.83669376000762
smetric_default,codex166:23:166022:1316,716.0325300693512,100376,1,2.6370507441461086,2.637583401054144
smetric_default,codex88:8:88007:1395,716.3118662834167,87070,1,2.3510794080793858,2.351552288979292
smetric_default,codex121:4:121003:1622,716.8149011135101,55132,1,7.307340640574694,7.3076744712889194
smetric_default,codex294:24:294023:1421,717.2730278968811,86649,1,1.630046047270298,1.6305210180580616
smetric_default,codex508:30:508029:1348,717.612500667572,101134,1,2.8511348627507687,2.8516605496406555
smetric_default,codex220:21:220020:1247,717.8850936889648,81185,1,6.243482105433941,6.2439222149550915
smetric_default,codex343:3:343002:1640,717.9963622093201,34654,1,2.2966159395873547,2.2968417704105377
smetric_default,codex522:8:522007:1570,718.1223759651184,34866,1,9.7922867462039,9.792538970708847
smetric_default,codex443:8:443007:1617,718.2208795547485,31486,1,2.0698102340102196,2.0700427182018757
smetric_default,codex382:21:382020:1489,718.6505815982819,61768,1,0.5823770798742771,0.5827475972473621
smetric_default,codex524:23:524022:1520,719.667375087738,76421,1,4.451281063258648,4.451747965067625
smetric_default,codex228:44:228043:1137,720.219144821167,161800,1,8.751378130167723,8.752186980098486
smetric_default,codex171:2:171001:1635,720.285626411438,17459,1,1.5876320041716099,1.587810080498457
smetric_default,codex315:36:315035:1476,721.228274345398,95119,1,2.9111050255596638,2.9116145074367523
smetric_default,codex287:5:287004:1649,721.3643045425415,39036,1,2.7689718827605247,2.769231006503105
smetric_default,codex278:16:278015:1516,721.6775982379913,93851,1,7.299302987754345,7.299798768013716
smetric_default,codex213:23:213022:1301,721.8680775165558,59761,1,3.6051857732236385,3.6055519990622997
smetric_default,codex495:16:495015:1482,722.1792733669281,92501,1,3.300057329237461,3.300558812916279
smetric_default,codex355:4:355003:1646,722.2469484806061,19148,1,3.210959952324629,3.21113084256649
smetric_default,codex215:29:215028:1349,722.5138938426971,77035,1,6.482025422155857,6.482515219599009
smetric_default,codex291:1:291000:1656,722.5701854228973,13540,1,6.343670263886452,6.343841701745987
smetric_default,codex308:16:308015:1380,722.9536573886871,112833,1,5.991346679627895,5.992124032229185
smetric_default,codex109:15:109014:1590,723.0732719898224,36158,1,5.828643783926964,5.828983202576637
smetric_default,codex382:22:382021:1508,723.3155379295349,67239,1,5.6101622730493546,5.61064925417304
smetric_default,codex110:26:110025:1375,723.786851644516,132991,1,5.173788715153933,5.174481298774481
smetric_default,codex64:3:64002:1652,723.9039039611816,31571,1,5.086122874170542,5.086346004158258
smetric_default,codex305:5:305004:1613,724.1093208789825,62841,1,4.825399927794933,4.825870499014854
smetric_default,codex405:11:405010:1605,724.3200073242188,40086,1,4.601021569222212,4.6013721115887165
smetric_default,codex266:26:266025:1352,724.9060485363007,157964,1,4.080448798835278,4.081228654831648
smetric_default,codex88:9:88008:1416,725.223959684372,90774,1,3.7274958938360214,3.728131014853716
smetric_default,codex453:11:453010:1595,725.4518685340881,72408,1,3.4603838473558426,3.460913386195898
smetric_default,codex495:17:495016:1486,726.075395822525,94310,1,2.9286966025829315,2.929384596645832
smetric_default,codex521:32:521031:1283,726.5821022987366,112661,1,3.184688750654459,3.185394760221243
smetric_default,codex294:25:294024:1447,726.8814785480499,86785,1,2.929329317063093,2.9297942109405994
smetric_default,codex71:22:71021:1357,727.2416613101959,108549,1,6.2992355562746525,6.299800578504801
smetric_default,codex166:24:166023:1342,727.5787403583527,101167,1,5.969271466135979,5.9698253609240055
smetric_default,codex135:24:135023:1222,727.8984396457672,96107,1,5.625708136707544,5.626215234398842
smetric_default,codex508:31:508030:1370,728.2529652118683,102828,1,5.277893234044313,5.278469525277615
smetric_default,codex220:22:220021:1259,728.5241668224335,81706,1,4.987976912409067,4.988459352403879
smetric_default,codex603:7:603006:1594,728.7309894561768,65654,1,0.988553736358881,0.9889625273644924
smetric_default,codex352:6:352005:1628,728.8955941200256,45785,1,4.273055475205183,4.273365899920464
smetric_default,codex121:5:121004:1638,729.1963465213776,55514,1,3.9784910306334496,3.9788339138031006
smetric_default,codex278:17:278016:1523,730.1419334411621,94254,1,3.3759990595281124,3.3765162751078606
smetric_default,codex255:1:255000:1680,730.1931657791138,13400,1,2.313037198036909,2.3131691217422485
smetric_default,codex355:5:355004:1662,730.2872920036316,19529,1,2.220307644456625,2.220461741089821
smetric_default,codex509:38:509037:1531,730.7441720962524,102837,1,2.8104281537234783,2.8109769634902477
smetric_default,codex266:27:266026:1360,731.3072230815887,158305,1,3.625827122479677,3.626748498529196
smetric_default,codex495:18:495017:1497,731.6200187206268,94887,1,11.217923283576965,11.218434602022171
smetric_default,codex88:10:88009:1427,731.9341497421265,100344,1,10.917811769992113,10.918341230601072
smetric_default,codex511:12:511011:1627,732.0783860683441,44614,1,3.391449447721243,3.3918404169380665
smetric_default,codex315:37:315036:1507,732.3671960830688,95404,1,4.079868465662003,4.080393098294735
smetric_default,codex405:12:405011:1618,732.5014855861664,42232,1,2.34803756326437,2.348321173340082
smetric_default,codex64:4:64003:1663,732.6674199104309,50085,1,10.144789811223745,10.145109545439482
smetric_default,codex110:27:110026:1394,733.1572937965393,133503,1,2.209713190793991,2.210396133363247
smetric_default,codex215:30:215029:1362,733.4450314044952,77564,1,9.380277905613184,9.380702145397663
smetric_default,codex355:6:355005:1668,733.7444469928741,20242,1,1.613605823367834,1.6137803308665752
smetric_default,codex506:29:506028:1378,734.1292264461517,104777,1,41.21868984028697,41.219570733606815
smetric_default,codex213:24:213023:1328,734.3285632133484,59963,1,41.02489148825407,41.02524504810572
smetric_default,codex343:4:343003:1692,734.4452757835388,37215,1,1.894402526319027,1.8946770802140236
smetric_default,codex192:23:192022:1455,734.664811372757,71700,1,8.155020236968994,8.15543157979846
smetric_default,codex121:6:121005:1650,734.842556476593,57005,1,1.5018310546875,1.5021667927503586
smetric_default,codex508:32:508031:1382,735.3490612506866,103453,1,7.49604831263423,7.496599163860083
smetric_default,codex453:12:453011:1608,735.7623770236969,81153,1,7.069892235100269,7.070342522114515
smetric_default,codex278:18:278017:1533,736.0653252601624,94468,1,2.696545325219631,2.69706729054451
smetric_default,codex220:23:220022:1273,736.3213677406311,82149,1,0.7851188257336617,0.7855833396315575
smetric_default,codex291:2:291001:1689,736.4396092891693,29473,1,3.27407818287611,3.2743622586131096
smetric_default,codex355:7:355006:1675,736.6346657276154,20814,1,0.3050048053264618,0.3051827773451805
smetric_default,codex511:13:511012:1632,737.2950603961945,44782,1,1.4551862105727196,1.4554848037660122
smetric_default,codex121:7:121006:1654,737.4808835983276,58654,1,1.2747695110738277,1.2751125767827034
smetric_default,codex287:6:287005:1699,737.6273424625397,40846,1,5.181220665574074,5.181500047445297
smetric_default,codex119:30:119029:1140,738.1901779174805,136314,1,4.669755522161722,4.670437976717949
smetric_default,codex294:26:294025:1483,738.4910187721252,87215,1,1.172738652676344,1.1732292957603931
smetric_default,codex255:2:255001:1714,738.5706737041473,21876,1,1.6835640333592892,1.6837404519319534
smetric_default,codex129:1:129000:1715,738.6212110519409,13392,1,1.3656122088432312,1.365737907588482
smetric_default,codex109:16:109015:1610,738.7436220645905,36600,1,0.39864471182227135,0.3988989070057869
smetric_default,codex422:29:422028:1477,738.942058801651,51055,1,49.297848246991634,49.2981615960598
smetric_default,codex71:23:71022:1384,740.6462485790253,109237,1,2.2215340062975883,2.222099933773279
smetric_default,codex228:45:228044:1184,741.21408867836,161943,1,1.87486981600523,1.8758831098675728
smetric_default,codex291:3:291002:1704,741.3453385829926,37246,1,4.149172745645046,4.149425785988569
smetric_default,codex511:14:511013:1642,741.5061028003693,46054,1,3.985012464225292,3.985320594161749
smetric_default,codex171:3:171002:1706,741.5845909118652,23441,1,50.78034084662795,50.78052453696728
smetric_default,codex255:3:255002:1725,741.6990232467651,35238,1,9.364082515239716,9.364340916275978
smetric_default,codex443:9:443008:1685,741.804530620575,32552,1,1.5623773746192455,1.562602948397398
smetric_default,codex266:28:266027:1386,742.3392901420593,158410,1,3.1663388051092625,3.167122706770897
smetric_default,codex603:8:603007:1624,742.5670940876007,67103,1,9.022744633257389,9.023169558495283
smetric_default,codex234:20:234019:1609,742.801127910614,73486,1,4.235063951462507,4.235486716032028
smetric_default,codex308:17:308016:1429,744.0784335136414,115531,1,3.7190683782100677,3.7196578681468964
smetric_default,codex121:8:121007:1672,744.2792704105377,60481,1,1.3897699043154716,1.3901405446231365
smetric_default,codex315:38:315037:1538,744.5899822711945,95945,1,1.6996341422200203,1.7001531459391117
smetric_default,codex521:33:521032:1327,744.9951844215393,113250,1,2.7907106652855873,2.791594546288252
smetric_default,codex192:24:192023:1464,745.2195012569427,72639,1,1.2597600109875202,1.2601641416549683
smetric_default,codex220:24:220023:1299,745.4830589294434,82321,1,0.6276050694286823,0.6280605867505074
smetric_default,codex143:1:143000:1736,746.4730565547943,13326,1,1.3027525171637535,1.3028927184641361
smetric_default,codex129:2:129001:1740,746.5389664173126,17430,1,1.0453046075999737,1.0454603545367718
smetric_default,codex116:23:116022:1366,747.0246465206146,104587,1,45.36362087354064,45.364160273224115
smetric_default,codex71:24:71023:1402,747.5760660171509,111358,1,4.0823961198329926,4.082977421581745
smetric_default,codex355:8:355007:1723,747.7714943885803,21090,1,2.534575078636408,2.5347712449729443
smetric_default,codex110:28:110027:1433,748.2627854347229,134009,1,3.4047095216810703,3.405396096408367
smetric_default,codex278:19:278018:1573,748.5718185901642,94632,1,3.078833866864443,3.0793592892587185
smetric_default,codex228:46:228045:1208,749.1101529598236,162196,1,2.6103008054196835,2.611096575856209
smetric_default,codex121:9:121008:1687,749.3147721290588,62653,1,11.290501680225134,11.290993507951498
smetric_default,codex382:23:382022:1581,749.532793045044,67754,1,3.338523145765066,3.338909912854433
smetric_default,codex315:39:315038:1551,749.8871467113495,96141,1,4.010155003517866,4.010767135769129
smetric_default,codex129:3:129002:1754,749.9612703323364,21028,1,2.900041177868843,2.900224007666111
smetric_default,codex509:39:509038:1586,750.2979183197021,105173,1,6.424797546118498,6.425360646098852
smetric_default,codex119:31:119030:1168,750.8353772163391,158070,1,24.01098419353366,24.01657795161009
smetric_default,codex76:7:76006:1664,750.9458727836609,33287,1,1.963255051523447,1.9634671583771706
smetric_default,codex109:17:109016:1645,751.0583791732788,36781,1,1.8478662557899952,1.848421759903431
smetric_default,codex266:29:266028:1410,751.576334476471,158587,1,2.3526952862739563,2.3534821160137653
smetric_default,codex143:2:143001:1768,751.640704870224,15407,1,0.49470141902565956,0.49495573714375496
smetric_default,codex421:16:421015:1666,752.5033519268036,59397,1,5.103033937513828,5.103405669331551
smetric_default,codex522:9:522008:1634,752.8455131053925,36765,1,22.004228860139847,22.005581982433796
smetric_default,codex521:34:521033:1343,753.360050201416,114718,1,3.3712525852024555,3.371845245361328
smetric_default,codex215:31:215030:1403,753.6071784496307,77794,1,3.1073730289936066,3.107817016541958
smetric_default,codex453:13:453012:1644,753.8806049823761,85744,1,4.9621372148394585,4.962591502815485
smetric_default,codex64:5:64004:1718,754.2869830131531,55367,1,3.3229220546782017,3.3232494927942753
smetric_default,codex71:25:71024:1413,754.6484439373016,111541,1,3.4991512186825275,3.4998164623975754
smetric_default,codex308:18:308017:1458,755.0522210597992,116841,1,2.5684282407164574,2.569131787866354
smetric_default,codex359:1:359000:1779,755.1037194728851,13395,1,3.3823079019784927,3.3824397549033165
smetric_default,codex110:29:110028:1452,755.522362947464,137657,1,8.009296625852585,8.010060630738735
smetric_default,codex287:7:287006:1741,755.6723177433014,45661,1,3.1650331392884254,3.1653215438127518
smetric_default,codex228:47:228046:1224,756.2332835197449,162335,1,18.628379192203283,18.62926360964775
smetric_default,codex192:25:192024:1505,756.5000457763672,73482,1,1.681818064302206,1.6822409518063068
smetric_default,codex603:9:603008:1636,756.7049820423126,67778,1,4.490640372037888,4.491032358258963
smetric_default,codex511:15:511014:1684,757.0613641738892,46846,1,1.7726553082466125,1.7729626335203648
smetric_default,codex294:27:294026:1553,757.3582901954651,88183,1,2.6306473091244698,2.6311324946582317
smetric_default,codex76:8:76007:1681,757.4800744056702,36716,1,2.5003233067691326,2.5005636662244797
smetric_default,codex109:18:109017:1661,757.5981953144073,36880,1,2.384600892663002,2.384840752929449
smetric_default,codex421:17:421016:1673,758.4111297130585,59780,1,0.6571271792054176,0.6574942097067833
smetric_default,codex143:3:143002:1797,758.4834427833557,21023,1,1.4934797510504723,1.4936442226171494
smetric_default,codex88:11:88010:1496,758.8230044841766,102013,1,33.571452133357525,33.57197170332074
smetric_default,codex355:9:355008:1759,759.76708984375,23127,1,4.996745061129332,4.997045133262873
smetric_default,codex421:18:421017:1678,759.9704859256744,61066,1,0.9256649985909462,0.9260300062596798
smetric_default,codex511:16:511015:1696,760.4233479499817,53439,1,3.1162274666130543,3.1166368424892426
smetric_default,codex255:4:255003:1770,760.5749368667603,46635,1,4.222374901175499,4.222680032253265
smetric_default,codex367:10:367009:1749,760.8485853672028,37372,1,2.7110728919506073,2.711329657584429
smetric_default,codex64:6:64005:1732,761.1868107318878,60192,1,2.335322752594948,2.3356997445225716
smetric_default,codex305:6:305005:1726,761.5738413333893,83028,1,12.118939619511366,12.119445245712996
smetric_default,codex76:9:76008:1693,761.703643321991,38284,1,1.813232433050871,1.8135052435100079
smetric_default,codex508:33:508032:1445,762.0915098190308,119532,1,16.37025760114193,16.37098851427436
smetric_default,codex266:30:266029:1434,762.6451323032379,158976,1,1.985443726181984,1.9862864799797535
smetric_default,codex143:4:143003:1812,762.7556798458099,25319,1,10.796738468110561,10.796934332698584
smetric_default,codex343:5:343004:1796,762.8982629776001,43503,1,7.7758283615112305,7.776129849255085
smetric_default,codex421:19:421018:1690,763.0955519676208,63573,1,7.586158879101276,7.586523991078138
smetric_default,codex509:40:509039:1599,763.4520606994629,105645,1,7.237425930798054,7.2379753254354
smetric_default,codex538:1:538000:1809,763.5106885433197,14771,1,5.029823511838913,5.029957212507725
smetric_default,codex215:32:215031:1428,763.8488082885742,78467,1,20.9865894690156,20.98703756928444
smetric_default,codex294:28:294027:1571,764.1574509143829,88646,1,1.5276880487799644,1.5281796418130398
smetric_default,codex443:10:443009:1769,764.2864620685577,37755,1,6.390889964997768,6.391135569661856
smetric_default,codex511:17:511016:1703,764.4683747291565,56290,1,2.992355927824974,2.9926978647708893
smetric_default,codex540:13:540012:1643,764.6060447692871,39120,1,19.45194122567773,19.452242881059647
smetric_default,codex359:2:359001:1811,764.7069642543793,22881,1,2.880915369838476,2.881086152046919
smetric_default,codex110:30:110029:1460,765.6700870990753,142985,1,5.354543801397085,5.355445999652147
smetric_default,codex64:7:64006:1743,766.1317176818848,96402,1,32.65829413384199,32.658795062452555
smetric_default,codex382:24:382023:1615,766.4842035770416,68095,1,0.9808327481150627,0.9812173247337341
smetric_default,codex192:26:192025:1542,767.0571761131287,76592,1,31.725994162261486,31.72641661018133
smetric_default,codex521:35:521034:1374,767.4412269592285,115193,1,1.023250613361597,1.0238705053925514
smetric_default,codex511:18:511017:1711,768.197268486023,60537,1,3.749843005090952,3.7502002641558647
smetric_default,codex352:7:352006:1748,768.3491389751434,47625,1,30.16470518708229,30.165966860949993
smetric_default,codex382:25:382024:1625,768.9415197372437,73099,1,2.9637529775500298,2.964226048439741
smetric_default,codex129:4:129003:1826,769.050867319107,33118,1,4.9890680350363255,4.98948547244072
smetric_default,codex166:25:166024:1462,769.9307379722595,102388,1,28.831439808011055,28.831996075809002
smetric_default,codex524:24:524023:1659,770.1988973617554,78953,1,4.85127080604434,4.851716239005327
smetric_default,codex71:26:71025:1457,770.565153837204,112000,1,28.249307319521904,28.249875318259
smetric_default,codex19:9:19008:1771,770.6692821979523,29005,1,3.017803706228733,3.0180222801864147
smetric_default,codex121:10:121009:1729,770.9908146858215,63915,1,3.890358928591013,3.8907181099057198
smetric_default,codex525:1:525000:1832,771.0742611885071,13473,1,6.042474113404751,6.042609587311745
smetric_default,codex421:20:421019:1697,771.2955367565155,69307,1,9.485706057399511,9.48610121384263
smetric_default,codex287:8:287007:1803,771.79456615448,51447,1,8.978228144347668,8.978539731353521
smetric_default,codex359:3:359002:1831,771.8977117538452,28645,1,2.1599040552973747,2.16010257974267
smetric_default,codex603:10:603009:1674,772.2826001644135,72160,1,4.41078220307827,4.411209050565958
smetric_default,codex343:6:343005:1810,772.6082723140717,43906,1,8.16720150783658,8.167464159429073
smetric_default,codex382:26:382025:1629,772.9314386844635,78480,1,5.106028217822313,5.106474753469229
smetric_default,codex110:31:110030:1475,773.4048714637756,143769,1,3.725866347551346,3.7266038432717323
smetric_default,codex443:11:443010:1784,773.5432162284851,39207,1,7.226330284029245,7.226582303643227
smetric_default,codex109:19:109018:1717,773.6816205978394,40571,1,4.345026198774576,4.345294140279293
smetric_default,codex255:5:255004:1816,774.603844165802,48439,1,2.517211750149727,2.5175186842679977
smetric_default,codex291:4:291003:1823,775.0416214466095,44742,1,5.719746980816126,5.720054894685745
smetric_default,codex143:5:143004:1822,775.1792960166931,31073,1,5.134107410907745,5.134345214813948
smetric_default,codex509:41:509040:1619,776.0456476211548,106105,1,4.742708373814821,4.74326453730464
smetric_default,codex359:4:359003:1836,776.1485376358032,32164,1,1.0481097027659416,1.0483251363039017
smetric_default,codex538:2:538001:1837,776.2078511714935,18510,1,4.547600403428078,4.547749161720276
smetric_default,codex220:25:220024:1388,776.6831564903259,82502,1,1.3490363657474518,1.349504929035902
smetric_default,codex506:30:506029:1387,777.0494749546051,105815,1,21.718808438628912,21.71934975683689
smetric_default,codex213:25:213024:1337,777.7039504051208,78231,1,24.885840501636267,24.88628299534321
smetric_default,codex121:11:121010:1737,777.9121205806732,64140,1,2.8548031039536,2.85519203171134
smetric_default,codex359:5:359004:1845,778.0205955505371,34111,1,2.732561782002449,2.732816204428673
smetric_default,codex135:25:135024:1361,778.8137831687927,96715,1,6.22098957747221,6.22149832546711
smetric_default,codex266:31:266030:1495,779.3943088054657,159117,1,5.67185927182436,5.672646775841713
smetric_default,codex228:48:228047:1250,779.9752607345581,162483,1,5.101477883756161,5.102272059768438
smetric_default,codex278:20:278019:1647,780.3043713569641,94789,1,4.542131155729294,4.5426436476409435
smetric_default,codex522:10:522009:1653,780.4501628875732,40992,1,4.377654738724232,4.377941630780697
smetric_default,codex294:29:294028:1607,780.7452518939972,88850,1,4.095659725368023,4.096162926405668
smetric_default,codex220:26:220025:1401,781.4314451217651,82916,1,3.5966220386326313,3.5970997475087643
smetric_default,codex308:19:308018:1554,781.8410882949829,117624,1,3.214579112827778,3.2151937671005726
smetric_default,codex511:19:511018:1745,782.0526576042175,61431,1,6.183427833020687,6.18382315710187
smetric_default,codex453:14:453013:1728,782.3523411750793,86427,1,2.6884015686810017,2.6889929696917534
smetric_default,codex508:34:508033:1472,782.7690494060516,120387,1,16.028780162334442,16.029402386397123
smetric_default,codex525:2:525001:1860,782.8361015319824,18720,1,5.77254069969058,5.772724386304617
smetric_default,codex110:32:110031:1499,783.3374478816986,144269,1,5.852707009762526,5.8536780141294
smetric_default,codex119:32:119031:1210,783.8828763961792,158692,1,4.376384362578392,4.3771947510540485
smetric_default,codex405:13:405012:1787,784.0520629882812,49310,1,4.179545376449823,4.179855599999428
smetric_default,codex129:5:129004:1862,784.1896040439606,40811,1,4.036797612905502,4.0370764285326
smetric_default,codex443:12:443011:1799,784.3459544181824,47998,1,8.748520720750093,8.748846113681793
smetric_default,codex287:9:287008:1818,784.535478591919,54893,1,7.837281063199043,7.8375967256724834
smetric_default,codex603:11:603010:1710,784.8201999664307,76441,1,4.3607595302164555,4.361202992498875
smetric_default,codex343:7:343006:1827,785.0145683288574,46639,1,7.354392658919096,7.354679565876722
smetric_default,codex109:20:109019:1739,785.3844799995422,40798,1,2.020513344556093,2.0208032354712486
smetric_default,codex135:26:135025:1365,786.0234143733978,97709,1,2.225816998630762,2.2263690158724785
smetric_default,codex421:21:421020:1719,786.2495894432068,71225,1,8.523229505866766,8.523643255233765
smetric_default,codex266:32:266031:1501,786.7751944065094,159833,1,3.5303422175347805,3.5313647277653217
smetric_default,codex308:20:308019:1562,787.185154914856,124873,1,7.581158641725779,7.581830188632011
smetric_default,codex359:6:359005:1874,787.3198707103729,35567,1,1.855152502655983,1.8553896993398666
smetric_default,codex355:10:355009:1842,787.4006304740906,24392,1,1.7720695175230503,1.7722570560872555
smetric_default,codex538:3:538002:1869,787.5078282356262,31715,1,11.243804533034563,11.244029555469751
smetric_default,codex521:36:521035:1443,787.8931694030762,115505,1,6.964757204055786,6.965957444161177
smetric_default,codex532:1:532000:1896,787.9495115280151,13777,1,2.088463544845581,2.0886080637574196
smetric_default,codex215:33:215032:1441,788.21666264534,79008,1,10.559977907687426,10.560409937053919
smetric_default,codex511:20:511019:1753,788.8535356521606,61878,1,1.4765874408185482,1.4769639633595943
smetric_default,codex294:30:294029:1621,789.1629846096039,89362,1,5.701721735298634,5.702189113944769
smetric_default,codex305:7:305006:1800,789.746946811676,120010,1,28.20422737672925,28.204865776002407
smetric_default,codex220:27:220026:1419,790.0320279598236,83787,1,2.3476295098662376,2.3481017239391804
smetric_default,codex291:5:291004:1859,790.9081437587738,52285,1,27.65471614152193,27.65502203628421
smetric_default,codex135:27:135026:1379,791.2418472766876,98888,1,2.7515334114432335,2.7521535828709602
smetric_default,codex422:30:422029:1490,791.4141857624054,51501,1,10.846431571990252,10.846742391586304
smetric_default,codex129:6:129005:1880,791.5462808609009,42057,1,2.589769631624222,2.590343225747347
smetric_default,codex453:15:453014:1751,791.8539731502533,93907,1,12.750265661627054,12.750777088105679
smetric_default,codex525:3:525002:1878,791.9330589771271,22056,1,8.523336846381426,8.523532807826996
smetric_default,codex359:7:359006:1887,792.0468702316284,36962,1,2.036686312407255,2.037020191550255
smetric_default,codex511:21:511020:1767,792.264937877655,62239,1,1.8758356794714928,1.876192569732666
smetric_default,codex19:10:19009:1834,792.3573124408722,29334,1,26.198974050581455,26.199175715446472
smetric_default,codex121:12:121011:1794,792.6907680034637,64282,1,1.3329968340694904,1.333358995616436
smetric_default,codex355:11:355010:1863,793.419894695282,26064,1,0.5227699503302574,0.5229731611907482
smetric_default,codex143:6:143005:1871,794.2806601524353,32374,1,24.2785777002573,24.27879836410284
smetric_default,codex110:33:110032:1524,795.7040719985962,144582,1,3.1035547889769077,3.104294516146183
smetric_default,codex308:21:308020:1572,796.1111633777618,127671,1,4.381582487374544,4.382469896227121
smetric_default,codex415:1:415000:1924,796.1612002849579,13003,1,6.085963238030672,6.086088482290506
smetric_default,codex220:28:220027:1431,796.4325160980225,85496,1,4.036832112818956,4.037317134439945
smetric_default,codex228:49:228048:1284,796.9713547229767,162992,1,3.583910632878542,3.5847046598792076
smetric_default,codex532:2:532001:1929,797.0273396968842,14483,1,21.526600874960423,21.526731111109257
smetric_default,codex88:12:88011:1515,797.369931936264,105642,1,5.2387088648974895,5.239265162497759
smetric_default,codex129:7:129006:1895,797.5055074691772,42218,1,4.7496419586241245,4.749905589967966
smetric_default,codex509:42:509041:1667,797.8612513542175,108512,1,6.770427785813808,6.770999331027269
smetric_default,codex443:13:443012:1817,798.032527923584,51609,1,6.58132216706872,6.58164331689477
smetric_default,codex343:8:343007:1843,798.1861257553101,49169,1,6.430862668901682,6.431155726313591
smetric_default,codex255:6:255005:1891,798.370459318161,50885,1,2.0922837778925896,2.0926089249551296
smetric_default,codex359:8:359007:1910,798.5037405490875,40918,1,3.74882023781538,3.7490906044840813
smetric_default,codex421:22:421021:1731,798.7430770397186,71706,1,5.879823103547096,5.880228910595179
smetric_default,codex266:33:266032:1537,799.3865983486176,160021,1,3.234333820641041,3.23513525724411
smetric_default,codex294:31:294030:1633,799.7082946300507,89720,1,2.8876754865050316,2.8881596848368645
smetric_default,codex76:10:76009:1829,799.8451280593872,39187,1,2.4002240747213364,2.400489717721939
smetric_default,codex524:25:524024:1747,800.1107888221741,79578,1,2.4715989753603935,2.4720773585140705
smetric_default,codex495:19:495018:1676,800.4356601238251,95900,1,2.1667830795049667,2.1672816835343838
smetric_default,codex603:12:603011:1757,801.5061528682709,76920,1,3.092266730964184,3.0927266217768192
smetric_default,codex508:35:508034:1484,801.9335277080536,127616,1,11.181017115712166,11.181666556745768
smetric_default,codex220:29:220028:1440,802.2348487377167,85913,1,2.3743869215250015,2.3748441226780415
smetric_default,codex192:27:192026:1556,802.5724427700043,89711,1,17.13557432964444,17.13607430830598
smetric_default,codex308:22:308021:1577,803.0715670585632,128183,1,1.7614296786487103,1.7621575444936752
smetric_default,codex116:24:116023:1408,803.4388175010681,104945,1,3.1465595923364162,3.1471177712082863
smetric_default,codex522:11:522010:1724,803.5935020446777,45206,1,4.712051291018724,4.712346892803907
smetric_default,codex525:4:525003:1894,803.7043256759644,33423,1,9.348729312419891,9.34896307438612
smetric_default,codex287:10:287009:1856,803.8967649936676,59447,1,4.568704389035702,4.569165959954262
smetric_default,codex511:22:511021:1805,804.0950520038605,64024,1,2.4947857297956944,2.4951495565474033
smetric_default,codex359:9:359008:1918,804.2277493476868,41753,1,2.346692558377981,2.3469727262854576
smetric_default,codex389:1:389000:1956,804.277859210968,13608,1,4.023089673370123,4.023237384855747
smetric_default,codex538:4:538003:1901,804.4027757644653,39365,1,8.652754243463278,8.653007376939058
smetric_default,codex255:7:255006:1911,804.5699214935303,53757,1,2.0083384476602077,2.008655369281769
smetric_default,codex540:14:540013:1720,804.7974538803101,49739,1,18.042985677719116,18.04329362884164
smetric_default,codex215:34:215033:1469,805.5703752040863,79424,1,17.284134715795517,17.28458146750927
smetric_default,codex171:4:171003:1761,805.659740447998,26285,1,5.977209147065878,5.977418143302202
smetric_default,codex71:27:71026:1488,806.0206501483917,112594,1,16.85015284642577,16.850744515657425
smetric_default,codex88:13:88012:1529,806.3797686100006,108359,1,6.70236374810338,6.7029501385986805
smetric_default,codex405:14:405013:1852,806.5654151439667,52787,1,12.303749863058329,12.304166227579117
smetric_default,codex352:8:352007:1789,806.8204832077026,48531,1,6.238619759678841,6.2389054372906685
smetric_default,codex421:23:421022:1738,807.0527336597443,72277,1,6.020040761679411,6.020441368222237
smetric_default,codex266:34:266033:1555,807.6341030597687,160137,1,5.472370311617851,5.473166331648827
smetric_default,codex453:16:453015:1773,807.9517560005188,94504,1,5.142175987362862,5.1426717564463615
smetric_default,codex506:31:506030:1420,808.2936010360718,106469,1,4.7946398966014385,4.795184098184109
smetric_default,codex524:26:524025:1783,809.3327338695526,80236,1,3.734236728399992,3.7346875220537186
smetric_default,codex110:34:110033:1568,809.8293263912201,144724,1,3.2936917319893837,3.294425141066313
smetric_default,codex287:11:287010:1865,810.0366485118866,60562,1,5.94448259845376,5.944961719214916
smetric_default,codex495:20:495019:1707,810.3714764118195,98005,1,12.49271159246564,12.493235122412443
smetric_default,codex521:37:521036:1502,810.7645230293274,116376,1,4.465092144906521,4.465708736330271
smetric_default,codex294:32:294031:1660,811.0698788166046,89894,1,4.152458637952805,4.152945388108492
smetric_default,codex509:43:509042:1691,811.4257447719574,108769,1,5.086206927895546,5.086788110435009
smetric_default,codex511:23:511022:1821,811.6277103424072,64384,1,3.0701083540916443,3.0708830915391445
smetric_default,codex129:8:129007:1928,811.7724585533142,43602,1,2.8667574003338814,2.8671718649566174
smetric_default,codex116:25:116024:1422,812.1495432853699,110370,1,6.420464478433132,6.421053726226091
smetric_default,codex359:10:359009:1934,812.2901072502136,42626,1,2.4117463007569313,2.412018034607172
smetric_default,codex220:30:220029:1466,812.564929485321,86243,1,2.4446180537343025,2.4451114386320114
smetric_default,codex343:9:343008:1872,812.7352106571198,52930,1,3.768373027443886,3.77017592638731
smetric_default,codex603:13:603012:1791,812.9928131103516,77608,1,1.129969533532858,1.1304556652903557
smetric_default,codex139:1:139000:1984,813.0461461544037,13365,1,1.9572730921208858,1.957398183643818
smetric_default,codex421:24:421023:1752,814.9972248077393,72879,1,3.0788549445569515,3.0793534852564335
smetric_default,codex171:5:171004:1780,815.2128689289093,29642,1,3.5248582512140274,3.5256618708372116
smetric_default,codex538:5:538004:1917,815.9186096191406,44667,1,2.186067283153534,2.1863426230847836
smetric_default,codex135:28:135027:1459,817.1291453838348,99197,1,2.586671721190214,2.5871905386447906
smetric_default,codex278:21:278020:1762,817.4642760753632,95046,1,1.455065906047821,1.455575592815876
smetric_default,codex139:2:139001:2000,817.604484796524,34905,1,8.5068871229887,8.507134161889553
smetric_default,codex422:31:422030:1548,817.7749605178833,51661,1,0.9920698925852776,0.9923784323036671
smetric_default,codex129:9:129008:1941,817.9388084411621,50699,1,4.340993285179138,4.341324586421251
smetric_default,codex389:2:389001:1997,818.189062833786,18683,1,7.741377528756857,7.7415364272892475
smetric_default,codex443:14:443013:1868,818.5477566719055,53254,1,1.1547956578433514,1.1551534421741962
smetric_default,codex603:14:603013:1813,819.3333559036255,78300,1,2.1579865217208862,2.1584381610155106
smetric_default,codex525:5:525004:1923,819.4688723087311,37566,1,2.016215391457081,2.016483850777149
smetric_default,codex359:11:359010:1955,819.6142292022705,44533,1,3.2437016405165195,3.2439876683056355
smetric_default,codex415:2:415001:1991,819.6958019733429,23995,1,3.1496095806360245,3.149787303060293
smetric_default,codex88:14:88013:1559,820.2827877998352,116479,1,7.96428732201457,7.964874878525734
smetric_default,codex405:15:405014:1861,820.4619464874268,53128,1,2.386588178575039,2.386899199336767
smetric_default,codex220:31:220030:1493,820.7479033470154,86568,1,5.379949685186148,5.380421672016382
smetric_default,codex362:1:362000:2013,820.7992930412292,13910,1,2.485400442034006,2.485641859471798
smetric_default,codex76:11:76010:1903,820.929897069931,40365,1,1.9072900675237179,1.9075734838843346
smetric_default,codex116:26:116025:1430,821.2890212535858,111321,1,6.964511342346668,6.965069007128477
smetric_default,codex422:32:422031:1561,821.4675238132477,51810,1,6.771359194070101,6.771671656519175
smetric_default,codex522:12:522011:1781,821.6649022102356,46478,1,4.451818063855171,4.452101271599531
smetric_default,codex443:15:443014:1879,821.8393280506134,53933,1,1.4795341603457928,1.4798685647547245
smetric_default,codex135:29:135028:1471,822.1721470355988,99701,1,3.962461769580841,3.96299559623003
smetric_default,codex19:11:19010:1850,822.2739295959473,29455,1,0.8748890310525894,0.8751162067055702
smetric_default,codex266:35:266034:1591,822.8255422115326,160745,1,3.3199074789881706,3.320728871971369
smetric_default,codex524:27:524026:1825,823.6383147239685,83632,1,4.146048568189144,4.146511025726795
smetric_default,codex255:8:255007:1976,823.8192193508148,56716,1,3.9489367865025997,3.9492694325745106
smetric_default,codex129:10:129009:1953,823.9874114990234,53898,1,2.1354617178440094,2.1357767321169376
smetric_default,codex19:12:19011:1857,824.0896711349487,33262,1,3.5570264868438244,3.5572654753923416
smetric_default,codex278:22:278021:1788,824.3856160640717,96591,1,3.405008278787136,3.4055256471037865
smetric_default,codex71:28:71027:1498,824.8939275741577,117247,1,10.81219907477498,10.812868054956198
smetric_default,codex171:6:171005:1806,825.0663344860077,30325,1,3.1683994084596634,3.1686177030205727
smetric_default,codex521:38:521037:1543,825.449606180191,116588,1,2.348661132156849,2.3492712527513504
smetric_default,codex76:12:76011:1913,825.5962283611298,42001,1,2.1655871272087097,2.165873672813177
smetric_default,codex495:21:495020:1722,825.9228963851929,101516,1,9.796906284987926,9.797446135431528
smetric_default,codex343:10:343009:1912,826.1056957244873,54923,1,1.6656600162386894,1.6662043742835522
smetric_default,codex415:3:415002:2017,826.3429787158966,31464,1,3.291717868298292,3.2919505573809147
smetric_default,codex538:6:538005:1949,826.5470216274261,62184,1,14.356188330799341,14.356544643640518
smetric_default,codex121:13:121012:1916,826.7530465126038,64477,1,5.035348281264305,5.035715252161026
smetric_default,codex540:15:540014:1734,826.9171876907349,50398,1,8.304571732878685,8.304894052445889
smetric_default,codex139:3:139002:2014,827.0599663257599,42210,1,4.724674165248871,4.724963627755642
smetric_default,codex509:44:509043:1730,827.4434661865234,108914,1,14.597984652966261,14.598563365638256
smetric_default,codex129:11:129010:1961,827.6410663127899,55724,1,2.0044340156018734,2.0047647394239902
smetric_default,codex389:3:389002:2006,827.7567899227142,30519,1,8.986347880214453,8.986560735851526
smetric_default,codex506:32:506031:1478,828.2230980396271,107296,1,1.4292187839746475,1.4297750033438206
smetric_default,codex532:3:532002:1966,828.3893065452576,19629,1,1.248750664293766,1.2489162422716618
smetric_default,codex241:1:241000:2036,828.4954781532288,13806,1,2.858106851577759,2.8582496233284473
smetric_default,codex405:16:405015:1888,828.7727792263031,53328,1,0.8838569074869156,0.8841727487742901
smetric_default,codex135:30:135029:1487,829.370201587677,102061,1,7.385254111140966,7.385895423591137
smetric_default,codex421:25:421024:1804,829.6272585391998,77016,1,12.38887994736433,12.389314111322165
smetric_default,codex343:11:343010:1921,829.8469784259796,55829,1,11.059827886521816,11.06016505882144
smetric_default,codex116:27:116026:1442,830.1967000961304,112127,1,5.530397173017263,5.530967380851507
smetric_default,codex215:35:215034:1500,830.4520452022552,79792,1,4.942311212420464,4.942767947912216
smetric_default,codex228:50:228049:1367,830.9854865074158,163264,1,11.087339758872986,11.089341558516026
smetric_default,codex220:32:220031:1511,831.2762970924377,89769,1,10.752271182835102,10.752761542797089
smetric_default,codex532:4:532003:1973,831.350617647171,22655,1,1.1533910669386387,1.153563305735588
smetric_default,codex359:12:359011:1987,831.491278886795,45144,1,0.9127830378711224,0.9131035767495632
smetric_default,codex362:2:362001:2040,831.6007871627808,33623,1,10.420199252665043,10.420425586402416
smetric_default,codex255:9:255008:1990,831.7749724388123,57208,1,0.6841057762503624,0.6844476461410522
smetric_default,codex192:28:192027:1597,832.892929315567,90728,1,2.8395405411720276,2.840011704713106
smetric_default,codex213:26:213025:1437,833.1499764919281,78515,1,2.562389712780714,2.5628438778221607
smetric_default,codex524:28:524027:1841,833.4270915985107,84477,1,2.7769138626754284,2.777388997375965
smetric_default,codex266:36:266035:1601,833.9752728939056,163024,1,8.119333680719137,8.120163839310408
smetric_default,codex139:4:139003:2023,834.1378939151764,47567,1,6.757295962423086,6.757604036480188
smetric_default,codex603:15:603014:1853,834.3963942527771,78928,1,2.3525115996599197,2.352947473526001
smetric_default,codex521:39:521038:1567,834.8398668766022,135884,1,20.099394503980875,20.100092079490423
smetric_default,codex121:14:121013:1926,835.0486471652985,64569,1,6.958513978868723,6.958928018808365
smetric_default,codex359:13:359012:1996,835.2036356925964,49965,1,6.8073779828846455,6.807682551443577
smetric_default,codex422:33:422032:1585,835.3849668502808,53394,1,5.51461336761713,5.514926455914974
smetric_default,codex294:33:294032:1733,835.6939549446106,90448,1,10.659826375544071,10.660321362316608
smetric_default,codex88:15:88014:1589,836.1901669502258,118159,1,5.862704828381538,5.86332568526268
smetric_default,codex443:16:443015:1932,836.6852672100067,54470,1,5.359870750457048,5.360183704644442
smetric_default,codex272:1:272000:2051,836.7383077144623,13914,1,3.225508611649275,3.2256588265299797
smetric_default,codex511:24:511023:1905,837.1921429634094,64647,1,4.8413127064704895,4.841674067080021
smetric_default,codex506:33:506032:1512,837.7328090667725,108443,1,4.34767322614789,4.3482401967048645
smetric_default,codex508:36:508035:1578,838.1612439155579,128214,1,3.941602662205696,3.942257471382618
smetric_default,codex215:36:215035:1513,838.432724237442,80766,1,10.881472513079643,10.88196151331067
smetric_default,codex192:29:192028:1604,838.726432800293,91976,1,10.578316397964954,10.580863900482655
smetric_default,codex291:6:291005:1939,838.9147896766663,59098,1,7.447669334709644,7.448004685342312
smetric_default,codex522:13:522012:1828,839.0779118537903,50783,1,2.982468593865633,2.9827742725610733
smetric_default,codex352:9:352008:1881,839.2332932949066,49439,1,7.110264021903276,7.110565852373838
smetric_default,codex603:16:603015:1864,839.4893305301666,79149,1,6.8896357379853725,6.890057470649481
smetric_default,codex129:12:129011:1992,839.6924822330475,63261,1,6.680540416389704,6.680900055915117
smetric_default,codex532:5:532004:1999,839.7923786640167,24756,1,6.5442846566438675,6.544466193765402
smetric_default,codex171:7:171006:1840,839.9094476699829,36539,1,6.41963229700923,6.41989179328084
smetric_default,codex241:2:241001:2055,839.9613378047943,15900,1,6.379012402147055,6.379146467894316
smetric_default,codex524:29:524028:1858,840.2542548179626,86158,1,6.113190457224846,6.113649971783161
smetric_default,codex76:13:76012:1959,840.4048199653625,42708,1,14.508573912084103,14.508858647197485
smetric_default,codex110:35:110034:1639,840.8821437358856,146863,1,5.50710391625762,5.507843319326639
smetric_default,codex495:22:495021:1735,841.2503361701965,107449,1,7.702210675925016,7.702792674303055
smetric_default,codex540:16:540015:1765,841.4114644527435,50937,1,7.884668216109276,7.894365295767784
smetric_default,codex308:23:308022:1682,841.8190116882324,128344,1,13.12761340662837,13.128254290670156
smetric_default,codex272:2:272001:2060,841.874671459198,15607,1,7.422770578414202,7.431515075266361
smetric_default,codex525:6:525005:1994,841.9989972114563,38116,1,4.335690584033728,4.335951514542103
smetric_default,codex343:12:343011:1930,842.734288930893,56822,1,3.6139158569276333,3.61424632743001
smetric_default,codex422:34:422033:1593,842.9116184711456,53574,1,3.4473972469568253,3.4477203525602818
smetric_default,codex421:26:421025:1814,843.1880660057068,79898,1,8.951247606426477,8.95171319320798
smetric_default,codex228:51:228050:1372,843.779580116272,166257,1,8.588196393102407,8.589037138968706
smetric_default,codex443:17:443016:1936,843.9820549488068,60205,1,7.7177918665111065,7.718143109232187
smetric_default,codex389:4:389003:2033,844.149092912674,51075,1,14.132940653711557,14.133626777678728
smetric_default,codex506:34:506033:1518,844.5167217254639,112592,1,7.832067038863897,7.832673408091068
smetric_default,codex234:21:234020:1957,844.8177220821381,79915,1,7.329256162047386,7.329711884260178
smetric_default,codex255:10:255009:2030,845.010039806366,58484,1,6.686134580522776,6.686475872993469
smetric_default,codex220:33:220032:1522,845.3296644687653,89907,1,13.992985732853413,13.993485294282436
smetric_default,codex266:37:266036:1614,845.9330894947052,163517,1,2.40494205057621,2.405810795724392
smetric_default,codex71:29:71028:1539,846.3200485706329,117564,1,3.0453969314694405,3.0459898449480534
smetric_default,codex509:45:509044:1756,848.1548597812653,109122,1,4.200566414743662,4.201141443103552
smetric_default,codex352:10:352009:1893,848.3235642910004,49901,1,3.3644932880997658,3.3648248687386513
smetric_default,codex603:17:603016:1876,848.6684119701385,79563,1,3.483535807579756,3.4839741103351116
smetric_default,codex532:6:532005:2011,848.7612326145172,27877,1,1.0163732431828976,1.0166867151856422
smetric_default,codex522:14:522013:1851,848.9318926334381,52673,1,9.354523465037346,9.354838415980339
smetric_default,codex405:17:405016:1962,849.7413930892944,53785,1,1.951307013630867,1.9516434259712696
smetric_default,codex495:23:495022:1746,850.3596172332764,107912,1,2.014701183885336,2.0152585729956627
smetric_default,codex266:38:266037:1626,850.9353654384613,165311,1,4.030691798776388,4.031499072909355
smetric_default,codex139:5:139004:2047,851.1171004772186,50678,1,7.606759995222092,7.607089713215828
smetric_default,codex540:17:540016:1778,851.280576467514,51110,1,3.849548827856779,3.8498732894659042
smetric_default,codex294:34:294033:1758,851.5911755561829,90779,1,3.333049587905407,3.333531718701124
smetric_default,codex272:3:272002:2067,851.6822474002838,24304,1,3.424815498292446,3.4428277984261513
smetric_default,codex508:37:508036:1603,852.1255848407745,129325,1,2.998839281499386,3.000252887606621
smetric_default,codex343:13:343012:1952,852.3376078605652,56899,1,1.976691760122776,1.9770515784621239
smetric_default,codex116:28:116027:1510,852.8612756729126,113026,1,2.094612929970026,2.095218226313591
smetric_default,codex511:25:511024:1947,853.0834517478943,65838,1,1.8472020141780376,1.8475827425718307
smetric_default,codex524:30:524029:1889,853.3728380203247,87622,1,1.7730078101158142,1.7734926380217075
smetric_default,codex215:37:215036:1527,853.6558365821838,84172,1,5.660273231565952,5.660771608352661
smetric_default,codex40:1:40000:2099,853.7062394618988,13459,1,3.460025429725647,3.460162166506052
smetric_default,codex171:8:171007:1875,853.8375856876373,39058,1,5.472178429365158,5.472474649548531
smetric_default,codex603:18:603017:1885,854.109831571579,81465,1,4.619289115071297,4.6197419092059135
smetric_default,codex291:7:291006:1972,854.3057804107666,60642,1,3.658836454153061,3.6592114493250847
smetric_default,codex352:11:352010:1906,854.5243453979492,60687,1,11.037760496139526,11.038130521774292
smetric_default,codex506:35:506034:1530,854.9031925201416,114173,1,10.883610337972641,10.88420257717371
smetric_default,codex213:27:213026:1521,856.2611169815063,79042,1,9.496553916484118,9.496995989233255
smetric_default,codex495:24:495023:1774,856.7041895389557,128966,1,21.86701888591051,21.86777974292636
smetric_default,codex234:22:234021:1977,856.9789683818817,82270,1,8.792434573173523,8.793086633086205
smetric_default,codex540:18:540017:1785,857.161048412323,55496,1,24.75149543955922,24.751840002834797
smetric_default,codex422:35:422034:1616,857.3391935825348,53781,1,8.226463075727224,8.226772345602512
smetric_default,codex443:18:443017:1960,857.5290262699127,60607,1,8.029495976865292,8.029865145683289
smetric_default,codex308:24:308023:1698,857.9518642425537,128498,1,1.971715308725834,1.9728166721761227
smetric_default,codex294:35:294034:1776,858.2712678909302,90980,1,1.6391217857599258,1.6399582102894783
smetric_default,codex166:26:166025:1655,858.6259973049164,102848,1,7.153393197804689,7.1539449244737625
smetric_default,codex241:3:241002:2092,858.718245267868,27170,1,6.642846569418907,6.643049541860819
smetric_default,codex116:29:116028:1525,859.0997807979584,113412,1,6.693839095532894,6.694441497325897
smetric_default,codex343:14:343013:1969,859.3028178215027,61619,1,6.26670752838254,6.267054159194231
smetric_default,codex121:15:121014:1989,859.5235166549683,65258,1,1.6501077935099602,1.6505206190049648
smetric_default,codex278:23:278022:1908,859.8850612640381,97290,1,1.2950858026742935,1.2956322617828846
smetric_default,codex40:2:40001:2121,860.2653534412384,17142,1,1.0464656874537468,1.0466185063123703
smetric_default,codex524:31:524030:1914,860.5795276165009,87911,1,5.219271037727594,5.219726704061031
smetric_default,codex421:27:421026:1839,860.8587605953217,81077,1,4.904328063130379,4.904781777411699
smetric_default,codex291:8:291007:1986,861.0693278312683,63982,1,4.681869730353355,4.682247307151556
smetric_default,codex532:7:532006:2044,861.1643126010895,29611,1,3.906851500272751,3.9070616997778416
smetric_default,codex456:1:456000:2135,861.3088977336884,13377,1,3.7572709172964096,3.757420990616083
smetric_default,codex192:30:192029:1641,861.7208859920502,96912,1,20.199242275208235,20.199766390025616
smetric_default,codex228:52:228051:1411,862.3299882411957,166832,1,3.490220721811056,3.491052843630314
smetric_default,codex603:19:603018:1902,862.7129113674164,81645,1,3.0937354527413845,3.0941925570368767
smetric_default,codex110:36:110035:1701,863.2112128734589,148115,1,8.076108928769827,8.076939184218645
smetric_default,codex308:25:308024:1709,863.6391384601593,128619,1,3.2946144938468933,3.295298494398594
smetric_default,codex220:34:220033:1535,863.9590811729431,94841,1,7.8476388193666935,7.848153058439493
smetric_default,codex305:8:305007:1979,864.3633666038513,123056,1,7.2034928277134895,7.204160243272781
smetric_default,codex511:26:511025:1980,864.5768222808838,66811,1,2.188775110989809,2.1891936473548412
smetric_default,codex272:4:272003:2097,864.7272517681122,45359,1,24.731927767395973,24.734081402420998
smetric_default,codex171:9:171008:1897,864.852067232132,39249,1,1.4578002393245697,1.4580628909170628
smetric_default,codex255:11:255010:2058,865.0611364841461,63534,1,6.698514569550753,6.69901979342103
smetric_default,codex121:16:121015:2004,865.2679402828217,65543,1,9.000917606055737,9.001296013593674
smetric_default,codex355:12:355011:2091,865.3549506664276,27205,1,0.9520633108913898,0.9522761963307858
smetric_default,codex287:12:287011:2039,865.5483326911926,61628,1,1.3036209680140018,1.303974274545908
smetric_default,codex139:6:139005:2068,865.7426319122314,56911,1,8.51812818646431,8.51847156509757
smetric_default,codex389:5:389004:2057,866.117799282074,55170,1,8.14626432955265,8.146576471626759
smetric_default,codex422:36:422035:1620,866.2997643947601,54134,1,0.6388981640338898,0.6392109654843807
smetric_default,codex143:7:143006:2041,866.6921515464783,41790,1,9.204067755490541,9.204426690936089
smetric_default,codex456:2:456001:2148,866.8461599349976,17071,1,2.5535513386130333,2.5537081211805344
smetric_default,codex241:4:241003:2106,867.0769455432892,30914,1,4.737205762416124,4.7385583110153675
smetric_default,codex213:28:213027:1528,867.3467330932617,79993,1,3.2734293304383755,3.2738958597183228
smetric_default,codex509:46:509045:1819,867.7112011909485,110929,1,6.5826085321605206,6.583203546702862
smetric_default,codex215:38:215037:1563,868.003518819809,88223,1,21.463447839021683,21.463914398103952
smetric_default,codex291:9:291008:1993,868.2314958572388,72387,1,7.706219784915447,7.706630762666464
smetric_default,codex443:19:443018:1971,868.4229853153229,61710,1,10.102455027401447,10.10281790047884
smetric_default,codex266:39:266038:1665,868.9857883453369,165511,1,5.318300899118185,5.319132462143898
smetric_default,codex506:36:506035:1545,869.3916625976562,114568,1,2.266000386327505,2.266628187149763
smetric_default,codex362:3:362002:2126,869.5368666648865,41327,1,8.977261170744896,8.977543115615845
smetric_default,codex538:7:538006:2043,869.7465753555298,66776,1,8.790503449738026,8.79089556261897
smetric_default,codex40:3:40002:2152,869.8407707214355,27369,1,4.4378013126552105,4.437997471541166
smetric_default,codex294:36:294035:1815,870.1295809745789,91188,1,4.15710149332881,4.157589551061392
smetric_default,codex76:14:76013:2015,870.2923955917358,44893,1,3.979766819626093,3.9800465367734432
smetric_default,codex251:1:251000:2160,870.3422331809998,13343,1,3.721258766949177,3.721403107047081
smetric_default,codex603:20:603019:1920,870.6078324317932,81826,1,1.2129452712833881,1.2133874483406544
smetric_default,codex64:8:64007:2026,870.9803829193115,104110,1,42.994346246123314,42.99526499584317
smetric_default,codex421:28:421027:1866,871.2682704925537,81283,1,7.274677526205778,7.2751172706484795
smetric_default,codex359:14:359013:2078,871.532646894455,51045,1,2.7428534999489784,2.743149794638157
smetric_default,codex603:21:603020:1925,873.0030605792999,83629,1,5.494028486311436,5.494496665894985
smetric_default,codex456:3:456002:2164,873.119282245636,31822,1,5.370650563389063,5.370887421071529
smetric_default,codex234:23:234022:2005,873.3892633914948,82606,1,5.112873654812574,5.1133315451443195
smetric_default,codex524:32:524031:1942,873.6738836765289,88414,1,4.845473926514387,4.84596960246563
smetric_default,codex422:37:422036:1637,873.8506851196289,54273,1,1.34660005569458,1.3470637686550617
smetric_default,codex287:13:287012:2052,874.043998003006,62376,1,4.4851476810872555,4.485501769930124
smetric_default,codex352:12:352011:1940,874.2515442371368,60970,1,0.9791656881570816,0.9795350767672062
smetric_default,codex166:27:166026:1688,874.9084866046906,116776,1,12.629737887531519,12.63061360642314
smetric_default,codex355:13:355012:2129,875.0034582614899,27664,1,3.501112714409828,3.501307811588049
smetric_default,codex359:15:359014:2081,875.16725897789,51435,1,0.6027679666876793,0.6031146310269833
smetric_default,codex241:5:241004:2131,876.1223924160004,35394,1,2.3864416107535362,2.3866860903799534
smetric_default,codex506:37:506036:1564,876.5673904418945,116525,1,10.980301856994629,10.980895947664976
smetric_default,codex76:15:76014:2021,876.7191727161407,45903,1,1.8136255405843258,1.8139053769409657
smetric_default,codex522:15:522014:1927,876.8857867717743,53179,1,2.385519590228796,2.3858477771282196
smetric_default,codex278:24:278023:1963,877.20578789711,97450,1,1.5177059695124626,1.5182415284216404
smetric_default,codex422:38:422037:1651,877.4037187099457,54467,1,10.240034826099873,10.248618949204683
smetric_default,codex305:9:305008:2003,877.8265931606293,127991,1,5.4592584148049355,5.460271321237087
smetric_default,codex251:2:251001:2180,877.9030554294586,16537,1,1.2038774527609348,1.2040392309427261
smetric_default,codex217:1:217000:2187,877.9520993232727,13563,1,1.8422742560505867,1.8425318077206612
smetric_default,codex40:4:40003:2170,878.1070559024811,44703,1,5.2364245392382145,5.236713040620089
smetric_default,codex116:30:116029:1574,878.4813795089722,113614,1,9.170286234468222,9.172263715416193
smetric_default,codex525:7:525006:2086,879.2644407749176,38729,1,0.5606707595288754,0.560936413705349
smetric_default,codex532:8:532007:2079,879.4526913166046,30048,1,3.84329067543149,3.8435088954865932
smetric_default,codex415:4:415003:2169,879.640988111496,33575,1,2.265730082988739,2.265978831797838
smetric_default,codex389:6:389005:2076,880.3314757347107,58066,1,2.86624251678586,2.8666229359805584
smetric_default,codex362:4:362003:2141,880.4848449230194,45483,1,2.8053075559437275,2.805655602365732
smetric_default,codex603:22:603021:1935,880.7581148147583,84079,1,6.465912353247404,6.466360732913017
smetric_default,codex508:38:508037:1683,881.1733300685883,129792,1,32.94990238919854,32.95252535864711
smetric_default,codex495:25:495024:1792,881.5815055370331,129123,1,32.40305629372597,32.403727136552334
smetric_default,codex217:2:217001:2195,881.6803741455078,28295,1,5.5353122018277645,5.537866584956646
smetric_default,codex121:17:121016:2028,881.8875641822815,65646,1,1.314555563032627,1.3149509951472282
smetric_default,codex352:13:352012:1968,882.1305315494537,61281,1,5.5269138887524605,5.527257952839136
smetric_default,codex524:33:524032:1958,882.4616904258728,88536,1,6.834699276834726,6.835882909595966
smetric_default,codex355:14:355013:2147,882.5633113384247,28644,1,6.725861199200153,6.733656365424395
smetric_default,codex255:12:255011:2094,882.7817006111145,67756,1,6.520804986357689,6.521180748939514
smetric_default,codex509:47:509046:1846,883.1847984790802,120528,1,11.884794995188713,11.889640349894762
smetric_default,codex266:40:266039:1702,884.0579280853271,165831,1,2.842819444835186,2.8439370281994343
smetric_default,codex540:19:540018:1798,884.2420742511749,55759,1,29.886985648423433,29.88731623068452
smetric_default,codex234:24:234023:2025,884.5111932754517,83422,1,4.9111871384084225,4.923595491796732
smetric_default,codex110:37:110036:1744,884.9831266403198,148620,1,4.450859121978283,4.453241139650345
smetric_default,codex532:9:532008:2085,885.0885007381439,30507,1,0.41804152727127075,0.4182799346745014
smetric_default,codex129:13:129012:2111,885.3783111572266,63645,1,1.547063048928976,1.547518540173769
smetric_default,codex421:29:421028:1899,885.9096944332123,81802,1,9.150155402719975,9.151397198438644
smetric_default,codex443:20:443019:2002,886.1160581111908,62432,1,8.957539442926645,8.957891885191202
smetric_default,codex287:14:287013:2074,886.3168234825134,62727,1,8.762624900788069,8.762992236763239
smetric_default,codex158:1:158000:2203,886.36665391922,13320,1,1.6891669407486916,1.6892961487174034
smetric_default,codex241:6:241005:2163,886.495316028595,38829,1,2.943220652639866,2.9434741213917732
smetric_default,codex456:4:456003:2194,886.6278128623962,39540,1,2.483716491609812,2.4839835688471794
smetric_default,codex139:7:139006:2115,886.8163847923279,60021,1,1.7183176949620247,1.7186964564025402
smetric_default,codex362:5:362004:2159,887.9683032035828,54285,1,7.478260695934296,7.4786684438586235
smetric_default,codex405:18:405017:2069,888.3721225261688,54110,1,0.6159664541482925,0.6163209713995457
smetric_default,codex415:5:415004:2193,888.6691613197327,39406,1,2.95832734182477,2.958611089736223
smetric_default,codex532:10:532009:2102,889.1060500144958,31073,1,0.47935721278190613,0.4795815348625183
smetric_default,codex522:16:522015:1970,890.3667767047882,54274,1,1.2666090726852417,1.2669294625520706
smetric_default,codex255:13:255012:2103,890.6654715538025,67951,1,0.9764509461820126,0.9768510833382607
smetric_default,codex110:38:110037:1755,891.1465368270874,148934,1,3.9056178964674473,3.906456656754017
smetric_default,codex278:25:278024:2008,891.4813404083252,98738,1,2.938132371753454,2.9386845864355564
smetric_default,codex456:5:456004:2200,891.6221237182617,42018,1,1.0950374789536,1.095333680510521
smetric_default,codex215:39:215038:1575,891.9385421276093,89886,1,22.200066473335028,22.20056952908635
smetric_default,codex234:25:234024:2032,892.2224817276001,86728,1,6.526199586689472,6.526696916669607
smetric_default,codex272:5:272004:2124,892.3742172718048,45754,1,21.758763927966356,21.759037990123034
smetric_default,codex355:15:355014:2162,892.4800004959106,33132,1,6.329582866281271,6.329902030527592
smetric_default,codex158:2:158001:2221,892.6981701850891,20981,1,1.7283904701471329,1.7285487800836563
smetric_default,codex511:27:511026:2054,893.6830956935883,68430,1,1.6649139933288097,1.6653034165501595
smetric_default,codex538:8:538007:2082,893.8960633277893,67589,1,1.585409328341484,1.5857908390462399
smetric_default,codex217:3:217002:2216,894.0246081352234,39357,1,5.500955905765295,5.501298505812883
smetric_default,codex422:39:422038:1669,894.1930756568909,54723,1,4.1030597276985645,4.103419777005911
smetric_default,codex37:1:37000:2226,894.2433466911316,14001,1,2.592730913311243,2.5928721204400063
smetric_default,codex255:14:255013:2116,894.8734037876129,68566,1,5.530828986316919,5.531259201467037
smetric_default,codex40:5:40004:2208,895.0324759483337,48342,1,3.2679877430200577,3.268307827413082
smetric_default,codex524:34:524033:1985,895.830908536911,88959,1,4.579209718853235,4.579699598252773
smetric_default,codex294:37:294036:1892,896.1268179416656,91389,1,2.7820441089570522,2.782547742128372
smetric_default,codex110:39:110038:1764,896.6135413646698,149178,1,4.717936705797911,4.718695983290672
smetric_default,codex121:18:121017:2059,896.8304734230042,65759,1,12.142727602273226,12.143103003501892
smetric_default,codex532:11:532010:2134,896.9341452121735,31343,1,1.8175457678735256,1.8177542723715305
smetric_default,codex139:8:139007:2150,897.1645805835724,73734,1,11.80466677621007,11.80508266016841
smetric_default,codex88:16:88015:1760,897.5546963214874,119720,1,3.7670600935816765,3.7676901184022427
smetric_default,codex241:7:241006:2189,897.6865782737732,38958,1,3.6198577359318733,3.6201265901327133
smetric_default,codex511:28:511027:2061,897.9128353595734,71257,1,4.901809740811586,4.902232341468334
smetric_default,codex443:21:443020:2009,898.1099922657013,62813,1,1.6157108880579472,1.6160759814083576
smetric_default,codex405:19:405018:2101,898.2890462875366,55078,1,1.2275805547833443,1.2279620915651321
smetric_default,codex603:23:603022:1981,898.5853326320648,84622,1,2.728541489690542,2.7290232814848423
smetric_default,codex525:8:525007:2157,898.7244441509247,39058,1,0.9630383662879467,0.9633972123265266
smetric_default,codex415:6:415005:2214,899.3699824810028,45204,1,3.4395947977900505,3.4398906975984573
smetric_optimized,codex70:25:70024:352,300.4774796962738,95402,1,2.302680280059576,2.303194396197796
smetric_optimized,codex71:2:71001:432,300.52431082725525,13948,1,0.17320864275097847,0.1733493097126484
smetric_optimized,codex436:5:436004:439,301.2101788520813,29579,1,1.5633847042918205,1.5635877922177315
smetric_optimized,codex65:20:65019:373,301.57782101631165,99263,1,1.2083390429615974,1.208855289965868
smetric_optimized,codex483:22:483021:387,302.58471870422363,94681,1,2.6388016790151596,2.6393227353692055
smetric_optimized,codex250:12:250011:396,302.7637550830841,56433,1,2.4397507272660732,2.440114565193653
smetric_optimized,codex543:9:543008:435,303.41820192337036,39790,1,1.0407070443034172,1.0409755147993565
smetric_optimized,codex315:5:315004:434,303.58554768562317,52972,1,2.280816663056612,2.2811379469931126
smetric_optimized,codex215:1:215000:442,303.6323094367981,13107,1,2.026841301470995,2.0270910672843456
smetric_optimized,codex526:11:526010:425,304.4523711204529,52541,1,1.2530504763126373,1.253633476793766
smetric_optimized,codex361:6:361005:438,304.67422008514404,28932,1,1.0338831171393394,1.034084539860487
smetric_optimized,codex71:3:71002:444,305.1979284286499,19664,1,1.11900020763278,1.119159497320652
smetric_optimized,codex509:2:509001:450,305.82143235206604,19675,1,0.9557046592235565,0.9559795521199703
smetric_optimized,codex250:13:250012:399,306.3118643760681,57441,1,1.0938005968928337,1.0941363647580147
smetric_optimized,codex543:10:543009:443,306.5585706233978,40432,1,0.49402208998799324,0.494303435087204
smetric_optimized,codex228:22:228021:430,307.397100687027,71422,1,0.8664843738079071,0.8669023551046848
smetric_optimized,codex108:26:108025:433,308.2545676231384,59438,1,0.8540212251245975,0.8546310774981976
smetric_optimized,codex363:12:363011:397,308.7743957042694,100281,1,1.5818288773298264,1.5825282782316208
smetric_optimized,codex65:21:65020:392,309.096227645874,100072,1,1.2825391292572021,1.2830745987594128
smetric_optimized,codex543:11:543010:453,309.5030720233917,43234,1,1.1110763289034367,1.1113556660711765
smetric_optimized,codex152:8:152007:429,310.1555473804474,69766,1,1.054429404437542,1.0548330955207348
smetric_optimized,codex361:7:361006:452,310.5114016532898,29427,1,0.5012503191828728,0.501455944031477
smetric_optimized,codex526:12:526011:441,311.00704550743103,52934,1,0.5940740443766117,0.594387412071228
smetric_optimized,codex73:1:73000:460,311.7022228240967,13617,1,4.07841482013464,4.078557390719652
smetric_optimized,codex215:2:215001:462,311.84468388557434,39843,1,7.520267453044653,7.520536355674267
smetric_optimized,codex250:14:250013:410,312.0401976108551,63753,1,3.849984247237444,3.850346215069294
smetric_optimized,codex543:12:543011:456,312.21274185180664,44523,1,0.8275627568364143,0.8278400599956512
smetric_optimized,codex25:6:25005:461,312.32032465934753,29495,1,0.6317060887813568,0.6319353133440018
smetric_optimized,codex526:13:526012:447,313.241037607193,53853,1,6.198650486767292,6.199489500373602
smetric_optimized,codex436:6:436005:467,313.580961227417,30281,1,0.3852424994111061,0.38546542823314667
smetric_optimized,codex315:6:315005:457,313.79718923568726,55594,1,2.0891712680459023,2.089521035552025
smetric_optimized,codex238:17:238016:357,314.59842801094055,142256,1,10.090972028672695,10.09236703440547
smetric_optimized,codex228:23:228022:448,314.82559967041016,72052,1,3.26567267999053,3.2661276757717133
smetric_optimized,codex506:14:506013:420,315.133620262146,88788,1,4.949143275618553,4.949623517692089
smetric_optimized,codex65:22:65021:400,315.4585840702057,100354,1,3.988947097212076,3.9896179139614105
smetric_optimized,codex29:14:29013:437,315.65721821784973,61856,1,1.1683698184788227,1.1687756665050983
smetric_optimized,codex436:7:436006:473,315.76785945892334,35017,1,3.720460891723633,3.7207825034856796
smetric_optimized,codex71:4:71003:469,315.8798158168793,31558,1,3.066363640129566,3.0665878914296627
smetric_optimized,codex363:13:363012:411,317.17290568351746,102936,1,2.41806785389781,2.4186301678419113
smetric_optimized,codex25:7:25006:472,317.8037030696869,31305,1,2.3028619326651096,2.303078167140484
smetric_optimized,codex152:9:152008:449,318.87179827690125,70391,1,0.9142986014485359,0.9146979302167892
smetric_optimized,codex119:10:119009:463,319.1463692188263,62630,1,0.9412921592593193,0.941644374281168
smetric_optimized,codex228:24:228023:455,320.4905025959015,72266,1,0.9784070923924446,0.9788450635969639
smetric_optimized,codex436:8:436007:479,320.6071333885193,35975,1,1.0371828265488148,1.0374307446181774
smetric_optimized,codex250:15:250014:424,320.8178355693817,69601,1,3.6037951596081257,3.6042064540088177
smetric_optimized,codex315:7:315006:468,321.0091321468353,58303,1,3.685608547180891,3.6859435848891735
smetric_optimized,codex422:10:422009:480,321.63905572891235,33410,1,0.7738310545682907,0.774071678519249
smetric_optimized,codex73:2:73001:482,322.3276071548462,21062,1,1.2412318252027035,1.2414174005389214
smetric_optimized,codex483:23:483022:426,323.18509125709534,94999,1,1.243350025266409,1.2438567727804184
smetric_optimized,codex363:14:363013:428,324.2947747707367,103989,1,1.4386489503085613,1.4392123706638813
smetric_optimized,codex422:11:422010:488,324.413547039032,34871,1,1.3120873235166073,1.312342070043087
smetric_optimized,codex215:3:215002:485,324.9746057987213,45079,1,3.200034700334072,3.2003286592662334
smetric_optimized,codex506:15:506014:436,325.279009103775,91680,1,2.6295814216136932,2.6301077865064144
smetric_optimized,codex228:25:228024:464,325.50931191444397,73252,1,1.1480996757745743,1.1485222056508064
smetric_optimized,codex29:15:29014:458,325.7042257785797,62734,1,0.9470690190792084,0.9474527016282082
smetric_optimized,codex238:18:238017:361,326.24919748306274,145371,1,4.5175476633012295,4.518304534256458
smetric_optimized,codex73:3:73002:494,326.3431873321533,25975,1,2.458615716546774,2.4589185528457165
smetric_optimized,codex152:10:152009:465,326.6415638923645,80379,1,5.795470464974642,5.795938394963741
smetric_optimized,codex526:14:526013:466,327.22639870643616,55494,1,1.6077960282564163,1.608124852180481
smetric_optimized,codex509:3:509002:502,328.1205589771271,25548,1,1.5225089527666569,1.5227787122130394
smetric_optimized,codex135:1:135000:499,328.1702380180359,13483,1,1.45015399903059,1.450299546122551
smetric_optimized,codex25:8:25007:497,328.7947292327881,31890,1,0.8672146163880825,0.8674250915646553
smetric_optimized,codex586:15:586014:491,329.03210067749023,51225,1,0.592140432447195,0.5924768708646297
smetric_optimized,codex315:8:315007:486,329.61517667770386,58817,1,1.1421010792255402,1.1424706242978573
smetric_optimized,codex228:26:228025:474,330.1117672920227,84538,1,8.348494704812765,8.348940033465624
smetric_optimized,codex215:4:215003:492,330.28796339035034,52733,1,3.20256806910038,3.202902976423502
smetric_optimized,codex363:15:363014:440,330.6296353340149,104819,1,1.2350207939743996,1.2355958260595798
smetric_optimized,codex436:9:436008:503,330.75009298324585,36243,1,0.5400317460298538,0.5402891375124454
smetric_optimized,codex250:16:250015:445,331.2827126979828,69767,1,1.1892910785973072,1.189678132534027
smetric_optimized,codex483:24:483023:446,332.1933288574219,95605,1,1.4736166521906853,1.4741646125912666
smetric_optimized,codex119:11:119010:495,332.4026117324829,66465,1,6.052356280386448,6.052750453352928
smetric_optimized,codex411:7:411006:496,333.0141432285309,43415,1,1.1512215174734592,1.151511039584875
smetric_optimized,codex436:10:436009:516,333.8249866962433,36977,1,1.3735752739012241,1.373838972300291
smetric_optimized,codex526:15:526014:481,334.00690817832947,57339,1,1.7128374949097633,1.7131874114274979
smetric_optimized,codex81:15:81014:518,334.1588878631592,47018,1,1.0432091392576694,1.0435086712241173
smetric_optimized,codex238:19:238018:376,335.01073718070984,145775,1,1.5118268392980099,1.512683890759945
smetric_optimized,codex586:16:586015:508,335.19196105003357,52243,1,0.8337338864803314,0.8340881504118443
smetric_optimized,codex363:16:363015:454,335.7085430622101,105282,1,1.1321796029806137,1.132751539349556
smetric_optimized,codex192:1:192000:522,336.31631302833557,13423,1,1.5078421123325825,1.5100870989263058
smetric_optimized,codex73:4:73003:519,336.6773750782013,27097,1,1.1488176174461842,1.1495364904403687
smetric_optimized,codex586:17:586016:511,337.0317339897156,52439,1,0.7744528390467167,0.7748028673231602
smetric_optimized,codex25:9:25008:520,337.15030336380005,36929,1,1.4706078134477139,1.4708600714802742
smetric_optimized,codex238:20:238019:384,337.7940728664398,146311,1,2.3393431529402733,2.340096089988947
smetric_optimized,codex315:9:315008:504,338.24432587623596,59429,1,1.8792021833360195,1.8795721307396889
smetric_optimized,codex526:16:526015:490,338.4443643093109,58002,1,0.7642470262944698,0.7645948193967342
smetric_optimized,codex436:11:436010:525,338.60400319099426,37293,1,0.542875126004219,0.5431287810206413
smetric_optimized,codex509:4:509003:529,339.14191460609436,29637,1,1.4029419496655464,1.4032376036047935
smetric_optimized,codex25:10:25009:526,339.3926649093628,37534,1,1.174414362758398,1.174731645733118
smetric_optimized,codex411:8:411007:514,339.76048612594604,43840,1,0.5324994660913944,0.532778725028038
smetric_optimized,codex119:12:119011:501,340.087527513504,73176,1,3.7066978737711906,3.7071279026567936
smetric_optimized,codex152:11:152010:493,341.6836199760437,84188,1,6.385594464838505,6.386056765913963
smetric_optimized,codex81:16:81015:531,341.86595249176025,58106,1,4.396115571260452,4.396457828581333
smetric_optimized,codex543:13:543012:530,342.9549298286438,45033,1,1.2502404302358627,1.2505334690213203
smetric_optimized,codex72:11:72010:505,343.22212409973145,77632,1,4.852165695279837,4.852592758834362
smetric_optimized,codex65:23:65022:459,343.56265568733215,107162,1,6.029920890927315,6.030484892427921
smetric_optimized,codex250:17:250016:471,343.7795920372009,69901,1,4.283878643065691,4.284271713346243
smetric_optimized,codex203:1:203000:536,344.5194628238678,13394,1,1.2398711517453194,1.240142036229372
smetric_optimized,codex586:18:586017:532,345.6813266277313,52611,1,0.576859999448061,0.5772010274231434
smetric_optimized,codex238:21:238020:395,346.2431786060333,146773,1,1.8423606641590595,1.8431531712412834
smetric_optimized,codex25:11:25010:537,346.52139496803284,37858,1,1.5341913178563118,1.5344576612114906
smetric_optimized,codex363:17:363016:476,347.2134847640991,106754,1,2.385710146278143,2.3862603418529034
smetric_optimized,codex73:5:73004:538,347.3048737049103,27291,1,1.9753246866166592,1.975530032068491
smetric_optimized,codex493:27:493026:506,347.56710982322693,85675,1,2.6586782820522785,2.6593224219977856
smetric_optimized,codex29:16:29015:510,347.7637372016907,62919,1,0.8138847462832928,0.814268697053194
smetric_optimized,codex135:2:135001:548,347.8347008228302,20230,1,1.748855583369732,1.7490294501185417
smetric_optimized,codex315:10:315009:527,348.0491786003113,62395,1,2.1262056939303875,2.1266159638762474
smetric_optimized,codex203:2:203001:549,348.57092452049255,32569,1,3.9453414268791676,3.945584114640951
smetric_optimized,codex29:17:29016:517,349.11051082611084,66053,1,3.8873393647372723,3.8878142535686493
smetric_optimized,codex543:14:543013:541,349.2746934890747,50295,1,3.748577330261469,3.7488907165825367
smetric_optimized,codex72:12:72011:512,349.5762872695923,89350,1,8.695148553699255,8.701193828135729
smetric_optimized,codex483:25:483024:487,349.93179273605347,95729,1,8.35247490555048,8.352970566600561
smetric_optimized,codex250:18:250017:478,350.16563630104065,70040,1,8.110995639115572,8.112379565834999
smetric_optimized,codex73:6:73005:543,350.68036365509033,31329,1,2.1430441550910473,2.143265414983034
smetric_optimized,codex192:2:192001:562,350.7483808994293,20228,1,2.056194767355919,2.0564577132463455
smetric_optimized,codex110:1:110000:564,352.7223744392395,13568,1,1.3338641300797462,1.334027599543333
smetric_optimized,codex81:17:81016:556,353.7034800052643,58246,1,0.7492112182080746,0.749588131904602
smetric_optimized,codex586:19:586018:553,353.87173771858215,54077,1,1.7845951244235039,1.7849371880292892
smetric_optimized,codex215:5:215004:544,354.05051136016846,58071,1,3.129636522382498,3.1299996487796307
smetric_optimized,codex238:22:238021:409,355.13947772979736,149115,1,3.7535800263285637,3.754352282732725
smetric_optimized,codex152:12:152011:515,355.4317593574524,86014,1,2.8875973261892796,2.888058427721262
smetric_optimized,codex110:2:110001:572,355.5272448062897,22383,1,1.9139908514916897,1.914526741951704
smetric_optimized,codex422:12:422011:565,355.6487560272217,37248,1,4.784325886517763,4.784585777670145
smetric_optimized,codex411:9:411008:552,355.82048439979553,44290,1,1.624493271112442,1.624770075082779
smetric_optimized,codex65:24:65023:475,356.19472765922546,111267,1,5.610117144882679,5.610709208995104
smetric_optimized,codex25:12:25011:566,356.34092903137207,38804,1,0.5715870335698128,0.5718624293804169
smetric_optimized,codex203:3:203002:573,356.688250541687,39918,1,2.4732349775731564,2.47350175306201
smetric_optimized,codex71:5:71004:570,356.8451340198517,47727,1,4.952652104198933,4.952948771417141
smetric_optimized,codex108:27:108026:558,358.69579243659973,59535,1,3.13276232406497,3.1334021613001823
smetric_optimized,codex215:6:215005:554,358.87959384918213,59922,1,2.9540366902947426,2.9543806836009026
smetric_optimized,codex250:19:250018:483,359.1539833545685,70207,1,0.4963103383779526,0.4967542961239815
smetric_optimized,codex110:3:110002:584,360.42644119262695,39740,1,4.916328385472298,4.916607774794102
smetric_optimized,codex509:5:509004:586,360.695681810379,35388,1,1.7333155646920204,1.7335716485977173
smetric_optimized,codex526:17:526016:542,360.87522649765015,58364,1,0.9848596379160881,0.9851972125470638
smetric_optimized,codex294:1:294000:583,360.92180132865906,13225,1,1.2457784973084927,1.245998289436102
smetric_optimized,codex363:18:363017:509,361.2995676994324,107774,1,1.8537497781217098,1.8545480631291866
smetric_optimized,codex238:23:238022:418,361.7853560447693,149581,1,1.377080749720335,1.3778185695409775
smetric_optimized,codex422:13:422012:574,362.63021969795227,39880,1,1.5133456140756607,1.5136216916143894
smetric_optimized,codex493:28:493027:534,363.14000153541565,85849,1,2.2085786126554012,2.2090573348104954
smetric_optimized,codex65:25:65024:484,363.6887674331665,127107,1,13.444963928312063,13.445655673742294
smetric_optimized,codex203:4:203003:588,363.8464605808258,46058,1,3.541652176529169,3.541938915848732
smetric_optimized,codex294:2:294001:592,363.9423677921295,25345,1,5.192769352346659,5.192949403077364
smetric_optimized,codex526:18:526017:550,364.1373608112335,58801,1,13.073537211865187,13.078368533402681
smetric_optimized,codex152:13:152012:528,364.48840713500977,87205,1,1.492606095969677,1.493095088750124
smetric_optimized,codex543:15:543014:580,364.7212243080139,50727,1,2.6110852770507336,2.611400943249464
smetric_optimized,codex192:3:192002:594,364.8198676109314,29980,1,2.7660632878541946,2.766364984214306
smetric_optimized,codex70:26:70025:500,365.1862895488739,96307,1,5.296120833605528,5.296665530651808
smetric_optimized,codex25:13:25012:590,365.33778381347656,42088,1,2.093491856008768,2.0942778699100018
smetric_optimized,codex436:12:436011:595,365.8731973171234,37698,1,1.562545508146286,1.5629179254174232
smetric_optimized,codex363:19:363018:521,367.32255148887634,108157,1,0.9390522167086601,0.9396472908556461
smetric_optimized,codex509:6:509005:611,367.8511791229248,36179,1,1.2811809107661247,1.281434491276741
smetric_optimized,codex411:10:411009:585,368.5362060070038,44597,1,1.504220761358738,1.5045153759419918
smetric_optimized,codex192:4:192003:605,368.6524889469147,36263,1,3.887226115912199,3.887469582259655
smetric_optimized,codex215:7:215006:579,368.83974385261536,60059,1,8.37511945515871,8.376429706811905
smetric_optimized,codex152:14:152013:533,369.1252934932709,87698,1,1.3659453764557838,1.3664244897663593
smetric_optimized,codex71:6:71005:599,369.3121862411499,57230,1,4.078775275498629,4.0791260078549385
smetric_optimized,codex116:1:116000:612,369.3649580478668,13777,1,1.9703237526118755,1.9704594314098358
smetric_optimized,codex436:13:436012:607,369.4994239807129,44349,1,3.8626051917672157,3.8630325980484486
smetric_optimized,codex73:7:73006:593,369.59648728370667,31697,1,1.3662132881581783,1.366461854428053
smetric_optimized,codex110:4:110003:609,369.75479221343994,44001,1,2.796340648084879,2.796640045940876
smetric_optimized,codex493:29:493028:551,370.0324659347534,86052,1,3.4079608246684074,3.4084234088659286
smetric_optimized,codex25:14:25013:601,370.1742136478424,42794,1,3.259664736688137,3.260644603520632
smetric_optimized,codex72:13:72012:540,370.4720561504364,90727,1,2.085481695830822,2.085990596562624
smetric_optimized,codex70:27:70026:507,372.1405990123749,97725,1,7.221958555281162,7.222496271133423
smetric_optimized,codex73:8:73007:602,372.2709307670593,38821,1,3.1610774770379066,3.161349695175886
smetric_optimized,codex116:2:116001:619,372.40755820274353,39647,1,6.9468068070709705,6.948468320071697
smetric_optimized,codex422:14:422013:597,372.5329873561859,40792,1,4.686475515365601,4.68673587590456
smetric_optimized,codex509:7:509006:626,373.8567590713501,44064,1,6.213342502713203,6.213900208473206
smetric_optimized,codex108:28:108027:591,374.04390144348145,59630,1,3.179311890155077,3.179705645889044
smetric_optimized,codex135:3:135002:625,374.17556595802307,39788,1,11.81290017068386,11.813151836395264
smetric_optimized,codex506:16:506015:545,374.5164568424225,93738,1,5.803211521357298,5.803727265447378
smetric_optimized,codex152:15:152014:546,374.87613701820374,87856,1,1.6410086043179035,1.641853291541338
smetric_optimized,codex238:24:238023:451,375.4167604446411,150241,1,2.8882516138255596,2.8890635669231415
smetric_optimized,codex315:11:315010:596,375.70858502388,64178,1,2.6226530373096466,2.6230282336473465
smetric_optimized,codex493:30:493029:563,376.0018813610077,89095,1,4.322993595153093,4.3234834261238575
smetric_optimized,codex71:7:71006:615,376.2356402873993,63201,1,9.760959010571241,9.76132446527481
smetric_optimized,codex119:13:119012:589,376.50102829933167,78463,1,9.500962901860476,9.501399587839842
smetric_optimized,codex73:9:73008:613,376.74401235580444,43704,1,1.9045373015105724,1.90482734516263
smetric_optimized,codex192:5:192004:624,377.1219916343689,37765,1,0.6980049908161163,0.6982704065740108
smetric_optimized,codex521:1:521000:634,377.327659368515,13521,1,2.9846637211740017,2.984795995056629
smetric_optimized,codex526:19:526018:560,378.226092338562,62428,1,2.3602882735431194,2.360654555261135
smetric_optimized,codex108:29:108028:598,378.64075207710266,59999,1,2.028604067862034,2.0289559364318848
smetric_optimized,codex483:26:483025:535,379.0577199459076,96435,1,1.0487575978040695,1.049604307860136
smetric_optimized,codex315:12:315011:608,380.03033804893494,67213,1,1.7737853154540062,1.7741865552961826
smetric_optimized,codex203:5:203004:631,380.30717277526855,47824,1,0.9592122808098793,0.9595188200473785
smetric_optimized,codex521:2:521001:645,380.6635184288025,18474,1,0.9263977780938148,0.9265596456825733
smetric_optimized,codex509:8:509007:636,381.58526492118835,45184,1,4.059866789728403,4.060172542929649
smetric_optimized,codex73:10:73009:623,382.1599271297455,44935,1,3.823861114680767,3.8241676799952984
smetric_optimized,codex363:20:363019:559,382.60206842422485,109770,1,3.4142414294183254,3.414807178080082
smetric_optimized,codex506:17:506016:561,382.9221119880676,93935,1,3.086704056710005,3.0871887803077698
smetric_optimized,codex65:26:65025:498,383.39767122268677,127219,1,5.260583836585283,5.26170564815402
smetric_optimized,codex108:30:108029:610,383.59234404563904,60777,1,5.056348133832216,5.058252226561308
smetric_optimized,codex521:3:521002:650,383.67148089408875,24006,1,4.192436333745718,4.19262520596385
smetric_optimized,codex543:16:543015:628,383.8618392944336,59782,1,6.6638256423175335,6.664198473095894
smetric_optimized,codex25:15:25014:632,384.0001735687256,43124,1,13.458808995783329,13.459082406014204
smetric_optimized,codex483:27:483026:547,384.31502175331116,96596,1,2.5888122245669365,2.58946168795228
smetric_optimized,codex72:14:72013:578,384.62414169311523,91340,1,3.587660327553749,3.5881806425750256
smetric_optimized,codex493:31:493030:577,384.9584860801697,104366,1,12.511153105646372,12.511712405830622
smetric_optimized,codex70:28:70027:523,385.33117866516113,98291,1,4.834704201668501,4.835237346589565
smetric_optimized,codex152:16:152015:576,385.63640093803406,88005,1,2.7196431197226048,2.720154359936714
smetric_optimized,codex526:20:526019:575,385.8422021865845,62767,1,2.677827589213848,2.678208451718092
smetric_optimized,codex422:15:422014:627,385.97757625579834,42660,1,2.6670654751360416,2.6725617051124573
smetric_optimized,codex71:8:71007:622,387.3360664844513,66265,1,2.5353664197027683,2.535750161856413
smetric_optimized,codex238:25:238024:470,387.8540940284729,150775,1,2.012461319565773,2.013266071677208
smetric_optimized,codex203:6:203005:651,388.13429617881775,51988,1,9.32802700996399,9.328325144946575
smetric_optimized,codex521:4:521003:653,388.347674369812,33138,1,3.830363515764475,3.8305807635188103
smetric_optimized,codex152:17:152016:581,389.3922824859619,88136,1,0.8219930119812489,0.8224668093025684
smetric_optimized,codex363:21:363020:569,389.7533988952637,110123,1,1.4700991436839104,1.4707064032554626
smetric_optimized,codex361:8:361007:657,389.8547866344452,29784,1,2.320741757750511,2.3209645189344883
smetric_optimized,codex215:8:215007:617,390.1549894809723,60545,1,2.0282859466969967,2.0286490246653557
smetric_optimized,codex73:11:73010:642,390.7399377822876,47407,1,1.4466947689652443,1.446968488395214
smetric_optimized,codex71:9:71008:629,390.99339509010315,73809,1,4.1176620572805405,4.118128061294556
smetric_optimized,codex315:13:315012:639,391.21030139923096,67833,1,0.9806308932602406,0.981015395373106
smetric_optimized,codex238:26:238025:477,391.81466698646545,158093,1,7.873419549316168,7.874538455158472
smetric_optimized,codex72:15:72014:587,392.15000462532043,99459,1,5.346991591155529,5.347501877695322
smetric_optimized,codex361:9:361008:661,392.95053267478943,32933,1,0.9801399260759354,0.9803784713149071
smetric_optimized,codex65:27:65026:513,393.4863226413727,127774,1,1.7213797233998775,1.7220359146595001
smetric_optimized,codex543:17:543016:641,393.720911026001,67574,1,4.877466168254614,4.877988137304783
smetric_optimized,codex110:5:110004:668,393.8728587627411,48340,1,2.8170877397060394,2.8175487890839577
smetric_optimized,codex213:1:213000:676,393.9196996688843,13027,1,2.7394063025712967,2.7397511899471283
smetric_optimized,codex294:3:294002:671,394.23521995544434,30158,1,4.381813112646341,4.382164601236582
smetric_optimized,codex228:27:228026:633,395.52968978881836,85140,1,1.082438476383686,1.0829112380743027
smetric_optimized,codex521:5:521004:670,396.55192852020264,41015,1,3.1719971373677254,3.1723528020083904
smetric_optimized,codex361:10:361009:673,396.800169467926,33505,1,3.0186085030436516,3.0241443179547787
smetric_optimized,codex108:31:108030:640,397.45050835609436,61147,1,2.3732826858758926,2.374237008392811
smetric_optimized,codex526:21:526020:604,398.2707531452179,62969,1,1.5584052838385105,1.5587783865630627
smetric_optimized,codex152:18:152017:606,398.55758690834045,88259,1,1.0112674310803413,1.011803813278675
smetric_optimized,codex213:2:213001:686,398.7254629135132,21057,1,1.5320627205073833,1.5322430543601513
smetric_optimized,codex543:18:543017:647,399.224068403244,69881,1,1.7423480488359928,1.7427741512656212
smetric_optimized,codex509:9:509008:675,399.37279510498047,45999,1,0.8886527307331562,0.8889421746134758
smetric_optimized,codex411:11:411010:674,400.0701529979706,47095,1,1.3693033382296562,1.3695915266871452
smetric_optimized,codex73:12:73011:662,400.2531542778015,48522,1,1.0332340896129608,1.0335424989461899
smetric_optimized,codex135:4:135003:672,400.42376947402954,43030,1,1.83308944106102,1.8333663940429688
smetric_optimized,codex72:16:72015:603,400.74630188941956,100947,1,2.1698005087673664,2.170353215187788
smetric_optimized,codex203:7:203006:663,401.27900290489197,53691,1,1.046675629913807,1.0470037423074245
smetric_optimized,codex521:6:521005:678,401.87269353866577,44376,1,2.786646880209446,2.7869247309863567
smetric_optimized,codex192:6:192005:688,402.00388169288635,41600,1,2.65248204767704,2.6527351662516594
smetric_optimized,codex522:1:522000:695,402.0519666671753,13529,1,2.59844708815217,2.5985845923423767
smetric_optimized,codex73:13:73012:665,402.2489764690399,56464,1,3.2632534131407738,3.263606198132038
smetric_optimized,codex238:27:238026:489,402.8987717628479,160178,1,6.5007717832922935,6.502219062298536
smetric_optimized,codex361:11:361010:681,403.0913133621216,35258,1,1.5625003315508366,1.5627406463027
smetric_optimized,codex152:19:152018:618,403.4153835773468,88423,1,1.9297528639435768,1.9302769750356674
smetric_optimized,codex411:12:411011:679,403.58805561065674,49868,1,2.3810870684683323,2.3814315125346184
smetric_optimized,codex506:18:506017:614,403.9198968410492,94094,1,1.61640739813447,1.6169044747948647
smetric_optimized,codex315:14:315013:667,404.1473093032837,71567,1,5.197537828236818,5.197949156165123
smetric_optimized,codex70:29:70028:555,404.48470401763916,98557,1,4.899498533457518,4.9004247561097145
smetric_optimized,codex116:3:116002:694,404.64594888687134,48493,1,4.704934179782867,4.705223236232996
smetric_optimized,codex543:19:543018:654,405.15185022354126,71484,1,4.207492381334305,4.208209548145533
smetric_optimized,codex436:14:436013:692,405.3348181247711,55251,1,8.54082490503788,8.541758064180613
smetric_optimized,codex25:16:25015:655,405.7416341304779,45536,1,8.139782410115004,8.140211880207062
smetric_optimized,codex65:28:65027:539,406.54778003692627,127879,1,2.8251915387809277,2.8263777419924736
smetric_optimized,codex213:3:213002:704,406.6320331096649,25096,1,1.8444195538759232,1.8446114398539066
smetric_optimized,codex203:8:203007:680,407.43461513519287,57198,1,6.9702915251255035,6.970631688833237
smetric_optimized,codex363:22:363021:621,407.8043532371521,112118,1,3.65801003575325,3.6586092598736286
smetric_optimized,codex294:4:294003:696,407.9423670768738,39887,1,4.572559140622616,4.577796168625355
smetric_optimized,codex522:2:522001:708,407.99484062194824,15958,1,5.4198523834347725,5.420000191777945
smetric_optimized,codex506:19:506018:620,408.3217225074768,94209,1,6.090573970228434,6.091069377958775
smetric_optimized,codex192:7:192006:700,408.4710729122162,41932,1,1.349848285317421,1.3501389659941196
smetric_optimized,codex119:14:119013:656,408.7471535205841,83945,1,4.765297293663025,4.76575306430459
smetric_optimized,codex493:32:493031:616,409.0814063549042,107448,1,5.338711995631456,5.339271694421768
smetric_optimized,codex526:22:526021:635,409.3339924812317,70506,1,4.173182927072048,4.173613429069519
smetric_optimized,codex166:1:166000:715,410.1636176109314,14321,1,1.3592372573912144,1.3593689650297165
smetric_optimized,codex543:20:543019:660,410.57110595703125,71649,1,1.948706079274416,1.9498566426336765
smetric_optimized,codex192:8:192007:705,411.4517979621887,44576,1,1.2249603122472763,1.2252430282533169
smetric_optimized,codex70:30:70029:567,411.9621205329895,99004,1,1.5631692633032799,1.5636910647153854
smetric_optimized,codex152:20:152019:644,412.2428183555603,88547,1,1.276374489068985,1.2768421433866024
smetric_optimized,codex110:6:110005:707,412.4646716117859,53518,1,2.284925878047943,2.285259123891592
smetric_optimized,codex72:17:72016:637,413.2374768257141,101639,1,1.5187638066709042,1.519314255565405
smetric_optimized,codex135:5:135004:702,413.39877343177795,47047,1,2.4796822108328342,2.4799821972846985
smetric_optimized,codex166:2:166001:733,413.4993748664856,25686,1,2.3810897059738636,2.381267249584198
smetric_optimized,codex65:29:65028:557,414.391925573349,129441,1,2.0725722685456276,2.073303699493408
smetric_optimized,codex294:5:294004:706,414.7419180870056,43521,1,1.574723705649376,1.5754592679440975
smetric_optimized,codex213:4:213003:725,414.8913016319275,25687,1,0.9835919141769409,0.9837927334010601
smetric_optimized,codex70:31:70030:571,415.2421097755432,99279,1,1.1517737917602062,1.1523315720260143
smetric_optimized,codex315:15:315014:684,415.51970314979553,75438,1,2.60085067152977,2.6012937799096107
smetric_optimized,codex72:18:72017:643,415.86653780937195,103630,1,2.0675458535552025,2.068115409463644
smetric_optimized,codex509:10:509009:714,416.1369597911835,46638,1,0.5774271227419376,0.5777209885418415
smetric_optimized,codex509:11:509010:718,417.43175315856934,48849,1,1.3539101779460907,1.3542050682008266
smetric_optimized,codex294:6:294005:713,417.6768033504486,48171,1,4.2357522174716,4.236070871353149
smetric_optimized,codex250:20:250019:646,417.9224624633789,70336,1,0.8677407838404179,0.8681318424642086
smetric_optimized,codex213:5:213004:737,418.3960773944855,28569,1,2.1003300473093987,2.10054948925972
smetric_optimized,codex240:1:240000:742,418.4608643054962,13247,1,2.347823951393366,2.3479600697755814
smetric_optimized,codex116:4:116003:723,418.77751421928406,53663,1,3.1391263343393803,3.139462348073721
smetric_optimized,codex65:30:65029:568,419.3978304862976,131046,1,4.933681845664978,4.934887029230595
smetric_optimized,codex363:23:363022:649,419.7645263671875,112236,1,2.161860913038254,2.162462592124939
smetric_optimized,codex315:16:315015:690,420.01466512680054,78032,1,4.387328643351793,4.3877509124577045
smetric_optimized,codex521:7:521006:719,420.1683282852173,48033,1,4.196187783032656,4.200184550136328
smetric_optimized,codex506:20:506019:638,420.48865008354187,94657,1,3.8287168815732002,3.8295927345752716
smetric_optimized,codex152:21:152020:659,420.80193305015564,95587,1,5.282509312033653,5.284473676234484
smetric_optimized,codex509:12:509011:729,420.99206280708313,49988,1,3.3145790062844753,3.315134696662426
smetric_optimized,codex361:12:361011:727,421.1070067882538,35643,1,3.2598567977547646,3.2611349672079086
smetric_optimized,codex108:32:108031:691,421.2975375652313,61445,1,3.0750196054577827,3.0753668434917927
smetric_optimized,codex543:21:543020:682,421.558119058609,71893,1,1.251163475215435,1.2515961863100529
smetric_optimized,codex436:15:436014:717,421.744832277298,56377,1,2.252076257020235,2.25246025621891
smetric_optimized,codex220:4:220003:755,421.9049587249756,40239,1,9.364107474684715,9.36441195383668
smetric_optimized,codex238:28:238027:524,422.6940908432007,175322,1,18.6264492534101,18.627481646835804
smetric_optimized,codex166:3:166002:758,422.80186700820923,29783,1,9.686548452824354,9.686758294701576
smetric_optimized,codex119:15:119014:683,423.21978282928467,96165,1,12.004690036177635,12.005868054926395
smetric_optimized,codex213:6:213005:748,423.4496359825134,29883,1,0.8507467098534107,0.8511049449443817
smetric_optimized,codex543:22:543021:687,424.2908978462219,77440,1,3.1775899305939674,3.1780501157045364
smetric_optimized,codex506:21:506020:648,426.0718672275543,94828,1,0.7062536776065826,0.7067699208855629
smetric_optimized,codex421:1:421000:763,426.5506217479706,13368,1,1.6011650934815407,1.6012879684567451
smetric_optimized,codex436:16:436015:730,426.7546100616455,59349,1,3.006806503981352,3.0071721225976944
smetric_optimized,codex152:22:152021:664,427.193076133728,95756,1,0.9651393555104733,0.9656541720032692
smetric_optimized,codex250:21:250020:666,427.9765422344208,70506,1,2.2310244254767895,2.2314858995378017
smetric_optimized,codex294:7:294006:735,428.14695405960083,51966,1,2.4836074113845825,2.48395948857069
smetric_optimized,codex65:31:65030:582,428.6076993942261,131672,1,2.0424259416759014,2.043648526072502
smetric_optimized,codex152:23:152022:669,428.91917061805725,100235,1,4.012700736522675,4.0132504142820835
smetric_optimized,codex110:7:110006:757,429.0859694480896,54220,1,2.251635868102312,2.251956284046173
smetric_optimized,codex135:6:135005:741,429.2492244243622,52726,1,5.979798216372728,5.980110432952642
smetric_optimized,codex493:33:493032:658,429.6168668270111,122761,1,14.69214242324233,14.69288533180952
smetric_optimized,codex213:7:213006:764,429.7551865577698,30123,1,0.8790665827691555,0.8794298507273197
smetric_optimized,codex521:8:521007:740,429.9200701713562,49998,1,2.0060080364346504,2.006410576403141
smetric_optimized,codex228:28:228027:720,430.1975667476654,85702,1,5.917308706790209,5.917910054326057
smetric_optimized,codex506:22:506021:652,430.5090491771698,95022,1,7.298566732555628,7.299083162099123
smetric_optimized,codex361:13:361012:747,430.6231954097748,35921,1,1.3513968773186207,1.3525932729244232
smetric_optimized,codex108:33:108032:709,430.90119075775146,62096,1,1.0794681087136269,1.079825483262539
smetric_optimized,codex250:22:250021:677,432.8245027065277,70851,1,0.7912984788417816,0.7917131371796131
smetric_optimized,codex71:10:71009:736,434.1133608818054,75076,1,2.044883865863085,2.045301403850317
smetric_optimized,codex315:17:315016:716,434.37057757377625,80181,1,6.982121042907238,6.982559360563755
smetric_optimized,codex266:1:266000:785,434.75453758239746,14201,1,1.6211034543812275,1.6227178126573563
smetric_optimized,codex108:34:108033:721,434.9613666534424,62361,1,1.4199346862733364,1.4202907718718052
smetric_optimized,codex116:5:116004:767,435.14729142189026,55876,1,2.649354200810194,2.649694997817278
smetric_optimized,codex543:23:543022:712,435.80065155029297,78577,1,2.0012685731053352,2.0017078518867493
smetric_optimized,codex166:4:166003:770,435.90419363975525,31663,1,0.9239377044141293,0.9241633340716362
smetric_optimized,codex213:8:213007:781,436.53437304496765,35710,1,2.303192149847746,2.3034427911043167
smetric_optimized,codex421:2:421001:794,436.63585805892944,30402,1,3.4023048989474773,3.4025355912745
smetric_optimized,codex436:17:436016:751,436.82187271118164,59507,1,8.100641153752804,8.101008456200361
smetric_optimized,codex65:32:65031:600,437.3820798397064,131772,1,3.340240728110075,3.3410798348486423
smetric_optimized,codex215:9:215008:739,437.58920073509216,60740,1,4.800059720873833,4.800419181585312
smetric_optimized,codex108:35:108034:728,437.7870144844055,65562,1,4.606129754334688,4.606483373790979
smetric_optimized,codex135:7:135006:754,438.1801588535309,56222,1,3.026397217065096,3.026837695389986
smetric_optimized,codex521:9:521008:759,438.34547209739685,51043,1,4.699565310031176,4.700002443045378
smetric_optimized,codex294:8:294007:761,438.516925573349,54311,1,1.57366231828928,1.573988851159811
smetric_optimized,codex119:16:119015:697,438.8280839920044,97027,1,2.434604685753584,2.4351183399558067
smetric_optimized,codex266:2:266001:802,439.1039025783539,25324,1,3.954468861222267,3.954647548496723
smetric_optimized,codex509:13:509012:773,439.48750925064087,54607,1,5.438362691551447,5.438677694648504
smetric_optimized,codex250:23:250022:693,439.76269721984863,85348,1,8.119363076984882,8.119826294481754
smetric_optimized,codex110:8:110007:779,439.9347803592682,55773,1,1.0939953066408634,1.094333477318287
smetric_optimized,codex166:5:166004:783,441.6050446033478,54050,1,10.46005306020379,10.460457030683756
smetric_optimized,codex543:24:543023:731,442.3796262741089,79148,1,0.8744247891008854,0.8748623207211494
smetric_optimized,codex119:17:119016:703,442.87315917015076,98447,1,2.283968910574913,2.2844985499978065
smetric_optimized,codex548:1:548000:810,442.9499032497406,13754,1,1.2893254794180393,1.2894635163247585
smetric_optimized,codex213:9:213008:800,444.23526668548584,37539,1,11.34554423391819,11.346090853214264
smetric_optimized,codex110:9:110008:791,444.596622467041,73383,1,14.528832282871008,14.529250018298626
smetric_optimized,codex240:2:240001:812,444.6452398300171,14069,1,0.5046878233551979,0.5048272125422955
smetric_optimized,codex215:10:215009:749,444.83078145980835,60991,1,0.7685604691505432,0.7690430581569672
smetric_optimized,codex548:2:548001:821,444.91668677330017,26062,1,4.54091526940465,4.541112441569567
smetric_optimized,codex203:9:203008:769,445.1423625946045,61454,1,2.201584979891777,2.201986115425825
smetric_optimized,codex266:3:266002:813,445.5235481262207,34623,1,2.35264078900218,2.3528833016753197
smetric_optimized,codex421:3:421002:823,446.1054584980011,38488,1,3.3548870980739594,3.3551426753401756
smetric_optimized,codex228:29:228028:756,446.6239974498749,85871,1,2.931782640516758,2.932263996452093
smetric_optimized,codex135:8:135007:772,447.02261877059937,61156,1,3.097172785550356,3.097527861595154
smetric_optimized,codex543:25:543024:744,447.33421516418457,81167,1,1.8020942136645317,1.8025547228753567
smetric_optimized,codex220:5:220004:808,447.67182087898254,41257,1,2.443826898932457,2.4440965056419373
smetric_optimized,codex521:10:521009:776,447.86896204948425,55874,1,2.1259231492877007,2.1262510381639004
smetric_optimized,codex315:18:315017:743,448.85563921928406,82558,1,3.118142746388912,3.118632201105356
smetric_optimized,codex250:24:250023:701,449.12534070014954,85496,1,0.7763735800981522,0.7768529020249844
smetric_optimized,codex25:17:25016:753,449.4509470462799,60104,1,7.288152500987053,7.288695760071278
smetric_optimized,codex294:9:294008:788,449.86188101768494,56891,1,2.116199381649494,2.116530057042837
smetric_optimized,codex361:14:361013:799,450.10925793647766,36031,1,0.6042755916714668,0.6045170463621616
smetric_optimized,codex65:33:65032:630,450.5662546157837,138555,1,10.721046663820744,10.721738439053297
smetric_optimized,codex266:4:266003:827,450.70797991752625,43962,1,9.033840667456388,9.034132666885853
smetric_optimized,codex73:14:73013:792,450.93084502220154,57436,1,1.0541692785918713,1.054494846612215
smetric_optimized,codex509:14:509013:793,451.1026976108551,56082,1,5.938555855304003,5.9388935677707195
smetric_optimized,codex228:30:228029:760,451.38211250305176,86016,1,1.3037497736513615,1.3042580522596836
smetric_optimized,codex506:23:506022:689,451.68505024909973,96366,1,5.3626322112977505,5.363183990120888
smetric_optimized,codex543:26:543025:752,451.9485478401184,84297,1,3.4205197878181934,3.421004619449377
smetric_optimized,codex421:4:421003:833,452.4987416267395,39004,1,3.914632096886635,3.9148767329752445
smetric_optimized,codex548:3:548002:835,452.61593747138977,36619,1,3.795003727078438,3.795247383415699
smetric_optimized,codex294:10:294009:797,453.00966930389404,58948,1,6.101669393479824,6.1020626574754715
smetric_optimized,codex250:25:250024:710,453.36299777030945,85720,1,0.9450656734406948,0.9455657862126827
smetric_optimized,codex116:6:116005:816,454.831919670105,61123,1,4.283154994249344,4.283514097332954
smetric_optimized,codex166:6:166005:805,455.1804714202881,58651,1,3.9405173771083355,3.940857734531164
smetric_optimized,codex73:15:73014:806,455.3592412471771,57760,1,1.0581481084227562,1.0584764629602432
smetric_optimized,codex119:18:119017:738,456.4012758731842,107691,1,12.58917224779725,12.58978359773755
smetric_optimized,codex135:9:135008:796,457.03177976608276,67936,1,14.28690880537033,14.287295125424862
smetric_optimized,codex493:34:493033:698,457.5490891933441,125897,1,7.229225508868694,7.229870870709419
smetric_optimized,codex70:32:70031:685,457.93433594703674,99604,1,1.8142707534134388,1.8147944994270802
smetric_optimized,codex215:11:215010:782,458.130731344223,61506,1,3.135973919183016,3.136337209492922
smetric_optimized,codex220:6:220005:830,458.35345911979675,61910,1,15.696169342845678,15.697130806744099
smetric_optimized,codex509:15:509014:798,458.57889556884766,62314,1,6.191361535340548,6.191746346652508
smetric_optimized,codex108:36:108035:775,458.7848479747772,65785,1,2.4869243688881397,2.487304601818323
smetric_optimized,codex250:26:250025:724,459.0775465965271,85934,1,0.8261362463235855,0.8266083300113678
smetric_optimized,codex382:1:382000:856,459.36514925956726,13800,1,1.6130854599177837,1.6132216900587082
smetric_optimized,codex315:19:315018:766,459.73179841041565,83562,1,1.5470418259501457,1.5474981628358364
smetric_optimized,codex421:5:421004:846,460.5476644039154,45676,1,2.402165960520506,2.40247830376029
smetric_optimized,codex422:16:422015:825,460.68641328811646,42885,1,0.7154499590396881,0.7157170511782169
smetric_optimized,codex250:27:250026:734,460.9718933105469,86264,1,1.2201625853776932,1.2206616178154945
smetric_optimized,codex240:3:240002:863,461.2574715614319,77448,1,23.93960028141737,23.940015576779842
smetric_optimized,codex543:27:543026:778,463.38094329833984,86720,1,21.8226721547544,21.82328212633729
smetric_optimized,codex166:7:166006:820,463.5811839103699,61781,1,2.9815728813409805,2.9819588474929333
smetric_optimized,codex266:5:266004:843,463.7957456111908,48784,1,1.8828776217997074,1.8831951767206192
smetric_optimized,codex70:33:70032:699,464.19627046585083,99805,1,21.01410347223282,21.014626767486334
smetric_optimized,codex228:31:228030:795,464.49061274528503,86103,1,9.565730355679989,9.566196952015162
smetric_optimized,codex110:10:110009:814,464.7609987258911,75626,1,1.842381838709116,1.8428215347230434
smetric_optimized,codex506:24:506023:711,465.292973279953,99771,1,5.210613034665585,5.211160950362682
smetric_optimized,codex294:11:294010:817,465.5799241065979,63225,1,2.540125396102667,2.5405263639986515
smetric_optimized,codex522:3:522002:859,465.672646522522,21076,1,1.116065215319395,1.116243626922369
smetric_optimized,codex25:18:25017:780,466.3337380886078,65021,1,4.162849634885788,4.1632379591465
smetric_optimized,codex110:11:110010:822,467.2751786708832,83909,1,7.355427481234074,7.355887874960899
smetric_optimized,codex234:1:234000:881,467.56068301200867,13534,1,1.4214536771178246,1.4215840063989162
smetric_optimized,codex315:20:315019:786,468.498877286911,84451,1,1.5156543739140034,1.516150813549757
smetric_optimized,codex213:10:213009:838,468.6438274383545,42200,1,6.01527801156044,6.015555143356323
smetric_optimized,codex521:11:521010:831,468.90083026885986,76099,1,11.775949869304895,11.776384614408016
smetric_optimized,codex382:2:382001:890,468.9793140888214,21579,1,5.676421247422695,5.676895808428526
smetric_optimized,codex266:6:266005:857,469.4907066822052,55446,1,11.234481420367956,11.235125735402107
smetric_optimized,codex116:7:116006:849,469.7164387702942,64702,1,15.473193269222975,15.47354881092906
smetric_optimized,codex422:17:422016:848,469.88699889183044,43073,1,10.841806776821613,10.842068798840046
smetric_optimized,codex203:10:203009:834,470.40752720832825,61906,1,0.6612539850175381,0.661624226719141
smetric_optimized,codex522:4:522003:877,470.4891550540924,24602,1,0.8123546987771988,0.8125392906367779
smetric_optimized,codex548:4:548003:887,471.58657002449036,39940,1,1.3523035757243633,1.3525687158107758
smetric_optimized,codex234:2:234001:901,472.07537317276,17820,1,0.8604727871716022,0.8606306798756123
smetric_optimized,codex135:10:135009:803,472.51428627967834,68471,1,1.571558404713869,1.5719473883509636
smetric_optimized,codex203:11:203010:841,472.93004512786865,62773,1,0.9828882962465286,0.983286377042532
smetric_optimized,codex250:28:250027:765,473.39120650291443,86675,1,1.232965737581253,1.233467224985361
smetric_optimized,codex493:35:493034:722,473.8160569667816,134697,1,8.489422667771578,8.490156807005405
smetric_optimized,codex166:8:166007:845,475.58949041366577,65626,1,2.350792706012726,2.3511935360729694
smetric_optimized,codex315:21:315020:807,475.8661735057831,84693,1,1.470221746712923,1.4706934727728367
smetric_optimized,codex508:1:508000:904,475.9173951148987,13678,1,1.4132659621536732,1.4134092144668102
smetric_optimized,codex522:5:522004:899,476.6465108394623,29422,1,1.5819332972168922,1.5821561440825462
smetric_optimized,codex119:19:119018:762,477.0039105415344,109682,1,6.543810769915581,6.544425122439861
smetric_optimized,codex71:11:71010:852,477.30815172195435,91473,1,11.884196795523167,11.884732101112604
smetric_optimized,codex315:22:315021:811,478.5809769630432,85244,1,1.2352816350758076,1.2357747256755829
smetric_optimized,codex110:12:110011:836,478.848760843277,84772,1,1.5731126815080643,1.5735855139791965
smetric_optimized,codex135:11:135010:819,479.06277203559875,69362,1,10.1222428008914,10.12262962386012
smetric_optimized,codex509:16:509015:842,479.3436040878296,63025,1,2.9468465372920036,2.9472217336297035
smetric_optimized,codex548:5:548004:909,479.5092821121216,42982,1,1.2652523033320904,1.2655136659741402
smetric_optimized,codex294:12:294011:855,480.4120442867279,64235,1,0.9514278843998909,0.9518116153776646
smetric_optimized,codex250:29:250028:784,481.071683883667,86844,1,1.2247820608317852,1.2252564504742622
smetric_optimized,codex110:13:110012:839,481.35349440574646,89603,1,5.070168450474739,5.070647694170475
smetric_optimized,codex522:6:522005:912,481.5439658164978,31044,1,1.0877521708607674,1.0879746116697788
smetric_optimized,codex361:15:361014:894,481.67890763282776,42569,1,3.500595275312662,3.5008560121059418
smetric_optimized,codex508:2:508001:925,481.77053332328796,27481,1,3.40460292622447,3.404808346182108
smetric_optimized,codex25:19:25018:818,481.99131965637207,67248,1,1.8107129707932472,1.8110976368188858
smetric_optimized,codex382:3:382002:916,482.086306810379,28437,1,4.378035049885511,4.379080876708031
smetric_optimized,codex215:12:215011:844,482.2793047428131,62237,1,2.904637273401022,2.9050020948052406
smetric_optimized,codex166:9:166008:864,482.62422585487366,66306,1,3.847746703773737,3.848304245620966
smetric_optimized,codex548:6:548005:918,483.2849917411804,47455,1,1.907545667141676,1.9078282788395882
smetric_optimized,codex294:13:294012:866,483.5357611179352,67613,1,1.9028546065092087,1.9032432287931442
smetric_optimized,codex228:32:228031:826,484.18738055229187,86264,1,5.010140474885702,5.010589092969894
smetric_optimized,codex509:17:509016:853,484.7037146091461,64840,1,1.3308633156120777,1.3312584199011326
smetric_optimized,codex220:7:220006:872,484.9010694026947,62358,1,4.279713463038206,4.2800833731889725
smetric_optimized,codex521:12:521011:851,485.1675126552582,76879,1,1.2472232319414616,1.2477684505283833
smetric_optimized,codex203:12:203011:880,485.82277965545654,63167,1,1.1478692218661308,1.1482523083686829
smetric_optimized,codex422:18:422017:869,485.9608829021454,43513,1,0.47346576675772667,0.47372977808117867
smetric_optimized,codex521:13:521012:854,486.9591290950775,77889,1,1.4246460497379303,1.4250709004700184
smetric_optimized,codex548:7:548006:927,487.3860981464386,55517,1,3.477227758616209,3.477594379335642
smetric_optimized,codex203:13:203012:884,487.579776763916,63324,1,0.7989878430962563,0.7993683107197285
smetric_optimized,codex493:36:493035:746,488.2903606891632,143050,1,11.343910474330187,11.345665480941534
smetric_optimized,codex234:3:234002:939,488.37186884880066,22408,1,1.6552763357758522,1.6554577387869358
smetric_optimized,codex213:11:213010:886,488.5299918651581,43628,1,0.7902485243976116,0.7905149795114994
smetric_optimized,codex110:14:110013:850,489.1684105396271,93010,1,4.6630049757659435,4.6635118536651134
smetric_optimized,codex521:14:521013:862,489.60507249832153,79141,1,1.8348196037113667,1.835253681987524
smetric_optimized,codex509:18:509017:868,489.8151652812958,66802,1,9.82675339654088,9.82712446525693
smetric_optimized,codex166:10:166009:875,490.0209994316101,69133,1,3.801707986742258,3.802092671394348
smetric_optimized,codex508:3:508002:940,490.1468572616577,38102,1,3.6612733341753483,3.661529779434204
smetric_optimized,codex116:8:116007:870,490.34330773353577,65345,1,1.0915989130735397,1.0919791013002396
smetric_optimized,codex213:12:213011:895,490.69304037094116,44901,1,3.124748807400465,3.125017672777176
smetric_optimized,codex294:14:294013:888,491.09270119667053,70809,1,2.721801694482565,2.7224338352680206
smetric_optimized,codex506:25:506024:774,491.42340564727783,102551,1,8.225032422691584,8.225662365555763
smetric_optimized,codex135:12:135011:828,491.9997510910034,69800,1,0.7841178178787231,0.784548033028841
smetric_optimized,codex308:1:308000:943,492.16656494140625,13069,1,1.6340315118432045,1.6341675408184528
smetric_optimized,codex250:30:250029:815,492.5601978302002,87014,1,1.2765260003507137,1.2769835032522678
smetric_optimized,codex422:19:422018:893,492.9352548122406,44221,1,0.8903913870453835,0.8906529247760773
smetric_optimized,codex116:9:116008:876,493.1586229801178,71073,1,4.082390036433935,4.082809455692768
smetric_optimized,codex521:15:521014:871,493.43369579315186,81646,1,2.440683990716934,2.4411555118858814
smetric_optimized,codex119:20:119019:789,493.7933716773987,110306,1,1.7080869786441326,1.7086820900440216
smetric_optimized,codex250:31:250030:824,494.70019364356995,87189,1,1.1798886060714722,1.18036138266325
smetric_optimized,codex70:34:70033:726,495.0174083709717,100262,1,2.2300803400576115,2.2306172363460064
smetric_optimized,codex166:11:166010:883,495.24032044410706,69310,1,0.8992715403437614,0.8996709026396275
smetric_optimized,codex135:13:135012:837,495.48856472969055,76197,1,5.4703751020133495,5.470808103680611
smetric_optimized,codex110:15:110014:861,495.861793756485,93781,1,1.396476872265339,1.3969596549868584
smetric_optimized,codex203:14:203013:910,496.452844619751,63474,1,3.215225514024496,3.215584881603718
smetric_optimized,codex508:4:508003:956,496.94519686698914,40130,1,1.5988223999738693,1.5990988090634346
smetric_optimized,codex228:33:228032:847,497.2299633026123,86621,1,3.7345463670790195,3.7350067235529423
smetric_optimized,codex65:34:65033:732,498.01791310310364,143260,1,7.71685628592968,7.717703748494387
smetric_optimized,codex213:13:213012:906,498.1704092025757,46847,1,1.3785116001963615,1.3788180723786354
smetric_optimized,codex71:12:71011:891,498.45709228515625,92769,1,2.5127882920205593,2.5132798217236996
smetric_optimized,codex234:4:234003:963,498.5392236709595,24500,1,0.750024538487196,0.7502206601202488
smetric_optimized,codex266:7:266006:919,499.26616621017456,57975,1,6.899299047887325,6.899634327739477
smetric_optimized,codex382:4:382003:951,500.0090980529785,29089,1,0.7887291014194489,0.788937833160162
smetric_optimized,codex548:8:548007:954,500.2847456932068,60641,1,4.054758720099926,4.05513309314847
smetric_optimized,codex521:16:521015:889,500.5527648925781,83536,1,5.618243884295225,5.618703305721283
smetric_optimized,codex495:1:495000:964,500.60382628440857,13550,1,1.8999933488667011,1.9017382971942425
smetric_optimized,codex220:8:220007:907,500.79113721847534,62623,1,1.7185071744024754,1.7188812717795372
smetric_optimized,codex213:14:213013:913,500.9491157531738,48928,1,1.0211595594882965,1.0214737318456173
smetric_optimized,codex308:2:308001:970,501.08213114738464,30695,1,5.076000697910786,5.076210360974073
smetric_optimized,codex240:4:240003:932,502.9995586872101,80782,1,2.404309645295143,2.4047889672219753
smetric_optimized,codex71:13:71012:903,503.66419434547424,96037,1,3.8225048780441284,3.823029290884733
smetric_optimized,codex495:2:495001:974,503.74251532554626,22485,1,3.7377252243459225,3.7378978319466114
smetric_optimized,codex382:5:382004:962,503.8470859527588,33013,1,1.0840012058615685,1.0842485167086124
smetric_optimized,codex203:15:203014:924,504.3307571411133,63587,1,0.734717134386301,0.7350920662283897
smetric_optimized,codex422:20:422019:921,504.5548806190491,44912,1,1.6071617119014263,1.6074319928884506
smetric_optimized,codex508:5:508004:971,504.72115540504456,50953,1,5.899441745132208,5.8997493870556355
smetric_optimized,codex509:19:509018:892,506.15053939819336,67866,1,0.9773815050721169,0.9777984134852886
smetric_optimized,codex234:5:234004:987,506.8174855709076,27533,1,2.761606514453888,2.761806409806013
smetric_optimized,codex220:9:220008:922,507.4740147590637,62906,1,1.0288233309984207,1.0291993618011475
smetric_optimized,codex110:16:110015:898,508.09237694740295,96634,1,3.3002714551985264,3.3007807061076164
smetric_optimized,codex135:14:135013:860,508.3491370677948,79527,1,3.048479538410902,3.048923745751381
smetric_optimized,codex308:3:308002:981,508.4954867362976,45136,1,6.890938106924295,6.891243975609541
smetric_optimized,codex367:1:367000:988,508.5755512714386,13427,1,2.0420402139425278,2.0421817414462566
smetric_optimized,codex521:17:521016:902,509.13323307037354,84757,1,2.253176786005497,2.2536733485758305
smetric_optimized,codex119:21:119020:832,509.47786498069763,110650,1,5.190766833722591,5.191384125500917
smetric_optimized,codex495:3:495002:982,509.5747356414795,29592,1,8.643045574426651,8.64326785504818
smetric_optimized,codex228:34:228033:879,509.86064887046814,92326,1,6.387978546321392,6.388467557728291
smetric_optimized,codex240:5:240004:946,510.15735602378845,87356,1,5.727689106017351,5.728153716772795
smetric_optimized,codex65:35:65034:745,510.60867714881897,143446,1,5.264488782733679,5.2662840113043785
smetric_optimized,codex548:9:548008:969,510.8315634727478,65934,1,4.559308636933565,4.559693809598684
smetric_optimized,codex70:35:70034:768,511.1509394645691,100487,1,5.103412061929703,5.103924963623285
smetric_optimized,codex215:13:215012:923,511.3729965686798,68935,1,4.531241964548826,4.531630452722311
smetric_optimized,codex116:10:116009:926,513.7662961483002,71365,1,2.475774209946394,2.4762243814766407
smetric_optimized,codex110:17:110016:905,514.1027793884277,100549,1,4.391530565917492,4.392055921256542
smetric_optimized,codex508:6:508005:985,514.2798843383789,53535,1,1.3283944986760616,1.3287313058972359
smetric_optimized,codex135:15:135014:874,514.9809403419495,81068,1,3.506973136216402,3.5074295587837696
smetric_optimized,codex220:10:220009:937,515.1790883541107,63195,1,3.302954774349928,3.303346287459135
smetric_optimized,codex203:16:203015:948,515.3780941963196,63756,1,0.5014545060694218,0.5018175095319748
smetric_optimized,codex521:18:521017:915,516.2301704883575,86341,1,2.269490297883749,2.269945491105318
smetric_optimized,codex70:36:70035:771,516.9596004486084,107679,1,8.24952994287014,8.250111911445856
smetric_optimized,codex65:36:65035:750,517.4618008136749,144677,1,6.2445837296545506,6.245361104607582
smetric_optimized,codex266:8:266007:944,517.6878228187561,63533,1,6.729251615703106,6.729616977274418
smetric_optimized,codex119:22:119021:840,518.0491371154785,110922,1,2.986500356346369,2.987163584679365
smetric_optimized,codex422:21:422020:950,518.2117240428925,49343,1,6.166277073323727,6.166680742055178
smetric_optimized,codex166:12:166011:941,518.4696125984192,75701,1,4.520013991743326,4.520793255418539
smetric_optimized,codex294:15:294014:957,518.9105174541473,76015,1,2.955295566469431,2.9557575546205044
smetric_optimized,codex495:4:495003:992,519.3892810344696,33593,1,3.348060976713896,3.348307441920042
smetric_optimized,codex116:11:116010:934,519.774623632431,74331,1,9.660600792616606,9.661028988659382
smetric_optimized,codex135:16:135015:882,520.057769536972,84262,1,3.0181008391082287,3.018668621778488
smetric_optimized,codex110:18:110017:917,520.5468091964722,101429,1,2.496026784181595,2.4965891130268574
smetric_optimized,codex220:11:220010:947,521.0240325927734,63334,1,2.0813555493950844,2.0817184261977673
smetric_optimized,codex308:4:308003:1002,521.4588921070099,55149,1,3.84187725558877,3.842208955436945
smetric_optimized,codex192:9:192008:1008,523.3380539417267,45161,1,0.6422582678496838,0.6425401233136654
smetric_optimized,codex240:6:240005:968,523.6903908252716,93779,1,5.755347445607185,5.755826722830534
smetric_optimized,codex495:5:495004:998,524.6736273765564,36145,1,1.758684229105711,1.7589484043419361
smetric_optimized,codex524:1:524000:1025,524.9818749427795,13343,1,1.8733160383999348,1.8734422512352467
smetric_optimized,codex220:12:220011:958,525.5940134525299,63422,1,1.26709496229887,1.267477959394455
smetric_optimized,codex228:35:228034:911,525.8967642784119,92883,1,2.214715540409088,2.2152082100510597
smetric_optimized,codex422:22:422021:960,526.0605337619781,49622,1,1.4139856025576591,1.4143256321549416
smetric_optimized,codex234:6:234005:1023,526.1467292308807,27733,1,3.2834595926105976,3.2836575135588646
smetric_optimized,codex135:17:135016:897,526.4248588085175,84462,1,1.6809934377670288,1.6814564354717731
smetric_optimized,codex508:7:508006:1012,526.6232252120972,58721,1,2.816307909786701,2.8166348449885845
smetric_optimized,codex25:20:25019:935,526.8498685359955,67883,1,1.2503783404827118,1.2507607080042362
smetric_optimized,codex522:7:522006:1017,527.2150454521179,32249,1,0.8799294643104076,0.8801514320075512
smetric_optimized,codex308:5:308004:1014,528.0853450298309,94857,1,20.092281967401505,20.093492064625025
smetric_optimized,codex110:19:110018:928,528.6086237430573,102149,1,1.5681580901145935,1.568726785480976
smetric_optimized,codex521:19:521018:938,528.8975126743317,87591,1,2.9745419174432755,2.975009523332119
smetric_optimized,codex215:14:215013:961,529.1160900592804,69501,1,2.7502853721380234,2.7506846450269222
smetric_optimized,codex548:10:548009:1005,529.3166878223419,66477,1,18.845584981143475,18.84621388092637
smetric_optimized,codex382:6:382005:1018,529.4239275455475,33354,1,0.766138918697834,0.7663555257022381
smetric_optimized,codex524:2:524001:1035,529.5653004646301,15215,1,0.4229190945625305,0.4231598377227783
smetric_optimized,codex234:7:234006:1028,530.4147629737854,27798,1,0.22717544808983803,0.22737792506814003
smetric_optimized,codex506:26:506025:867,531.2094721794128,103123,1,2.676886010915041,2.6774189434945583
smetric_optimized,codex524:3:524002:1044,531.2892618179321,22743,1,2.5744792111217976,2.5746600590646267
smetric_optimized,codex116:12:116011:942,531.5159027576447,74885,1,2.3550056517124176,2.355620749294758
smetric_optimized,codex70:37:70036:790,531.8538498878479,107758,1,2.0261920168995857,2.026746865361929
smetric_optimized,codex119:23:119022:878,532.4455981254578,111189,1,1.4475916847586632,1.4481425173580647
smetric_optimized,codex166:13:166012:967,532.7165687084198,76175,1,4.970131013542414,4.9711084216833115
smetric_optimized,codex382:7:382006:1026,532.8326649665833,36273,1,4.229553405195475,4.229810923337936
smetric_optimized,codex65:37:65036:777,533.3000857830048,144800,1,4.409523501992226,4.4102518633008
smetric_optimized,codex508:8:508007:1021,533.4997456073761,59563,1,1.0552614331245422,1.055639211088419
smetric_optimized,codex540:1:540000:1046,533.5674467086792,13170,1,4.112443845719099,4.112568873912096
smetric_optimized,codex543:28:543027:920,533.8560516834259,88356,1,3.8594873026013374,3.8599578365683556
smetric_optimized,codex250:32:250031:930,534.2316970825195,87782,1,3.462874874472618,3.4633436799049377
smetric_optimized,codex135:18:135017:914,534.544721364975,90439,1,5.129390232264996,5.129873313009739
smetric_optimized,codex367:2:367001:1050,534.628523349762,21050,1,3.0530043058097363,3.053161770105362
smetric_optimized,codex220:13:220012:977,534.8462271690369,63602,1,5.149814061820507,5.15057298541069
smetric_optimized,codex521:20:521019:949,535.1464011669159,91257,1,7.142439860850573,7.142949812114239
smetric_optimized,codex294:16:294015:991,535.4017984867096,77208,1,2.326701160520315,2.327120292931795
smetric_optimized,codex524:4:524003:1053,535.4916377067566,27514,1,4.16360754519701,4.163814347237349
smetric_optimized,codex228:36:228035:929,535.7848491668701,93319,1,4.218400441110134,4.218915682286024
smetric_optimized,codex506:27:506026:873,536.1217141151428,103687,1,3.5465055517852306,3.547065604478121
smetric_optimized,codex266:9:266008:978,536.4638323783875,94043,1,18.465028773993254,18.46554346382618
smetric_optimized,codex116:13:116012:952,536.8341467380524,77957,1,8.698853455483913,8.699285600334406
smetric_optimized,codex215:15:215014:972,537.0557279586792,70011,1,9.45500435680151,9.455391455441713
smetric_optimized,codex508:9:508008:1030,537.250893831253,61413,1,2.411299280822277,2.4116700403392315
smetric_optimized,codex70:38:70037:804,537.6615042686462,119108,1,10.556739933788776,10.557353813201189
smetric_optimized,codex119:24:119023:896,538.3620927333832,111503,1,1.69708102196455,1.6977606229484081
smetric_optimized,codex234:8:234007:1051,538.4693658351898,29656,1,1.9319663681089878,1.9322812519967556
smetric_optimized,codex25:21:25020:965,538.738071680069,75891,1,5.2914964184165,5.29190556332469
smetric_optimized,codex250:33:250032:933,539.0664324760437,88180,1,1.3873768225312233,1.3878568410873413
smetric_optimized,codex315:23:315022:973,539.3611845970154,85849,1,4.833526525646448,4.834129624068737
smetric_optimized,codex294:17:294016:996,539.6406991481781,84078,1,6.8655203357338905,6.865993309766054
smetric_optimized,codex540:2:540001:1061,540.1342120170593,14402,1,8.031512700021267,8.031710769981146
smetric_optimized,codex278:1:278000:1073,541.3923447132111,13270,1,14.948771838098764,14.96390113979578
smetric_optimized,codex65:38:65037:787,542.0694389343262,145200,1,14.286364492028952,14.288259293884039
smetric_optimized,codex508:10:508009:1037,542.2782020568848,64813,1,3.2497857250273228,3.2501523196697235
smetric_optimized,codex524:5:524004:1068,542.8638732433319,36321,1,3.6363172829151154,3.6365692168474197
smetric_optimized,codex509:20:509019:983,543.3104462623596,68105,1,0.7146839872002602,0.7150892317295074
smetric_optimized,codex166:14:166013:986,543.9082822799683,80085,1,2.6187367774546146,2.619171626865864
smetric_optimized,codex234:9:234008:1067,544.0169839859009,33258,1,1.5059157982468605,1.5061541385948658
smetric_optimized,codex119:25:119024:908,544.6591472625732,133663,1,22.570233184844255,22.571021262556314
smetric_optimized,codex71:14:71013:994,545.2235701084137,98008,1,21.997454915195704,21.99828939884901
smetric_optimized,codex509:21:509020:990,545.5154113769531,71061,1,1.8915314115583897,1.8919605873525143
smetric_optimized,codex543:29:543028:936,545.8784852027893,88718,1,2.381869360804558,2.3823390379548073
smetric_optimized,codex135:19:135018:931,546.3658833503723,92632,1,22.63411595672369,22.634608153253794
smetric_optimized,codex382:8:382007:1058,546.4941885471344,37675,1,0.7027838565409184,0.7030357494950294
smetric_optimized,codex508:11:508010:1047,547.7315680980682,69388,1,4.134533990174532,4.134909354150295
smetric_optimized,codex215:16:215015:976,547.9521672725677,70169,1,8.410131003707647,8.410519760102034
smetric_optimized,codex25:22:25021:979,548.7079644203186,76161,1,3.1490856036543846,3.1495102904736996
smetric_optimized,codex509:22:509021:995,548.9588558673859,73848,1,2.903251565992832,2.903649028390646
smetric_optimized,codex234:10:234009:1080,549.0679857730865,34730,1,2.783141165971756,2.7833738662302494
smetric_optimized,codex294:18:294017:1004,549.3331201076508,84470,1,1.0122444480657578,1.0127959996461868
smetric_optimized,codex338:1:338000:1096,549.5948467254639,13413,1,2.252507619559765,2.252654641866684
smetric_optimized,codex240:7:240006:1019,550.3337671756744,98294,1,7.507928855717182,7.508567180484533
smetric_optimized,codex543:30:543029:945,550.815895318985,91147,1,7.592958454042673,7.593678064644337
smetric_optimized,codex192:10:192009:1088,550.9750621318817,48402,1,4.809783324599266,4.810097016394138
smetric_optimized,codex166:15:166014:999,551.2505822181702,82303,1,4.563867870718241,4.564792439341545
smetric_optimized,codex548:11:548010:1013,551.4566380977631,68800,1,1.8223668858408928,1.8227747231721878
smetric_optimized,codex382:9:382008:1074,551.5831892490387,40143,1,4.2252418249845505,4.231617320328951
smetric_optimized,codex116:14:116013:966,551.8412449359894,82594,1,6.560556802898645,6.561014834791422
smetric_optimized,codex367:3:367002:1099,552.229243516922,22873,1,6.163170501589775,6.163345765322447
smetric_optimized,codex315:24:315023:997,552.750245809555,86333,1,0.9937494769692421,0.9942490197718143
smetric_optimized,codex25:23:25022:989,553.0335836410522,76547,1,1.4035990498960018,1.4040664732456207
smetric_optimized,codex203:17:203016:1040,553.2696826457977,64489,1,1.199241392314434,1.1996111162006855
smetric_optimized,codex338:2:338001:1106,553.4187047481537,14073,1,2.3996597044169903,2.3998660929501057
smetric_optimized,codex220:14:220013:1015,555.4078299999237,71909,1,13.585839804261923,13.586248110979795
smetric_optimized,codex524:6:524005:1097,555.54927277565,42399,1,2.2533594965934753,2.2537633664906025
smetric_optimized,codex508:12:508011:1064,555.7767288684845,72777,1,2.1309065520763397,2.131326623260975
smetric_optimized,codex278:2:278001:1081,556.859542131424,40498,1,8.20449599251151,8.21470383182168
smetric_optimized,codex421:6:421005:1102,557.5767688751221,46469,1,0.819422721862793,0.819728571921587
smetric_optimized,codex352:1:352000:1113,557.7975714206696,13195,1,1.8169347569346428,1.8170724287629128
smetric_optimized,codex215:17:215016:980,558.1373245716095,70369,1,6.931947857141495,6.936575695872307
smetric_optimized,codex509:23:509022:1011,558.3844976425171,75703,1,2.426827520132065,2.4272856414318085
smetric_optimized,codex25:24:25023:1000,559.1520309448242,76669,1,1.6647353991866112,1.6651504002511501
smetric_optimized,codex65:39:65038:801,559.6056373119354,146842,1,5.478690806776285,5.479576852172613
smetric_optimized,codex203:18:203017:1059,559.8130102157593,64655,1,1.0088520981371403,1.0092130973935127
smetric_optimized,codex543:31:543030:955,560.1943638324738,111657,1,20.53433296084404,20.535028357058764
smetric_optimized,codex294:19:294018:1027,560.4796204566956,84841,1,2.7174824737012386,2.7196013405919075
smetric_optimized,codex116:15:116014:975,560.7771034240723,90999,1,24.415100686252117,24.41565576568246
smetric_optimized,codex495:6:495005:1095,560.997638463974,45157,1,3.862240720540285,3.8628870733082294
smetric_optimized,codex228:37:228036:984,561.4844303131104,93569,1,7.520860221236944,7.521342046558857
smetric_optimized,codex234:11:234010:1109,561.6038911342621,36635,1,1.5974911712110043,1.5977385006844997
smetric_optimized,codex508:13:508012:1079,561.8465592861176,75485,1,3.0715143866837025,3.0719460248947144
smetric_optimized,codex192:11:192010:1103,562.0129535198212,51221,1,3.7884434796869755,3.788860511034727
smetric_optimized,codex352:2:352001:1132,562.1218318939209,33112,1,8.438532810658216,8.440688345581293
smetric_optimized,codex213:15:213014:1065,562.2786240577698,51226,1,3.608046021312475,3.60834252089262
smetric_optimized,codex524:7:524006:1112,562.4297196865082,46973,1,3.4278821907937527,3.4282435439527035
smetric_optimized,codex540:3:540002:1105,562.4963824748993,19816,1,2.365509293973446,2.365656990557909
smetric_optimized,codex166:16:166015:1016,562.7689108848572,82777,1,3.11310501024127,3.1140634082257748
smetric_optimized,codex338:3:338002:1129,562.8287723064423,18120,1,3.0463358238339424,3.0536836870014668
smetric_optimized,codex240:8:240007:1033,563.1838886737823,108287,1,22.06327799335122,22.063855100423098
smetric_optimized,codex422:23:422022:1048,563.7721126079559,50065,1,1.3288320526480675,1.3291261568665504
smetric_optimized,codex315:25:315024:1020,564.1736288070679,86524,1,6.394072610884905,6.394545644521713
smetric_optimized,codex367:4:367003:1116,564.2560119628906,24497,1,0.6463233232498169,0.6464988999068737
smetric_optimized,codex453:1:453000:1146,566.0018589496613,13604,1,1.25670101121068,1.256904747337103
smetric_optimized,codex508:14:508013:1089,566.2624804973602,75668,1,0.9511528834700584,0.9516033828258514
smetric_optimized,codex65:40:65039:809,566.8227808475494,147056,1,2.191634885966778,2.1923867650330067
smetric_optimized,codex250:34:250033:1001,567.1167118549347,88370,1,1.216296374797821,1.2168843187391758
smetric_optimized,codex367:5:367004:1128,567.2054769992828,25192,1,0.3522583357989788,0.352458368986845
smetric_optimized,codex524:8:524007:1125,567.9383187294006,52284,1,2.6533224023878574,2.6536320373415947
smetric_optimized,codex215:18:215017:993,568.3206112384796,70742,1,0.9022936224937439,0.9027194418013096
smetric_optimized,codex367:6:367005:1138,568.4912781715393,29093,1,1.2733493968844414,1.2735447026789188
smetric_optimized,codex422:24:422023:1062,568.656884431839,50351,1,0.970846239477396,0.971175666898489
smetric_optimized,codex540:4:540003:1118,568.7323706150055,21492,1,0.7541273534297943,0.7543040700256824
smetric_optimized,codex508:15:508014:1093,568.9801390171051,76430,1,1.0180718675255775,1.0185020342469215
smetric_optimized,codex213:16:213015:1082,570.4179000854492,56871,1,2.6256731040775776,2.6261177361011505
smetric_optimized,codex338:4:338003:1154,571.0023868083954,19274,1,2.050363600254059,2.050516717135906
smetric_optimized,codex250:35:250034:1009,571.6578278541565,88566,1,1.0144677199423313,1.0149694085121155
smetric_optimized,codex548:12:548011:1066,571.8896610736847,75134,1,6.156571261584759,6.156985640525818
smetric_optimized,codex509:24:509023:1041,572.1659593582153,76825,1,1.845209527760744,1.8456427343189716
smetric_optimized,codex508:16:508015:1100,572.5638449192047,76768,1,0.9895941652357578,0.9900326915085316
smetric_optimized,codex367:7:367006:1149,572.6636784076691,30405,1,1.3422577269375324,1.3424699902534485
smetric_optimized,codex495:7:495006:1120,573.5444023609161,59160,1,8.300809681415558,8.30116457119584
smetric_optimized,codex266:10:266009:1031,573.9964294433594,106556,1,12.786120910197496,12.786725994199514
smetric_optimized,codex215:19:215018:1006,574.2278113365173,71072,1,12.54297699779272,12.543494928628206
smetric_optimized,codex109:1:109000:1179,574.2760949134827,13194,1,1.2170992083847523,1.2172229066491127
smetric_optimized,codex220:15:220014:1032,574.8816006183624,73189,1,3.065857857465744,3.066346514970064
smetric_optimized,codex338:5:338004:1165,575.0290193557739,20016,1,0.35916003212332726,0.3593447767198086
smetric_optimized,codex65:41:65040:829,576.035403251648,147357,1,10.757411126047373,10.75819517672062
smetric_optimized,codex192:12:192011:1142,576.2079975605011,53308,1,1.8329677507281303,1.8332883045077324
smetric_optimized,codex338:6:338005:1173,576.283035993576,23466,1,3.5330922193825245,3.533277962356806
smetric_optimized,codex228:38:228037:1003,576.6069931983948,93856,1,2.098094020038843,2.098612654954195
smetric_optimized,codex509:25:509024:1049,576.8809423446655,78861,1,3.0084917694330215,3.008958339691162
smetric_optimized,codex382:10:382009:1139,577.0185341835022,41835,1,2.864514634013176,2.8647978231310844
smetric_optimized,codex352:3:352002:1170,577.1399188041687,37875,1,6.314374431967735,6.314638551324606
smetric_optimized,codex278:3:278002:1124,577.3139839172363,56304,1,11.957616839557886,11.957943033427
smetric_optimized,codex524:9:524008:1155,577.4903161525726,58195,1,6.767331019043922,6.76767735555768
smetric_optimized,codex422:25:422024:1091,577.645750284195,50473,1,9.116239354014397,9.116560354828835
smetric_optimized,codex250:36:250035:1022,577.925808429718,88765,1,0.9345670752227306,0.9350495561957359
smetric_optimized,codex540:5:540004:1152,578.0321960449219,25445,1,4.6563474759459496,4.656532451510429
smetric_optimized,codex521:21:521020:1036,578.3840103149414,92083,1,10.903247073292732,10.903737932443619
smetric_optimized,codex315:26:315025:1045,578.6886746883392,90219,1,5.595786586403847,5.596292667090893
smetric_optimized,codex220:16:220015:1038,579.5282301902771,74014,1,1.2506260201334953,1.2510356977581978
smetric_optimized,codex508:17:508016:1119,579.8089032173157,85295,1,7.038050804287195,7.038509976118803
smetric_optimized,codex453:2:453001:1203,579.8788256645203,19710,1,2.8076310083270073,2.8077956810593605
smetric_optimized,codex203:19:203018:1115,581.011016368866,64821,1,0.8379324413836002,0.8382919952273369
smetric_optimized,codex382:11:382010:1145,581.1543998718262,44888,1,1.6782395876944065,1.678533136844635
smetric_optimized,codex228:39:228038:1010,581.5218169689178,117981,1,22.449097104370594,22.45035480707884
smetric_optimized,codex71:15:71014:1029,581.833927154541,98540,1,6.322522297501564,6.323052167892456
smetric_optimized,codex119:26:119025:953,582.4704055786133,134362,1,21.654792558401823,21.80202578753233
smetric_optimized,codex495:8:495007:1133,582.6809027194977,63348,1,5.468510318547487,5.4688896127045155
smetric_optimized,codex308:6:308005:1126,583.170342206955,96896,1,6.11107536777854,6.1116021275520325
smetric_optimized,codex192:13:192012:1160,583.3521282672882,56408,1,3.413257636129856,3.413584526628256
smetric_optimized,codex367:8:367007:1189,583.4499936103821,30739,1,0.8032146394252777,0.8034361116588116
smetric_optimized,codex73:16:73015:1158,583.7049791812897,58432,1,5.561872784048319,5.562227800488472
smetric_optimized,codex250:37:250036:1034,584.0163776874542,88903,1,3.167146559804678,3.167631797492504
smetric_optimized,codex234:12:234011:1185,584.1510143280029,41352,1,3.026638016104698,3.0269070118665695
smetric_optimized,codex338:7:338006:1193,584.2475430965424,30098,1,3.0933424197137356,3.0935600735247135
smetric_optimized,codex453:3:453002:1218,584.5885288715363,29336,1,4.409341786056757,4.409560240805149
smetric_optimized,codex382:12:382011:1159,585.5691320896149,47554,1,1.806275051087141,1.8065723478794098
smetric_optimized,codex524:10:524009:1166,585.7593677043915,59340,1,1.0164105407893658,1.0167533531785011
smetric_optimized,codex509:26:509025:1075,586.039309501648,83681,1,4.916847798973322,4.917334038764238
smetric_optimized,codex240:9:240008:1043,586.6157660484314,109312,1,1.5474171973764896,1.547988060861826
smetric_optimized,codex367:9:367008:1200,586.7450973987579,37260,1,4.33720064163208,4.33753352239728
smetric_optimized,codex166:17:166016:1077,587.1680655479431,89973,1,7.781695168465376,7.78220621868968
smetric_optimized,codex192:14:192013:1171,587.6759009361267,58206,1,10.656395707279444,10.656742170453072
smetric_optimized,codex294:20:294019:1101,587.9527385234833,85185,1,1.3500235863029957,1.350479032844305
smetric_optimized,codex524:11:524010:1174,588.1406614780426,59615,1,1.134606745094061,1.1349491477012634
smetric_optimized,codex508:18:508017:1127,588.7962019443512,87075,1,1.822682823985815,1.8232531398534775
smetric_optimized,codex382:13:382012:1172,588.9911649227142,57942,1,9.345638651400805,9.345974318683147
smetric_optimized,codex220:17:220016:1069,589.2558555603027,76492,1,14.87526435405016,14.876849945634604
smetric_optimized,codex521:22:521021:1042,589.9497761726379,93850,1,1.7363565266132355,1.7368723675608635
smetric_optimized,codex338:8:338007:1207,590.0570569038391,33059,1,8.27030485495925,8.270539864897728
smetric_optimized,codex453:4:453003:1227,590.1707646846771,36843,1,2.027998670935631,2.0282517597079277
smetric_optimized,codex109:2:109001:1249,590.5164620876312,15126,1,0.5736165083944798,0.5737451128661633
smetric_optimized,codex88:1:88000:1243,590.6110751628876,14659,1,1.413718093186617,1.4138593673706055
smetric_optimized,codex213:17:213016:1141,590.9352011680603,57604,1,7.405023828148842,7.405343625694513
smetric_optimized,codex294:21:294020:1110,591.3802921772003,85470,1,2.0688105039298534,2.0692660361528397
smetric_optimized,codex315:27:315026:1070,591.6741654872894,90554,1,1.769908469170332,1.7704109735786915
smetric_optimized,codex266:11:266010:1056,592.786452293396,119692,1,15.093084122985601,15.093687511980534
smetric_optimized,codex509:27:509026:1084,593.1027863025665,85401,1,1.9611128717660904,1.961578518152237
smetric_optimized,codex422:26:422025:1107,593.2857842445374,50613,1,14.575975086539984,14.576288100332022
smetric_optimized,codex453:5:453004:1240,593.4333045482635,44232,1,2.404051337391138,2.404337849467993
smetric_optimized,codex278:4:278003:1151,593.9841494560242,69050,1,16.717628054320812,16.71804492548108
smetric_optimized,codex215:20:215019:1024,594.2177500724792,71348,1,16.48826441913843,16.488672263920307
smetric_optimized,codex521:23:521022:1055,594.7717831134796,95256,1,15.940686229616404,15.941192589700222
smetric_optimized,codex88:2:88001:1258,594.8876373767853,28492,1,3.3529597222805023,3.3531687185168266
smetric_optimized,codex109:3:109002:1261,594.9408195018768,16526,1,0.39012758806347847,0.39027566462755203
smetric_optimized,codex71:16:71015:1054,595.8273918628693,103295,1,8.452941354364157,8.453481025993824
smetric_optimized,codex315:28:315027:1083,596.4772186279297,90898,1,1.8694950602948666,1.8699842691421509
smetric_optimized,codex524:12:524011:1201,596.7202956676483,66324,1,4.486880622804165,4.487300522625446
smetric_optimized,codex65:42:65041:858,597.1780614852905,147495,1,13.543592110276222,13.544342443346977
smetric_optimized,codex110:20:110019:1104,597.5372848510742,103938,1,3.7899524196982384,3.7905182652175426
smetric_optimized,codex509:28:509027:1092,597.8384389877319,89233,1,5.365466203540564,5.365968927741051
smetric_optimized,codex308:7:308006:1162,598.2317702770233,99933,1,4.548706531524658,4.549377001821995
smetric_optimized,codex540:6:540005:1217,598.3231122493744,26132,1,0.3658949248492718,0.3661175072193146
smetric_optimized,codex76:1:76000:1269,598.8155791759491,13338,1,1.2560303136706352,1.2562657333910465
smetric_optimized,codex192:15:192014:1177,599.4296219348907,60976,1,1.9247272238135338,1.9250897914171219
smetric_optimized,codex203:20:203019:1188,599.7974667549133,69479,1,3.440889447927475,3.441298086196184
smetric_optimized,codex540:7:540006:1226,600.5196604728699,33333,1,6.704312659800053,6.7045536153018475
smetric_optimized,codex338:9:338008:1220,600.9398021697998,36362,1,1.4365844056010246,1.4368323758244514
smetric_optimized,codex495:9:495008:1187,601.1973712444305,75736,1,11.580524008721113,11.58093898370862
smetric_optimized,codex508:19:508018:1176,602.2475638389587,88617,1,1.7312636524438858,1.7317694425582886
smetric_optimized,codex88:3:88002:1279,602.3633599281311,34393,1,1.6410378888249397,1.6412643603980541
smetric_optimized,codex524:13:524012:1215,602.7141892910004,67273,1,1.226986639201641,1.2273864559829235
smetric_optimized,codex110:21:110020:1111,603.7441592216492,106971,1,4.9038163758814335,4.904387209564447
smetric_optimized,codex213:18:213017:1163,603.9324564933777,58037,1,0.57938576862216,0.5798379182815552
smetric_optimized,codex338:10:338009:1231,604.268890619278,37978,1,4.998917303979397,5.000760722905397
smetric_optimized,codex166:18:166017:1108,604.9858050346375,91447,1,4.289315193891525,4.289828289300203
smetric_optimized,codex119:27:119026:959,605.406555891037,134774,1,2.465695183724165,2.4664001055061817
smetric_optimized,codex192:16:192015:1196,606.0961992740631,61317,1,3.5593790411949158,3.5600238405168056
smetric_optimized,codex71:17:71016:1063,606.4459366798401,107140,1,3.728642124682665,3.7292028069496155
smetric_optimized,codex548:13:548012:1156,606.6948866844177,78730,1,6.420119099318981,6.420541398227215
smetric_optimized,codex88:4:88003:1293,606.8497710227966,47708,1,5.922063298523426,5.922365494072437
smetric_optimized,codex308:8:308007:1183,607.2161481380463,102688,1,5.892662558704615,5.893581714481115
smetric_optimized,codex76:2:76001:1298,607.2773861885071,14216,1,0.9035077318549156,0.9037292338907719
smetric_optimized,codex511:1:511000:1295,607.3240749835968,13052,1,1.7462874352931976,1.7465004213154316
smetric_optimized,codex508:20:508019:1192,607.6557343006134,89622,1,1.5186742208898067,1.5191810242831707
smetric_optimized,codex213:19:213018:1178,607.8521249294281,58279,1,1.808188445866108,1.808520846068859
smetric_optimized,codex540:8:540007:1239,608.1751501560211,34274,1,4.995494835078716,4.996661324054003
smetric_optimized,codex382:14:382013:1213,608.6351993083954,58350,1,1.0513375215232372,1.051671613007784
smetric_optimized,codex73:17:73016:1241,609.0305933952332,58630,1,4.1451610922813416,4.145509093999863
smetric_optimized,codex508:21:508020:1197,610.5665009021759,90565,1,2.2169687040150166,2.2174591086804867
smetric_optimized,codex338:11:338010:1244,610.691917181015,38225,1,0.4340114891529083,0.43426384776830673
smetric_optimized,codex511:2:511001:1307,611.0539970397949,19145,1,1.7133762910962105,1.7135446146130562
smetric_optimized,codex65:43:65042:865,611.817987203598,163302,1,21.232673786580563,21.233509812504053
smetric_optimized,codex110:22:110021:1123,612.2050409317017,117657,1,11.239515498280525,11.241021767258644
smetric_optimized,codex521:24:521023:1060,612.5180234909058,95537,1,22.355759896337986,22.3562673330307
smetric_optimized,codex278:5:278004:1167,612.7610974311829,74462,1,22.10033119469881,22.1007409542799
smetric_optimized,codex511:3:511002:1315,613.8885924816132,27256,1,4.4206664599478245,4.420879792422056
smetric_optimized,codex524:14:524013:1254,614.1513359546661,72043,1,4.490424148738384,4.490844395011663
smetric_optimized,codex382:15:382014:1233,614.6045632362366,59416,1,8.848799649626017,8.849141716957092
smetric_optimized,codex508:22:508021:1211,614.9052608013153,91389,1,3.7422893531620502,3.742785934358835
smetric_optimized,codex234:13:234012:1290,615.051114320755,43580,1,3.5830620862543583,3.5833280347287655
smetric_optimized,codex405:1:405000:1318,615.216249704361,13349,1,2.6804876960814,2.6806201711297035
smetric_optimized,codex88:5:88004:1305,615.788950920105,83870,1,16.519408017396927,16.51986512169242
smetric_optimized,codex422:27:422026:1134,615.9570846557617,50769,1,2.674230020493269,2.674572139978409
smetric_optimized,codex250:38:250037:1122,616.2576901912689,89066,1,3.2658308558166027,3.266312148422003
smetric_optimized,codex213:20:213019:1205,616.4498829841614,58595,1,7.006948597729206,7.00727753713727
smetric_optimized,codex228:40:228039:1052,617.1070857048035,159818,1,37.14301235973835,37.14452025666833
smetric_optimized,codex495:10:495009:1212,617.387699842453,79677,1,8.634053848683834,8.634491998702288
smetric_optimized,codex338:12:338011:1265,617.5303049087524,39217,1,5.918895535171032,5.919133998453617
smetric_optimized,codex308:9:308008:1199,617.8896582126617,104953,1,5.962094467133284,5.962772887200117
smetric_optimized,codex540:9:540008:1255,618.0080869197845,34738,1,1.5082894004881382,1.508536797016859
smetric_optimized,codex294:22:294021:1198,618.3012835979462,85803,1,1.3532911911606789,1.3541680946946144
smetric_optimized,codex166:19:166018:1144,618.6221387386322,92726,1,4.897357702255249,4.8981751427054405
smetric_optimized,codex506:28:506027:1085,619.2305715084076,104305,1,2.1395570151507854,2.140145793557167
smetric_optimized,codex109:4:109003:1335,619.3132431507111,21253,1,1.9940671920776367,1.9943579100072384
smetric_optimized,codex73:18:73017:1263,619.508651971817,59150,1,6.50782011449337,6.50818620249629
smetric_optimized,codex192:17:192016:1246,620.4035642147064,62091,1,3.120919782668352,3.1212785355746746
smetric_optimized,codex250:39:250038:1131,620.9256348609924,97532,1,9.050362266600132,9.050870325416327
smetric_optimized,codex511:4:511003:1325,621.0225510597229,29556,1,0.8943810500204563,0.8946459926664829
smetric_optimized,codex215:21:215020:1057,621.7469987869263,71634,1,13.1099987141788,13.110390026122332
smetric_optimized,codex453:6:453005:1324,621.910459280014,49759,1,6.1629170179367065,6.163327366113663
smetric_optimized,codex405:2:405001:1338,622.6325109004974,21038,1,7.994568150490522,7.994742706418037
smetric_optimized,codex540:10:540009:1275,623.0544338226318,35120,1,7.575698792934418,7.575934559106827
smetric_optimized,codex603:1:603000:1339,623.418363571167,13081,1,1.9944845214486122,1.9974414333701134
smetric_optimized,codex511:5:511004:1334,623.6953880786896,31612,1,1.7196359671652317,1.71985087916255
smetric_optimized,codex508:23:508022:1234,624.2190306186676,91794,1,5.751212149858475,5.751714300364256
smetric_optimized,codex422:28:422027:1157,624.3872995376587,50951,1,1.0759306252002716,1.0762583687901497
smetric_optimized,codex203:21:203020:1271,624.6071636676788,69696,1,1.448039997369051,1.4484433494508266
smetric_optimized,codex548:14:548013:1204,624.8972034454346,85221,1,7.416251663118601,7.416721172630787
smetric_optimized,codex110:23:110022:1135,625.4025979042053,122856,1,6.116698890924454,6.117360100150108
smetric_optimized,codex382:16:382015:1251,626.0069501399994,59787,1,6.291444804519415,6.291793301701546
smetric_optimized,codex234:14:234013:1314,626.2877717018127,53253,1,4.3459259532392025,4.346243921667337
smetric_optimized,codex220:18:220017:1136,626.5856413841248,79623,1,2.595511481165886,2.59598246589303
smetric_optimized,codex338:13:338012:1277,627.2886412143707,43107,1,5.005934730172157,5.006216250360012
smetric_optimized,codex109:5:109004:1351,627.3693850040436,23774,1,0.6851630322635174,0.6853635646402836
smetric_optimized,codex266:12:266011:1117,627.7776620388031,122626,1,7.103487901389599,7.104134075343609
smetric_optimized,codex119:28:119027:1007,628.7628841400146,135074,1,25.497386995702982,25.498067248612642
smetric_optimized,codex421:7:421006:1340,628.9356000423431,50873,1,6.257867656648159,6.258204098790884
smetric_optimized,codex213:21:213020:1236,629.9588391780853,58860,1,2.343308825045824,2.343644328415394
smetric_optimized,codex135:20:135019:1094,630.3182051181793,93271,1,2.1628691628575325,2.1633784621953964
smetric_optimized,codex495:11:495010:1232,630.619796037674,85336,1,5.155733305960894,5.156230326741934
smetric_optimized,codex19:1:19000:1358,631.6290376186371,13527,1,3.211728982627392,3.2118608728051186
smetric_optimized,codex220:19:220018:1148,631.8917756080627,80765,1,2.958574015647173,2.959027763456106
smetric_optimized,codex508:24:508023:1248,632.193696975708,93129,1,2.673607002943754,2.674108099192381
smetric_optimized,codex109:6:109005:1368,632.2885735034943,27996,1,2.5552195496857166,2.5554184690117836
smetric_optimized,codex73:19:73018:1288,633.0358774662018,59246,1,3.0788014866411686,3.0791602544486523
smetric_optimized,codex338:14:338013:1287,633.5410459041595,49664,1,7.263143859803677,7.263514839112759
smetric_optimized,codex110:24:110023:1147,633.9482924938202,124463,1,6.883491948246956,6.884160004556179
smetric_optimized,codex524:15:524014:1304,634.1940402984619,72408,1,2.2234280332922935,2.223861325532198
smetric_optimized,codex135:21:135020:1098,634.504133939743,94132,1,1.9639780707657337,1.9644896015524864
smetric_optimized,codex203:22:203021:1297,634.7237205505371,69892,1,0.7537025585770607,0.7541270926594734
smetric_optimized,codex540:11:540010:1286,634.8365681171417,35958,1,1.2742465138435364,1.274479292333126
smetric_optimized,codex509:29:509028:1202,636.1020450592041,91290,1,4.720454726368189,4.7209583558142185
smetric_optimized,codex382:17:382016:1264,636.7805347442627,59925,1,4.033017687499523,4.033375684171915
smetric_optimized,codex192:18:192017:1291,636.9749848842621,62908,1,3.834663361310959,3.835058771073818
smetric_optimized,codex266:13:266012:1130,637.3700973987579,127463,1,14.565788466483355,14.566541627049446
smetric_optimized,codex521:25:521024:1071,637.6752262115479,95961,1,25.256949543952942,25.258870519697666
smetric_optimized,codex65:44:65043:885,638.3106620311737,178350,1,24.48709011822939,24.488693051040173
smetric_optimized,codex166:20:166019:1195,638.6462168693542,97942,1,6.457906022667885,6.458442777395248
smetric_optimized,codex508:25:508024:1256,638.9399011135101,94403,1,4.180888663977385,4.181396797299385
smetric_optimized,codex278:6:278005:1182,639.1899576187134,77698,1,23.735862016677856,23.742915455251932
smetric_optimized,codex495:12:495011:1252,639.472537279129,86053,1,2.0991928055882454,2.099694110453129
smetric_optimized,codex215:22:215021:1072,639.7005777359009,71920,1,23.10380893945694,23.10442442074418
smetric_optimized,codex19:2:19001:1383,639.7624206542969,18485,1,2.6187253445386887,2.6191665530204773
smetric_optimized,codex315:29:315028:1223,640.1013588905334,91167,1,4.547737207263708,4.548215676099062
smetric_optimized,codex203:23:203022:1312,640.3263168334961,70078,1,2.0335828624665737,2.0340232253074646
smetric_optimized,codex109:7:109006:1390,640.4172470569611,28120,1,1.9663824774324894,1.9665782637894154
smetric_optimized,codex305:1:305000:1389,640.4632225036621,13272,1,2.6508765928447247,2.6509940177202225
smetric_optimized,codex524:16:524015:1321,640.6935002803802,72652,1,3.9480210952460766,3.9491544887423515
smetric_optimized,codex603:2:603001:1391,640.7984552383423,30015,1,3.8379339277744293,3.843663014471531
smetric_optimized,codex213:22:213021:1272,641.9051113128662,59149,1,3.2520345486700535,3.25264623016119
smetric_optimized,codex405:3:405002:1371,641.9875309467316,25234,1,0.9277361705899239,0.9279408864676952
smetric_optimized,codex382:18:382017:1274,642.3507330417633,60121,1,2.810946922749281,2.811293948441744
smetric_optimized,codex421:8:421007:1363,643.1090941429138,53054,1,1.2165405452251434,1.2168913297355175
smetric_optimized,codex135:22:135021:1121,643.9688899517059,94765,1,2.9182778634130955,2.9188042618334293
smetric_optimized,codex509:30:509029:1219,644.2919070720673,95825,1,4.657182451337576,4.657693974673748
smetric_optimized,codex405:4:405003:1385,645.3018171787262,26414,1,1.5770488046109676,1.5772504955530167
smetric_optimized,codex308:10:308009:1281,645.6604926586151,105278,1,3.2827090062201023,3.283311117440462
smetric_optimized,codex603:3:603002:1404,645.8022575378418,41024,1,5.581401016563177,5.581688832491636
smetric_optimized,codex548:15:548014:1260,646.0802924633026,85852,1,2.6159974448382854,2.6164350733160973
smetric_optimized,codex88:6:88005:1354,646.3619363307953,85177,1,2.3289578519761562,2.329418171197176
smetric_optimized,codex109:8:109007:1405,646.4564406871796,28943,1,2.221857737749815,2.222062863409519
smetric_optimized,codex421:9:421008:1373,646.6286835670471,54071,1,2.0563098937273026,2.0566259920597076
smetric_optimized,codex19:3:19002:1399,646.703325510025,23019,1,1.9765301048755646,1.9766966104507446
smetric_optimized,codex338:15:338014:1308,646.8729462623596,54738,1,2.097811870276928,2.098145253956318
smetric_optimized,codex315:30:315029:1245,648.3290364742279,91443,1,3.0662242360413074,3.066713899374008
smetric_optimized,codex166:21:166020:1216,648.6675405502319,98696,1,1.5967684164643288,1.5973134748637676
smetric_optimized,codex524:17:524016:1333,648.9329669475555,73092,1,2.4565303586423397,2.456941805779934
smetric_optimized,codex421:10:421009:1381,649.4687757492065,55248,1,2.405464716255665,2.405812304466963
smetric_optimized,codex405:5:405004:1398,649.7037761211395,31509,1,2.9126194044947624,2.9128557816147804
smetric_optimized,codex508:26:508025:1282,650.0242977142334,97314,1,2.6134394705295563,2.613942064344883
smetric_optimized,codex203:24:203023:1336,650.2528929710388,72772,1,2.372399900108576,2.37282982096076
smetric_optimized,codex540:12:540011:1329,650.4625511169434,37497,1,2.40780658647418,2.4081760235130787
smetric_optimized,codex110:25:110024:1191,650.9928233623505,130593,1,7.983001660555601,7.983662657439709
smetric_optimized,codex109:9:109008:1414,651.091570854187,29512,1,1.5285048373043537,1.5287101119756699
smetric_optimized,codex548:16:548015:1270,651.3648674488068,86601,1,1.554904818534851,1.5553717464208603
smetric_optimized,codex509:31:509030:1237,651.8639445304871,95869,1,0.7682609036564827,0.7687740214169025
smetric_optimized,codex116:16:116015:1175,652.3021314144135,92541,1,1.8374692164361477,1.8380053341388702
smetric_optimized,codex495:13:495012:1285,652.6079566478729,87953,1,3.6702620908617973,3.6707475185394287
smetric_optimized,codex266:14:266013:1143,653.5101602077484,128773,1,9.432082865387201,9.432730611413717
smetric_optimized,codex76:3:76002:1435,653.6197276115417,23907,1,2.4582899063825607,2.4584856182336807
smetric_optimized,codex88:7:88006:1377,654.5765128135681,85868,1,3.7921173982322216,3.7926472164690495
smetric_optimized,codex213:23:213022:1301,654.7677104473114,59761,1,4.191647466272116,4.192022610455751
smetric_optimized,codex308:11:308010:1300,655.1302599906921,110489,1,5.686381384730339,5.6869822666049
smetric_optimized,codex548:17:548016:1278,655.4298465251923,87688,1,10.141201447695494,10.141690094023943
smetric_optimized,codex203:25:203024:1345,655.744167804718,79493,1,4.670452654361725,4.670904908329248
smetric_optimized,codex315:31:315030:1257,656.0565571784973,91825,1,2.9102820716798306,2.91076872497797
smetric_optimized,codex234:15:234014:1393,656.2685766220093,59833,1,9.276051763445139,9.27643609046936
smetric_optimized,codex64:1:64000:1444,656.3301830291748,15360,1,5.883164253085852,5.883394721895456
smetric_optimized,codex305:2:305001:1438,656.4955151081085,48268,1,18.250997725874186,18.251306168735027
smetric_optimized,codex220:20:220019:1235,656.774186372757,81035,1,5.365315519273281,5.365785263478756
smetric_optimized,codex228:41:228040:1078,657.3563618659973,159975,1,2.670328799635172,2.671146720647812
smetric_optimized,codex73:20:73019:1346,657.5749671459198,66572,1,8.005551721900702,8.005909118801355
smetric_optimized,codex405:6:405005:1415,657.678430557251,32366,1,7.869607236236334,7.869815364480019
smetric_optimized,codex116:17:116016:1190,657.9910020828247,94207,1,2.7118666395545006,2.7126990407705307
smetric_optimized,codex135:23:135022:1164,658.3013496398926,95141,1,3.8445356152951717,3.8450403921306133
smetric_optimized,codex524:18:524017:1350,658.611184835434,73425,1,1.4040920175611973,1.4045185334980488
smetric_optimized,codex19:4:19003:1432,658.6920111179352,24233,1,3.1188933104276657,3.1190774105489254
smetric_optimized,codex76:4:76003:1451,658.7717080116272,25454,1,5.164742801338434,5.164940603077412
smetric_optimized,codex421:11:421010:1409,658.9493019580841,56728,1,6.6104328110814095,6.610767751932144
smetric_optimized,codex509:32:509031:1262,659.7441945075989,96219,1,2.4076583608984947,2.4081628657877445
smetric_optimized,codex109:10:109009:1439,660.0051736831665,31416,1,2.127849332988262,2.128141827881336
smetric_optimized,codex228:42:228041:1086,661.4700479507446,161086,1,4.134266097098589,4.13504771143198
smetric_optimized,codex315:32:315031:1268,661.8028974533081,92877,1,3.7736072428524494,3.7740972600877285
smetric_optimized,codex508:27:508026:1311,662.1239640712738,97838,1,12.635287899523973,12.63583505526185
smetric_optimized,codex511:6:511005:1453,662.4262764453888,33753,1,3.1239273473620415,3.1241461597383022
smetric_optimized,codex308:12:308011:1310,663.3421382904053,110647,1,2.252436514943838,2.253000270575285
smetric_optimized,codex88:8:88007:1395,663.6348061561584,87070,1,1.952909391373396,1.9533902443945408
smetric_optimized,codex220:21:220020:1247,663.9292359352112,81185,1,1.6364506520330906,1.636903740465641
smetric_optimized,codex192:19:192018:1353,664.1447896957397,63277,1,2.1147723607718945,2.115221917629242
smetric_optimized,codex521:26:521025:1076,664.471910238266,96170,1,5.2375423684716225,5.238052520900965
smetric_optimized,codex65:45:65044:900,665.130609035492,178525,1,3.582630652934313,3.583525665104389
smetric_optimized,codex116:18:116017:1206,665.4671409130096,97506,1,3.2345153875648975,3.2350615821778774
smetric_optimized,codex443:1:443000:1474,665.5207867622375,13954,1,2.3518126010894775,2.3519693948328495
smetric_optimized,codex266:15:266014:1153,666.1468086242676,131023,1,4.191185642033815,4.191982503980398
smetric_optimized,codex405:7:405006:1424,666.7517328262329,36034,1,1.8397265002131462,1.839997235685587
smetric_optimized,codex453:7:453006:1446,666.9674961566925,55206,1,3.4827437847852707,3.483167577534914
smetric_optimized,codex119:29:119028:1039,667.4143304824829,135575,1,2.133305124938488,2.13400586694479
smetric_optimized,codex509:33:509032:1280,667.7343049049377,96998,1,3.431035552173853,3.431680493056774
smetric_optimized,codex109:11:109010:1463,667.8676960468292,34552,1,3.3244511410593987,3.32495254278183
smetric_optimized,codex215:23:215022:1090,668.0962762832642,72503,1,2.274515327066183,2.2749222740530968
smetric_optimized,codex213:24:213023:1328,668.286518573761,59963,1,1.2011068500578403,1.2014895789325237
smetric_optimized,codex19:5:19004:1461,668.3718087673187,25919,1,2.8228559717535973,2.8230397030711174
smetric_optimized,codex421:12:421011:1418,668.5847420692444,56993,1,1.895309004932642,1.895645685493946
smetric_optimized,codex76:5:76004:1470,668.6909461021423,28859,1,6.045330811291933,6.045544404536486
smetric_optimized,codex220:22:220021:1259,669.4775030612946,81706,1,0.9013051949441433,0.9017491340637207
smetric_optimized,codex234:16:234015:1412,669.9746868610382,64237,1,4.776867568492889,4.777246408164501
smetric_optimized,codex603:4:603003:1481,670.2086071968079,46424,1,4.532259654253721,4.532564088702202
smetric_optimized,codex266:16:266015:1161,671.7956449985504,133399,1,8.597538124769926,8.598223388195038
smetric_optimized,codex421:13:421012:1425,672.0056791305542,57447,1,3.7674413323402405,3.767955906689167
smetric_optimized,codex88:9:88008:1416,672.2983965873718,90774,1,6.562299359589815,6.562777690589428
smetric_optimized,codex521:27:521026:1087,672.6093502044678,100271,1,7.80707485973835,7.807605415582657
smetric_optimized,codex524:19:524018:1392,672.8329970836639,73651,1,6.001508824527264,6.001961037516594
smetric_optimized,codex213:25:213024:1337,673.1090223789215,78231,1,12.096664257347584,12.097450148314238
smetric_optimized,codex109:12:109011:1467,673.2176518440247,35000,1,1.905334409326315,1.905603688210249
smetric_optimized,codex192:20:192019:1376,673.4254331588745,65622,1,6.370410904288292,6.370802860707045
smetric_optimized,codex287:1:287000:1506,673.4904601573944,13449,1,2.520508300513029,2.5207374691963196
smetric_optimized,codex116:19:116018:1225,673.8144578933716,98952,1,5.053019009530544,5.053545091301203
smetric_optimized,codex315:33:315032:1294,674.1421430110931,93620,1,4.712182603776455,4.712676640599966
smetric_optimized,codex220:23:220022:1273,674.4077153205872,82149,1,4.432587716728449,4.4330532513558865
smetric_optimized,codex443:2:443001:1504,674.4659395217896,16212,1,0.7670875191688538,0.7672436200082302
smetric_optimized,codex278:7:278006:1230,674.7275946140289,81070,1,5.682338155806065,5.682789400219917
smetric_optimized,codex405:8:405007:1449,674.9104950428009,37689,1,0.8819672167301178,0.8822163790464401
smetric_optimized,codex509:34:509033:1296,675.6997268199921,97212,1,3.148205615580082,3.148725915700197
smetric_optimized,codex71:18:71017:1289,676.4504940509796,107728,1,2.423333305865526,2.4238902144134045
smetric_optimized,codex135:24:135023:1222,676.7589259147644,96107,1,3.624988626688719,3.6255225874483585
smetric_optimized,codex166:22:166021:1306,677.0961446762085,99435,1,8.11696594953537,8.117492694407701
smetric_optimized,codex234:17:234016:1423,677.3091342449188,66211,1,4.658698581159115,4.659349136054516
smetric_optimized,codex508:28:508027:1322,677.6280798912048,98618,1,5.205416787415743,5.205961413681507
smetric_optimized,codex228:43:228042:1114,678.1910586357117,161638,1,2.211887076497078,2.2126933932304382
smetric_optimized,codex443:3:443002:1517,678.2565631866455,18570,1,2.356989275664091,2.357155494391918
smetric_optimized,codex287:2:287001:1519,678.3311178684235,20698,1,4.487883370369673,4.488061435520649
smetric_optimized,codex308:13:308012:1344,678.7296676635742,110855,1,1.073424719274044,1.0740193873643875
smetric_optimized,codex19:6:19005:1492,678.82080245018,26084,1,0.3406420722603798,0.3408615104854107
smetric_optimized,codex524:20:524019:1396,679.78546667099,73952,1,0.8536650873720646,0.8541262336075306
smetric_optimized,codex116:20:116019:1238,680.1821391582489,100008,1,6.891620337963104,6.892140254378319
smetric_optimized,codex453:8:453007:1491,680.3713114261627,55387,1,0.8923519253730774,0.8927051983773708
smetric_optimized,codex109:13:109012:1494,680.608696937561,35325,1,0.6505199857056141,0.6508115828037262
smetric_optimized,codex355:1:355000:1536,680.8449032306671,13443,1,1.9771039262413979,1.9772295095026493
smetric_optimized,codex88:10:88009:1427,681.2497756481171,100344,1,7.085328474640846,7.08586360514164
smetric_optimized,codex315:34:315033:1302,681.6495525836945,94102,1,1.1899330914020538,1.1904256753623486
smetric_optimized,codex405:9:405008:1480,681.8678152561188,38136,1,0.9573520682752132,0.9576032571494579
smetric_optimized,codex509:35:509034:1309,682.3322625160217,97549,1,1.5280782170593739,1.5286469012498856
smetric_optimized,codex603:5:603004:1514,682.5200834274292,57187,1,6.041093658655882,6.0476472824811935
smetric_optimized,codex294:23:294022:1400,682.797224521637,86381,1,5.769892569631338,5.771089222282171
smetric_optimized,codex71:19:71018:1303,683.6404452323914,108027,1,1.5243126899003983,1.5249205492436886
smetric_optimized,codex511:7:511006:1526,684.0347943305969,34051,1,4.536165412515402,4.536392003297806
smetric_optimized,codex308:14:308013:1356,684.5621497631073,111539,1,2.504358448088169,2.504981804639101
smetric_optimized,codex228:44:228043:1137,685.1477384567261,161800,1,1.9364060871303082,1.9372040778398514
smetric_optimized,codex192:21:192020:1397,685.5225970745087,66102,1,1.569659125059843,1.5700437501072884
smetric_optimized,codex234:18:234017:1436,685.7432129383087,69571,1,4.210305321961641,4.210807714611292
smetric_optimized,codex266:17:266016:1186,686.1875717639923,135808,1,4.170534949749708,4.171256326138973
smetric_optimized,codex509:36:509035:1317,686.5181727409363,97723,1,1.8105368912220001,1.811085820198059
smetric_optimized,codex305:3:305002:1503,686.6899363994598,52310,1,3.2919479720294476,3.2922657020390034
smetric_optimized,codex443:4:443003:1544,686.7667667865753,22883,1,2.722993016242981,2.7231594137847424
smetric_optimized,codex220:24:220023:1299,687.036541223526,82321,1,2.85586828738451,2.8563743010163307
smetric_optimized,codex116:21:116020:1242,687.7084527015686,100282,1,2.1912161633372307,2.191772099584341
smetric_optimized,codex166:23:166022:1316,688.0385506153107,100376,1,3.9908911548554897,3.9919751323759556
smetric_optimized,codex192:22:192021:1406,688.265302658081,70774,1,3.9036585800349712,3.904097132384777
smetric_optimized,codex355:2:355001:1565,688.3203642368317,15996,1,1.1675671599805355,1.1677104532718658
smetric_optimized,codex71:20:71019:1319,689.0736675262451,108198,1,1.4393246062099934,1.439936127513647
smetric_optimized,codex308:15:308014:1364,689.4328598976135,112187,1,2.5375481471419334,2.5382455587387085
smetric_optimized,codex343:1:343000:1566,689.4853386878967,13864,1,2.3934531547129154,2.3935844264924526
smetric_optimized,codex548:18:548017:1347,689.7754812240601,87849,1,2.2641565836966038,2.2646151334047318
smetric_optimized,codex19:7:19006:1534,689.8740849494934,27645,1,0.631632998585701,0.6318453140556812
smetric_optimized,codex508:29:508028:1341,690.3420112133026,99086,1,1.5469613075256348,1.5475380830466747
smetric_optimized,codex405:10:405009:1509,690.4994747638702,39754,1,1.5341892875730991,1.5344510078430176
smetric_optimized,codex443:5:443004:1549,690.5997841358185,25483,1,1.2827510237693787,1.2829493060708046
smetric_optimized,codex511:8:511007:1540,690.9284343719482,34967,1,1.2981478348374367,1.2984945885837078
smetric_optimized,codex352:4:352003:1532,691.0587840080261,39262,1,1.1905058920383453,1.1907614655792713
smetric_optimized,codex71:21:71020:1323,691.4170644283295,108349,1,1.4738076701760292,1.4744264148175716
smetric_optimized,codex266:18:266017:1194,691.8703927993774,138808,1,3.2540275752544403,3.2548349276185036
smetric_optimized,codex343:2:343001:1576,692.1615898609161,31677,1,3.984305229038,3.9845396541059017
smetric_optimized,codex509:37:509036:1330,692.7615194320679,102671,1,5.024907603859901,5.02546726167202
smetric_optimized,codex294:24:294023:1421,693.9947783946991,86649,1,2.1582833640277386,2.1587825529277325
smetric_optimized,codex522:8:522007:1570,694.1100897789001,34866,1,3.700417283922434,3.7007474415004253
smetric_optimized,codex508:30:508029:1348,694.446136713028,101134,1,3.333265818655491,3.33385319262743
smetric_optimized,codex548:19:548018:1355,694.7645530700684,91533,1,6.900326378643513,6.900834955275059
smetric_optimized,codex453:9:453008:1547,695.3683681488037,66248,1,7.66090365499258,7.6624612137675285
smetric_optimized,codex603:6:603005:1546,695.5734837055206,64865,1,4.86692276969552,4.867327563464642
smetric_optimized,codex308:16:308015:1380,695.9428193569183,112833,1,7.09653303027153,7.097154323011637
smetric_optimized,codex443:6:443005:1569,696.0304877758026,26193,1,3.7550393864512444,3.7552314586937428
smetric_optimized,codex109:14:109013:1552,696.1408100128174,35821,1,1.6275324746966362,1.627794548869133
smetric_optimized,codex116:22:116021:1267,696.7182166576385,102294,1,3.0751390121877193,3.075700230896473
smetric_optimized,codex278:8:278007:1292,697.021142244339,86989,1,11.116312641650438,11.116786915808916
smetric_optimized,codex511:9:511008:1557,697.1385190486908,35506,1,3.6673178412020206,3.6675703823566437
smetric_optimized,codex215:24:215023:1180,697.3662710189819,72813,1,17.064001120626926,17.064425326883793
smetric_optimized,codex121:1:121000:1592,697.4273688793182,13242,1,2.35373592749238,2.3538706228137016
smetric_optimized,codex76:6:76005:1558,697.5257384777069,30883,1,0.9815465733408928,0.9818655140697956
smetric_optimized,codex524:21:524020:1456,697.7613210678101,74576,1,3.049474310129881,3.049884431064129
smetric_optimized,codex234:19:234018:1473,698.5003249645233,70264,1,1.3027817495167255,1.303197093307972
smetric_optimized,codex228:45:228044:1184,699.2405495643616,161943,1,2.436439361423254,2.4372461400926113
smetric_optimized,codex266:19:266018:1214,699.7710733413696,151778,1,19.764346435666084,19.765178121626377
smetric_optimized,codex166:24:166023:1342,700.7966766357422,101167,1,1.4501321911811829,1.4506947472691536
smetric_optimized,codex119:30:119029:1140,701.2822797298431,136314,1,2.653448324650526,2.654129859060049
smetric_optimized,codex521:28:521027:1150,701.6506862640381,108272,1,17.861383747309446,17.86195295676589
smetric_optimized,codex121:2:121001:1598,702.2361590862274,38908,1,5.880201101303101,5.880459990352392
smetric_optimized,codex382:19:382018:1448,702.7718822956085,61111,1,1.1552319414913654,1.1556024476885796
smetric_optimized,codex19:8:19007:1579,702.8645186424255,28866,1,5.246509063988924,5.246721766889095
smetric_optimized,codex355:3:355002:1600,702.9452772140503,18287,1,0.9761316627264023,0.9763030409812927
smetric_optimized,codex495:14:495013:1426,703.6235976219177,89872,1,2.5616751573979855,2.5621864274144173
smetric_optimized,codex294:25:294024:1447,703.914901971817,86785,1,0.6236386261880398,0.6241468377411366
smetric_optimized,codex88:11:88010:1496,704.3040854930878,102013,1,1.890233725309372,1.890789270401001
smetric_optimized,codex453:10:453009:1560,705.0067942142487,69592,1,3.121128275990486,3.1215127781033516
smetric_optimized,codex508:31:508030:1370,705.354888677597,102828,1,2.925631172955036,2.9262085929512978
smetric_optimized,codex443:7:443006:1588,705.4505441188812,28143,1,0.7377009019255638,0.7378974333405495
smetric_optimized,codex171:1:171000:1606,705.5005075931549,14166,1,2.770254757255316,2.7731593772768974
smetric_optimized,codex421:14:421013:1541,705.7309491634369,58124,1,2.4010474756360054,2.401376836001873
smetric_optimized,codex352:5:352004:1584,705.8710238933563,40475,1,1.0479583144187927,1.0482615865767002
smetric_optimized,codex192:23:192022:1455,706.1729023456573,71700,1,1.9495693109929562,1.9499690495431423
smetric_optimized,codex71:22:71021:1357,706.6555218696594,108549,1,1.4884897954761982,1.489046599715948
smetric_optimized,codex511:10:511009:1580,706.7786085605621,37135,1,1.335146326571703,1.3353821858763695
smetric_optimized,codex228:46:228045:1208,707.5236928462982,162196,1,1.9372487999498844,1.9381544068455696
smetric_optimized,codex382:20:382019:1465,707.7347564697266,61583,1,1.0814696252346039,1.0818462520837784
smetric_optimized,codex524:22:524021:1485,707.9867331981659,75862,1,3.5983630791306496,3.5987911336123943
smetric_optimized,codex109:15:109014:1590,708.1050071716309,36158,1,0.3937811553478241,0.3940299265086651
smetric_optimized,codex511:11:511010:1587,709.0285217761993,41842,1,2.547563124448061,2.5478330068290234
smetric_optimized,codex287:3:287002:1602,709.1561555862427,25420,1,2.4147681891918182,2.4149665534496307
smetric_optimized,codex121:3:121002:1612,709.4468383789062,43979,1,2.132924761623144,2.133194722235203
smetric_optimized,codex508:32:508031:1382,710.0899319648743,103453,1,1.7068703174591064,1.7074869610369205
smetric_optimized,codex192:24:192023:1464,710.3286526203156,72639,1,3.737839236855507,3.7383263520896435
smetric_optimized,codex421:15:421014:1550,710.5080885887146,58413,1,1.6151097603142262,1.6155150011181831
smetric_optimized,codex305:4:305003:1582,710.690999507904,58398,1,3.5910658165812492,3.5914298221468925
smetric_optimized,codex88:12:88011:1515,711.0293312072754,105642,1,3.6147612780332565,3.6154616475105286
smetric_optimized,codex119:31:119030:1168,711.5599403381348,158070,1,21.25257073715329,21.267825610935688
smetric_optimized,codex506:29:506028:1378,712.5038189888,104777,1,1.8169715218245983,1.8175308145582676
smetric_optimized,codex495:15:495014:1454,712.7996203899384,91844,1,2.457689367234707,2.4582160972058773
smetric_optimized,codex294:26:294025:1483,713.0873301029205,87215,1,2.4938443154096603,2.4943118058145046
smetric_optimized,codex603:7:603006:1594,713.3035061359406,65654,1,2.2721847891807556,2.2725820392370224
smetric_optimized,codex121:4:121003:1622,713.4850921630859,55132,1,6.019213158637285,6.019562490284443
smetric_optimized,codex228:47:228046:1224,714.0528988838196,162335,1,18.772369649261236,18.775452099740505
smetric_optimized,codex382:21:382020:1489,714.2722947597504,61768,1,0.5733760893344879,0.5737437829375267
smetric_optimized,codex71:23:71022:1384,715.2441415786743,109237,1,17.590750861912966,17.591416154056787
smetric_optimized,codex213:26:213025:1437,715.5652420520782,78515,1,0.7583781331777573,0.7588525675237179
smetric_optimized,codex506:30:506029:1387,716.024293422699,105815,1,3.501020185649395,3.501604352146387
smetric_optimized,codex171:2:171001:1635,716.5579822063446,17459,1,0.9382574930787086,0.9384279325604439
smetric_optimized,codex315:35:315034:1407,717.0610961914062,94631,1,2.4565898291766644,2.4572525285184383
smetric_optimized,codex110:26:110025:1375,717.4871075153351,132991,1,5.4370302483439445,5.438068475574255
smetric_optimized,codex453:11:453010:1595,717.7844693660736,72408,1,5.120223443955183,5.1206236481666565
smetric_optimized,codex88:13:88012:1529,718.1345117092133,108359,1,4.779741998761892,4.780301578342915
smetric_optimized,codex308:17:308016:1429,718.5202867984772,115531,1,4.419802233576775,4.4203829653561115
smetric_optimized,codex443:8:443007:1617,718.6294751167297,31486,1,3.993247114121914,3.9934672862291336
smetric_optimized,codex109:16:109015:1610,718.7443671226501,36600,1,1.164665024727583,1.1649255901575089
smetric_optimized,codex64:2:64001:1631,718.8415129184723,23626,1,4.173349421471357,4.173613291233778
smetric_optimized,codex355:4:355003:1646,718.9056715965271,19148,1,3.718481007963419,3.71863317117095
smetric_optimized,codex382:22:382021:1508,719.1227271556854,67239,1,3.806755654513836,3.807127933949232
smetric_optimized,codex343:3:343002:1640,719.2363612651825,34654,1,3.6515926234424114,3.6518233492970467
smetric_optimized,codex524:23:524022:1520,719.4906504154205,76421,1,3.4028293527662754,3.4032732136547565
smetric_optimized,codex287:4:287003:1630,719.903391122818,34404,1,3.132315579801798,3.132533885538578
smetric_optimized,codex220:25:220024:1388,720.4670362472534,82502,1,2.4313920326530933,2.431845173239708
smetric_optimized,codex422:29:422028:1477,720.6329545974731,51055,1,2.2475616596639156,2.247896298766136
smetric_optimized,codex266:20:266019:1221,721.397846698761,152484,1,6.667444013059139,6.668209981173277
smetric_optimized,codex215:25:215024:1209,721.646148443222,73146,1,2.3030090928077698,2.3034299425780773
smetric_optimized,codex278:9:278008:1331,721.9308831691742,87704,1,6.1101251766085625,6.110612295567989
smetric_optimized,codex495:16:495015:1482,722.2184739112854,92501,1,2.85987850651145,2.8603786006569862
smetric_optimized,codex521:29:521028:1169,722.5673072338104,109192,1,5.487096715718508,5.487677928060293
smetric_optimized,codex291:1:291000:1656,722.6194620132446,13540,1,1.5377663262188435,1.5379054844379425
smetric_optimized,codex405:11:405010:1605,722.758535861969,40086,1,0.6313853524625301,0.6316649205982685
smetric_optimized,codex522:9:522008:1634,722.8737349510193,36765,1,2.1521096266806126,2.152383513748646
smetric_optimized,codex192:25:192024:1505,723.7839074134827,73482,1,1.2532915845513344,1.2537162937223911
smetric_optimized,codex352:6:352005:1628,723.9397311210632,45785,1,4.088143516331911,4.088442657142878
smetric_optimized,codex121:5:121004:1638,724.6049489974976,55514,1,0.6206527836620808,0.6209844090044498
smetric_optimized,codex135:25:135024:1361,725.6612951755524,96715,1,2.3856826052069664,2.386210400611162
smetric_optimized,codex495:17:495016:1486,725.9641332626343,94310,1,5.815877962857485,5.816397186368704
smetric_optimized,codex422:30:422029:1490,726.127039194107,51501,1,5.6452308893203735,5.645530506968498
smetric_optimized,codex305:5:305004:1613,726.3230578899384,62841,1,5.478487513959408,5.478835050016642
smetric_optimized,codex64:3:64002:1652,726.4246554374695,31571,1,13.706375107169151,13.706607315689325
smetric_optimized,codex405:12:405011:1618,726.565505027771,42232,1,4.976358897984028,4.976653944700956
smetric_optimized,codex220:26:220025:1401,726.8318874835968,82916,1,5.407720919698477,5.40903752669692
smetric_optimized,codex287:5:287004:1649,726.9602427482605,39036,1,6.200829487293959,6.201109416782856
smetric_optimized,codex121:6:121005:1650,727.1465332508087,57005,1,4.400789923965931,4.401140313595533
smetric_optimized,codex511:12:511011:1627,727.2950441837311,44614,1,4.6439740769565105,4.644380036741495
smetric_optimized,codex110:27:110026:1394,727.7392311096191,133503,1,4.058093514293432,4.058761991560459
smetric_optimized,codex355:5:355004:1662,727.8112528324127,19529,1,0.8273689895868301,0.8275433219969273
smetric_optimized,codex603:8:603007:1624,728.0204374790192,67103,1,4.212881900370121,4.2198996767401695
smetric_optimized,codex506:31:506030:1420,728.6297798156738,106469,1,3.158925171941519,3.1594865694642067
smetric_optimized,codex135:26:135025:1365,729.0576028823853,97709,1,3.19086055457592,3.1913853473961353
smetric_optimized,codex215:26:215025:1229,729.2999653816223,73365,1,2.4686162136495113,2.4690555408596992
smetric_optimized,codex522:10:522009:1653,729.5655348300934,40992,1,6.156910851597786,6.157202184200287
smetric_optimized,codex453:12:453011:1608,729.8709080219269,81153,1,10.354253333061934,10.354704644531012
smetric_optimized,codex308:18:308017:1458,730.2608132362366,116841,1,9.987114991992712,9.989047482609749
smetric_optimized,codex88:14:88013:1559,730.6689052581787,116479,1,9.59391574561596,9.59451849386096
smetric_optimized,codex355:6:355005:1668,730.7403812408447,20242,1,1.5103748589754105,1.5105307027697563
smetric_optimized,codex255:1:255000:1680,730.786404132843,13400,1,3.542234417051077,3.545764833688736
smetric_optimized,codex508:33:508032:1445,731.1772484779358,119532,1,17.96859674528241,17.969273664057255
smetric_optimized,codex521:30:521029:1181,731.5330669879913,110297,1,2.8063159100711346,2.806925557553768
smetric_optimized,codex109:17:109016:1645,731.6597504615784,36781,1,4.198769252747297,4.1992883533239365
smetric_optimized,codex291:2:291001:1689,731.7618939876556,29473,1,4.047385882586241,4.047778971493244
smetric_optimized,codex121:7:121006:1654,732.6757249832153,58654,1,3.187302812933922,3.1876468770205975
smetric_optimized,codex294:27:294026:1553,733.1523008346558,88183,1,1.3082561381161213,1.3087535239756107
smetric_optimized,codex355:7:355006:1675,733.5351595878601,20814,1,0.9341259859502316,0.9343011677265167
smetric_optimized,codex495:18:495017:1497,733.8568003177643,94887,1,6.382733229547739,6.3832169361412525
smetric_optimized,codex511:13:511012:1632,734.006578207016,44782,1,1.371025636792183,1.3713210746645927
smetric_optimized,codex192:26:192025:1542,734.2664391994476,76592,1,5.946088191121817,5.946526192128658
smetric_optimized,codex116:23:116022:1366,734.9342133998871,104587,1,5.321377895772457,5.3219232596457005
smetric_optimized,codex76:7:76006:1664,735.0459976196289,33287,1,3.820792082697153,3.8210585974156857
smetric_optimized,codex135:27:135026:1379,735.3680415153503,98888,1,4.864662628620863,4.865193378180265
smetric_optimized,codex266:21:266020:1253,736.6458613872528,152756,1,3.6283516250550747,3.629120856523514
smetric_optimized,codex343:4:343003:1692,736.7729527950287,37215,1,3.4434636160731316,3.4437011778354645
smetric_optimized,codex213:27:213026:1521,737.0375831127167,79042,1,6.147882230579853,6.148360479623079
smetric_optimized,codex228:48:228047:1250,737.5749704837799,162483,1,5.924898687750101,5.925761599093676
smetric_optimized,codex171:3:171002:1706,737.6643261909485,23441,1,5.8248219676315784,5.825012270361185
smetric_optimized,codex220:27:220026:1419,737.9539062976837,83787,1,6.18888234347105,6.189358226954937
smetric_optimized,codex603:9:603008:1636,738.17231798172,67778,1,3.476621553301811,3.4773025512695312
smetric_optimized,codex291:3:291002:1704,738.2930529117584,37246,1,6.740415122359991,6.7406520284712315
smetric_optimized,codex71:24:71023:1402,738.6546020507812,111358,1,6.394861068576574,6.3954350389540195
smetric_optimized,codex511:14:511013:1642,738.8269650936127,46054,1,5.30919174849987,5.3094889633357525
smetric_optimized,codex315:36:315035:1476,739.1917638778687,95119,1,4.961569637060165,4.962093818932772
smetric_optimized,codex294:28:294027:1571,739.4766073226929,88646,1,4.681907523423433,4.682376742362976
smetric_optimized,codex129:1:129000:1715,739.5266690254211,13392,1,4.710420113056898,4.710649728775024
smetric_optimized,codex166:25:166024:1462,739.8408215045929,102388,1,3.3514209911227226,3.351956143975258
smetric_optimized,codex278:10:278009:1359,740.1216504573822,89368,1,4.042339399456978,4.04282471165061
smetric_optimized,codex255:2:255001:1714,740.2041728496552,21876,1,4.824591230601072,4.824769340455532
smetric_optimized,codex109:18:109017:1661,740.5640377998352,36880,1,4.47169004380703,4.471926420927048
smetric_optimized,codex119:32:119031:1210,741.1650655269623,158692,1,7.99031250551343,7.991141032427549
smetric_optimized,codex121:8:121007:1672,741.3803017139435,60481,1,3.661129392683506,3.6614862643182278
smetric_optimized,codex234:20:234019:1609,741.6206517219543,73486,1,7.539463900029659,7.539858870208263
smetric_optimized,codex266:22:266021:1266,742.9482457637787,153054,1,2.1105091720819473,2.111274875700474
smetric_optimized,codex382:23:382022:1581,743.1746642589569,67754,1,0.9729849398136139,0.973387036472559
smetric_optimized,codex76:8:76007:1681,743.3101880550385,36716,1,3.762755397707224,3.763018097728491
smetric_optimized,codex64:4:64003:1663,743.4829189777374,50085,1,8.250571336597204,8.25087521970272
smetric_optimized,codex192:27:192026:1556,744.0123836994171,89711,1,9.533803228288889,9.534263148903847
smetric_optimized,codex443:9:443008:1685,744.1279907226562,32552,1,0.9031800590455532,0.9033969677984715
smetric_optimized,codex110:28:110027:1433,744.7328159809113,134009,1,8.822277389466763,8.822962649166584
smetric_optimized,codex213:28:213027:1528,745.0208005905151,79993,1,8.505023330450058,8.505483537912369
smetric_optimized,codex355:8:355007:1723,745.300003528595,21090,1,0.29957641661167145,0.29975321516394615
smetric_optimized,codex278:11:278010:1369,745.9980828762054,90883,1,3.762070879340172,3.7626016177237034
smetric_optimized,codex255:3:255002:1725,746.1173317432404,35238,1,5.825411833822727,5.8387531861662865
smetric_optimized,codex521:31:521030:1228,746.4742767810822,110675,1,5.4902262687683105,5.4908809550106525
smetric_optimized,codex266:23:266022:1276,747.0120210647583,153374,1,4.943486627191305,4.945554133504629
smetric_optimized,codex143:1:143000:1736,747.0693414211273,13326,1,4.749285459518433,4.752920236438513
smetric_optimized,codex287:6:287005:1699,747.2089788913727,40846,1,4.518993381410837,4.5192721001803875
smetric_optimized,codex506:32:506031:1478,747.5612139701843,107296,1,4.201645139604807,4.2021927535533905
smetric_optimized,codex422:31:422030:1548,747.7312612533569,51661,1,4.010118491947651,4.0104227848351
smetric_optimized,codex71:25:71024:1413,748.1170618534088,111541,1,3.6377510726451874,3.6384851299226284
smetric_optimized,codex220:28:220027:1431,748.4024655818939,85496,1,3.3446271158754826,3.345102436840534
smetric_optimized,codex121:9:121008:1687,748.6090865135193,62653,1,3.128470491617918,3.128831125795841
smetric_optimized,codex88:15:88014:1589,748.9943873882294,118159,1,2.8352820239961147,2.8358939215540886
smetric_optimized,codex76:9:76008:1693,749.1325578689575,38284,1,2.5901914313435555,2.5904657170176506
smetric_optimized,codex116:24:116023:1408,750.8860166072845,104945,1,2.648855548352003,2.6494224183261395
smetric_optimized,codex540:13:540012:1643,751.0280709266663,39120,1,4.334237277507782,4.334604911506176
smetric_optimized,codex453:13:453012:1644,751.3173360824585,85744,1,5.92114258185029,5.921609774231911
smetric_optimized,codex129:2:129001:1740,751.3933639526367,17430,1,1.724735576659441,1.7248987890779972
smetric_optimized,codex315:37:315036:1507,751.7141606807709,95404,1,1.826831877231598,1.8273352943360806
smetric_optimized,codex421:16:421015:1666,752.5918426513672,59397,1,4.696160938590765,4.696800883859396
smetric_optimized,codex603:10:603009:1674,752.8282821178436,72160,1,4.2750143595039845,4.275443430989981
smetric_optimized,codex220:29:220028:1440,753.1114134788513,85913,1,4.160197675228119,4.160937428474426
smetric_optimized,codex508:34:508033:1472,753.5089814662933,120387,1,1.7426698915660381,1.7433279640972614
smetric_optimized,codex522:11:522010:1724,753.8956739902496,45206,1,3.3961176313459873,3.3963899351656437
smetric_optimized,codex422:32:422031:1561,754.2653257846832,51810,1,1.2314152158796787,1.2318217977881432
smetric_optimized,codex129:3:129002:1754,754.376633644104,21028,1,1.1308329664170742,1.1309996210038662
smetric_optimized,codex228:49:228048:1284,755.045273065567,162992,1,2.068520024418831,2.0693396478891373
smetric_optimized,codex359:1:359000:1779,755.1163516044617,13395,1,1.9799895361065865,1.980117540806532
smetric_optimized,codex355:9:355008:1759,755.1917955875397,23127,1,2.0820256173610687,2.082191128283739
smetric_optimized,codex143:2:143001:1768,755.242169380188,15407,1,1.8552473932504654,1.8553786277770996
smetric_optimized,codex511:15:511014:1684,755.714873790741,46846,1,1.5806103125214577,1.580894224345684
smetric_optimized,codex509:38:509037:1531,756.0696647167206,102837,1,1.0788346454501152,1.0793650224804878
smetric_optimized,codex171:4:171003:1761,756.616003036499,26285,1,2.0645577795803547,2.064763680100441
smetric_optimized,codex110:29:110028:1452,757.0845811367035,137657,1,4.71717718616128,4.71785869076848
smetric_optimized,codex116:25:116024:1422,757.7345612049103,110370,1,11.466541402041912,11.467141281813383
smetric_optimized,codex382:24:382023:1615,757.9562659263611,68095,1,3.8369568400084972,3.837341122329235
smetric_optimized,codex508:35:508034:1484,758.3628647327423,127616,1,10.869996804744005,10.870663847774267
smetric_optimized,codex367:10:367009:1749,758.4906551837921,37372,1,2.298465494066477,2.298722442239523
smetric_optimized,codex421:17:421016:1673,758.6744828224182,59780,1,1.2693251259624958,1.2697082683444023
smetric_optimized,codex109:19:109018:1717,758.8079335689545,40571,1,3.0064839273691177,3.0068202801048756
smetric_optimized,codex294:29:294028:1607,759.1013133525848,88850,1,10.106559671461582,10.107049103826284
smetric_optimized,codex511:16:511015:1696,759.279703617096,53439,1,3.2364965118467808,3.2368367686867714
smetric_optimized,codex506:33:506032:1512,759.8573000431061,108443,1,2.0184046924114227,2.0190615952014923
smetric_optimized,codex421:18:421017:1678,760.7822272777557,61066,1,1.0063676610589027,1.0067421942949295
smetric_optimized,codex215:27:215026:1326,761.2134935855865,74024,1,7.999816153198481,8.000234562903643
smetric_optimized,codex255:4:255003:1770,761.3674132823944,46635,1,7.678792901337147,7.679068170487881
smetric_optimized,codex171:5:171004:1780,761.4616708755493,29642,1,7.298483375459909,7.29870231077075
smetric_optimized,codex315:38:315037:1538,761.7690510749817,95945,1,7.4523713402450085,7.452883243560791
smetric_optimized,codex121:10:121009:1729,762.1278760433197,63915,1,6.911953337490559,6.912323880940676
smetric_optimized,codex422:33:422032:1585,762.5082483291626,53394,1,6.526338469237089,6.526672974228859
smetric_optimized,codex538:1:538000:1809,762.8791670799255,14771,1,4.611379515379667,4.611516326665878
smetric_optimized,codex352:7:352006:1748,763.0486950874329,47625,1,5.99453204870224,5.994832895696163
smetric_optimized,codex506:34:506033:1518,763.4162013530731,112592,1,9.419263858348131,9.41987743973732
smetric_optimized,codex511:17:511016:1703,763.6026504039764,56290,1,15.67779291421175,15.678150426596403
smetric_optimized,codex64:5:64004:1718,763.7816123962402,55367,1,15.510023828595877,15.51034801825881
smetric_optimized,codex382:25:382024:1625,764.0177714824677,73099,1,15.278714943677187,15.279119774699211
smetric_optimized,codex135:28:135027:1459,764.3492343425751,99197,1,14.970860667526722,14.97138560935855
smetric_optimized,codex359:2:359001:1811,764.4452357292175,22881,1,8.729747515171766,8.72991181910038
smetric_optimized,codex421:19:421018:1690,764.6506762504578,63573,1,8.169775560498238,8.170144855976105
smetric_optimized,codex143:3:143002:1797,764.7231059074402,21023,1,8.450002010911703,8.450184792280197
smetric_optimized,codex220:30:220029:1466,764.9978590011597,86243,1,14.304545357823372,14.305007118731737
smetric_optimized,codex110:30:110029:1460,765.457902431488,142985,1,13.873771656304598,13.874499913305044
smetric_optimized,codex278:12:278011:1417,765.7610239982605,91088,1,10.931902792304754,10.94101271405816
smetric_optimized,codex71:26:71025:1457,766.1191773414612,112000,1,4.603424288332462,4.604042157530785
smetric_optimized,codex308:19:308018:1554,766.5029771327972,117624,1,6.34001487493515,6.340635482221842
smetric_optimized,codex287:7:287006:1741,766.6567370891571,45661,1,8.674784254282713,8.675102226436138
smetric_optimized,codex266:24:266023:1313,767.1858911514282,157257,1,9.2325339615345,9.233471155166626
smetric_optimized,codex305:6:305005:1726,767.4699447154999,83028,1,15.12976111471653,15.130264200270176
smetric_optimized,codex603:11:603010:1710,767.7396142482758,76441,1,7.744662955403328,7.7451164945960045
smetric_optimized,codex443:10:443009:1769,767.8648133277893,37755,1,11.001353342086077,11.00161812826991
smetric_optimized,codex343:5:343004:1796,768.0086987018585,43503,1,5.41837665438652,5.41867983341217
smetric_optimized,codex521:32:521031:1283,768.3727743625641,112661,1,8.328423492610455,8.329965278506279
smetric_optimized,codex19:9:19008:1771,768.4679608345032,29005,1,3.7965759374201298,3.796813417226076
smetric_optimized,codex192:28:192027:1597,768.7504193782806,90728,1,6.847197566181421,6.8476718962192535
smetric_optimized,codex524:24:524023:1659,769.0192427635193,78953,1,10.268085360527039,10.268541291356087
smetric_optimized,codex109:20:109019:1739,769.1917898654938,40798,1,3.2804750353097916,3.280757173895836
smetric_optimized,codex422:34:422033:1593,769.8346717357635,53574,1,2.9891309663653374,2.9894346967339516
smetric_optimized,codex215:28:215027:1332,770.544798374176,74342,1,6.163222271949053,6.163631584495306
smetric_optimized,codex522:12:522011:1781,770.709722995758,46478,1,2.118399679660797,2.1186861097812653
smetric_optimized,codex525:1:525000:1832,771.0865619182587,13473,1,1.7276343926787376,1.7277645468711853
smetric_optimized,codex116:26:116025:1430,771.8228278160095,111321,1,3.768687553703785,3.769278008490801
smetric_optimized,codex315:39:315038:1551,772.1454617977142,96141,1,7.168595798313618,7.169099599123001
smetric_optimized,codex129:4:129003:1826,772.2549865245819,33118,1,8.342499304562807,8.342725843191147
smetric_optimized,codex121:11:121010:1737,772.4656143188477,64140,1,8.139982029795647,8.140354208648205
smetric_optimized,codex509:39:509038:1586,772.8069899082184,105173,1,7.805336821824312,7.805897448211908
smetric_optimized,codex294:30:294029:1621,773.1647486686707,89362,1,6.143035862594843,6.143507264554501
smetric_optimized,codex421:20:421019:1697,773.4190454483032,69307,1,8.657757204025984,8.65815668925643
smetric_optimized,codex308:20:308019:1562,774.6235463619232,124873,1,10.89652343839407,10.897162403911352
smetric_optimized,codex291:4:291003:1823,774.78249168396,44742,1,6.2903227508068085,6.290620841085911
smetric_optimized,codex506:35:506034:1530,775.1590654850006,114173,1,5.9315609857439995,5.932261485606432
smetric_optimized,codex171:6:171005:1806,775.2659296989441,30325,1,1.4500114247202873,1.4502206891775131
smetric_optimized,codex538:2:538001:1837,775.3269393444061,18510,1,0.9514377489686012,0.9516085907816887
smetric_optimized,codex343:6:343005:1810,775.4766211509705,43906,1,1.3908067047595978,1.391093648970127
smetric_optimized,codex143:4:143003:1812,775.5702457427979,25319,1,1.271361120045185,1.271634802222252
smetric_optimized,codex540:14:540013:1720,776.1094214916229,49739,1,13.474963407963514,13.475284416228533
smetric_optimized,codex116:27:116026:1442,777.3971743583679,112127,1,3.4119954742491245,3.4125679843127728
smetric_optimized,codex71:27:71026:1488,777.7697312831879,112594,1,3.3105743750929832,3.311174139380455
smetric_optimized,codex352:8:352007:1789,777.9277036190033,48531,1,2.673389494419098,2.673694685101509
smetric_optimized,codex359:3:359002:1831,778.0195097923279,28645,1,4.0484159253537655,4.048641666769981
smetric_optimized,codex192:29:192028:1604,778.3178942203522,91976,1,2.388852261006832,2.3893429525196552
smetric_optimized,codex266:25:266024:1320,778.8553817272186,157568,1,3.230995487421751,3.231768012046814
smetric_optimized,codex525:2:525001:1860,778.9297986030579,18720,1,2.152753110975027,2.1528981514275074
smetric_optimized,codex143:5:143004:1822,779.0318248271942,31073,1,4.797292340546846,4.797519322484732
smetric_optimized,codex255:5:255004:1816,779.191091299057,48439,1,2.8804340921342373,2.8807423040270805
smetric_optimized,codex355:10:355009:1842,779.2726364135742,24392,1,1.3208655081689358,1.3210615888237953
smetric_optimized,codex405:13:405012:1787,779.5780773162842,49310,1,13.685250461101532,13.685583878308535
smetric_optimized,codex511:18:511017:1711,780.0103299617767,60537,1,4.914430752396584,4.9148015677928925
smetric_optimized,codex453:14:453013:1728,780.3135094642639,86427,1,14.023801740258932,14.024309009313583
smetric_optimized,codex382:26:382025:1629,780.5861756801605,78480,1,4.919789358973503,4.920220240950584
smetric_optimized,codex343:7:343006:1827,781.0652282238007,46639,1,3.8548252396285534,3.8551143035292625
smetric_optimized,codex110:31:110030:1475,781.594865322113,143769,1,3.9356964640319347,3.936433158814907
smetric_optimized,codex443:11:443010:1784,781.7349767684937,39207,1,3.1812671683728695,3.1815473921597004
smetric_optimized,codex135:29:135028:1471,782.0579161643982,99701,1,3.4426150247454643,3.44317065179348
smetric_optimized,codex538:3:538002:1869,782.5797562599182,31715,1,6.989415671676397,6.9896439500153065
smetric_optimized,codex64:6:64005:1732,782.8800992965698,60192,1,2.6836166977882385,2.6839696057140827
smetric_optimized,codex71:28:71027:1498,783.2639989852905,117247,1,6.474434394389391,6.475080605596304
smetric_optimized,codex422:35:422034:1616,783.4447321891785,53781,1,2.0650453194975853,2.0653559416532516
smetric_optimized,codex506:36:506035:1545,783.8194770812988,114568,1,5.79144261777401,5.792058669030666
smetric_optimized,codex215:29:215028:1349,784.0882287025452,77035,1,5.492144521325827,5.492584552615881
smetric_optimized,codex294:31:294030:1633,784.3961367607117,89720,1,5.199298780411482,5.199796862900257
smetric_optimized,codex525:3:525002:1878,784.474277973175,22056,1,5.903565865010023,5.903766959905624
smetric_optimized,codex359:4:359003:1836,784.5769200325012,32164,1,4.037824537605047,4.038069024682045
smetric_optimized,codex220:31:220030:1493,784.9086875915527,86568,1,4.6813511736691,4.681823186576366
smetric_optimized,codex355:11:355010:1863,785.0088698863983,26064,1,3.610264040529728,3.6104595214128494
smetric_optimized,codex522:13:522012:1828,785.1739523410797,50783,1,8.092765960842371,8.093075398355722
smetric_optimized,codex278:13:278012:1450,785.4847176074982,91380,1,4.117037262767553,4.117515422403812
smetric_optimized,codex422:36:422035:1620,785.8878743648529,54134,1,3.6848551221191883,3.6851784735918045
smetric_optimized,codex308:21:308020:1572,786.7156467437744,127671,1,9.897277347743511,9.89794085547328
smetric_optimized,codex228:50:228049:1367,787.3024158477783,163264,1,3.555198594927788,3.5561998784542084
smetric_optimized,codex509:40:509039:1599,787.6589276790619,105645,1,8.418718818575144,8.419286489486694
smetric_optimized,codex171:7:171006:1840,787.7799980640411,36539,1,4.802662003785372,4.802927251905203
smetric_optimized,codex421:21:421020:1719,788.003650188446,71225,1,8.065551470965147,8.065997961908579
smetric_optimized,codex76:10:76009:1829,788.1315863132477,39187,1,2.737837813794613,2.738090191036463
smetric_optimized,codex532:1:532000:1896,788.1956732273102,13777,1,6.135935936123133,6.136076357215643
smetric_optimized,codex443:12:443011:1799,788.3525052070618,47998,1,9.865562852472067,9.86587992310524
smetric_optimized,codex603:12:603011:1757,788.608119726181,76920,1,9.616137485951185,9.616568800061941
smetric_optimized,codex64:7:64006:1743,788.9326374530792,96402,1,30.496786072850227,30.49729112908244
smetric_optimized,codex287:8:287007:1803,789.1035742759705,51447,1,7.481717694550753,7.482038099318743
smetric_optimized,codex135:30:135029:1487,789.4472939968109,102061,1,8.785408083349466,8.785974718630314
smetric_optimized,codex359:5:359004:1845,789.56196808815,34111,1,0.8487202562391758,0.848975196480751
smetric_optimized,codex129:5:129004:1862,790.025467634201,40811,1,3.4259163327515125,3.426222361624241
smetric_optimized,codex343:8:343007:1843,790.1957545280457,49169,1,2.9448899440467358,2.9452124796807766
smetric_optimized,codex19:10:19009:1834,790.6237289905548,29334,1,5.832262180745602,5.8324849009513855
smetric_optimized,codex110:32:110031:1499,791.4261801242828,144269,1,5.667134266346693,5.667857561260462
smetric_optimized,codex291:5:291004:1859,791.6098701953888,52285,1,4.978676304221153,4.978977687656879
smetric_optimized,codex521:33:521032:1327,791.9827246665955,113250,1,11.952753949910402,11.953361365944147
smetric_optimized,codex228:51:228050:1372,792.5711948871613,166257,1,6.1406825333833694,6.141496237367392
smetric_optimized,codex121:12:121011:1794,792.7907650470734,64282,1,3.803355373442173,3.8037347234785557
smetric_optimized,codex192:30:192029:1641,793.1310465335846,96912,1,3.952063713222742,3.9526141062378883
smetric_optimized,codex525:4:525003:1894,793.2573137283325,33423,1,9.378791630268097,9.37904305011034
smetric_optimized,codex540:15:540014:1734,793.4454712867737,50398,1,3.1338158436119556,3.1341482773423195
smetric_optimized,codex220:32:220031:1511,793.7582952976227,89769,1,4.943312831223011,4.943814154714346
smetric_optimized,codex215:30:215029:1362,794.0182774066925,77564,1,8.62497153505683,8.625436320900917
smetric_optimized,codex278:14:278013:1468,794.3240995407104,91579,1,8.990807462483644,8.991320580244064
smetric_optimized,codex508:36:508035:1578,794.7663176059723,128214,1,24.695052791386843,24.69572699815035
smetric_optimized,codex506:37:506036:1564,795.1548919677734,116525,1,8.153992936015129,8.1546052955091
smetric_optimized,codex266:26:266025:1352,795.7210741043091,157964,1,2.972824651747942,2.9736124500632286
smetric_optimized,codex511:19:511018:1745,795.9309730529785,61431,1,2.78969681635499,2.790382608771324
smetric_optimized,codex538:4:538003:1901,796.0613479614258,39365,1,7.238596897572279,7.238881092518568
smetric_optimized,codex415:1:415000:1924,796.1228446960449,13003,1,2.103950548917055,2.104065928608179
smetric_optimized,codex422:37:422036:1637,796.2948722839355,54273,1,5.042992480099201,5.043329875916243
smetric_optimized,codex129:6:129005:1880,796.4298560619354,42057,1,4.091582085937262,4.091932337731123
smetric_optimized,codex359:6:359005:1874,796.5719904899597,35567,1,1.6652179397642612,1.6654510498046875
smetric_optimized,codex294:32:294031:1660,797.0679924488068,89894,1,1.6594735272228718,1.6599567905068398
smetric_optimized,codex495:19:495018:1676,797.6350748538971,95900,1,6.290093541145325,6.290635611861944
smetric_optimized,codex116:28:116027:1510,798.027889251709,113026,1,6.407255660742521,6.407899837940931
smetric_optimized,codex143:6:143005:1871,798.2119212150574,32374,1,3.914803672581911,3.915046412497759
smetric_optimized,codex305:7:305006:1800,798.6751778125763,120010,1,36.7035976536572,36.7049376629293
smetric_optimized,codex308:22:308021:1577,799.1634268760681,128183,1,5.312936902046204,5.314099442213774
smetric_optimized,codex71:29:71028:1539,799.6001160144806,117564,1,4.863807365298271,4.864874858409166
smetric_optimized,codex511:20:511019:1753,799.8056812286377,61878,1,10.84648086503148,10.84683295339346
smetric_optimized,codex287:9:287008:1818,799.986644744873,54893,1,4.462019965052605,4.462594632059336
smetric_optimized,codex343:9:343008:1872,800.1589975357056,52930,1,6.556151643395424,6.556578204035759
smetric_optimized,codex421:22:421021:1731,800.3881499767303,71706,1,10.186111859977245,10.186538569629192
smetric_optimized,codex171:8:171007:1875,800.5159764289856,39058,1,6.799154095351696,6.7994063049554825
smetric_optimized,codex522:14:522013:1851,800.6867668628693,52673,1,3.754086147993803,3.754714373499155
smetric_optimized,codex19:11:19010:1850,800.7799952030182,29455,1,4.778678987175226,4.7788964956998825
smetric_optimized,codex266:27:266026:1360,801.3236470222473,158305,1,5.987655684351921,5.98917879909277
smetric_optimized,codex532:2:532001:1929,801.3858716487885,14483,1,2.5414338000118732,2.5415671803057194
smetric_optimized,codex220:33:220032:1522,801.7047073841095,89907,1,9.243333339691162,9.243818145245314
smetric_optimized,codex453:15:453014:1751,802.0060729980469,93907,1,8.585218533873558,8.58571569994092
smetric_optimized,codex359:7:359006:1887,802.1214756965637,36962,1,4.614452421665192,4.614691540598869
smetric_optimized,codex509:41:509040:1619,802.465823173523,106105,1,2.0310623049736023,2.031628116965294
smetric_optimized,codex540:16:540015:1765,802.6302254199982,50937,1,2.9320681653916836,2.93239551410079
smetric_optimized,codex166:26:166025:1655,802.965484380722,102848,1,3.609750796109438,3.610326338559389
smetric_optimized,codex443:13:443012:1817,803.1323351860046,51609,1,6.3572844341397285,6.357730805873871
smetric_optimized,codex255:6:255005:1891,803.2934274673462,50885,1,3.704024713486433,3.704461820423603
smetric_optimized,codex129:7:129006:1895,803.4478597640991,42218,1,1.4594091102480888,1.4597676396369934
smetric_optimized,codex110:33:110032:1524,803.9102382659912,144582,1,3.7160747945308685,3.716812491416931
smetric_optimized,codex524:25:524024:1747,804.1960437297821,79578,1,6.45113106071949,6.4518719762563705
smetric_optimized,codex422:38:422037:1651,804.3722972869873,54467,1,1.1937647424638271,1.194085143506527
smetric_optimized,codex389:1:389000:1956,804.4240431785583,13608,1,3.1884732395410538,3.1929327063262463
smetric_optimized,codex603:13:603012:1791,805.2090265750885,77608,1,5.744306463748217,5.744724422693253
smetric_optimized,codex278:15:278014:1479,805.5309007167816,91781,1,1.8221441768109798,1.8226369842886925
smetric_optimized,codex352:9:352008:1881,805.9157199859619,49439,1,5.026501700282097,5.026808477938175
smetric_optimized,codex88:16:88015:1760,806.3091073036194,119720,1,2.651781603693962,2.652418050915003
smetric_optimized,codex538:5:538004:1917,806.4604470729828,44667,1,2.492474589496851,2.4927679486572742
smetric_optimized,codex19:12:19011:1857,806.5647797584534,33262,1,1.1659192629158497,1.1661480031907558
smetric_optimized,codex540:17:540016:1778,807.2073287963867,51110,1,3.3703908026218414,3.370697021484375
smetric_optimized,codex116:29:116028:1525,808.2326762676239,113412,1,2.3527831733226776,2.3533660881221294
smetric_optimized,codex228:52:228051:1411,808.8103308677673,166832,1,3.435767538845539,3.4367019794881344
smetric_optimized,codex525:5:525004:1923,808.9460480213165,37566,1,3.234490029513836,3.234764337539673
smetric_optimized,codex76:11:76010:1903,809.3640727996826,40365,1,2.869860138744116,2.8701463416218758
smetric_optimized,codex521:34:521033:1343,810.0215401649475,114718,1,4.868748415261507,4.869327671825886
smetric_optimized,codex88:17:88016:1772,810.4215114116669,120979,1,4.4613978266716,4.462039660662413
smetric_optimized,codex359:8:359007:1910,810.564197063446,40918,1,3.5087376050651073,3.509036350995302
smetric_optimized,codex255:7:255006:1911,810.9325039386749,53757,1,3.9314868673682213,3.9318078346550465
smetric_optimized,codex495:20:495019:1707,811.2996461391449,98005,1,8.115905936807394,8.116439756006002
smetric_optimized,codex171:9:171008:1897,811.4306576251984,39249,1,3.214141320437193,3.214417051523924
smetric_optimized,codex405:14:405013:1852,811.5978307723999,52787,1,7.798208519816399,7.7985349260270596
smetric_optimized,codex422:39:422038:1669,811.7809629440308,54723,1,0.831078264862299,0.8314297907054424
smetric_optimized,codex540:18:540017:1785,811.9681158065796,55496,1,7.433275863528252,7.4336147122085094
smetric_optimized,codex511:21:511020:1767,812.1743624210358,62239,1,2.7011160515248775,2.7014690674841404
smetric_optimized,codex139:1:139000:1984,812.230278968811,13365,1,2.628923501819372,2.6290555372834206
smetric_optimized,codex352:10:352009:1893,812.5861868858337,49901,1,2.2854381166398525,2.285739090293646
smetric_optimized,codex421:23:421022:1738,813.001549243927,72277,1,6.405952427536249,6.4063726626336575
smetric_optimized,codex129:8:129007:1928,813.1454870700836,43602,1,1.7220510877668858,1.7223214618861675
smetric_optimized,codex453:16:453015:1773,813.4855253696442,94504,1,5.936846446245909,5.937355682253838
smetric_optimized,codex220:34:220033:1535,813.8039093017578,94841,1,5.637564301490784,5.638079103082418
smetric_optimized,codex215:31:215030:1403,814.0658745765686,77794,1,3.2860367968678474,3.2864968441426754
smetric_optimized,codex266:28:266027:1386,814.6330833435059,158410,1,4.818534214049578,4.820081394165754
smetric_optimized,codex532:3:532002:1966,814.7160074710846,19629,1,4.67688737437129,4.677063651382923
smetric_optimized,codex76:12:76011:1913,814.8551173210144,42001,1,1.7856281623244286,1.7859256938099861
smetric_optimized,codex287:10:287009:1856,815.372320652008,59447,1,4.061836093664169,4.0621824115514755
smetric_optimized,codex166:27:166026:1688,815.7692415714264,116776,1,10.94190688058734,10.942895356565714
smetric_optimized,codex415:2:415001:1991,815.8565125465393,23995,1,5.460831869393587,5.461028564721346
smetric_optimized,codex359:9:359008:1918,815.9893457889557,41753,1,5.875734239816666,5.875996116548777
smetric_optimized,codex291:6:291005:1939,816.1818351745605,59098,1,14.79443597048521,14.794779546558857
smetric_optimized,codex343:10:343009:1912,816.3621187210083,54923,1,5.489676643162966,5.490066319704056
smetric_optimized,codex603:14:603013:1813,816.6334354877472,78300,1,16.268263533711433,16.268716018646955
smetric_optimized,codex506:38:506037:1596,817.0303866863251,121705,1,9.231264159083366,9.231878824532032
smetric_optimized,codex278:16:278015:1516,817.3405675888062,93851,1,4.544421259313822,4.5449239537119865
smetric_optimized,codex139:2:139001:2000,817.4740490913391,34905,1,9.98096152022481,9.98355097323656
smetric_optimized,codex524:26:524025:1783,817.7583956718445,80236,1,15.13289299607277,15.133330006152391
smetric_optimized,codex538:6:538005:1949,817.9704909324646,62184,1,8.267908088862896,8.268265262246132
smetric_optimized,codex352:11:352010:1906,818.162899017334,60687,1,14.713999435305595,14.71576390042901
smetric_optimized,codex389:2:389001:1997,818.2317757606506,18683,1,3.6298552080988884,3.630012173205614
smetric_optimized,codex129:9:129008:1941,818.4260528087616,50699,1,12.541579637676477,12.54189832508564
smetric_optimized,codex110:34:110033:1568,818.8954267501831,144724,1,7.827846195548773,7.828575182706118
smetric_optimized,codex294:33:294032:1733,819.2119061946869,90448,1,8.251671988517046,8.252162300050259
smetric_optimized,codex422:40:422039:1700,819.387081861496,54915,1,11.585202310234308,11.58551936224103
smetric_optimized,codex532:4:532003:1973,819.9500341415405,22655,1,1.8983609825372696,1.8985507860779762
smetric_optimized,codex287:11:287010:1865,820.4457812309265,60562,1,1.4237017408013344,1.4240568093955517
smetric_optimized,codex362:1:362000:2013,820.5062248706818,13910,1,2.916756622493267,2.916901133954525
smetric_optimized,codex405:15:405014:1861,820.6847994327545,53128,1,3.8084052205085754,3.808755438774824
smetric_optimized,codex509:42:509041:1667,821.0712103843689,108512,1,10.632417615503073,10.632987573742867
smetric_optimized,codex421:24:421023:1752,821.3105478286743,72879,1,4.936378929764032,4.936781834810972
smetric_optimized,codex540:19:540018:1798,821.4957768917084,55759,1,3.002370413392782,3.0026964135468006
smetric_optimized,codex495:21:495020:1722,821.8402094841003,101516,1,4.4136462807655334,4.414177391678095
smetric_optimized,codex116:30:116029:1574,822.9434487819672,113614,1,1.563763439655304,1.5643607638776302
smetric_optimized,codex522:15:522014:1927,823.1175782680511,53179,1,3.115801028907299,3.1161456033587456
smetric_optimized,codex278:17:278016:1523,823.4163913726807,94254,1,8.274322051554918,8.274836875498295
smetric_optimized,codex443:14:443013:1868,823.5901188850403,53254,1,9.30659044533968,9.306902673095465
smetric_optimized,codex88:18:88017:1807,823.9805252552032,121486,1,2.289964310824871,2.2905895970761776
smetric_optimized,codex389:3:389002:2006,824.0872638225555,30519,1,6.4970068000257015,6.497221931815147
smetric_optimized,codex343:11:343010:1921,824.2720711231232,55829,1,1.9697823412716389,1.9701053947210312
smetric_optimized,codex511:22:511021:1805,824.4850792884827,64024,1,8.421197950839996,8.421558380126953
smetric_optimized,codex266:29:266028:1410,825.3048572540283,158587,1,6.420607414096594,6.421388879418373
smetric_optimized,codex415:3:415002:2017,825.4388871192932,31464,1,3.512017335742712,3.512341868132353
smetric_optimized,codex521:35:521034:1374,825.8246366977692,115193,1,5.886953961104155,5.887577909976244
smetric_optimized,codex215:32:215031:1428,826.0802638530731,78467,1,5.603438265621662,5.603906307369471
smetric_optimized,codex359:10:359009:1934,826.2229993343353,42626,1,4.552309170365334,4.552608340978622
smetric_optimized,codex343:12:343011:1930,826.964607000351,56822,1,3.816780887544155,3.8171228021383286
smetric_optimized,codex139:3:139002:2014,828.0120589733124,42210,1,4.897773649543524,4.8980503641068935
smetric_optimized,codex532:5:532004:1999,828.0953397750854,24756,1,0.5641887933015823,0.5643900781869888
smetric_optimized,codex241:1:241000:2036,828.5033142566681,13806,1,2.0777721889317036,2.0779049694538116
smetric_optimized,codex121:13:121012:1916,829.1807923316956,64477,1,2.515273004770279,2.515638940036297
smetric_optimized,codex508:37:508036:1603,829.617203950882,129325,1,5.772673264145851,5.773346431553364
smetric_optimized,codex88:19:88018:1820,830.0218968391418,121634,1,2.864561013877392,2.8651694990694523
smetric_optimized,codex76:13:76012:1959,830.164986371994,42708,1,2.7019907645881176,2.7022699899971485
smetric_optimized,codex506:39:506038:1611,830.5715868473053,122486,1,1.728238508105278,1.7289164774119854
smetric_optimized,codex405:16:405015:1888,830.7692155838013,53328,1,0.9472570829093456,0.9475761726498604
smetric_optimized,codex540:20:540019:1824,830.959933757782,55879,1,2.4278571493923664,2.428213208913803
smetric_optimized,codex495:22:495021:1735,831.3378732204437,107449,1,12.591790076345205,12.592366132885218
smetric_optimized,codex532:6:532005:2011,831.4325468540192,27877,1,9.382792502641678,9.383002869784832
smetric_optimized,codex362:2:362001:2040,831.5486640930176,33623,1,9.268952045589685,9.269167460501194
smetric_optimized,codex525:6:525005:1994,831.675411939621,38116,1,1.1966525837779045,1.1968966536223888
smetric_optimized,codex255:8:255007:1976,832.0640461444855,56716,1,1.4512089975178242,1.4515669234097004
smetric_optimized,codex294:34:294033:1758,832.6647615432739,90779,1,1.1010530330240726,1.101558092981577
smetric_optimized,codex129:10:129009:1953,832.8579821586609,53898,1,2.189715538173914,2.1900599747896194
smetric_optimized,codex121:14:121013:1926,834.112363576889,64569,1,0.9402854070067406,0.9406561367213726
smetric_optimized,codex278:18:278017:1533,834.4277331829071,94468,1,1.221902061253786,1.2224222719669342
smetric_optimized,codex139:4:139003:2023,834.593008518219,47567,1,3.7904015816748142,3.7907091416418552
smetric_optimized,codex215:33:215032:1441,834.8579285144806,79008,1,3.465418443083763,3.465874258428812
smetric_optimized,codex443:15:443014:1879,835.039085149765,53933,1,3.348654869943857,3.3489713706076145
smetric_optimized,codex359:11:359010:1955,835.6393406391144,44533,1,2.678794801235199,2.679105367511511
smetric_optimized,codex511:23:511022:1821,836.3804159164429,64384,1,2.0120995827019215,2.0124726332724094
smetric_optimized,codex129:11:129010:1961,836.5617592334747,55724,1,1.8380592465400696,1.8383866250514984
smetric_optimized,codex294:35:294034:1776,836.890362739563,90980,1,1.6325823962688446,1.633122030645609
smetric_optimized,codex272:1:272000:2051,836.9456448554993,13914,1,3.863892886787653,3.864025369286537
smetric_optimized,codex255:9:255008:1990,837.1346957683563,57208,1,9.581538878381252,9.581881456077099
smetric_optimized,codex343:13:343012:1952,837.3211195468903,56899,1,1.9427890814840794,1.9431452080607414
smetric_optimized,codex509:43:509042:1691,837.6829035282135,108769,1,3.1462969593703747,3.1468720883131027
smetric_optimized,codex389:4:389003:2033,837.8661255836487,51075,1,8.845515593886375,8.845839645713568
smetric_optimized,codex522:16:522015:1970,838.0432662963867,54274,1,6.69250101596117,6.700562261044979
smetric_optimized,codex421:25:421024:1804,838.3100383281708,77016,1,6.43320444598794,6.434330251067877
smetric_optimized,codex241:2:241001:2055,838.3745412826538,15900,1,2.4361248947679996,2.4362607300281525
smetric_optimized,codex540:21:540020:1838,839.0397918224335,56413,1,5.7088914178311825,5.709224760532379
smetric_optimized,codex291:7:291006:1972,839.2552943229675,60642,1,1.5668088123202324,1.56716638058424
smetric_optimized,codex266:30:266029:1434,840.371431350708,158976,1,6.366672076284885,6.367476679384708
smetric_optimized,codex308:23:308022:1682,840.801206111908,128344,1,4.007994119077921,4.008737321943045
smetric_optimized,codex352:12:352011:1940,841.0331060886383,60970,1,0.6935573220252991,0.6939604170620441
smetric_optimized,codex272:2:272001:2060,841.3687283992767,15607,1,0.39094193652272224,0.39107856526970863
smetric_optimized,codex343:14:343013:1969,843.0098762512207,61619,1,3.710094016045332,3.7104391157627106
smetric_optimized,codex506:40:506039:1648,843.4157819747925,124542,1,5.603448815643787,5.604102425277233
smetric_optimized,codex291:8:291007:1986,843.6309061050415,63982,1,11.32845700532198,11.328862812370062
smetric_optimized,codex524:27:524026:1825,843.9157183170319,83632,1,2.8120165690779686,2.812502186745405
smetric_optimized,codex272:3:272002:2067,844.1010036468506,24304,1,2.460818827152252,2.4610052704811096
smetric_optimized,codex603:15:603014:1853,845.0804634094238,78928,1,1.8038338460028172,1.8043081499636173
smetric_optimized,codex278:19:278018:1573,845.387665271759,94632,1,3.6231873221695423,3.62370203435421
smetric_optimized,codex215:34:215033:1469,845.6520297527313,79424,1,3.3468507416546345,3.3473336659371853
smetric_optimized,codex495:23:495022:1746,846.0037031173706,107912,1,3.996729113161564,3.99730658903718
smetric_optimized,codex421:26:421025:1814,846.269513130188,79898,1,3.0625503212213516,3.0630048848688602
smetric_optimized,codex234:21:234020:1957,846.5532166957855,79915,1,3.8727567233145237,3.8732410930097103
smetric_optimized,codex359:12:359011:1987,846.7030606269836,45144,1,0.6454446651041508,0.6457658521831036
smetric_optimized,codex129:12:129011:1992,847.2768447399139,63261,1,6.726319704204798,6.726693965494633
smetric_optimized,codex76:14:76013:2015,847.5365641117096,44893,1,1.4670359641313553,1.4681441411376
smetric_optimized,codex294:36:294035:1815,847.8371798992157,91188,1,1.1880421750247478,1.1885224916040897
smetric_optimized,codex308:24:308023:1698,848.2725653648376,128498,1,1.7359096966683865,1.7365477234125137
smetric_optimized,codex139:5:139004:2047,848.4478662014008,50678,1,4.45916498452425,4.459500167518854
smetric_optimized,codex603:16:603015:1864,848.7210626602173,79149,1,5.277614340186119,5.278151705861092
smetric_optimized,codex352:13:352012:1968,848.9258015155792,61281,1,3.9864936880767345,3.986858058720827
smetric_optimized,codex359:13:359012:1996,849.9866042137146,49965,1,5.5860331133008,5.586336012929678
smetric_optimized,codex143:7:143006:2041,850.2589545249939,41790,1,5.307934518903494,5.308197561651468
smetric_optimized,codex521:36:521035:1443,850.9999418258667,115505,1,4.582814443856478,4.583467181771994
smetric_optimized,codex506:41:506040:1657,851.4227302074432,125231,1,4.177123636007309,4.17774810642004
smetric_optimized,codex76:15:76014:2021,851.584234714508,45903,1,6.902589503675699,6.9028881676495075
smetric_optimized,codex509:44:509043:1730,851.942923784256,108914,1,3.6487571112811565,3.6493192464113235
smetric_optimized,codex443:16:443015:1932,852.1213390827179,54470,1,4.047218807041645,4.047573555260897
smetric_optimized,codex532:7:532006:2044,852.2188854217529,29611,1,3.3433020561933517,3.343529999256134
smetric_optimized,codex405:17:405016:1962,852.3959949016571,53785,1,10.888134486973286,10.888485386967659
smetric_optimized,codex121:15:121014:1989,852.6061527729034,65258,1,4.136071279644966,4.136461392045021
smetric_optimized,codex524:28:524027:1841,852.88365483284,84477,1,3.9893024414777756,3.989776350557804
smetric_optimized,codex540:22:540021:1873,853.0991268157959,58499,1,3.6698446832597256,3.670190341770649
smetric_optimized,codex308:25:308024:1709,853.5084707736969,128619,1,16.020398646593094,16.02110342308879
smetric_optimized,codex422:41:422040:1782,853.6880452632904,55093,1,3.017214599996805,3.0176971033215523
smetric_optimized,codex538:7:538006:2043,853.8976671695709,66776,1,4.5937159061431885,4.594115175306797
smetric_optimized,codex241:3:241002:2092,853.9899017810822,27170,1,8.298706293106079,8.29891912266612
smetric_optimized,codex40:1:40000:2099,854.0499012470245,13459,1,4.78487204387784,4.785102613270283
smetric_optimized,codex495:24:495023:1774,854.4751813411713,128966,1,20.842169478535652,20.842832688242197
smetric_optimized,codex110:35:110034:1639,854.9460327625275,146863,1,12.683547921478748,12.684991635382175
smetric_optimized,codex234:22:234021:1977,855.2282221317291,82270,1,3.0437483116984367,3.0442172959446907
smetric_optimized,codex272:4:272003:2097,855.380788564682,45359,1,12.216111220419407,12.216548796743155
smetric_optimized,codex389:5:389004:2057,855.5536372661591,55170,1,2.721857361495495,2.722174771130085
smetric_optimized,codex215:35:215034:1500,856.1439161300659,79792,1,2.1373824924230576,2.1378226280212402
smetric_optimized,codex291:9:291008:1993,857.1706402301788,72387,1,9.321186065673828,9.321607816964388
smetric_optimized,codex443:17:443016:1936,857.365061044693,60205,1,5.931737318634987,5.932105980813503
smetric_optimized,codex603:17:603016:1876,857.621012210846,79563,1,6.878289297223091,6.87913041561842
smetric_optimized,codex421:27:421026:1839,857.884247303009,81077,1,17.413877364248037,17.41435445100069
smetric_optimized,codex540:23:540022:1882,858.0758550167084,58685,1,17.215233225375414,17.215568218380213
smetric_optimized,codex522:17:522016:2018,858.2603461742401,57334,1,4.03177222982049,4.0321373008191586
smetric_optimized,codex255:10:255009:2030,858.4777841567993,58484,1,0.9222221225500107,0.9225957095623016
smetric_optimized,codex422:42:422041:1795,859.2817230224609,55369,1,7.205116417258978,7.205471236258745
smetric_optimized,codex139:6:139005:2068,859.8396890163422,56911,1,4.664461810141802,4.6647969745099545
smetric_optimized,codex506:42:506041:1670,860.2557032108307,128416,1,6.274345088750124,6.275583688169718
smetric_optimized,codex121:16:121015:2004,860.4642906188965,65543,1,6.0318270698189735,6.0321918949484825
smetric_optimized,codex524:29:524028:1858,860.7536580562592,86158,1,5.7484723739326,5.748938888311386
smetric_optimized,codex355:12:355011:2091,860.844202041626,27205,1,8.903261970728636,8.905490215867758
smetric_optimized,codex215:36:215035:1513,861.1027019023895,80766,1,6.5105456709861755,6.511316370218992
smetric_optimized,codex508:38:508037:1683,861.519565820694,129792,1,2.8477165773510933,2.848442517220974
smetric_optimized,codex266:31:266030:1495,862.0761053562164,159117,1,5.564636591821909,5.5654204823076725
smetric_optimized,codex511:24:511023:1905,862.2818911075592,64647,1,4.224225547164679,4.224586337804794
smetric_optimized,codex456:1:456000:2135,862.3424122333527,13377,1,2.937786813825369,2.9379308857023716
smetric_optimized,codex509:45:509044:1756,862.7066538333893,109122,1,3.813760083168745,3.8143468238413334
smetric_optimized,codex40:2:40001:2121,862.7683532238007,17142,1,2.522899106144905,2.523041043430567
smetric_optimized,codex116:31:116030:1679,863.1286718845367,115540,1,3.3848929591476917,3.3854863308370113
smetric_optimized,codex171:10:171009:2050,863.2747821807861,42602,1,4.317517671734095,4.317947018891573
smetric_optimized,codex389:6:389005:2076,864.3536698818207,58066,1,3.250142727047205,3.250730913132429
smetric_optimized,codex241:4:241003:2106,864.6698572635651,30914,1,2.916344027966261,2.916687287390232
smetric_optimized,codex234:23:234022:2005,865.660965681076,82606,1,1.434388555586338,1.4348618350923061
smetric_optimized,codex508:39:508038:1694,866.0754225254059,130135,1,1.5747313536703587,1.5753856264054775
smetric_optimized,codex525:7:525006:2086,866.2047190666199,38729,1,0.8851229399442673,0.8853956758975983
smetric_optimized,codex603:18:603017:1885,866.4725720882416,81465,1,3.2815368361771107,3.2826572954654694
smetric_optimized,codex362:3:362002:2126,867.0227072238922,41327,1,5.229516796767712,5.229780126363039
smetric_optimized,codex456:2:456001:2148,867.084805727005,17071,1,0.686387337744236,0.6865339763462543
smetric_optimized,codex506:43:506042:1677,867.5696096420288,131278,1,4.732001703232527,4.732658751308918
smetric_optimized,codex443:18:443017:1960,868.1831202507019,60607,1,1.6003976240754128,1.6007558852434158
smetric_optimized,codex522:18:522017:2034,868.3667740821838,57965,1,1.1536825150251389,1.1540411077439785
smetric_optimized,codex266:32:266031:1501,869.0687880516052,159833,1,3.2075438760221004,3.2083357870578766
smetric_optimized,codex116:32:116031:1695,869.4608778953552,117216,1,2.8052516281604767,2.8058654330670834
smetric_optimized,codex251:1:251000:2160,869.5143942832947,13343,1,1.6743710935115814,1.6745191514492035
smetric_optimized,codex532:8:532007:2079,869.6586964130402,30048,1,0.46726059168577194,0.46748846769332886
smetric_optimized,codex272:5:272004:2124,870.2979755401611,45754,1,1.9432498626410961,1.9435589350759983
smetric_optimized,codex294:37:294036:1892,870.5959620475769,91389,1,1.6618732251226902,1.662371750921011
smetric_optimized,codex521:37:521036:1502,870.9723544120789,116376,1,5.591774631291628,5.592351473867893
smetric_optimized,codex255:11:255010:2058,871.1834673881531,63534,1,6.597638625651598,6.597997512668371
smetric_optimized,codex287:12:287011:2039,871.3898525238037,61628,1,3.837357133626938,3.8377477899193764
smetric_optimized,codex456:3:456002:2164,871.4983124732971,31822,1,3.803068995475769,3.8032860420644283
smetric_optimized,codex532:9:532008:2085,871.5975453853607,30507,1,2.1439194940030575,2.144173175096512
smetric_optimized,codex215:37:215036:1527,871.8842172622681,84172,1,6.283215567469597,6.283698931336403
smetric_optimized,codex241:5:241004:2131,872.0299427509308,35394,1,3.1914532966911793,3.1917151138186455
smetric_optimized,codex443:19:443018:1971,872.2338807582855,61710,1,3.053469404578209,3.053842056542635
smetric_optimized,codex508:40:508039:1716,872.7569196224213,130384,1,2.5693212896585464,2.5699759870767593
smetric_optimized,codex603:19:603018:1902,873.049507856369,81645,1,2.257252037525177,2.2577023915946484
smetric_optimized,codex234:24:234023:2025,873.3327765464783,83422,1,3.224003277719021,3.2244489938020706
smetric_optimized,codex40:3:40002:2152,873.4268510341644,27369,1,6.753584451973438,6.753783077001572
smetric_optimized,codex524:30:524029:1889,873.732748746872,87622,1,2.8183525018393993,2.8188759461045265
smetric_optimized,codex538:8:538007:2082,873.9789154529572,67589,1,3.7945659905672073,3.7949760146439075
smetric_optimized,codex116:33:116032:1705,874.3718409538269,118735,1,3.8093489706516266,3.8099561370909214
smetric_optimized,codex121:17:121016:2028,874.5913121700287,65646,1,3.1938086934387684,3.1941772289574146
smetric_optimized,codex171:11:171010:2070,874.7492060661316,44695,1,3.4063325002789497,3.406624235212803
smetric_optimized,codex362:4:362003:2141,874.8985548019409,45483,1,2.8780983835458755,2.878369878977537
smetric_optimized,codex294:38:294037:1904,875.2134480476379,98503,1,7.74149439483881,7.742209535092115
smetric_optimized,codex251:2:251001:2180,875.2804338932037,16537,1,4.89669331908226,4.896877154707909
smetric_optimized,codex228:53:228052:1623,876.009863615036,167071,1,6.911503914743662,6.91305610165
smetric_optimized,codex522:19:522018:2048,876.2107136249542,58942,1,1.9497018679976463,1.9502893574535847
smetric_optimized,codex278:20:278019:1647,876.5378637313843,94789,1,1.6358303390443325,1.6363445222377777
smetric_optimized,codex139:7:139006:2115,876.784170627594,60021,1,8.157339226454496,8.157712016254663
smetric_optimized,codex511:25:511024:1947,877.2615916728973,65838,1,8.568373281508684,8.568777833133936
smetric_optimized,codex495:25:495024:1792,877.6985685825348,129123,1,4.778442125767469,4.779152553528547
smetric_optimized,codex217:1:217000:2187,877.7664754390717,13563,1,1.9271923005580902,1.927340965718031
smetric_optimized,codex532:10:532009:2102,878.0247056484222,31073,1,5.303013451397419,5.30323888361454
smetric_optimized,codex355:13:355012:2129,878.1469187736511,27664,1,5.182739865034819,5.182928621768951
smetric_optimized,codex415:4:415003:2169,878.9737548828125,33575,1,1.92023341730237,1.9204843901097775
smetric_optimized,codex234:25:234024:2032,879.2815451622009,86728,1,7.608805380761623,7.609294328838587
smetric_optimized,codex116:34:116033:1713,879.6855869293213,119223,1,3.2631039023399353,3.263716623187065
smetric_optimized,codex522:20:522019:2053,879.8860242366791,59730,1,3.043199323117733,3.043802034109831
smetric_optimized,codex603:20:603019:1920,880.1707181930542,81826,1,5.665604904294014,5.666069157421589
smetric_optimized,codex305:8:305007:1979,880.6019306182861,123056,1,6.297426637262106,6.298066977411509
smetric_optimized,codex421:28:421027:1866,880.8869385719299,81283,1,2.0541734397411346,2.054634138941765
smetric_optimized,codex266:33:266032:1537,881.4486718177795,160021,1,5.463742509484291,5.464540958404541
smetric_optimized,codex217:2:217001:2195,881.5531847476959,28295,1,5.32114315405488,5.321349486708641
smetric_optimized,codex509:46:509045:1819,881.9399116039276,110929,1,5.547659374773502,5.548262320458889
smetric_optimized,codex524:31:524030:1914,882.2574398517609,87911,1,4.626430362462997,4.626903977245092
smetric_optimized,codex287:13:287012:2052,882.4654235839844,62376,1,3.807712834328413,3.80809673294425
smetric_optimized,codex362:5:362004:2159,882.6835069656372,54285,1,6.590567331761122,6.590902183204889
smetric_optimized,codex443:20:443019:2002,882.8973460197449,62432,1,3.9688632637262344,3.9692456424236298
smetric_optimized,codex241:6:241005:2163,883.1758937835693,38829,1,3.7017565593123436,3.7020218186080456
smetric_optimized,codex456:4:456003:2194,883.3217771053314,39540,1,3.548620145767927,3.548879399895668
smetric_optimized,codex422:43:422042:1854,883.5104291439056,55518,1,5.767001129686832,5.767320856451988
smetric_optimized,codex110:36:110035:1701,884.0124387741089,148115,1,5.8232193775475025,5.823969721794128
smetric_optimized,codex508:41:508040:1742,884.4755702018738,130837,1,2.5154605098068714,2.516144134104252
smetric_optimized,codex506:44:506043:1727,884.9290151596069,131888,1,4.357830293476582,4.358547687530518
smetric_optimized,codex40:4:40003:2170,885.09672498703,44703,1,10.280305556952953,10.280605774372816
smetric_optimized,codex116:35:116034:1721,885.4926047325134,119573,1,9.858411438763142,9.85910826176405
smetric_optimized,codex171:12:171011:2093,885.6480095386505,45107,1,2.0207552388310432,2.021145984530449
smetric_optimized,codex359:14:359013:2078,885.8221824169159,51045,1,2.6813668347895145,2.6818353421986103
smetric_optimized,codex215:38:215037:1563,886.1263048648834,88223,1,9.257286183536053,9.257761154323816
smetric_optimized,codex525:8:525007:2157,886.2645792961121,39058,1,7.6166113540530205,7.616889663040638
smetric_optimized,codex76:16:76015:2096,886.4258425235748,46242,1,8.004840306937695,8.005147460848093
smetric_optimized,codex158:1:158000:2203,886.47483086586,13320,1,3.346300531178713,3.350887306034565
smetric_optimized,codex521:38:521037:1543,886.8533682823181,116588,1,8.538794673979282,8.539405509829521
smetric_optimized,codex603:21:603020:1925,887.4731693267822,83629,1,1.884370919317007,1.8849235475063324
smetric_optimized,codex415:5:415004:2193,887.6624758243561,39406,1,5.2795955911278725,5.2798933908343315
smetric_optimized,codex355:14:355013:2147,888.0847444534302,28644,1,1.2940778471529484,1.2942723296582699
smetric_optimized,codex171:13:171012:2100,888.2404098510742,46827,1,7.114575870335102,7.114857729524374
smetric_optimized,codex456:5:456004:2200,888.6656410694122,42018,1,5.218366004526615,5.218627028167248
smetric_optimized,codex255:12:255011:2094,888.8879039287567,67756,1,6.479401510208845,6.479791473597288
smetric_optimized,codex443:21:443020:2009,889.1016707420349,62813,1,3.8460210151970387,3.8463932648301125
smetric_optimized,codex359:15:359014:2081,889.2650413513184,51435,1,4.231205053627491,4.231541961431503
smetric_optimized,codex294:39:294038:1933,890.3128657341003,103134,1,6.805258199572563,6.805811520665884
smetric_optimized,codex421:29:421028:1899,890.5987737178802,81802,1,4.7622909769415855,4.762743145227432
smetric_optimized,codex508:42:508041:1763,891.0208530426025,131258,1,6.106937367469072,6.107632324099541
smetric_optimized,codex121:18:121017:2059,891.2337808609009,65759,1,4.137396901845932,4.137776929885149
smetric_optimized,codex532:11:532010:2134,891.3339688777924,31343,1,5.382388200610876,5.382623370736837
smetric_optimized,codex389:7:389006:2165,891.528436422348,60716,1,6.520837523043156,6.521201997995377
smetric_optimized,codex603:22:603021:1935,891.806295633316,84079,1,8.2093699388206,8.209850866347551
smetric_optimized,codex64:8:64007:2026,892.144510269165,104110,1,18.581296551972628,18.58186424151063
smetric_optimized,codex266:34:266033:1555,892.720034122467,160137,1,5.558067172765732,5.55907467007637
smetric_optimized,codex352:14:352013:2075,892.935672044754,61392,1,11.45420303940773,11.461992640048265
smetric_optimized,codex355:15:355014:2162,893.054595708847,33132,1,6.953613765537739,6.953849516808987
smetric_optimized,codex305:9:305008:2003,893.4841837882996,127991,1,17.25225207209587,17.252927742898464
smetric_optimized,codex139:8:139007:2150,893.740886926651,73734,1,10.644084803760052,10.656275797635317
smetric_optimized,codex217:3:217002:2216,893.8754670619965,39357,1,7.0382307805120945,7.038837134838104
smetric_optimized,codex511:26:511025:1980,894.0961058139801,66811,1,10.307893324643373,10.308282855898142
smetric_optimized,codex241:7:241006:2189,894.2217338085175,38958,1,6.695354089140892,6.695598144084215
smetric_optimized,codex129:13:129012:2111,894.4219665527344,63645,1,2.687673520296812,2.688567090779543
smetric_optimized,codex524:32:524031:1942,894.732892036438,88414,1,9.663485758006573,9.66542487964034
smetric_optimized,codex37:1:37000:2226,894.7884674072266,14001,1,4.049505203962326,4.0496391244232655
smetric_optimized,codex287:14:287013:2074,895.0618853569031,62727,1,4.019645065069199,4.020044267177582
smetric_optimized,codex522:21:522020:2089,895.2691645622253,65828,1,3.848619192838669,3.8490089885890484
smetric_optimized,codex158:2:158001:2221,895.3403081893921,20981,1,5.334227472543716,5.334410432726145
smetric_optimized,codex443:22:443021:2020,895.6080720424652,63119,1,8.880123872309923,8.887445483356714
smetric_optimized,codex509:47:509046:1846,896.3170230388641,120528,1,16.72269019857049,16.723326455801725
smetric_optimized,codex362:6:362005:2188,896.5468182563782,59626,1,16.4776078350842,16.477990988641977
smetric_optimized,codex525:9:525008:2168,896.7089989185333,40230,1,1.422091767191887,1.422489944845438
smetric_optimized,codex76:17:76016:2107,896.8730635643005,46848,1,1.2879324331879616,1.2882324531674385
smetric_optimized,codex255:13:255012:2103,897.0983490943909,67951,1,1.2172625362873077,1.2179777808487415
smetric_optimized,codex121:19:121018:2066,897.723562002182,65894,1,15.30601141601801,15.306401744484901
smetric_optimized,codex215:39:215038:1575,898.0393218994141,89886,1,1.9823164120316505,1.9828041158616543
smetric_optimized,codex294:40:294039:1943,898.8305201530457,103533,1,5.6643253192305565,5.665646430104971
smetric_optimized,codex495:26:495025:1848,899.6181156635284,129715,1,3.624830562621355,3.6255909726023674
smetric_optimized,codex405:18:405017:2069,899.8053019046783,54110,1,3.417722135782242,3.4180730618536472
rendezvous_hash,codex526:11:526010:425,300.0380585193634,52541,1,2.6024650149047375,2.602803435176611
rendezvous_hash,codex250:15:250014:424,300.2522437572479,69601,1,3.0963950343430042,3.096776518970728
rendezvous_hash,codex488:14:488013:417,301.03432965278625,52685,1,2.3091912493109703,2.3095196150243282
rendezvous_hash,codex72:10:72009:372,301.3040192127228,73550,1,2.048833556473255,2.0492221154272556
rendezvous_hash,codex543:8:543007:431,301.88437724113464,38215,1,0.7100151255726814,0.7103913240134716
rendezvous_hash,codex81:12:81011:405,302.24281215667725,45665,1,0.7648487202823162,0.7652230486273766
rendezvous_hash,codex543:9:543008:435,303.2439353466034,39790,1,2.1056575439870358,2.10600059479475
rendezvous_hash,codex361:6:361005:438,303.33775782585144,28932,1,0.6261230856180191,0.6264239959418774
rendezvous_hash,codex436:5:436004:439,303.4468574523926,29579,1,2.825255524367094,2.825457964092493
rendezvous_hash,codex215:1:215000:442,303.49671149253845,13107,1,3.0713538341224194,3.071490816771984
rendezvous_hash,codex81:13:81012:407,303.8808925151825,46173,1,0.6958433017134666,0.6961311548948288
rendezvous_hash,codex71:3:71002:444,303.9468586444855,19664,1,1.0126841180026531,1.0129381977021694
rendezvous_hash,codex483:21:483020:369,304.25796389579773,93865,1,1.0148758627474308,1.0154084078967571
rendezvous_hash,codex315:5:315004:434,304.5700874328613,52972,1,2.214561142027378,2.214995000511408
rendezvous_hash,codex228:22:228021:430,306.2025451660156,71422,1,2.138136673718691,2.1385413631796837
rendezvous_hash,codex509:2:509001:450,306.2683892250061,19675,1,0.9545204862952232,0.9547939002513885
rendezvous_hash,codex152:8:152007:429,306.56197571754456,69766,1,1.78268601000309,1.7830560468137264
rendezvous_hash,codex543:10:543009:443,307.46098232269287,40432,1,0.8746086470782757,0.874878253787756
rendezvous_hash,codex29:14:29013:437,307.65514397621155,61856,1,2.2267888225615025,2.2271453849971294
rendezvous_hash,codex65:19:65018:351,307.9863338470459,98695,1,3.10287668928504,3.1035266295075417
rendezvous_hash,codex81:14:81013:416,308.14301228523254,46868,1,1.7330922335386276,1.7333912178874016
rendezvous_hash,codex526:12:526011:441,308.32741260528564,52934,1,1.5453427024185658,1.5457010827958584
rendezvous_hash,codex108:24:108023:374,309.0293321609497,59269,1,0.8566563948988914,0.8569939769804478
rendezvous_hash,codex361:7:361006:452,309.1226465702057,29427,1,0.8249891437590122,0.825283020734787
rendezvous_hash,codex238:16:238015:301,309.5492560863495,133620,1,2.8185738809406757,2.819261945784092
rendezvous_hash,codex483:22:483021:387,309.8641142845154,94681,1,1.2721355706453323,1.2727543860673904
rendezvous_hash,codex250:16:250015:445,310.3102822303772,69767,1,0.6028056554496288,0.6032470166683197
rendezvous_hash,codex543:11:543010:453,310.7679064273834,43234,1,1.8307877853512764,1.8311665281653404
rendezvous_hash,codex25:6:25005:461,310.8597104549408,29495,1,0.6654311157763004,0.6656469218432903
rendezvous_hash,codex526:13:526012:447,311.51925683021545,53853,1,0.8402150645852089,0.8405465073883533
rendezvous_hash,codex73:1:73000:460,311.70310282707214,13617,1,2.8359912298619747,2.8361250534653664
rendezvous_hash,codex506:13:506012:363,312.1544358730316,85202,1,3.868835896253586,3.869299352169037
rendezvous_hash,codex108:25:108024:386,312.34170150756836,59342,1,3.6759062223136425,3.676263030618429
rendezvous_hash,codex215:2:215001:462,312.76991152763367,39843,1,7.486960973590612,7.496377989649773
rendezvous_hash,codex543:12:543011:456,314.21261286735535,44523,1,6.047863066196442,6.054072871804237
rendezvous_hash,codex71:4:71003:469,314.3129436969757,31558,1,3.3418637551367283,3.3422168493270874
rendezvous_hash,codex228:23:228022:448,314.53293347358704,72052,1,5.732670854777098,5.737583741545677
rendezvous_hash,codex315:6:315005:457,314.70560002326965,55594,1,1.3743213638663292,1.3746503330767155
rendezvous_hash,codex152:9:152008:449,316.00841999053955,70391,1,4.26669205352664,4.267075020819902
rendezvous_hash,codex25:7:25006:472,316.3698742389679,31305,1,1.3136604949831963,1.3138770200312138
rendezvous_hash,codex436:6:436005:467,317.07951188087463,30281,1,3.190241601318121,3.1904425732791424
rendezvous_hash,codex119:10:119009:463,318.085791349411,62630,1,0.9133886061608791,0.9137819558382034
rendezvous_hash,codex29:15:29014:458,318.5084686279297,62734,1,0.8344008401036263,0.8347807675600052
rendezvous_hash,codex65:20:65019:373,319.88644075393677,99263,1,1.3656742759048939,1.3662180230021477
rendezvous_hash,codex526:14:526013:466,320.13471245765686,55494,1,1.1228544972836971,1.1231818087399006
rendezvous_hash,codex315:7:315006:468,321.1535348892212,58303,1,1.5353467352688313,1.5357111729681492
rendezvous_hash,codex73:2:73001:482,321.2429814338684,21062,1,2.477466605603695,2.477738279849291
rendezvous_hash,codex363:12:363011:397,321.8637127876282,100281,1,1.6069090776145458,1.6074427962303162
rendezvous_hash,codex436:7:436006:473,321.9818158149719,35017,1,2.0945912562310696,2.094927228987217
rendezvous_hash,codex250:17:250016:471,322.1921136379242,69901,1,0.602366991341114,0.6030543372035027
rendezvous_hash,codex228:24:228023:455,322.6736536026001,72266,1,1.4629230722784996,1.4633209332823753
rendezvous_hash,codex250:18:250017:478,324.5971009731293,70040,1,0.6395565643906593,0.6399658694863319
rendezvous_hash,codex436:8:436007:479,324.9748315811157,35975,1,0.5228696167469025,0.5231907665729523
rendezvous_hash,codex215:3:215002:485,325.8629448413849,45079,1,2.8358853980898857,2.8362864442169666
rendezvous_hash,codex250:19:250018:483,326.1082351207733,70207,1,0.5710216425359249,0.5714302062988281
rendezvous_hash,codex526:15:526014:481,326.32477855682373,57339,1,1.4285430237650871,1.428901270031929
rendezvous_hash,codex25:8:25007:497,326.425576210022,31890,1,1.2183538936078548,1.2185859754681587
rendezvous_hash,codex73:3:73002:494,326.5056953430176,25975,1,6.050886791199446,6.051202706992626
rendezvous_hash,codex586:15:586014:491,326.6604197025299,51225,1,0.9872419647872448,0.9875535666942596
rendezvous_hash,codex152:10:152009:465,327.12078738212585,80379,1,9.90134733170271,9.902191910892725
rendezvous_hash,codex65:21:65020:392,327.4479205608368,100072,1,1.674390148371458,1.674937505275011
rendezvous_hash,codex315:8:315007:486,327.63750767707825,58817,1,0.6834951601922512,0.6838739700615406
rendezvous_hash,codex228:25:228024:464,328.1531548500061,73252,1,8.874914787709713,8.875318672508001
rendezvous_hash,codex135:1:135000:499,328.203711271286,13483,1,1.2629952616989613,1.263228990137577
rendezvous_hash,codex509:3:509002:502,328.5616009235382,25548,1,1.3414605632424355,1.3416460901498795
rendezvous_hash,codex483:23:483022:426,329.1093499660492,94999,1,1.1797875352203846,1.1803147569298744
rendezvous_hash,codex411:7:411006:496,329.89808773994446,43415,1,0.8673306815326214,0.8677240125834942
rendezvous_hash,codex363:13:363012:411,330.2751114368439,102936,1,2.421069163829088,2.4216358959674835
rendezvous_hash,codex526:16:526015:490,330.46958112716675,58002,1,1.4126458950340748,1.4130207858979702
rendezvous_hash,codex215:4:215003:492,330.63205432891846,52733,1,7.053208902478218,7.053548410534859
rendezvous_hash,codex119:11:119010:495,331.1359157562256,66465,1,1.983173381537199,1.9835589714348316
rendezvous_hash,codex238:17:238016:357,331.84579396247864,142256,1,10.524682734161615,10.526605013757944
rendezvous_hash,codex586:16:586015:508,332.9806854724884,52243,1,0.8273102268576622,0.8276530504226685
rendezvous_hash,codex65:22:65021:400,333.47914576530457,100354,1,1.5530828312039375,1.5536410212516785
rendezvous_hash,codex436:9:436008:503,334.29188656806946,36243,1,3.3853595592081547,3.38577751070261
rendezvous_hash,codex119:12:119011:501,334.74955201148987,73176,1,5.90876280516386,5.909164845943451
rendezvous_hash,codex586:17:586016:511,334.91012597084045,52439,1,5.725228384137154,5.725549079477787
rendezvous_hash,codex25:9:25008:520,335.02273893356323,36929,1,5.608925338834524,5.609182853251696
rendezvous_hash,codex315:9:315008:504,335.7801854610443,59429,1,0.7625265195965767,0.7628979198634624
rendezvous_hash,codex411:8:411007:514,336.3698046207428,43840,1,1.3123673126101494,1.3126500248908997
rendezvous_hash,codex192:1:192000:522,336.4245972633362,13423,1,2.776908490806818,2.7778500728309155
rendezvous_hash,codex422:10:422009:480,336.5309658050537,33410,1,2.673751950263977,2.6740288212895393
rendezvous_hash,codex363:14:363013:428,337.3979570865631,103989,1,3.2502019181847572,3.2507517971098423
rendezvous_hash,codex108:26:108025:433,337.66781735420227,59438,1,4.708825245499611,4.7091614827513695
rendezvous_hash,codex483:24:483023:446,338.0570411682129,95605,1,2.611584797501564,2.61208613589406
rendezvous_hash,codex506:14:506013:420,338.53720808029175,88788,1,3.8451783023774624,3.8456354662775993
rendezvous_hash,codex509:4:509003:529,339.3990116119385,29637,1,1.2394575849175453,1.2396685369312763
rendezvous_hash,codex29:16:29015:510,340.114461183548,62919,1,0.5745126307010651,0.5748716220259666
rendezvous_hash,codex436:10:436009:516,340.23559951782227,36977,1,4.490324817597866,4.490726336836815
rendezvous_hash,codex228:26:228025:474,340.52350330352783,84538,1,8.953680757433176,8.954166449606419
rendezvous_hash,codex73:4:73003:519,340.6176450252533,27097,1,6.980555459856987,6.980761364102364
rendezvous_hash,codex422:11:422010:488,340.84493494033813,34871,1,0.646723348647356,0.647079236805439
rendezvous_hash,codex29:17:29016:517,341.2265841960907,66053,1,1.8605819754302502,1.8612773641943932
rendezvous_hash,codex25:10:25009:526,341.41021752357483,37534,1,0.544895488768816,0.54515665397048
rendezvous_hash,codex238:18:238017:361,343.90133023262024,145371,1,3.7071638330817223,3.707992058247328
rendezvous_hash,codex315:10:315009:527,344.29557847976685,62395,1,1.6627896577119827,1.6631987318396568
rendezvous_hash,codex203:1:203000:536,344.5259897708893,13394,1,1.2294008061289787,1.2296615466475487
rendezvous_hash,codex363:15:363014:440,345.5092351436615,104819,1,1.1134760417044163,1.114164561033249
rendezvous_hash,codex152:11:152010:493,346.2715895175934,84188,1,3.4813546538352966,3.4819319657981396
rendezvous_hash,codex506:15:506014:436,347.508859872818,91680,1,3.019085418432951,3.0196824558079243
rendezvous_hash,codex135:2:135001:548,347.5936772823334,20230,1,2.91867183893919,2.9188461266458035
rendezvous_hash,codex25:11:25010:537,347.914347410202,37858,1,0.7182837948203087,0.7185605093836784
rendezvous_hash,codex203:2:203001:549,348.057400226593,32569,1,5.470017809420824,5.478696536272764
rendezvous_hash,codex436:11:436010:525,348.18080973625183,37293,1,1.5880765058100224,1.5883956402540207
rendezvous_hash,codex81:15:81014:518,348.445570230484,47018,1,0.6559663750231266,0.6562418453395367
rendezvous_hash,codex586:18:586017:532,348.62654876708984,52611,1,0.38885318487882614,0.3891887031495571
rendezvous_hash,codex363:16:363015:454,350.35702538490295,105282,1,3.178718589246273,3.1797082610428333
rendezvous_hash,codex543:13:543012:530,350.50733160972595,45033,1,0.6369540803134441,0.6372400559484959
rendezvous_hash,codex238:19:238018:376,351.75930190086365,145775,1,1.2253104038536549,1.2261732183396816
rendezvous_hash,codex192:2:192001:562,352.0311789512634,20228,1,1.5108875557780266,1.5111327171325684
rendezvous_hash,codex110:1:110000:564,352.7250201702118,13568,1,1.657972402870655,1.6582172214984894
rendezvous_hash,codex411:9:411008:552,353.2163589000702,44290,1,0.5390329137444496,0.5393058434128761
rendezvous_hash,codex526:17:526016:542,353.4884457588196,58364,1,0.9306758977472782,0.9310242421925068
rendezvous_hash,codex238:20:238019:384,354.25592064857483,146311,1,3.2604149766266346,3.261192485690117
rendezvous_hash,codex71:5:71004:570,355.56370997428894,47727,1,7.011354327201843,7.015740856528282
rendezvous_hash,codex70:26:70025:500,355.87691712379456,96307,1,2.114152707159519,2.114682175219059
rendezvous_hash,codex81:16:81015:531,356.07381772994995,58106,1,6.1984771229326725,6.199157282710075
rendezvous_hash,codex110:2:110001:572,356.14962434768677,22383,1,3.1127745248377323,3.1130601800978184
rendezvous_hash,codex543:14:543013:541,356.3039343357086,50295,1,5.765130877494812,5.765444278717041
rendezvous_hash,codex526:18:526017:550,356.5297272205353,58801,1,2.5706555284559727,2.5711422339081764
rendezvous_hash,codex586:19:586018:553,356.7008545398712,54077,1,5.877994690090418,5.879000063985586
rendezvous_hash,codex152:12:152011:515,356.98342633247375,86014,1,5.095770537853241,5.096220217645168
rendezvous_hash,codex483:25:483024:487,357.28880524635315,95729,1,3.062119919806719,3.0627874471247196
rendezvous_hash,codex25:12:25011:566,357.4120409488678,38804,1,5.171983454376459,5.172233607620001
rendezvous_hash,codex73:5:73004:538,357.5032334327698,27291,1,4.5616764687001705,4.561877109110355
rendezvous_hash,codex203:3:203002:573,357.70836353302,39918,1,7.127550683915615,7.127822410315275
rendezvous_hash,codex72:11:72010:505,357.97874093055725,77632,1,2.6045771315693855,2.6050286442041397
rendezvous_hash,codex215:5:215004:544,358.22018241882324,58071,1,3.853154957294464,3.853498723357916
rendezvous_hash,codex493:27:493026:506,358.6590600013733,85675,1,3.6199714466929436,3.6204474344849586
rendezvous_hash,codex65:23:65022:459,358.9940776824951,107162,1,7.066829167306423,7.067500587552786
rendezvous_hash,codex70:27:70026:507,359.65747928619385,97725,1,3.3418532721698284,3.3441587649285793
rendezvous_hash,codex526:19:526018:560,360.10559701919556,62428,1,4.476696010679007,4.477106440812349
rendezvous_hash,codex509:5:509004:586,360.8022961616516,35388,1,1.5520474016666412,1.5523751117289066
rendezvous_hash,codex294:1:294000:583,360.9225480556488,13225,1,2.114127792418003,2.1154699586331844
rendezvous_hash,codex72:12:72011:512,362.0564522743225,89350,1,7.876840356737375,7.877344656735659
rendezvous_hash,codex110:3:110002:584,362.229261636734,39740,1,4.766245637089014,4.766596097499132
rendezvous_hash,codex73:6:73005:543,363.17391872406006,31329,1,2.619345311075449,2.619714517146349
rendezvous_hash,codex238:21:238020:395,363.6439073085785,146773,1,6.299141351133585,6.299872040748596
rendezvous_hash,codex215:6:215005:554,363.89025259017944,59922,1,1.9408122785389423,1.9411851987242699
rendezvous_hash,codex363:17:363016:476,364.239865064621,106754,1,3.943327832967043,3.9438957646489143
rendezvous_hash,codex294:2:294001:592,364.3288459777832,25345,1,2.117123544216156,2.1174101904034615
rendezvous_hash,codex411:10:411009:585,364.8289067745209,44597,1,0.4142054431140423,0.41461383551359177
rendezvous_hash,codex192:3:192002:594,365.0093951225281,29980,1,3.1670119762420654,3.1672246754169464
rendezvous_hash,codex70:28:70027:523,367.7527949810028,98291,1,1.6582739129662514,1.658852618187666
rendezvous_hash,codex509:6:509005:611,367.8705723285675,36179,1,0.8197069577872753,0.8200897313654423
rendezvous_hash,codex152:13:152012:528,368.16827178001404,87205,1,1.2483625411987305,1.2488308139145374
rendezvous_hash,codex526:20:526019:575,369.09305572509766,62767,1,1.0367766618728638,1.0371401198208332
rendezvous_hash,codex203:4:203003:588,369.24079155921936,46058,1,4.528957985341549,4.529381323605776
rendezvous_hash,codex192:4:192003:605,369.35330605506897,36263,1,3.7371880561113358,3.7374445274472237
rendezvous_hash,codex116:1:116000:612,369.4004473686218,13777,1,1.3012081868946552,1.3014225400984287
rendezvous_hash,codex81:17:81016:556,369.7242980003357,58246,1,0.5602109432220459,0.560541495680809
rendezvous_hash,codex71:6:71005:599,369.9219334125519,57230,1,7.4221466444432735,7.422477714717388
rendezvous_hash,codex25:13:25012:590,370.68110847473145,42088,1,6.658745162189007,6.659022007137537
rendezvous_hash,codex422:12:422011:565,371.2031350135803,37248,1,5.824966758489609,5.825217396020889
rendezvous_hash,codex110:4:110003:609,371.383380651474,44001,1,2.8849825523793697,2.8853950649499893
rendezvous_hash,codex315:11:315010:596,371.5827622413635,64178,1,2.7203231528401375,2.7206947840750217
rendezvous_hash,codex116:2:116001:619,371.73718905448914,39647,1,6.5995566844940186,6.607855338603258
rendezvous_hash,codex152:14:152013:533,372.2736577987671,87698,1,6.06941769644618,6.071969699114561
rendezvous_hash,codex65:24:65023:475,372.62035870552063,111267,1,4.415631894022226,4.416203740984201
rendezvous_hash,codex215:7:215006:579,372.8059060573578,60059,1,5.549116522073746,5.549458891153336
rendezvous_hash,codex119:13:119012:589,373.08224511146545,78463,1,4.266746927052736,4.267183817923069
rendezvous_hash,codex543:15:543014:580,373.3603096008301,50727,1,4.989012084901333,4.989325758069754
rendezvous_hash,codex509:7:509006:626,373.5054564476013,44064,1,2.4900760911405087,2.490364722907543
rendezvous_hash,codex135:3:135002:625,374.81341218948364,39788,1,7.140959646552801,7.144681248813868
rendezvous_hash,codex493:28:493027:534,375.17155838012695,85849,1,0.8294192440807819,0.8298902474343777
rendezvous_hash,codex315:12:315011:608,375.98737144470215,67213,1,1.758128460496664,1.758546780794859
rendezvous_hash,codex436:12:436011:595,376.49023628234863,37698,1,1.86148551851511,1.8659837990999222
rendezvous_hash,codex238:22:238021:409,377.0154423713684,149115,1,4.95209451764822,4.952912699431181
rendezvous_hash,codex521:1:521000:634,377.33444929122925,13521,1,1.600790686905384,1.6009263508021832
rendezvous_hash,codex509:8:509007:636,377.51372838020325,45184,1,0.8016385324299335,0.8020615316927433
rendezvous_hash,codex192:5:192004:624,377.65588641166687,37765,1,0.7035099752247334,0.7038363181054592
rendezvous_hash,codex65:25:65024:484,378.92714643478394,127107,1,14.854887444525957,14.855886433273554
rendezvous_hash,codex422:13:422012:574,379.20879077911377,39880,1,16.028302431106567,16.028583075851202
rendezvous_hash,codex521:2:521001:645,379.2789263725281,18474,1,1.5655028373003006,1.5656784735620022
rendezvous_hash,codex363:18:363017:509,379.9002413749695,107774,1,15.683576453477144,15.684335805475712
rendezvous_hash,codex526:21:526020:604,380.1049647331238,62969,1,1.3322420194745064,1.3326535150408745
rendezvous_hash,codex71:7:71006:615,380.3005373477936,63201,1,4.904598847031593,4.904969938099384
rendezvous_hash,codex25:14:25013:601,380.432580947876,42794,1,4.767787683755159,4.768076613545418
rendezvous_hash,codex436:13:436012:607,380.5707175731659,44349,1,3.082750618457794,3.0831185318529606
rendezvous_hash,codex493:29:493028:551,380.83820509910583,86052,1,1.6730203554034233,1.6738719902932644
rendezvous_hash,codex483:26:483025:535,381.1841971874237,96435,1,14.39243521168828,14.392934527248144
rendezvous_hash,codex72:13:72012:540,381.9119830131531,90727,1,1.522828333079815,1.5234645046293736
rendezvous_hash,codex152:15:152014:546,382.2888104915619,87856,1,1.4292177930474281,1.4299363754689693
rendezvous_hash,codex521:3:521002:650,382.3724455833435,24006,1,1.2384801506996155,1.2386638931930065
rendezvous_hash,codex73:7:73006:593,382.499308347702,31697,1,1.2216494902968407,1.2218683399260044
rendezvous_hash,codex70:29:70028:555,382.8626766204834,98557,1,1.0416050516068935,1.04211949929595
rendezvous_hash,codex521:4:521003:653,384.1043691635132,33138,1,4.604897320270538,4.605135541409254
rendezvous_hash,codex238:23:238022:418,384.57644987106323,149581,1,1.5451064482331276,1.545954842120409
rendezvous_hash,codex493:30:493029:563,384.8456175327301,89095,1,3.873941697180271,3.8744164630770683
rendezvous_hash,codex73:8:73007:602,384.9759211540222,38821,1,2.3121751956641674,2.312581427395344
rendezvous_hash,codex250:20:250019:646,385.19267773628235,70336,1,0.6174272187054157,0.617833387106657
rendezvous_hash,codex70:30:70029:567,386.4831066131592,99004,1,1.531378384679556,1.5319302566349506
rendezvous_hash,codex71:8:71007:622,386.6984152793884,66265,1,2.0152745693922043,2.0156572572886944
rendezvous_hash,codex203:5:203004:631,386.8525650501251,47824,1,8.713911417871714,8.714204642921686
rendezvous_hash,codex315:13:315012:639,387.0645079612732,67833,1,0.9816250912845135,0.9820095263421535
rendezvous_hash,codex73:9:73008:613,388.60743713378906,43704,1,1.9782130159437656,1.9785220474004745
rendezvous_hash,codex361:8:361007:657,388.70338463783264,29784,1,0.3815589100122452,0.38188039138913155
rendezvous_hash,codex70:31:70030:571,389.7364399433136,99279,1,1.0132539197802544,1.0138117335736752
rendezvous_hash,codex71:9:71008:629,389.9774558544159,73809,1,5.593648660928011,5.594058711081743
rendezvous_hash,codex361:9:361008:661,390.08044505119324,32933,1,0.95035270601511,0.9507010169327259
rendezvous_hash,codex526:22:526021:635,390.5753376483917,70506,1,4.983752951025963,4.984156530350447
rendezvous_hash,codex294:3:294002:671,391.17979288101196,30158,1,4.371264189481735,4.371470257639885
rendezvous_hash,codex215:8:215007:617,391.3711094856262,60545,1,1.2558683268725872,1.256254080682993
rendezvous_hash,codex152:16:152015:576,391.93661189079285,88005,1,1.158100601285696,1.1585945785045624
rendezvous_hash,codex108:27:108026:558,392.1275475025177,59535,1,0.9612552374601364,0.9616233482956886
rendezvous_hash,codex509:9:509008:675,392.26973366737366,45999,1,1.0688295513391495,1.0692117400467396
rendezvous_hash,codex493:31:493030:577,392.6018342971802,104366,1,12.14959817007184,12.15015959367156
rendezvous_hash,codex521:5:521004:670,393.080685377121,41015,1,11.657579623162746,11.657851871103048
rendezvous_hash,codex213:1:213000:676,393.7370433807373,13027,1,1.8108157999813557,1.8109456598758698
rendezvous_hash,codex361:10:361009:673,393.9083421230316,33505,1,1.6463961228728294,1.6466218493878841
rendezvous_hash,codex152:17:152016:581,394.2139446735382,88136,1,1.9371005594730377,1.9376806542277336
rendezvous_hash,codex543:16:543015:628,394.4047918319702,59782,1,6.157478243112564,6.157828826457262
rendezvous_hash,codex73:10:73009:623,394.54646468162537,44935,1,6.007631063461304,6.007927980273962
rendezvous_hash,codex72:14:72013:578,394.8380925655365,91340,1,2.9833065271377563,2.9838956370949745
rendezvous_hash,codex25:15:25014:632,395.00971126556396,43124,1,1.044391993433237,1.0446961782872677
rendezvous_hash,codex250:21:250020:666,395.23064255714417,70506,1,0.975591391324997,0.9759814888238907
rendezvous_hash,codex110:5:110004:668,395.3888473510742,48340,1,2.4093791395425797,2.4096984192728996
rendezvous_hash,codex411:11:411010:674,395.5346095561981,47095,1,1.2294836267828941,1.2297784015536308
rendezvous_hash,codex135:4:135003:672,396.4143145084381,43030,1,4.143990460783243,4.14425852149725
rendezvous_hash,codex506:16:506015:545,396.7548108100891,93738,1,3.819230053573847,3.8197101801633835
rendezvous_hash,codex238:24:238023:451,397.71094965934753,150241,1,2.872711058706045,2.873451516032219
rendezvous_hash,codex213:2:213001:686,397.7923176288605,21057,1,2.0778139419853687,2.077991560101509
rendezvous_hash,codex411:12:411011:679,398.5971522331238,49868,1,1.9689345844089985,1.9692361280322075
rendezvous_hash,codex483:27:483026:547,398.9094660282135,96596,1,1.8236894719302654,1.8246852979063988
rendezvous_hash,codex250:22:250021:677,399.1299133300781,70851,1,2.5441027842462063,2.5445227213203907
rendezvous_hash,codex361:11:361010:681,399.2397692203522,35258,1,1.9737268649041653,1.9739976599812508
rendezvous_hash,codex65:26:65025:498,399.63968563079834,127219,1,2.0425476729869843,2.0431971587240696
rendezvous_hash,codex315:14:315013:667,399.86417627334595,71567,1,3.0391459725797176,3.0395677387714386
rendezvous_hash,codex119:14:119013:656,400.1631178855896,83945,1,4.582073289901018,4.582540612667799
rendezvous_hash,codex363:19:363018:521,400.52805066108704,108157,1,1.4826976656913757,1.483384445309639
rendezvous_hash,codex72:15:72014:587,401.6619167327881,99459,1,6.033028140664101,6.0335312113165855
rendezvous_hash,codex522:1:522000:695,401.942524433136,13529,1,5.245483037084341,5.245619598776102
rendezvous_hash,codex203:6:203005:651,402.45057487487793,51988,1,3.3321034871041775,3.332559287548065
rendezvous_hash,codex192:6:192005:688,402.58295226097107,41600,1,3.308855812996626,3.309135351330042
rendezvous_hash,codex506:17:506016:561,402.8924968242645,93935,1,4.796607363969088,4.797120645642281
rendezvous_hash,codex422:14:422013:597,403.30029487609863,40792,1,2.5940819047391415,2.594334851950407
rendezvous_hash,codex116:3:116002:694,403.4636013507843,48493,1,8.358142267912626,8.358547806739807
rendezvous_hash,codex543:17:543016:641,403.6717245578766,67574,1,9.140313349664211,9.14069165661931
rendezvous_hash,codex152:18:152017:606,404.4496102333069,88259,1,8.3475173227489,8.348003592342138
rendezvous_hash,codex25:16:25015:655,404.5973083972931,45536,1,3.910663139075041,3.9109414108097553
rendezvous_hash,codex294:4:294003:696,404.722772359848,39887,1,3.7813392132520676,3.7819308787584305
rendezvous_hash,codex108:28:108027:591,405.16734528541565,59630,1,2.5146440640091896,2.515006512403488
rendezvous_hash,codex73:11:73010:642,405.315064907074,47407,1,7.475187834352255,7.475468434393406
rendezvous_hash,codex213:3:213002:704,405.88625979423523,25096,1,1.0427377484738827,1.0429360121488571
rendezvous_hash,codex65:27:65026:513,406.5048232078552,127774,1,1.678786925971508,1.6795882880687714
rendezvous_hash,codex228:27:228026:633,406.78180980682373,85140,1,6.020910605788231,6.021362520754337
rendezvous_hash,codex521:6:521005:678,406.9237554073334,44376,1,1.2882417254149914,1.2886038087308407
rendezvous_hash,codex250:23:250022:693,407.6710159778595,85348,1,7.849999602884054,7.850489877164364
rendezvous_hash,codex315:15:315014:684,409.0069348812103,75438,1,2.42871380969882,2.4291737265884876
rendezvous_hash,codex108:29:108028:598,409.19572401046753,59999,1,1.1199928782880306,1.1203844025731087
rendezvous_hash,codex509:10:509009:714,409.3433346748352,46638,1,0.9757807813584805,0.9760704860091209
rendezvous_hash,codex192:7:192006:700,409.47352838516235,41932,1,2.015161022543907,2.0154274851083755
rendezvous_hash,codex203:7:203006:663,409.6469748020172,53691,1,1.81852263584733,1.8189393505454063
rendezvous_hash,codex238:25:238024:470,410.1718714237213,150775,1,1.4592080153524876,1.4599649347364902
rendezvous_hash,codex166:1:166000:715,410.25490522384644,14321,1,3.563159443438053,3.5632967017591
rendezvous_hash,codex522:2:522001:708,410.30889105796814,15958,1,0.8692065961658955,0.8693624846637249
rendezvous_hash,codex72:16:72015:603,410.8703098297119,100947,1,3.9855986163020134,3.9861175008118153
rendezvous_hash,codex294:5:294004:706,411.0214948654175,43521,1,1.7654464952647686,1.765723843127489
rendezvous_hash,codex509:11:509010:718,411.1739239692688,48849,1,1.2051065303385258,1.2054075971245766
rendezvous_hash,codex135:5:135004:702,411.36283445358276,47047,1,3.482064850628376,3.4823571108281612
rendezvous_hash,codex108:30:108029:610,412.3716425895691,60777,1,2.4773572646081448,2.4777165576815605
rendezvous_hash,codex315:16:315015:690,412.69350028038025,78032,1,4.7407065741717815,4.741330333054066
rendezvous_hash,codex213:4:213003:725,412.77958035469055,25687,1,1.2565347328782082,1.2567323818802834
rendezvous_hash,codex192:8:192007:705,413.1090450286865,44576,1,1.929662637412548,1.9300395660102367
rendezvous_hash,codex110:6:110005:707,413.27958941459656,53518,1,4.147657562047243,4.147994734346867
rendezvous_hash,codex238:26:238025:477,413.80691957473755,158093,1,8.579102732241154,8.579976543784142
rendezvous_hash,codex543:18:543017:647,414.02997732162476,69881,1,4.489984821528196,4.490476343780756
rendezvous_hash,codex294:6:294005:713,414.1833701133728,48171,1,7.5156121999025345,7.515913385897875
rendezvous_hash,codex422:15:422014:627,414.31611466407776,42660,1,2.8909333907067776,2.8912293538451195
rendezvous_hash,codex509:12:509011:729,414.51426219940186,49988,1,1.1201894171535969,1.1205958239734173
rendezvous_hash,codex119:15:119014:683,414.8326289653778,96165,1,8.919798575341702,8.920399226248264
rendezvous_hash,codex436:14:436013:692,415.51048707962036,55251,1,6.192406602203846,6.192727763205767
rendezvous_hash,codex166:2:166001:733,415.765665769577,25686,1,7.901135426014662,7.908463604748249
rendezvous_hash,codex493:32:493031:616,416.09932136535645,107448,1,3.6364564448595047,3.637146096676588
rendezvous_hash,codex363:20:363019:559,416.44108176231384,109770,1,4.20863900706172,4.2092774249613285
rendezvous_hash,codex250:24:250023:701,416.74085903167725,85496,1,1.4102007634937763,1.4107057601213455
rendezvous_hash,codex152:19:152018:618,417.0227692127228,88423,1,6.651073195040226,6.652229119092226
rendezvous_hash,codex203:8:203007:680,417.2007977962494,57198,1,3.7236075066030025,3.724091462790966
rendezvous_hash,codex213:5:213004:737,417.298002243042,28569,1,1.1863551139831543,1.186670321971178
rendezvous_hash,codex361:12:361011:727,417.4059913158417,35643,1,1.0998566262423992,1.1000855900347233
rendezvous_hash,codex240:1:240000:742,418.35044169425964,13247,1,1.8440538309514523,1.8442701622843742
rendezvous_hash,codex65:28:65027:539,419.5031142234802,127879,1,1.4884912818670273,1.4891444705426693
rendezvous_hash,codex73:12:73011:662,420.8359339237213,48522,1,5.583156555891037,5.583459608256817
rendezvous_hash,codex220:4:220003:755,421.14612555503845,40239,1,7.375889405608177,7.376272778958082
rendezvous_hash,codex116:4:116003:723,421.3175015449524,53663,1,7.269025035202503,7.269655503332615
rendezvous_hash,codex213:6:213005:748,421.41363644599915,29883,1,0.7968595661222935,0.797071062028408
rendezvous_hash,codex250:25:250024:710,421.68916368484497,85720,1,1.0142943486571312,1.0147730633616447
rendezvous_hash,codex543:19:543018:654,422.6933994293213,71484,1,5.89856331422925,5.898960310965776
rendezvous_hash,codex521:7:521006:719,422.8874135017395,48033,1,1.6235457547008991,1.6238339096307755
rendezvous_hash,codex108:31:108030:640,423.6394724845886,61147,1,0.8752076961100101,0.8755571432411671
rendezvous_hash,codex363:21:363020:569,424.3900933265686,110123,1,2.0364365465939045,2.0370114408433437
rendezvous_hash,codex361:13:361012:747,424.50440287590027,35921,1,1.9086622931063175,1.9089542515575886
rendezvous_hash,codex506:18:506017:614,425.1031949520111,94094,1,3.3177291974425316,3.3182737715542316
rendezvous_hash,codex72:17:72016:637,425.41800332069397,101639,1,4.773292072117329,4.773926444351673
rendezvous_hash,codex238:27:238026:489,425.9749848842621,160178,1,6.478191312402487,6.478987779468298
rendezvous_hash,codex65:29:65028:557,426.40225195884705,129441,1,2.165624260902405,2.16640242934227
rendezvous_hash,codex421:1:421000:763,426.5646126270294,13368,1,1.8475902378559113,1.847725860774517
rendezvous_hash,codex250:26:250025:724,427.12844252586365,85934,1,1.3184182681143284,1.3188801929354668
rendezvous_hash,codex119:16:119015:697,427.50123405456543,97027,1,4.935772951692343,4.936302728950977
rendezvous_hash,codex73:13:73012:665,427.68737292289734,56464,1,6.418563541024923,6.41889526322484
rendezvous_hash,codex315:17:315016:716,427.9546220302582,80181,1,2.087782073765993,2.0882564149796963
rendezvous_hash,codex213:7:213006:764,428.0536460876465,30123,1,0.7648847326636314,0.7651893086731434
rendezvous_hash,codex294:7:294006:735,428.23876953125,51966,1,4.177364833652973,4.1777015291154385
rendezvous_hash,codex135:6:135005:741,428.40765476226807,52726,1,4.0331375896930695,4.033444464206696
rendezvous_hash,codex250:27:250026:734,429.4718472957611,86264,1,2.9580214843153954,2.9584911540150642
rendezvous_hash,codex436:15:436014:717,429.6515805721283,56377,1,4.457776054739952,4.4580929055809975
rendezvous_hash,codex543:20:543019:660,429.86823987960815,71649,1,4.249244827777147,4.2496484741568565
rendezvous_hash,codex521:8:521007:740,430.032648563385,49998,1,2.38975116237998,2.3900497928261757
rendezvous_hash,codex152:20:152019:644,430.485995054245,88547,1,3.637175217270851,3.637667030096054
rendezvous_hash,codex166:3:166002:758,430.61072421073914,29783,1,3.4902160614728928,3.4904232919216156
rendezvous_hash,codex506:19:506018:620,430.9215054512024,94209,1,4.17020807415247,4.17074778676033
rendezvous_hash,codex509:13:509012:773,431.10246086120605,54607,1,3.0103200934827328,3.010627869516611
rendezvous_hash,codex72:18:72017:643,431.4526116847992,103630,1,3.645169261842966,3.64573061093688
rendezvous_hash,codex65:30:65029:568,431.8999836444855,131046,1,3.208929844200611,3.2095974422991276
rendezvous_hash,codex110:7:110006:757,432.07815766334534,54220,1,1.518169242888689,1.5186442621052265
rendezvous_hash,codex70:32:70031:685,432.4020917415619,99604,1,1.255106095224619,1.2557455897331238
rendezvous_hash,codex119:17:119016:703,434.0905952453613,98447,1,2.5102641358971596,2.5108751468360424
rendezvous_hash,codex493:33:493032:658,434.6640555858612,122761,1,12.41735652089119,12.417990375310183
rendezvous_hash,codex71:10:71009:736,434.9186942577362,75076,1,1.7198355123400688,1.7202436961233616
rendezvous_hash,codex213:8:213007:781,435.03249073028564,35710,1,1.6005419380962849,1.601077876985073
rendezvous_hash,codex266:1:266000:785,435.0822765827179,14201,1,14.049899123609066,14.050037950277328
rendezvous_hash,codex135:7:135006:754,435.38744616508484,56222,1,1.7379345074295998,1.7382995188236237
rendezvous_hash,codex436:16:436015:730,436.8389666080475,59349,1,2.082711849361658,2.0830945149064064
rendezvous_hash,codex421:2:421001:794,436.94316601753235,30402,1,5.298738520592451,5.29895593598485
rendezvous_hash,codex315:18:315017:743,437.5590605735779,82558,1,6.180978309363127,6.18145889043808
rendezvous_hash,codex166:4:166003:770,437.6653997898102,31663,1,1.7520458810031414,1.7522713355720043
rendezvous_hash,codex215:9:215008:739,437.87944197654724,60740,1,1.5420924723148346,1.5424475148320198
rendezvous_hash,codex70:33:70032:699,438.2204658985138,99805,1,6.206510465592146,6.207179710268974
rendezvous_hash,codex521:9:521008:759,438.68086552619934,51043,1,10.455612417310476,10.455922681838274
rendezvous_hash,codex65:31:65030:582,439.4062063694,131672,1,1.464722253382206,1.4654038287699223
rendezvous_hash,codex509:14:509013:793,440.01915407180786,56082,1,1.2868743613362312,1.2872427180409431
rendezvous_hash,codex506:20:506019:638,440.33037877082825,94657,1,1.20507001131773,1.205695480108261
rendezvous_hash,codex294:8:294007:761,440.50660467147827,54311,1,2.6784537360072136,2.678803987801075
rendezvous_hash,codex152:21:152020:659,440.8547224998474,95587,1,7.156512584537268,7.157049756497145
rendezvous_hash,codex215:10:215009:749,441.8633782863617,60991,1,8.421078488230705,8.425577536225319
rendezvous_hash,codex116:5:116004:767,442.0406210422516,55876,1,8.247620239853859,8.248808097094297
rendezvous_hash,codex110:8:110007:779,442.2345983982086,55773,1,2.7065903209149837,2.707095578312874
rendezvous_hash,codex509:15:509014:798,442.4345495700836,62314,1,4.2641915790736675,4.264637194573879
rendezvous_hash,codex213:9:213008:800,442.5570738315582,37539,1,4.18027913197875,4.180876534432173
rendezvous_hash,codex363:22:363021:621,442.92745780944824,112118,1,3.7573585733771324,3.7579799443483353
rendezvous_hash,codex543:21:543020:682,443.1752314567566,71893,1,7.119299124926329,7.119706004858017
rendezvous_hash,codex135:8:135007:772,443.3713130950928,61156,1,3.646533414721489,3.6469027176499367
rendezvous_hash,codex548:1:548000:810,443.4206829071045,13754,1,5.9942218996584415,5.994638189673424
rendezvous_hash,codex506:21:506020:648,443.72868371009827,94828,1,11.435604929924011,11.436294727027416
rendezvous_hash,codex250:28:250027:765,444.00963497161865,86675,1,2.4233077131211758,2.423800464719534
rendezvous_hash,codex25:17:25016:753,444.20053696632385,60104,1,10.955224364995956,10.955684468150139
rendezvous_hash,codex240:2:240001:812,444.24727153778076,14069,1,5.169268157333136,5.169391378760338
rendezvous_hash,codex166:5:166004:783,444.4166407585144,54050,1,13.670349292457104,13.682520028203726
rendezvous_hash,codex361:14:361013:799,444.550505399704,36031,1,2.1901423409581184,2.1903699040412903
rendezvous_hash,codex220:5:220004:808,444.93276619911194,41257,1,13.157204933464527,13.1667042337358
rendezvous_hash,codex238:28:238027:524,445.7188959121704,175322,1,22.290825344622135,22.291685692965984
rendezvous_hash,codex108:32:108031:691,445.9456522464752,61445,1,21.875863641500473,21.87635363638401
rendezvous_hash,codex436:17:436016:751,446.1329402923584,59507,1,11.963486324995756,11.965840563178062
rendezvous_hash,codex228:28:228027:720,446.4213230609894,85702,1,11.682692483067513,11.688171032816172
rendezvous_hash,codex65:32:65031:600,447.6211621761322,131772,1,1.5245197899639606,1.5252707935869694
rendezvous_hash,codex119:18:119017:738,447.9966547489166,107691,1,9.371700130403042,9.372777834534645
rendezvous_hash,codex110:9:110008:791,448.51651215553284,73383,1,11.880214486271143,11.880632676184177
rendezvous_hash,codex421:3:421002:823,448.6486041545868,38488,1,8.893947783857584,8.894316226243973
rendezvous_hash,codex152:22:152021:664,449.12435388565063,95756,1,8.991014514118433,8.991543997079134
rendezvous_hash,codex548:2:548001:821,450.0793025493622,26062,1,2.1497155018150806,2.1500395499169827
rendezvous_hash,codex203:9:203008:769,451.5784869194031,61454,1,3.2062380388379097,3.206605762243271
rendezvous_hash,codex315:19:315018:766,451.85702872276306,83562,1,8.54634878411889,8.546843137592077
rendezvous_hash,codex543:22:543021:687,452.118136882782,77440,1,6.0211712792515755,6.02159858494997
rendezvous_hash,codex266:2:266001:802,452.20380902290344,25324,1,2.57583761960268,2.5760291516780853
rendezvous_hash,codex250:29:250028:784,452.90413188934326,86844,1,0.6123794056475163,0.6128693446516991
rendezvous_hash,codex294:9:294008:788,453.50675773620605,56891,1,3.8671172484755516,3.8674511834979057
rendezvous_hash,codex70:34:70033:726,453.96424198150635,100262,1,6.446767572313547,6.447316888719797
rendezvous_hash,codex135:9:135008:796,454.18918085098267,67936,1,13.618472509086132,13.61888000741601
rendezvous_hash,codex521:10:521009:776,454.3651158809662,55874,1,6.023616410791874,6.023961029946804
rendezvous_hash,codex363:23:363022:649,454.7711410522461,112236,1,0.7732150033116341,0.7738368846476078
rendezvous_hash,codex548:3:548002:835,455.3291666507721,36619,1,6.158270180225372,6.158509600907564
rendezvous_hash,codex266:3:266002:813,457.2717299461365,34623,1,6.915025949478149,6.915283437818289
rendezvous_hash,codex294:10:294009:797,458.4530682563782,58948,1,1.9908117800951004,1.9911486506462097
rendezvous_hash,codex506:22:506021:652,458.8083016872406,95022,1,9.077090248465538,9.07760078087449
rendezvous_hash,codex152:23:152022:669,459.2079041004181,100235,1,8.773867312818766,8.774393323808908
rendezvous_hash,codex65:33:65032:630,459.722909450531,138555,1,8.274976260960102,8.275677975267172
rendezvous_hash,codex382:1:382000:856,459.79785895347595,13800,1,7.300964202731848,7.301097724586725
rendezvous_hash,codex213:10:213009:838,459.9448971748352,42200,1,2.6892505511641502,2.6896333657205105
rendezvous_hash,codex493:34:493033:698,460.37571263313293,125897,1,3.852954000234604,3.8536148443818092
rendezvous_hash,codex421:4:421003:833,460.5950312614441,39004,1,0.8891030438244343,0.8893765844404697
rendezvous_hash,codex166:6:166005:805,461.2589473724365,58651,1,6.554526459425688,6.554872538894415
rendezvous_hash,codex509:16:509015:842,461.4760777950287,63025,1,1.1940534226596355,1.1944379545748234
rendezvous_hash,codex215:11:215010:782,462.3205542564392,61506,1,5.49668001011014,5.497041206806898
rendezvous_hash,codex522:3:522002:859,463.3319163322449,21076,1,0.9807166010141373,0.9809668585658073
rendezvous_hash,codex250:30:250029:815,463.8044309616089,87014,1,0.9376286491751671,0.9381049200892448
rendezvous_hash,codex25:18:25017:780,464.72726583480835,65021,1,3.245968535542488,3.2463567666709423
rendezvous_hash,codex509:17:509016:853,465.08062386512756,64840,1,2.795276250690222,2.7956705018877983
rendezvous_hash,codex240:3:240002:863,465.3534641265869,77448,1,24.30939707905054,24.309914261102676
rendezvous_hash,codex119:19:119018:762,465.71752166748047,109682,1,6.13556881994009,6.1362497098743916
rendezvous_hash,codex250:31:250030:824,466.0251820087433,87189,1,1.995107352733612,1.9955831617116928
rendezvous_hash,codex421:5:421004:846,466.1833453178406,45676,1,6.249482251703739,6.249777358025312
rendezvous_hash,codex220:6:220005:830,466.380095243454,61910,1,14.66865599900484,14.675086248666048
rendezvous_hash,codex110:10:110009:814,466.63402342796326,75626,1,5.80367524549365,5.804103080183268
rendezvous_hash,codex543:23:543022:712,466.92894864082336,78577,1,4.506963215768337,4.507420431822538
rendezvous_hash,codex266:4:266003:827,467.09364581108093,43962,1,28.97081383690238,28.971231054514647
rendezvous_hash,codex294:11:294010:817,467.3037052154541,63225,1,4.477844439446926,4.4784321784973145
rendezvous_hash,codex116:6:116005:816,467.50443983078003,61123,1,6.4029749892652035,6.403353791683912
rendezvous_hash,codex315:20:315019:786,467.7968764305115,84451,1,4.005151677876711,4.005693159997463
rendezvous_hash,codex234:1:234000:881,467.8701364994049,13534,1,1.374256756156683,1.3744909577071667
rendezvous_hash,codex522:4:522003:877,467.9674484729767,24602,1,3.8759105913341045,3.8787964172661304
rendezvous_hash,codex228:29:228028:756,468.6481099128723,85871,1,12.406416308134794,12.407652832567692
rendezvous_hash,codex135:10:135009:803,469.00520491600037,68471,1,0.7645508348941803,0.7649842984974384
rendezvous_hash,codex509:18:509017:868,471.42609548568726,66802,1,1.9637968353927135,1.9641774408519268
rendezvous_hash,codex166:7:166006:820,472.3626763820648,61781,1,8.697398636490107,8.697760116308928
rendezvous_hash,codex234:2:234001:901,472.4261965751648,17820,1,0.9590126723051071,0.9591781049966812
rendezvous_hash,codex493:35:493034:722,473.08506870269775,134697,1,25.17435734346509,25.17514195293188
rendezvous_hash,codex110:11:110010:822,473.37692403793335,83909,1,5.244771376252174,5.245581120252609
rendezvous_hash,codex70:35:70034:768,473.87186908721924,100487,1,4.7578016966581345,4.758340522646904
rendezvous_hash,codex108:33:108032:709,474.4174509048462,62096,1,1.6487949341535568,1.6491782516241074
rendezvous_hash,codex135:11:135010:819,474.63519954681396,69362,1,1.4363866299390793,1.436774741858244
rendezvous_hash,codex382:2:382001:890,474.879620552063,21579,1,7.411109875887632,7.411281939595938
rendezvous_hash,codex508:1:508000:904,475.7787821292877,13678,1,25.483668982982635,25.483890026807785
rendezvous_hash,codex543:24:543023:731,476.0562562942505,79148,1,7.468904569745064,7.469413690268993
rendezvous_hash,codex213:11:213010:886,476.5251815319061,43628,1,1.7378841452300549,1.7381685338914394
rendezvous_hash,codex548:4:548003:887,476.654958486557,39940,1,29.262194596230984,29.262492168694735
rendezvous_hash,codex522:5:522004:899,477.1686553955078,29422,1,1.2896340377628803,1.2898611798882484
rendezvous_hash,codex71:11:71010:852,477.6452987194061,91473,1,12.787301205098629,12.797191366553307
rendezvous_hash,codex315:21:315020:807,477.9262685775757,84693,1,2.5660658106207848,2.566533140838146
rendezvous_hash,codex361:15:361014:894,478.0650827884674,42569,1,2.4307648725807667,2.4310353361070156
rendezvous_hash,codex203:10:203009:834,478.2550718784332,61906,1,2.2291265688836575,2.2295087166130543
rendezvous_hash,codex135:12:135011:828,478.89847326278687,69800,1,1.6031052768230438,1.6035017855465412
rendezvous_hash,codex521:11:521010:831,479.1677396297455,76099,1,34.683836817741394,34.684363037347794
rendezvous_hash,codex108:34:108033:721,479.3608458042145,62361,1,1.681850589811802,1.6822428703308105
rendezvous_hash,codex70:36:70035:771,479.7237069606781,107679,1,7.522276200354099,7.5229947455227375
rendezvous_hash,codex25:19:25018:818,479.9346640110016,67248,1,10.504177115857601,10.508363768458366
rendezvous_hash,codex73:14:73013:792,480.11666345596313,57436,1,3.146724119782448,3.14708174392581
rendezvous_hash,codex213:12:213011:895,480.26024413108826,44901,1,3.259610626846552,3.259912621229887
rendezvous_hash,codex509:19:509018:892,480.47544169425964,67866,1,3.0553355999290943,3.0557232052087784
rendezvous_hash,codex506:23:506022:689,481.4761564731598,96366,1,2.0630285926163197,2.0635364055633545
rendezvous_hash,codex315:22:315021:811,481.7838578224182,85244,1,5.540559597313404,5.541316024959087
rendezvous_hash,codex119:20:119019:789,482.18103098869324,110306,1,8.26942192018032,8.27057695761323
rendezvous_hash,codex522:6:522005:912,482.2852325439453,31044,1,8.156510822474957,8.159218672662973
rendezvous_hash,codex108:35:108034:728,482.5003168582916,65562,1,5.740047983825207,5.74056027084589
rendezvous_hash,codex203:11:203010:841,482.69719648361206,62773,1,1.8709474429488182,1.871345043182373
rendezvous_hash,codex228:30:228029:760,482.9886944293976,86016,1,1.2612699903547764,1.2617640495300293
rendezvous_hash,codex110:12:110011:836,483.2538239955902,84772,1,4.076955936849117,4.077410947531462
rendezvous_hash,codex135:13:135012:837,483.51224970817566,76197,1,4.767305500805378,4.7677235044538975
rendezvous_hash,codex294:12:294011:855,484.0811014175415,64235,1,6.374198716133833,6.374561432749033
rendezvous_hash,codex116:7:116006:849,484.5067329406738,64702,1,1.9429439641535282,1.943385198712349
rendezvous_hash,codex73:15:73014:806,486.812463760376,57760,1,0.9951021894812584,0.9954523891210556
rendezvous_hash,codex543:25:543024:744,487.647527217865,81167,1,2.094951819628477,2.0954819060862064
rendezvous_hash,codex213:13:213012:906,487.79977107048035,46847,1,1.0170172862708569,1.0173314474523067
rendezvous_hash,codex110:13:110012:839,488.1462037563324,89603,1,3.2709344550967216,3.271428033709526
rendezvous_hash,codex234:3:234002:939,488.54079270362854,22408,1,0.9891483075916767,0.9893379062414169
rendezvous_hash,codex215:12:215011:844,488.755038022995,62237,1,1.0177971385419369,1.018144067376852
rendezvous_hash,codex422:16:422015:825,489.1414542198181,42885,1,0.4078662805259228,0.40822573378682137
rendezvous_hash,codex213:14:213013:913,490.0360858440399,48928,1,1.3519924506545067,1.3524235859513283
rendezvous_hash,codex166:8:166007:845,490.24803709983826,65626,1,5.998201701790094,5.998939864337444
rendezvous_hash,codex382:3:382002:916,490.34296345710754,28437,1,3.852021001279354,3.8522293008863926
rendezvous_hash,codex116:8:116007:870,491.2588257789612,65345,1,4.993140023201704,4.993506211787462
rendezvous_hash,codex506:24:506023:711,491.7814402580261,99771,1,2.9169221334159374,2.9174818471074104
rendezvous_hash,codex220:7:220006:872,491.9796290397644,62358,1,4.503425024449825,4.503786005079746
rendezvous_hash,codex543:26:543025:752,492.26269006729126,84297,1,4.225816655904055,4.226268261671066
rendezvous_hash,codex308:1:308000:943,492.3142375946045,13069,1,2.783639430999756,2.7859365567564964
rendezvous_hash,codex294:13:294012:866,492.6355674266815,67613,1,2.468822665512562,2.4692016765475273
rendezvous_hash,codex70:37:70036:790,493.5271563529968,107758,1,0.7440788932144642,0.7449661456048489
rendezvous_hash,codex110:14:110013:850,494.18661427497864,93010,1,2.6028767600655556,2.603367853909731
rendezvous_hash,codex135:14:135013:860,495.6504747867584,79527,1,3.205442376434803,3.2060091719031334
rendezvous_hash,codex228:31:228030:795,495.92228651046753,86103,1,0.8601521253585815,0.8606263548135757
rendezvous_hash,codex203:12:203011:880,496.47347712516785,63167,1,0.9707303233444691,0.9711085706949234
rendezvous_hash,codex70:38:70037:804,497.4327509403229,119108,1,10.737462054938078,10.738089453428984
rendezvous_hash,codex234:4:234003:963,497.6601514816284,24500,1,1.1888780742883682,1.1890652365982533
rendezvous_hash,codex203:13:203012:884,497.87174558639526,63324,1,1.030663125216961,1.0311153680086136
rendezvous_hash,codex116:9:116008:876,498.1007616519928,71073,1,3.1183854900300503,3.1189157031476498
rendezvous_hash,codex422:17:422016:848,498.2466812133789,43073,1,0.6784624271094799,0.6788254231214523
rendezvous_hash,codex110:15:110014:861,498.8401575088501,93781,1,9.321237348020077,9.321758359670639
rendezvous_hash,codex71:12:71011:891,499.50679421424866,92769,1,1.5182671062648296,1.5188102535903454
rendezvous_hash,codex266:5:266004:843,500.12622475624084,48784,1,16.568602364510298,16.56899480521679
rendezvous_hash,codex495:1:495000:964,500.37479519844055,13550,1,1.2591771706938744,1.2594135142862797
rendezvous_hash,codex294:14:294013:888,500.7515971660614,70809,1,5.173614166676998,5.174280196428299
rendezvous_hash,codex166:9:166008:864,500.95344376564026,66306,1,0.8920257836580276,0.8924247585237026
rendezvous_hash,codex135:15:135014:874,502.43256092071533,81068,1,3.4979507997632027,3.498404785990715
rendezvous_hash,codex308:2:308001:970,502.53487491607666,30695,1,6.072221592068672,6.081236470490694
rendezvous_hash,codex495:2:495001:974,502.64342188835144,22485,1,2.2339475713670254,2.2341188862919807
rendezvous_hash,codex71:13:71012:903,503.733523607254,96037,1,4.882243126630783,4.883196271955967
rendezvous_hash,codex493:36:493035:746,504.1846489906311,143050,1,14.340778920799494,14.341493058949709
rendezvous_hash,codex119:21:119020:832,504.537314414978,110650,1,4.13880068808794,4.139539450407028
rendezvous_hash,codex422:18:422017:869,504.6749484539032,43513,1,1.7969965375959873,1.7972854487597942
rendezvous_hash,codex108:36:108035:775,504.8709318637848,65785,1,1.6697841212153435,1.6701785400509834
rendezvous_hash,codex543:27:543026:778,505.15373039245605,86720,1,4.584642421454191,4.585143838077784
rendezvous_hash,codex65:34:65033:732,505.59681010246277,143260,1,5.831649921834469,5.832352392375469
rendezvous_hash,codex166:10:166009:875,505.8215732574463,69133,1,4.449203338474035,4.449924446642399
rendezvous_hash,codex508:2:508001:925,505.9127023220062,27481,1,18.12528907880187,18.131988797336817
rendezvous_hash,codex250:32:250031:930,506.3695046901703,87782,1,1.8096261322498322,1.810095939785242
rendezvous_hash,codex234:5:234004:987,506.466459274292,27533,1,1.6878961101174355,1.6881033144891262
rendezvous_hash,codex228:32:228031:826,506.9308843612671,86264,1,3.3464267291128635,3.346880290657282
rendezvous_hash,codex203:14:203013:910,507.1370782852173,63474,1,4.276582565158606,4.276940461248159
rendezvous_hash,codex495:3:495002:982,507.23401165008545,29592,1,2.890750505030155,2.891048815101385
rendezvous_hash,codex240:4:240003:932,507.51447677612305,80782,1,16.529694199562073,16.530765164643526
rendezvous_hash,codex135:16:135015:882,507.84420919418335,84262,1,2.6525657400488853,2.653028581291437
rendezvous_hash,codex382:4:382003:951,507.94608330726624,29089,1,2.3675382398068905,2.3684402890503407
rendezvous_hash,codex220:8:220007:907,508.14740896224976,62623,1,2.171488296240568,2.1718445010483265
rendezvous_hash,codex367:1:367000:988,508.58627700805664,13427,1,2.821419086307287,2.8215412981808186
rendezvous_hash,codex250:33:250032:933,509.27420115470886,88180,1,2.145259268581867,2.145733065903187
rendezvous_hash,codex308:3:308002:981,510.8922772407532,45136,1,4.736541625112295,4.740432981401682
rendezvous_hash,codex495:4:495003:992,511.02530550956726,33593,1,1.2518012821674347,1.2520653381943703
rendezvous_hash,codex119:22:119021:840,511.3986873626709,110922,1,4.24058298394084,4.241209868341684
rendezvous_hash,codex166:11:166010:883,511.6704361438751,69310,1,0.6319124847650528,0.6323030665516853
rendezvous_hash,codex548:5:548004:909,512.5028247833252,42982,1,11.545656312257051,11.545920573174953
rendezvous_hash,codex422:19:422018:893,512.9612009525299,44221,1,0.7366894446313381,0.7370928078889847
rendezvous_hash,codex382:5:382004:962,513.0689630508423,33013,1,1.1499626152217388,1.1501921080052853
rendezvous_hash,codex135:17:135016:897,513.5346541404724,84462,1,0.7956742346286774,0.7961578071117401
rendezvous_hash,codex495:5:495004:998,514.2134342193604,36145,1,1.392492651939392,1.3927321396768093
rendezvous_hash,codex220:9:220008:922,515.2705028057098,62906,1,1.3432879149913788,1.3436562418937683
rendezvous_hash,codex506:25:506024:774,515.5974869728088,102551,1,2.9187100306153297,2.919252935796976
rendezvous_hash,codex215:13:215012:923,515.9385735988617,68935,1,4.889969650655985,4.890366110950708
rendezvous_hash,codex65:35:65034:745,516.4007513523102,143446,1,2.1327975280582905,2.1334979347884655
rendezvous_hash,codex203:15:203014:924,516.6040651798248,63587,1,1.9038052707910538,1.904195923358202
rendezvous_hash,codex116:10:116009:926,517.7414810657501,71365,1,3.092432241886854,3.0928371138870716
rendezvous_hash,codex228:33:228032:847,518.2045888900757,86621,1,2.639117069542408,2.6395799964666367
rendezvous_hash,codex521:12:521011:851,518.4719500541687,76879,1,5.637206457555294,5.637928552925587
rendezvous_hash,codex110:16:110015:898,519.0086817741394,96634,1,2.3166816905140877,2.317229386419058
rendezvous_hash,codex65:36:65035:750,519.875143289566,144677,1,2.3829797506332397,2.383761838078499
rendezvous_hash,codex509:20:509019:983,520.0988388061523,68105,1,0.739202469587326,0.7395721115171909
rendezvous_hash,codex266:6:266005:857,520.5055375099182,55446,1,3.6081873886287212,3.608507242053747
rendezvous_hash,codex135:18:135017:914,520.8155407905579,90439,1,4.200992576777935,4.201599661260843
rendezvous_hash,codex308:4:308003:1002,521.7386612892151,55149,1,3.964858327060938,3.965193275362253
rendezvous_hash,codex509:21:509020:990,522.2427890300751,71061,1,2.588147535920143,2.5885717757046223
rendezvous_hash,codex220:10:220009:937,523.0648155212402,63195,1,0.9516923241317272,0.9520791508257389
rendezvous_hash,codex110:17:110016:905,523.9169957637787,100549,1,3.55662714317441,3.557334180921316
rendezvous_hash,codex234:6:234005:1023,524.0097761154175,27733,1,1.0177419148385525,1.0180100426077843
rendezvous_hash,codex116:11:116010:934,524.3971750736237,74331,1,3.0629875771701336,3.063541993498802
rendezvous_hash,codex422:20:422019:921,524.5487470626831,44912,1,0.8363229110836983,0.836697518825531
rendezvous_hash,codex521:13:521012:854,524.8200907707214,77889,1,1.1965846307575703,1.1970394179224968
rendezvous_hash,codex524:1:524000:1025,524.9862258434296,13343,1,1.6063430085778236,1.606469590216875
rendezvous_hash,codex192:9:192008:1008,525.6962056159973,45161,1,1.4455414190888405,1.4458569921553135
rendezvous_hash,codex234:7:234006:1028,526.0091822147369,27798,1,0.5859955251216888,0.5861959755420685
rendezvous_hash,codex509:22:509021:995,526.3895614147186,73848,1,3.7165215872228146,3.716982129961252
rendezvous_hash,codex220:11:220010:947,526.5876307487488,63334,1,0.8781730756163597,0.8786377497017384
rendezvous_hash,codex548:6:548005:918,526.7484791278839,47455,1,3.5746980458498,3.574982199817896
rendezvous_hash,codex119:23:119022:878,527.1325681209564,111189,1,3.186866257339716,3.187486805021763
rendezvous_hash,codex521:14:521013:862,527.4166462421417,79141,1,5.937778722494841,5.9422359727323055
rendezvous_hash,codex308:5:308004:1014,528.5029714107513,94857,1,24.234024737030268,24.23488149791956
rendezvous_hash,codex240:5:240004:946,528.8053994178772,87356,1,6.465830519795418,6.466337140649557
rendezvous_hash,codex203:16:203015:948,529.0180151462555,63756,1,2.012834820896387,2.013212915509939
rendezvous_hash,codex508:3:508002:940,529.144603729248,38102,1,11.080006320029497,11.080263443291187
rendezvous_hash,codex228:34:228033:879,529.470855474472,92326,1,5.4067967385053635,5.407316528260708
rendezvous_hash,codex116:12:116011:942,529.7072718143463,74885,1,5.558278903365135,5.558689046651125
rendezvous_hash,codex110:18:110017:917,530.0377144813538,101429,1,1.921872641891241,1.922441367059946
rendezvous_hash,codex524:2:524001:1035,530.0911462306976,15215,1,0.6520190499722958,0.6521690674126148
rendezvous_hash,codex220:12:220011:958,530.3065810203552,63422,1,4.9539403058588505,4.954313259571791
rendezvous_hash,codex294:15:294014:957,531.0204629898071,76015,1,23.53553708270192,23.53595421463251
rendezvous_hash,codex65:37:65036:777,531.5662395954132,144800,1,1.549458995461464,1.550358146429062
rendezvous_hash,codex135:19:135018:931,531.8702781200409,92632,1,2.3861447013914585,2.3866740874946117
rendezvous_hash,codex524:3:524002:1044,531.9507176876068,22743,1,1.3372600115835667,1.3375216908752918
rendezvous_hash,codex548:7:548006:927,532.5192353725433,55517,1,7.720811054110527,7.722022939473391
rendezvous_hash,codex25:20:25019:935,533.0883519649506,67883,1,21.462968222796917,21.46336429566145
rendezvous_hash,codex540:1:540000:1046,533.1850366592407,13170,1,1.6844587288796902,1.6845998018980026
rendezvous_hash,codex215:14:215013:961,533.8914151191711,69501,1,4.789954952895641,4.790352862328291
rendezvous_hash,codex166:12:166011:941,534.1515526771545,75701,1,4.534788966178894,4.535217635333538
rendezvous_hash,codex234:8:234007:1051,534.2470128536224,29656,1,1.0078404136002064,1.008054569363594
rendezvous_hash,codex119:24:119023:896,534.7649693489075,111503,1,19.80488845333457,19.80546936392784
rendezvous_hash,codex524:4:524003:1053,534.8663401603699,27514,1,3.586930960416794,3.5871397480368614
rendezvous_hash,codex521:15:521014:871,535.1433749198914,81646,1,5.102758578956127,5.1032009571790695
rendezvous_hash,codex522:7:522006:1017,535.249838590622,32249,1,19.294645000249147,19.294874746352434
rendezvous_hash,codex367:2:367001:1050,535.4120128154755,21050,1,3.0387285836040974,3.0388992950320244
rendezvous_hash,codex509:23:509022:1011,536.4617218971252,75703,1,2.229149393737316,2.229559399187565
rendezvous_hash,codex422:21:422020:950,536.6189706325531,49343,1,2.05725060030818,2.0575639717280865
rendezvous_hash,codex65:38:65037:787,537.4822850227356,145200,1,2.7520785219967365,2.7528338953852654
rendezvous_hash,codex110:19:110018:928,537.8223752975464,102149,1,1.8821418657898903,1.8827802911400795
rendezvous_hash,codex540:2:540001:1061,537.8718881607056,14402,1,2.3497263975441456,2.349854465574026
rendezvous_hash,codex250:34:250033:1001,538.1742854118347,88370,1,1.4515827521681786,1.4521379172801971
rendezvous_hash,codex116:13:116012:952,538.4444813728333,77957,1,2.3137212209403515,2.3141699954867363
rendezvous_hash,codex382:6:382005:1018,538.5605006217957,33354,1,0.46167680993676186,0.46201324090361595
rendezvous_hash,codex234:9:234008:1067,538.6693766117096,33258,1,1.1601542793214321,1.1604587025940418
rendezvous_hash,codex422:22:422021:960,540.2163293361664,49622,1,0.5624700672924519,0.5627641938626766
rendezvous_hash,codex382:7:382006:1026,541.3791418075562,36273,1,1.276617020368576,1.276880867779255
rendezvous_hash,codex278:1:278000:1073,541.4278390407562,13270,1,3.6069085635244846,3.607040647417307
rendezvous_hash,codex524:5:524004:1068,541.7236161231995,36321,1,3.416206669062376,3.4165419675409794
rendezvous_hash,codex266:7:266006:919,542.6490705013275,57975,1,2.3909647278487682,2.3913199491798878
rendezvous_hash,codex250:35:250034:1009,542.9641833305359,88566,1,2.227229781448841,2.227859243750572
rendezvous_hash,codex240:6:240005:968,543.2585136890411,93779,1,7.532175097614527,7.5326720625162125
rendezvous_hash,codex65:39:65038:801,543.8152348995209,146842,1,3.5166524909436703,3.51760845631361
rendezvous_hash,codex215:15:215014:972,544.035416841507,70011,1,2.8547696620225906,2.8551923148334026
rendezvous_hash,codex220:13:220012:977,544.2265186309814,63602,1,1.3844036050140858,1.384899776428938
rendezvous_hash,codex234:10:234009:1080,544.332998752594,34730,1,1.359100703150034,1.3594193942844868
rendezvous_hash,codex508:4:508003:956,544.4612064361572,40130,1,8.186705559492111,8.1869712844491
rendezvous_hash,codex228:35:228034:911,544.7526249885559,92883,1,2.1443561539053917,2.145014002919197
rendezvous_hash,codex521:16:521015:889,545.0283346176147,83536,1,7.630002021789551,7.630463592708111
rendezvous_hash,codex278:2:278001:1081,545.5368483066559,40498,1,8.925250049680471,8.925543032586575
rendezvous_hash,codex71:14:71013:994,546.3473224639893,98008,1,8.215686228126287,8.216200970113277
rendezvous_hash,codex315:23:315022:973,546.6201298236847,85849,1,1.2239562571048737,1.2244545184075832
rendezvous_hash,codex116:14:116013:966,546.8790421485901,82594,1,3.8997840248048306,3.9002230167388916
rendezvous_hash,codex166:13:166012:967,548.2619843482971,76175,1,2.5215066634118557,2.521919883787632
rendezvous_hash,codex215:16:215015:976,548.4810202121735,70169,1,2.2924796491861343,2.2928981445729733
rendezvous_hash,codex65:40:65039:809,549.0827827453613,147056,1,1.7177975662052631,1.7185543179512024
rendezvous_hash,codex548:8:548007:954,549.6766049861908,60641,1,2.9764065630733967,2.9767566435039043
rendezvous_hash,codex338:1:338000:1096,549.7270400524139,13413,1,1.2403312474489212,1.2405498884618282
rendezvous_hash,codex506:26:506025:867,550.0747315883636,103123,1,2.003700401633978,2.0043989047408104
rendezvous_hash,codex509:24:509023:1041,550.319934129715,76825,1,2.4506970681250095,2.4512066654860973
rendezvous_hash,codex250:36:250035:1022,550.6047582626343,88765,1,4.031127359718084,4.032247316092253
rendezvous_hash,codex495:6:495005:1095,550.7544224262238,45157,1,3.875144384801388,3.882056511938572
rendezvous_hash,codex213:15:213014:1065,551.2557692527771,51226,1,1.5397499985992908,1.5400521382689476
rendezvous_hash,codex382:8:382007:1058,552.0291948318481,37675,1,0.711466945707798,0.7117051184177399
rendezvous_hash,codex215:17:215016:980,552.5889930725098,70369,1,0.6715943925082684,0.6721179932355881
rendezvous_hash,codex338:2:338001:1106,552.6424744129181,14073,1,0.5568676441907883,0.5570099093019962
rendezvous_hash,codex116:15:116014:975,553.1183834075928,90999,1,12.635898031294346,12.63640657812357
rendezvous_hash,codex367:3:367002:1099,553.1965429782867,22873,1,1.4418900273740292,1.4420585483312607
rendezvous_hash,codex506:27:506026:873,553.8604803085327,103687,1,1.8106633983552456,1.8112639747560024
rendezvous_hash,codex192:10:192009:1088,554.0168159008026,48402,1,3.0150934383273125,3.015394948422909
rendezvous_hash,codex228:36:228035:929,554.3095774650574,93319,1,11.450508538633585,11.451002664864063
rendezvous_hash,codex524:6:524005:1097,554.4521667957306,42399,1,2.572965282946825,2.5765543542802334
rendezvous_hash,codex540:3:540002:1105,554.5405442714691,19816,1,2.4861953258514404,2.4863484501838684
rendezvous_hash,codex509:25:509024:1049,555.265570640564,78861,1,1.7713802978396416,1.771822102367878
rendezvous_hash,codex234:11:234010:1109,555.3854520320892,36635,1,1.6366734057664871,1.6369302608072758
rendezvous_hash,codex521:17:521016:902,555.6588454246521,84757,1,4.072676237672567,4.073154713958502
rendezvous_hash,codex266:8:266007:944,556.06729388237,63533,1,3.8104021660983562,3.8107765689492226
rendezvous_hash,codex315:24:315023:997,556.3857898712158,86333,1,1.8392015099525452,1.8396924547851086
rendezvous_hash,codex215:18:215017:993,556.6024794578552,70742,1,9.14508219063282,9.14549469947815
rendezvous_hash,codex382:9:382008:1074,556.7314472198486,40143,1,9.009283665567636,9.00955867022276
rendezvous_hash,codex166:14:166013:986,557.0135636329651,80085,1,9.844142522662878,9.84492263942957
rendezvous_hash,codex213:16:213015:1082,557.3277423381805,56871,1,2.407564289867878,2.4078863337635994
rendezvous_hash,codex65:41:65040:829,557.858158826828,147357,1,1.8875201530754566,1.8882688581943512
rendezvous_hash,codex352:1:352000:1113,557.9151184558868,13195,1,6.69523361325264,6.695357143878937
rendezvous_hash,codex543:28:543027:920,558.2128133773804,88356,1,8.652892414480448,8.653382882475853
rendezvous_hash,codex548:9:548008:969,558.7843968868256,65934,1,7.171391386538744,7.171782344579697
rendezvous_hash,codex508:5:508004:971,558.9526298046112,50953,1,8.122125696390867,8.122441854327917
rendezvous_hash,codex119:25:119024:908,559.3819971084595,133663,1,22.544304456561804,22.54523291438818
rendezvous_hash,codex250:37:250036:1034,559.7006344795227,88903,1,1.3443196043372154,1.3449489921331406
rendezvous_hash,codex338:3:338002:1129,559.8718729019165,18120,1,0.7112240456044674,0.711550984531641
rendezvous_hash,codex367:4:367003:1116,560.3119413852692,24497,1,0.7395091615617275,0.7396827079355717
rendezvous_hash,codex540:4:540003:1118,560.7243423461914,21492,1,0.6546541266143322,0.6548324823379517
rendezvous_hash,codex220:14:220013:1015,561.0083928108215,71909,1,6.427030969411135,6.427471198141575
rendezvous_hash,codex524:7:524006:1112,561.3723764419556,46973,1,2.224106002599001,2.2244161777198315
rendezvous_hash,codex192:11:192010:1103,562.9736528396606,51221,1,1.6882465109229088,1.6886701583862305
rendezvous_hash,codex509:26:509025:1075,563.2799823284149,83681,1,3.388141494244337,3.3887081369757652
rendezvous_hash,codex495:7:495006:1120,563.4877591133118,59160,1,8.516004484146833,8.516661684960127
rendezvous_hash,codex367:5:367004:1128,563.5777354240417,25192,1,8.428627993911505,8.428809076547623
rendezvous_hash,codex521:18:521017:915,564.6036927700043,86341,1,3.6163577176630497,3.616840373724699
rendezvous_hash,codex25:21:25020:965,565.0783762931824,75891,1,16.95823697000742,16.964524768292904
rendezvous_hash,codex524:8:524007:1125,565.6673853397369,52284,1,8.966519609093666,8.966861698776484
rendezvous_hash,codex338:4:338003:1154,565.7350571155548,19274,1,0.49999888241291046,0.5001544766128063
rendezvous_hash,codex453:1:453000:1146,566.0233137607574,13604,1,2.0247221291065216,2.024844456464052
rendezvous_hash,codex278:3:278002:1124,566.2293424606323,56304,1,12.659627489745617,12.660047590732574
rendezvous_hash,codex352:2:352001:1132,566.6583385467529,33112,1,4.242401953786612,4.242616754025221
rendezvous_hash,codex421:6:421005:1102,567.0670483112335,46469,1,0.9845771454274654,0.9848776496946812
rendezvous_hash,codex294:16:294015:991,568.041613817215,77208,1,14.000539653003216,14.001840747892857
rendezvous_hash,codex338:5:338004:1165,568.2121770381927,20016,1,1.1220349296927452,1.1222231686115265
rendezvous_hash,codex203:17:203016:1040,568.4223997592926,64489,1,1.6102565713226795,1.6106754951179028
rendezvous_hash,codex315:25:315024:1020,568.7066886425018,86524,1,1.393390852957964,1.3938743397593498
rendezvous_hash,codex509:27:509026:1084,569.0031986236572,85401,1,2.883618462830782,2.8840787298977375
rendezvous_hash,codex71:15:71014:1029,569.3269925117493,98540,1,12.723646450787783,12.724267564713955
rendezvous_hash,codex65:42:65041:858,569.8403780460358,147495,1,2.203913561999798,2.2047940231859684
rendezvous_hash,codex540:5:540004:1152,569.9415967464447,25445,1,2.107705794274807,2.107967309653759
rendezvous_hash,codex338:6:338005:1173,570.0251095294952,23466,1,0.8736159391701221,0.8737978078424931
rendezvous_hash,codex508:6:508005:985,570.6226122379303,53535,1,5.157894026488066,5.158231355249882
rendezvous_hash,codex215:19:215018:1006,570.8916130065918,71072,1,0.9896667674183846,0.9900807328522205
rendezvous_hash,codex266:9:266008:978,571.2431206703186,94043,1,19.383117984980345,19.383783403784037
rendezvous_hash,codex166:15:166014:999,571.5324034690857,82303,1,2.4672817401587963,2.467750057578087
rendezvous_hash,codex240:7:240006:1019,571.8679752349854,98294,1,20.01473182812333,20.01526354625821
rendezvous_hash,codex65:43:65042:865,573.1623203754425,163302,1,17.956658609211445,17.95750169083476
rendezvous_hash,codex495:8:495007:1133,573.3769428730011,63348,1,5.79730836302042,5.797674674540758
rendezvous_hash,codex367:6:367005:1138,573.4701318740845,29093,1,5.699539329856634,5.699757218360901
rendezvous_hash,codex220:15:220014:1032,573.688095331192,73189,1,1.7870216630399227,1.787451609969139
rendezvous_hash,codex509:28:509027:1092,573.9869794845581,89233,1,2.7926561944186687,2.7931638434529305
rendezvous_hash,codex109:1:109000:1179,574.2250893115997,13194,1,20.43989874050021,20.440020512789488
rendezvous_hash,codex338:7:338006:1193,574.7665421962738,30098,1,2.5789567828178406,2.579174667596817
rendezvous_hash,codex543:29:543028:936,575.0788433551788,88718,1,1.1920520514249802,1.192572571337223
rendezvous_hash,codex192:12:192011:1142,575.2552402019501,53308,1,15.841911617666483,15.842234529554844
rendezvous_hash,codex203:18:203017:1059,575.4641997814178,64655,1,15.637657847255468,15.63802845776081
rendezvous_hash,codex352:3:352002:1170,576.9369168281555,37875,1,19.96362479403615,19.96390799432993
rendezvous_hash,codex220:16:220015:1038,577.1765849590302,74014,1,1.2957744896411896,1.2962148003280163
rendezvous_hash,codex422:23:422022:1048,577.3399510383606,50065,1,13.75381101667881,13.75411818176508
rendezvous_hash,codex213:17:213016:1141,577.635586977005,57604,1,1.2473537437617779,1.247698586434126
rendezvous_hash,codex234:12:234011:1185,577.7780034542084,41352,1,1.966982375830412,1.9673925079405308
rendezvous_hash,codex315:26:315025:1045,578.101175069809,90219,1,3.992163695394993,3.9927300922572613
rendezvous_hash,codex521:19:521018:938,578.4609482288361,87591,1,19.50927832350135,19.5097873210907
rendezvous_hash,codex543:30:543029:945,578.857099533081,91147,1,2.514029059559107,2.5146892182528973
rendezvous_hash,codex215:20:215019:1024,579.1627643108368,71348,1,3.0952124930918217,3.0956162475049496
rendezvous_hash,codex548:10:548009:1005,579.5337510108948,66477,1,18.428559619933367,18.428982447832823
rendezvous_hash,codex338:8:338007:1207,579.9577543735504,33059,1,2.1497439183294773,2.1500526629388332
rendezvous_hash,codex453:2:453001:1203,580.6266705989838,19710,1,2.4369332529604435,2.4370960630476475
rendezvous_hash,codex166:16:166015:1016,580.9173409938812,82777,1,2.1523362807929516,2.1527980603277683
rendezvous_hash,codex524:9:524008:1155,581.1195468902588,58195,1,2.9424327351152897,2.9429343789815903
rendezvous_hash,codex367:7:367006:1149,581.8839867115021,30405,1,2.1940420381724834,2.1943254619836807
rendezvous_hash,codex543:31:543030:955,583.0544190406799,111657,1,16.178682569414377,16.179271791130304
rendezvous_hash,codex278:4:278003:1151,583.5889194011688,69050,1,6.85240389034152,6.852949634194374
rendezvous_hash,codex294:17:294016:996,583.8743271827698,84078,1,4.340039473026991,4.340633060783148
rendezvous_hash,codex213:18:213017:1163,584.3616921901703,58037,1,0.6036104634404182,0.6039824448525906
rendezvous_hash,codex338:9:338008:1220,584.7367477416992,36362,1,1.093691561371088,1.0940383672714233
rendezvous_hash,codex453:3:453002:1218,584.9579358100891,29336,1,16.365784991532564,16.36600797623396
rendezvous_hash,codex524:10:524009:1166,585.5515513420105,59340,1,4.884810406714678,4.885206039994955
rendezvous_hash,codex508:7:508006:1012,586.4162874221802,58721,1,11.33061147481203,11.330973073840141
rendezvous_hash,codex382:10:382009:1139,586.5538523197174,41835,1,15.245334979146719,15.245627284049988
rendezvous_hash,codex25:22:25021:979,586.8099298477173,76161,1,1.444350179284811,1.444769024848938
rendezvous_hash,codex220:17:220016:1069,587.0558660030365,76492,1,14.755394291132689,14.755815491080284
rendezvous_hash,codex228:37:228036:984,587.3926522731781,93569,1,14.42483127489686,14.425312619656324
rendezvous_hash,codex308:6:308005:1126,587.7417824268341,96896,1,2.7062089517712593,2.706726059317589
rendezvous_hash,codex540:6:540005:1217,587.8402378559113,26132,1,3.249611508101225,3.2498095966875553
rendezvous_hash,codex338:10:338009:1231,587.9745097160339,37978,1,0.7122112847864628,0.7124923057854176
rendezvous_hash,codex213:19:213018:1178,588.1745867729187,58279,1,0.6795931532979012,0.6799694746732712
rendezvous_hash,codex315:27:315026:1070,589.2804267406464,90554,1,1.2624300010502338,1.2630739696323872
rendezvous_hash,codex25:23:25022:989,589.5596523284912,76547,1,4.545308940112591,4.545881789177656
rendezvous_hash,codex71:16:71015:1054,589.9319229125977,103295,1,4.7537235133349895,4.754250783473253
rendezvous_hash,codex250:38:250037:1122,590.2821578979492,89066,1,0.8259096890687943,0.8263831809163094
rendezvous_hash,codex338:11:338010:1244,590.4268906116486,38225,1,1.195657230913639,1.1959102638065815
rendezvous_hash,codex88:1:88000:1243,590.6177730560303,14659,1,1.937931876629591,1.9380768202245235
rendezvous_hash,codex294:18:294017:1004,591.079342842102,84470,1,3.592992890626192,3.593455459922552
rendezvous_hash,codex524:11:524010:1174,591.6140511035919,59615,1,0.9464972279965878,0.9468429274857044
rendezvous_hash,codex278:5:278004:1167,591.8695271015167,74462,1,6.4707092978060246,6.471174620091915
rendezvous_hash,codex495:9:495008:1187,592.2213816642761,75736,1,14.647086754441261,14.647604279220104
rendezvous_hash,codex250:39:250038:1131,592.5491669178009,97532,1,19.727717719972134,19.728268072009087
rendezvous_hash,codex540:7:540006:1226,592.9127769470215,33333,1,1.8340368308126926,1.8343501575291157
rendezvous_hash,codex215:21:215020:1057,593.2863764762878,71634,1,8.520333379507065,8.520732332020998
rendezvous_hash,codex315:28:315027:1083,593.5991055965424,90898,1,1.0792328342795372,1.0797097943723202
rendezvous_hash,codex367:8:367007:1189,593.7004623413086,30739,1,18.546104814857244,18.546308360993862
rendezvous_hash,codex422:24:422023:1062,594.6594004631042,50351,1,2.245034385472536,2.245348021388054
rendezvous_hash,codex65:44:65043:885,595.6783199310303,178350,1,18.772891011089087,18.773764327168465
rendezvous_hash,codex88:2:88001:1258,595.7837181091309,28492,1,3.9360924810171127,3.936293974518776
rendezvous_hash,codex135:20:135019:1094,596.0854592323303,93271,1,3.1404240615665913,3.140937674790621
rendezvous_hash,codex213:20:213019:1205,596.2673854827881,58595,1,2.269122190773487,2.2694978415966034
rendezvous_hash,codex540:8:540007:1239,596.3736066818237,34274,1,18.113804664462805,18.117411110550165
rendezvous_hash,codex192:13:192012:1160,596.5479509830475,56408,1,17.936832670122385,17.94345647841692
rendezvous_hash,codex71:17:71016:1063,596.8921988010406,107140,1,5.472190726548433,5.472760803997517
rendezvous_hash,codex240:8:240007:1033,597.2760429382324,108287,1,11.650900285691023,11.651813432574272
rendezvous_hash,codex119:26:119025:953,597.7332203388214,134362,1,7.302736461162567,7.3034718334674835
rendezvous_hash,codex338:12:338011:1265,597.8795480728149,39217,1,1.843077965080738,1.8433233872056007
rendezvous_hash,codex25:24:25023:1000,598.8283343315125,76669,1,7.152470797300339,7.15288845077157
rendezvous_hash,codex76:1:76000:1269,598.8799192905426,13338,1,7.089090637862682,7.089218556880951
rendezvous_hash,codex308:7:308006:1162,599.2115254402161,99933,1,6.783500153571367,6.784022495150566
rendezvous_hash,codex524:12:524011:1201,599.7130913734436,66324,1,12.551213663071394,12.551587261259556
rendezvous_hash,codex548:11:548010:1013,600.695544719696,68800,1,8.23701786994934,8.237391144037247
rendezvous_hash,codex135:21:135020:1098,601.0017313957214,94132,1,1.5221409127116203,1.5226462930440903
rendezvous_hash,codex521:20:521019:949,601.3152639865875,91257,1,10.942100405693054,10.94258475676179
rendezvous_hash,codex278:6:278005:1182,601.5751559734344,77698,1,10.694412432610989,10.694843269884586
rendezvous_hash,codex508:8:508007:1021,601.7923362255096,59563,1,9.986829575151205,9.987214293330908
rendezvous_hash,codex453:4:453003:1227,602.7048444747925,36843,1,5.617989018559456,5.61830835416913
rendezvous_hash,codex382:11:382010:1145,603.0193002223969,44888,1,9.231935143470764,9.23221480101347
rendezvous_hash,codex338:13:338012:1277,603.5561308860779,43107,1,4.690403088927269,4.690811935812235
rendezvous_hash,codex88:3:88002:1279,603.6671681404114,34393,1,3.154005538672209,3.1543670557439327
rendezvous_hash,codex166:17:166016:1077,604.3419880867004,89973,1,8.077482458204031,8.078343641012907
rendezvous_hash,codex294:19:294018:1027,604.6788070201874,84841,1,1.3100504167377949,1.3107907138764858
rendezvous_hash,codex422:25:422024:1091,604.842800617218,50473,1,9.647778768092394,9.64976841211319
rendezvous_hash,codex213:21:213020:1236,605.0231058597565,58860,1,0.9524300657212734,0.9527723379433155
rendezvous_hash,codex215:22:215021:1072,605.5373322963715,71920,1,6.888036873191595,6.888436824083328
rendezvous_hash,codex119:27:119026:959,605.9606783390045,134774,1,1.4174712300300598,1.4181802682578564
rendezvous_hash,codex110:20:110019:1104,606.3918941020966,103938,1,1.9168278463184834,1.9174981079995632
rendezvous_hash,codex511:1:511000:1295,607.018880367279,13052,1,5.225149266421795,5.225271083414555
rendezvous_hash,codex234:13:234012:1290,607.3523426055908,43580,1,1.0428690575063229,1.0432391203939915
rendezvous_hash,codex453:5:453004:1240,609.098249912262,44232,1,3.357702411711216,3.358342908322811
rendezvous_hash,codex88:4:88003:1293,609.2742865085602,47708,1,9.825236480683088,9.82564752921462
rendezvous_hash,codex228:38:228037:1003,609.5822684764862,93856,1,3.8244005776941776,3.8249287977814674
rendezvous_hash,codex338:14:338013:1287,609.7417578697205,49664,1,10.071697704494,10.072018567472696
rendezvous_hash,codex266:10:266009:1031,610.072683095932,106556,1,12.974487006664276,12.97505858913064
rendezvous_hash,codex509:29:509028:1202,610.3667185306549,91290,1,4.0734607726335526,4.07396250590682
rendezvous_hash,codex109:2:109001:1249,610.4207284450531,15126,1,3.3595332466065884,3.359668131917715
rendezvous_hash,codex135:22:135021:1121,610.717845916748,94765,1,2.758532702922821,2.7590581960976124
rendezvous_hash,codex240:9:240008:1043,611.0586009025574,109312,1,7.5152782164514065,7.515850480645895
rendezvous_hash,codex308:8:308007:1183,611.3927130699158,102688,1,4.201671291142702,4.202244758605957
rendezvous_hash,codex110:21:110020:1111,611.7386755943298,106971,1,8.082116894423962,8.08269190788269
rendezvous_hash,codex495:10:495009:1212,612.0387513637543,79677,1,5.2357117384672165,5.236134562641382
rendezvous_hash,codex203:19:203018:1115,612.2376885414124,64821,1,2.2588192634284496,2.2591828778386116
rendezvous_hash,codex76:2:76001:1298,612.87322306633,14216,1,2.299314144998789,2.2994434162974358
rendezvous_hash,codex524:13:524012:1215,613.7747700214386,67273,1,4.133463986217976,4.134143907576799
rendezvous_hash,codex511:2:511001:1307,614.2257943153381,19145,1,3.684370543807745,3.684520285576582
rendezvous_hash,codex508:9:508008:1030,614.4283089637756,61413,1,8.612151458859444,8.612514682114124
rendezvous_hash,codex367:9:367008:1200,614.6645193099976,37260,1,3.2648956179618835,3.265137977898121
rendezvous_hash,codex382:12:382011:1159,614.9836592674255,47554,1,2.285988613963127,2.2862688340246677
rendezvous_hash,codex73:16:73015:1158,615.1677300930023,58432,1,2.114635817706585,2.114964835345745
rendezvous_hash,codex405:1:405000:1318,615.2187054157257,13349,1,5.0118525587022305,5.012082532048225
rendezvous_hash,codex192:14:192013:1171,615.3983561992645,58206,1,1.8798997849225998,1.8802385218441486
rendezvous_hash,codex213:22:213021:1272,615.5833675861359,59149,1,1.6825787425041199,1.6829405464231968
rendezvous_hash,codex228:39:228038:1010,616.2101511955261,117981,1,20.100799042731524,20.10144629701972
rendezvous_hash,codex65:45:65044:900,616.8240413665771,178525,1,1.6734614148736,1.6746081970632076
rendezvous_hash,codex234:14:234013:1314,617.0247204303741,53253,1,3.9046472422778606,3.9050805382430553
rendezvous_hash,codex215:23:215022:1090,617.2549958229065,72503,1,22.97593441978097,22.976439140737057
rendezvous_hash,codex109:3:109002:1261,617.4154243469238,16526,1,5.6196623519063,5.619805842638016
rendezvous_hash,codex509:30:509029:1219,617.8269305229187,95825,1,3.328776851296425,3.3293117061257362
rendezvous_hash,codex192:15:192014:1177,618.3938150405884,60976,1,1.8721146807074547,1.8725606240332127
rendezvous_hash,codex382:13:382012:1172,618.7994394302368,57942,1,24.44022450223565,24.44696144014597
rendezvous_hash,codex540:9:540008:1255,618.9202053546906,34738,1,1.3635863736271858,1.3638963662087917
rendezvous_hash,codex511:3:511002:1315,619.0161278247833,27256,1,1.6992464996874332,1.6995459385216236
rendezvous_hash,codex308:9:308008:1199,619.8027799129486,104953,1,2.2909779101610184,2.291547428816557
rendezvous_hash,codex422:26:422025:1107,620.5997071266174,50613,1,0.5250802971422672,0.5254919715225697
rendezvous_hash,codex495:11:495010:1232,621.7843427658081,85336,1,4.176070265471935,4.176654178649187
rendezvous_hash,codex88:5:88004:1305,622.0810925960541,83870,1,24.915528893470764,24.916010782122612
rendezvous_hash,codex166:18:166017:1108,622.4574768543243,91447,1,20.788235165178776,20.790202021598816
rendezvous_hash,codex110:22:110021:1123,622.9332025051117,117657,1,24.344204131513834,24.344943288713694
rendezvous_hash,codex511:4:511003:1325,623.0313229560852,29556,1,2.9427591115236282,2.9430480301380157
rendezvous_hash,codex603:1:603000:1339,623.4218921661377,13081,1,1.8243787474930286,1.82450545206666
rendezvous_hash,codex540:10:540009:1275,623.8262338638306,35120,1,1.6317773461341858,1.632038451731205
rendezvous_hash,codex509:31:509030:1237,624.1458511352539,95869,1,1.5037359595298767,1.5042662657797337
rendezvous_hash,codex278:7:278006:1230,624.3998317718506,81070,1,4.989592272788286,4.9900768622756
rendezvous_hash,codex220:18:220017:1136,624.6497497558594,79623,1,18.60434105619788,18.605097010731697
rendezvous_hash,codex135:23:135022:1164,624.9447739124298,95141,1,1.869194645434618,1.869711246341467
rendezvous_hash,codex192:16:192015:1196,625.1694512367249,61317,1,0.8549933172762394,0.8553529046475887
rendezvous_hash,codex405:2:405001:1338,625.2433128356934,21038,1,24.87656258791685,24.876721873879433
rendezvous_hash,codex508:10:508009:1037,625.4519033432007,64813,1,2.1126735247671604,2.1130443066358566
rendezvous_hash,codex338:15:338014:1308,625.635576248169,54738,1,24.533395364880562,24.54007599130273
rendezvous_hash,codex213:23:213022:1301,626.8032267093658,59761,1,0.6767498068511486,0.6771167069673538
rendezvous_hash,codex548:12:548011:1066,627.3985636234283,75134,1,8.95110771432519,8.951724864542484
rendezvous_hash,codex511:5:511004:1334,627.7553379535675,31612,1,1.346600890159607,1.3468275181949139
rendezvous_hash,codex119:28:119027:1007,628.2127707004547,135074,1,1.674704670906067,1.6754093393683434
rendezvous_hash,codex524:14:524013:1254,628.4481472969055,72043,1,4.648357626050711,4.6487741358578205
rendezvous_hash,codex495:12:495011:1252,628.7217793464661,86053,1,4.380981285125017,4.381449196487665
rendezvous_hash,codex266:11:266010:1056,629.0926864147186,119692,1,13.215190034359694,13.21594176441431
rendezvous_hash,codex422:27:422026:1134,629.2561235427856,50769,1,1.0564490668475628,1.0568703077733517
rendezvous_hash,codex540:11:540010:1286,629.3667397499084,35958,1,1.2513373531401157,1.252073548734188
rendezvous_hash,codex508:11:508010:1047,629.7480189800262,69388,1,12.5899644382298,12.59034688025713
rendezvous_hash,codex294:20:294019:1101,630.6110835075378,85185,1,0.9573576860129833,0.9578345753252506
rendezvous_hash,codex19:1:19000:1358,631.6309945583344,13527,1,1.4591530300676823,1.4592858850955963
rendezvous_hash,codex203:20:203019:1188,632.4649312496185,69479,1,2.760129287838936,2.7605403624475002
rendezvous_hash,codex509:32:509031:1262,632.7682921886444,96219,1,1.154445268213749,1.1549958549439907
rendezvous_hash,codex116:16:116015:1175,633.0817446708679,92541,1,10.25842272490263,10.259974181652069
rendezvous_hash,codex294:21:294020:1110,633.6832382678986,85470,1,0.7531945966184139,0.7536569014191628
rendezvous_hash,codex506:28:506027:1085,635.21422123909,104305,1,1.313095722347498,1.3137532025575638
rendezvous_hash,codex315:29:315028:1223,635.7879421710968,91167,1,14.387269288301468,14.390055242925882
rendezvous_hash,codex422:28:422027:1157,635.9577090740204,50951,1,0.8226193897426128,0.8229373171925545
rendezvous_hash,codex213:24:213023:1328,636.14231300354,59963,1,0.6427914910018444,0.6431576833128929
rendezvous_hash,codex192:17:192016:1246,636.7719943523407,62091,1,0.9360693544149399,0.9364568665623665
rendezvous_hash,codex73:17:73016:1241,637.0465235710144,58630,1,6.301958233118057,6.302292127162218
rendezvous_hash,codex19:2:19001:1383,637.1079244613647,18485,1,0.8402194641530514,0.8403787165880203
rendezvous_hash,codex453:6:453005:1324,638.4113924503326,49759,1,4.933652501553297,4.933951422572136
rendezvous_hash,codex421:7:421006:1340,638.5728330612183,50873,1,11.625430818647146,11.625822860747576
rendezvous_hash,codex509:33:509032:1280,639.0157587528229,96998,1,5.122452165931463,5.123006992042065
rendezvous_hash,codex213:25:213024:1337,639.2799823284149,78231,1,10.851047169417143,10.851471357047558
rendezvous_hash,codex305:1:305000:1389,639.8342220783234,13272,1,3.1009109914302826,3.1010425612330437
rendezvous_hash,codex603:2:603001:1391,640.1368947029114,30015,1,3.9939353577792645,3.994148664176464
rendezvous_hash,codex135:24:135023:1222,641.3303620815277,96107,1,1.6131846643984318,1.6136951297521591
rendezvous_hash,codex19:3:19002:1399,641.8440086841583,23019,1,1.093084204941988,1.0932512655854225
rendezvous_hash,codex119:29:119028:1039,642.9257915019989,135575,1,1.2207262627780437,1.2214060463011265
rendezvous_hash,codex308:10:308009:1281,643.8208107948303,105278,1,1.4392906539142132,1.439857292920351
rendezvous_hash,codex495:13:495012:1285,644.12224650383,87953,1,2.8808334171772003,2.88130883872509
rendezvous_hash,codex540:12:540011:1329,644.9691424369812,37497,1,2.8996699675917625,2.8999430052936077
rendezvous_hash,codex603:3:603002:1404,645.1029982566833,41024,1,5.01030283421278,5.010592602193356
rendezvous_hash,codex278:8:278007:1292,645.8671865463257,86989,1,4.280654229223728,4.281118605285883
rendezvous_hash,codex220:19:220018:1148,646.1503193378448,80765,1,3.985507257282734,3.9859411381185055
rendezvous_hash,codex234:15:234014:1393,646.3491725921631,59833,1,3.776230875402689,3.776571676135063
rendezvous_hash,codex508:12:508011:1064,646.5989825725555,72777,1,3.927473183721304,3.9280188642442226
rendezvous_hash,codex116:17:116016:1190,646.9096300601959,94207,1,3.232925921678543,3.2334257438778877
rendezvous_hash,codex109:4:109003:1335,646.9882144927979,21253,1,3.128687061369419,3.1288494989275932
rendezvous_hash,codex521:21:521020:1036,648.3622727394104,92083,1,2.2130651772022247,2.213645312935114
rendezvous_hash,codex524:15:524014:1304,648.5954337120056,72408,1,2.1311467103660107,2.131551880389452
rendezvous_hash,codex509:34:509033:1296,648.9083549976349,97212,1,2.802957147359848,2.8038602210581303
rendezvous_hash,codex110:23:110022:1135,649.348464012146,122856,1,5.870791994035244,5.87142438814044
rendezvous_hash,codex228:40:228039:1052,649.9067008495331,159818,1,42.79796662181616,42.79874659702182
rendezvous_hash,codex73:18:73017:1263,650.1072926521301,59150,1,6.953615121543407,6.953982919454575
rendezvous_hash,codex192:18:192017:1291,651.0278778076172,62908,1,1.6370076797902584,1.637436881661415
rendezvous_hash,codex521:22:521021:1042,651.3367810249329,93850,1,1.8923939540982246,1.8929185457527637
rendezvous_hash,codex308:11:308010:1300,651.6958861351013,110489,1,5.164425536990166,5.164988324046135
rendezvous_hash,codex166:19:166018:1144,652.5740571022034,92726,1,40.1078869625926,40.10837534815073
rendezvous_hash,codex19:4:19003:1432,652.6577153205872,24233,1,4.18013359606266,4.1803167052567005
rendezvous_hash,codex382:14:382013:1213,653.5048232078552,58350,1,39.15286551043391,39.15321910008788
rendezvous_hash,codex315:30:315029:1245,653.8340036869049,91443,1,1.3774429820477962,1.3779454827308655
rendezvous_hash,codex116:18:116017:1206,654.1642496585846,97506,1,38.52392169460654,38.52444103360176
rendezvous_hash,codex508:13:508012:1079,654.4174282550812,75485,1,2.428398195654154,2.4288269244134426
rendezvous_hash,codex234:16:234015:1412,654.6227865219116,64237,1,2.535074044018984,2.535433132201433
rendezvous_hash,codex524:16:524015:1321,654.8722913265228,72652,1,0.99745137616992,0.9978676550090313
rendezvous_hash,codex509:35:509034:1309,655.1970703601837,97549,1,1.6564477682113647,1.6569580025970936
rendezvous_hash,codex521:23:521022:1055,656.321683883667,95256,1,3.961259551346302,3.961750976741314
rendezvous_hash,codex203:21:203020:1271,656.5452692508698,69696,1,2.273430421948433,2.273848120123148
rendezvous_hash,codex109:5:109004:1351,656.6223020553589,23774,1,3.408335320651531,3.4085243567824364
rendezvous_hash,codex305:2:305001:1438,656.7810657024384,48268,1,8.842113550752401,8.842409823089838
rendezvous_hash,codex64:1:64000:1444,656.8340458869934,15360,1,3.4313256666064262,3.4314606599509716
rendezvous_hash,codex110:24:110023:1147,657.5947139263153,124463,1,3.1793712489306927,3.1800440810620785
rendezvous_hash,codex421:8:421007:1363,658.1317381858826,53054,1,2.6336075961589813,2.6342185735702515
rendezvous_hash,codex508:14:508013:1089,658.4084858894348,75668,1,1.8640801459550858,1.8645157925784588
rendezvous_hash,codex294:22:294021:1198,658.8077690601349,85803,1,1.4697516448795795,1.4702062159776688
rendezvous_hash,codex509:36:509035:1317,659.1596231460571,97723,1,1.7563155367970467,1.756840717047453
rendezvous_hash,codex234:17:234016:1423,659.3674302101135,66211,1,2.9394467622041702,2.9398377910256386
rendezvous_hash,codex308:12:308011:1310,659.7225003242493,110647,1,2.591857522726059,2.592430792748928
rendezvous_hash,codex315:31:315030:1257,660.0232989788055,91825,1,1.0864904299378395,1.086976271122694
rendezvous_hash,codex524:17:524016:1333,660.2574095726013,73092,1,0.664276048541069,0.6646937131881714
rendezvous_hash,codex88:6:88005:1354,660.6588954925537,85177,1,3.0238516218960285,3.024305485188961
rendezvous_hash,codex76:3:76002:1435,660.7485630512238,23907,1,1.832202970981598,1.832470953464508
rendezvous_hash,codex521:24:521023:1060,661.5065357685089,95537,1,0.9096272699534893,0.9101161472499371
rendezvous_hash,codex405:3:405002:1371,661.5938215255737,25234,1,1.7781735099852085,1.7783585749566555
rendezvous_hash,codex508:15:508014:1093,661.8927273750305,76430,1,3.7417802028357983,3.742196410894394
rendezvous_hash,codex266:12:266011:1117,662.2931797504425,122626,1,4.1834370866417885,4.184180334210396
rendezvous_hash,codex421:9:421008:1373,662.7595729827881,54071,1,0.9183039292693138,0.918625220656395
rendezvous_hash,codex19:5:19004:1461,663.0523610115051,25919,1,1.0367494896054268,1.036957897245884
rendezvous_hash,codex315:32:315031:1268,663.3646183013916,92877,1,2.27523110806942,2.2757143303751945
rendezvous_hash,codex278:9:278008:1331,663.657265663147,87704,1,1.9717224426567554,1.972193855792284
rendezvous_hash,codex73:19:73018:1288,664.0827078819275,59246,1,28.578597344458103,28.578931156545877
rendezvous_hash,codex109:6:109005:1368,664.3449454307556,27996,1,4.864065933972597,4.864281110465527
rendezvous_hash,codex76:4:76003:1451,664.4254841804504,25454,1,1.9511241912841797,1.9514187052845955
rendezvous_hash,codex421:10:421009:1381,664.5995733737946,55248,1,2.621241893619299,2.621559500694275
rendezvous_hash,codex548:13:548012:1156,664.8545346260071,78730,1,4.705592308193445,4.706032305955887
rendezvous_hash,codex443:1:443000:1474,664.9049868583679,13954,1,2.309844821691513,2.3099875040352345
rendezvous_hash,codex521:25:521024:1071,665.1992087364197,95961,1,4.372310895472765,4.3728157095611095
rendezvous_hash,codex509:37:509036:1330,665.6096901893616,102671,1,3.968070637434721,3.9686008878052235
rendezvous_hash,codex234:18:234017:1436,665.9429578781128,69571,1,1.9514918811619282,1.9518786817789078
rendezvous_hash,codex405:4:405003:1385,666.0474231243134,26414,1,1.1642553210258484,1.1644557900726795
rendezvous_hash,codex511:6:511005:1453,666.2591009140015,33753,1,0.9582013003528118,0.9584261067211628
rendezvous_hash,codex203:22:203021:1297,666.9756970405579,69892,1,0.8811666369438171,0.8816094361245632
rendezvous_hash,codex215:24:215023:1180,667.204749584198,72813,1,25.465397857129574,25.465795781463385
rendezvous_hash,codex524:18:524017:1350,667.6510217189789,73425,1,1.5634154304862022,1.5638312362134457
rendezvous_hash,codex508:16:508015:1100,668.2094285488129,76768,1,1.3554653339087963,1.3558856807649136
rendezvous_hash,codex71:18:71017:1289,668.643146276474,107728,1,1.7479005716741085,1.748480323702097
rendezvous_hash,codex266:13:266012:1130,669.049164056778,127463,1,5.300688683986664,5.301346007734537
rendezvous_hash,codex603:4:603003:1481,669.2036747932434,46424,1,2.0536033287644386,2.053924150764942
rendezvous_hash,codex88:7:88006:1377,669.5458352565765,85868,1,2.744725938886404,2.745193235576153
rendezvous_hash,codex405:5:405004:1398,670.0467629432678,31509,1,2.2374871633946896,2.2377265840768814
rendezvous_hash,codex76:5:76004:1470,670.381133556366,28859,1,0.9207018539309502,0.9209967255592346
rendezvous_hash,codex521:26:521025:1076,670.7372052669525,96170,1,3.6046092659235,3.6051343753933907
rendezvous_hash,codex110:25:110024:1191,671.1611280441284,130593,1,7.198060140013695,7.198737051337957
rendezvous_hash,codex19:6:19005:1492,671.2508859634399,26084,1,0.27014185115695,0.27033761516213417
rendezvous_hash,codex203:23:203022:1312,671.8400814533234,70078,1,1.2809756621718407,1.2813934721052647
rendezvous_hash,codex220:20:220019:1235,672.1091089248657,81035,1,20.566909700632095,20.567350085824728
rendezvous_hash,codex443:2:443001:1504,672.5706408023834,16212,1,1.300458274781704,1.3006057180464268
rendezvous_hash,codex287:1:287000:1506,672.6411182880402,13449,1,1.692309133708477,1.692437257617712
rendezvous_hash,codex315:33:315032:1294,673.1104459762573,93620,1,5.239697974175215,5.240201413631439
rendezvous_hash,codex421:11:421010:1409,673.866203546524,56728,1,4.469424519687891,4.469786938279867
rendezvous_hash,codex308:13:308012:1344,674.2299039363861,110855,1,1.0234013125300407,1.023995041847229
rendezvous_hash,codex109:7:109006:1390,674.3298771381378,28120,1,0.23725650832057,0.2375400960445404
rendezvous_hash,codex71:19:71018:1303,675.1332921981812,108027,1,3.2101437970995903,3.210725411772728
rendezvous_hash,codex508:17:508016:1119,675.633674621582,85295,1,13.90590387582779,14.475519310683012
rendezvous_hash,codex287:2:287001:1519,675.7072288990021,20698,1,6.6148328967392445,6.615020703524351
rendezvous_hash,codex119:30:119029:1140,676.1333689689636,136314,1,6.829765487462282,6.830445218831301
rendezvous_hash,codex266:14:266013:1143,676.5419652462006,128773,1,14.332027152180672,14.33269277960062
rendezvous_hash,codex192:19:192018:1353,676.7539300918579,63277,1,8.691518250852823,8.691976506263018
rendezvous_hash,codex443:3:443002:1517,676.8154113292694,18570,1,6.115733101963997,6.115901947021484
rendezvous_hash,codex278:10:278009:1359,677.1188356876373,89368,1,2.9144844003021717,2.914963312447071
rendezvous_hash,codex521:27:521026:1087,677.450581073761,100271,1,13.415539994835854,13.41606842726469
rendezvous_hash,codex234:19:234018:1473,677.673919916153,70264,1,1.625785369426012,1.6262307353317738
rendezvous_hash,codex405:6:405005:1415,677.7762863636017,32366,1,2.244945552200079,2.245174914598465
rendezvous_hash,codex88:8:88007:1395,678.0536477565765,87070,1,1.9740479849278927,1.9745168089866638
rendezvous_hash,codex305:3:305002:1503,678.2232193946838,52310,1,4.721484936773777,4.721794832497835
rendezvous_hash,codex109:8:109007:1405,678.3157138824463,28943,1,12.161667544394732,12.16189568117261
rendezvous_hash,codex603:5:603004:1514,678.8637127876282,57187,1,6.6438822112977505,6.644496250897646
rendezvous_hash,codex308:14:308013:1356,680.0084416866302,111539,1,2.9450738802552223,2.9456666074693203
rendezvous_hash,codex213:26:213025:1437,680.489465713501,78515,1,2.4507521875202656,2.451204042881727
rendezvous_hash,codex203:24:203023:1336,680.8669548034668,72772,1,4.645987536758184,4.646393194794655
rendezvous_hash,codex524:19:524018:1392,681.0974781513214,73651,1,1.8782960213720798,1.8786963112652302
rendezvous_hash,codex548:14:548013:1204,681.3757257461548,85221,1,9.478446543216705,9.4789033010602
rendezvous_hash,codex355:1:355000:1536,681.4259541034698,13443,1,3.7964198514819145,3.7965400964021683
rendezvous_hash,codex315:34:315033:1302,681.7226619720459,94102,1,3.0627523586153984,3.063559766858816
rendezvous_hash,codex405:7:405006:1424,681.839837551117,36034,1,2.8671075887978077,2.8674702532589436
rendezvous_hash,codex421:12:421011:1418,682.0168285369873,56993,1,3.2030641324818134,3.2034274265170097
rendezvous_hash,codex278:11:278010:1369,682.315324306488,90883,1,2.919315580278635,2.9198004826903343
rendezvous_hash,codex71:20:71019:1319,682.6621398925781,108198,1,2.579397574067116,2.579950161278248
rendezvous_hash,codex453:7:453006:1446,682.8377268314362,55206,1,9.827344536781311,9.827669255435467
rendezvous_hash,codex19:7:19006:1534,682.9274659156799,27645,1,1.252985630184412,1.2532926239073277
rendezvous_hash,codex524:20:524019:1396,683.9129374027252,73952,1,1.3156848847866058,1.3160855881869793
rendezvous_hash,codex308:15:308014:1364,685.2098624706268,112187,1,1.3260781355202198,1.3266824893653393
rendezvous_hash,codex511:7:511006:1526,685.6936950683594,34051,1,0.8345833756029606,0.8348180539906025
rendezvous_hash,codex71:21:71020:1323,686.055730342865,108349,1,1.2712886668741703,1.2719001397490501
rendezvous_hash,codex88:9:88008:1416,686.3434405326843,90774,1,4.516047600656748,4.516535487025976
rendezvous_hash,codex421:13:421012:1425,686.5219206809998,57447,1,4.325473349541426,4.325821224600077
rendezvous_hash,codex135:25:135024:1361,688.213873386383,96715,1,1.318820659071207,1.3195424415171146
rendezvous_hash,codex203:25:203024:1345,688.4696202278137,79493,1,4.92727954313159,4.927859477698803
rendezvous_hash,codex443:4:443003:1544,688.8289172649384,22883,1,1.6522187925875187,1.6523989252746105
rendezvous_hash,codex511:8:511007:1540,688.9492039680481,34967,1,1.840077567845583,1.8403358310461044
rendezvous_hash,codex343:1:343000:1566,689.0466647148132,13864,1,1.796121645718813,1.7962604686617851
rendezvous_hash,codex119:31:119030:1168,690.0985345840454,158070,1,23.41560820862651,23.416433058679104
rendezvous_hash,codex308:16:308015:1380,690.4691231250763,112833,1,23.03495754674077,23.035538639873266
rendezvous_hash,codex135:26:135025:1365,690.7808699607849,97709,1,1.9138148352503777,1.914311721920967
rendezvous_hash,codex355:2:355001:1565,690.8402709960938,15996,1,23.281334441155195,23.291404839605093
rendezvous_hash,codex405:8:405007:1449,691.0026576519012,37689,1,0.7880581729114056,0.7884424105286598
rendezvous_hash,codex343:2:343001:1576,691.1110055446625,31677,1,3.5977767519652843,3.598007719963789
rendezvous_hash,codex192:20:192019:1376,691.6593749523163,65622,1,4.760888304561377,4.761384312063456
rendezvous_hash,codex443:5:443004:1549,691.7419419288635,25483,1,22.38141532242298,22.389519281685352
rendezvous_hash,codex508:18:508017:1127,692.426976442337,87075,1,2.2907448671758175,2.2912208884954453
rendezvous_hash,codex603:6:603005:1546,692.6344680786133,64865,1,3.8199344612658024,3.8202999755740166
rendezvous_hash,codex109:9:109008:1414,692.8407261371613,29512,1,1.870066024363041,1.870266880840063
rendezvous_hash,codex88:10:88009:1427,693.1919131278992,100344,1,6.940526150166988,6.941051941365004
rendezvous_hash,codex266:15:266014:1153,694.0244147777557,131023,1,3.58820628747344,3.588871419429779
rendezvous_hash,codex76:6:76005:1558,694.1280846595764,30883,1,19.998963069170713,20.004131332039833
rendezvous_hash,codex220:21:220020:1247,694.387980222702,81185,1,1.540440071374178,1.540975160896778
rendezvous_hash,codex495:14:495013:1426,694.6995837688446,89872,1,2.3043846637010574,2.3048765026032925
rendezvous_hash,codex228:41:228040:1078,695.4607057571411,159975,1,1.8949125744402409,1.8958381414413452
rendezvous_hash,codex135:27:135026:1379,695.7937834262848,98888,1,1.59104835242033,1.5915880501270294
rendezvous_hash,codex511:9:511008:1557,695.908301115036,35506,1,1.0886867120862007,1.0889295600354671
rendezvous_hash,codex19:8:19007:1579,696.393004655838,28866,1,17.736163552850485,17.738935485482216
rendezvous_hash,codex116:19:116018:1225,696.9870202541351,98952,1,3.1389349661767483,3.1394576095044613
rendezvous_hash,codex121:1:121000:1592,697.2582423686981,13242,1,2.001918651163578,2.002061065286398
rendezvous_hash,codex382:15:382014:1233,697.5979120731354,59416,1,2.5182276889681816,2.5185875594615936
rendezvous_hash,codex405:9:405008:1480,697.8663980960846,38136,1,2.252474829554558,2.252711270004511
rendezvous_hash,codex228:42:228041:1086,698.8004603385925,161086,1,4.104908902198076,4.105806682258844
rendezvous_hash,codex266:16:266015:1161,699.2514536380768,133399,1,3.662465311586857,3.663115743547678
rendezvous_hash,codex278:12:278011:1417,699.5746366977692,91088,1,2.156433455646038,2.156958259642124
rendezvous_hash,codex215:25:215024:1209,699.8193061351776,73146,1,3.065691512078047,3.066120181232691
rendezvous_hash,codex220:22:220021:1259,700.0929284095764,81706,1,2.7979325763881207,2.7984207421541214
rendezvous_hash,codex71:22:71021:1357,701.1220746040344,108549,1,13.015833135694265,13.017526417970657
rendezvous_hash,codex116:20:116019:1238,701.4803907871246,100008,1,1.629148069769144,1.6297889798879623
rendezvous_hash,codex109:10:109009:1439,701.5864245891571,31416,1,1.307138565927744,1.307349320501089
rendezvous_hash,codex121:2:121001:1598,701.7223768234253,38908,1,7.816909030079842,7.825797367841005
rendezvous_hash,codex192:21:192020:1397,702.1515040397644,66102,1,2.516319442540407,2.5167169757187366
rendezvous_hash,codex524:21:524020:1456,702.3948621749878,74576,1,7.149770367890596,7.153816916048527
rendezvous_hash,codex453:8:453007:1491,702.5747048854828,55387,1,2.0978901647031307,2.0982135348021984
rendezvous_hash,codex382:16:382015:1251,702.7602109909058,59787,1,1.915884517133236,1.916214942932129
rendezvous_hash,codex511:10:511009:1580,702.8750529289246,37135,1,6.672541003674269,6.674541644752026
rendezvous_hash,codex495:15:495014:1454,703.4508581161499,91844,1,6.104364760220051,6.104930665344
rendezvous_hash,codex213:27:213026:1521,703.7189276218414,79042,1,2.236423421651125,2.236878350377083
rendezvous_hash,codex305:4:305003:1582,703.9105837345123,58398,1,5.573231726884842,5.573571927845478
rendezvous_hash,codex116:21:116020:1242,704.2334907054901,100282,1,1.7299365773797035,1.7304659858345985
rendezvous_hash,codex548:15:548014:1260,704.5096015930176,85852,1,1.5315048731863499,1.5320128984749317
rendezvous_hash,codex352:4:352003:1532,704.6478216648102,39262,1,1.3220940940082073,1.3224325962364674
rendezvous_hash,codex192:22:192021:1406,705.6083998680115,70774,1,5.691148720681667,5.6916272938251495
rendezvous_hash,codex171:1:171000:1606,705.6631212234497,14166,1,5.215227905660868,5.215361665934324
rendezvous_hash,codex220:23:220022:1273,705.943555355072,82149,1,0.9370815716683865,0.937545157968998
rendezvous_hash,codex508:19:508018:1176,706.3683998584747,88617,1,3.131419539451599,3.1318892017006874
rendezvous_hash,codex166:20:166019:1195,706.8687119483948,97942,1,4.333175506442785,4.333800993859768
rendezvous_hash,codex213:28:213027:1528,707.5253467559814,79993,1,1.9678697660565376,1.9683201499283314
rendezvous_hash,codex405:10:405009:1509,707.7938697338104,39754,1,1.6929769925773144,1.6932271607220173
rendezvous_hash,codex215:26:215025:1229,708.040296792984,73365,1,3.2423533238470554,3.2430579885840416
rendezvous_hash,codex109:11:109010:1463,708.2192125320435,34552,1,5.267654273658991,5.267898067831993
rendezvous_hash,codex266:17:266016:1186,708.6749527454376,135808,1,10.549086648970842,10.549850724637508
rendezvous_hash,codex548:16:548015:1270,708.9743854999542,86601,1,10.2400016002357,10.240486167371273
rendezvous_hash,codex287:3:287002:1602,709.0673689842224,25420,1,5.078410230576992,5.078685183078051
rendezvous_hash,codex382:17:382016:1264,709.2645580768585,59925,1,2.0228050500154495,2.023140661418438
rendezvous_hash,codex603:7:603006:1594,709.4734137058258,65654,1,1.8596400991082191,1.8600274845957756
rendezvous_hash,codex278:13:278012:1450,710.2965743541718,91380,1,3.1990296468138695,3.1995242200791836
rendezvous_hash,codex511:11:511010:1587,710.4860775470734,41842,1,3.605860847979784,3.606271605938673
rendezvous_hash,codex121:3:121002:1612,710.8735492229462,43979,1,3.242525301873684,3.2428768798708916
rendezvous_hash,codex521:28:521027:1150,711.9833319187164,108272,1,12.337307423353195,12.337868206202984
rendezvous_hash,codex116:22:116021:1267,712.7603671550751,102294,1,5.666064154356718,5.666634738445282
rendezvous_hash,codex508:20:508019:1192,713.0690834522247,89622,1,11.238212641328573,11.238717790693045
rendezvous_hash,codex382:18:382017:1274,713.2585155963898,60121,1,6.645740859210491,6.646097760647535
rendezvous_hash,codex73:20:73019:1346,713.4776422977448,66572,1,6.419293571263552,6.420290306210518
rendezvous_hash,codex109:12:109011:1467,714.0138440132141,35000,1,9.936397228389978,9.93665573373437
rendezvous_hash,codex228:43:228042:1114,714.8820657730103,161638,1,9.4734444655478,9.47425440326333
rendezvous_hash,codex166:21:166020:1216,715.2083938121796,98696,1,9.13262164592743,9.133157908916473
rendezvous_hash,codex220:24:220023:1299,715.4636571407318,82321,1,8.850335527211428,8.850800398737192
rendezvous_hash,codex121:4:121003:1622,715.6886038780212,55132,1,8.602918658405542,8.603267893195152
rendezvous_hash,codex495:16:495015:1482,715.9959671497345,92501,1,8.330334931612015,8.330846603959799
rendezvous_hash,codex88:11:88010:1496,716.3262567520142,102013,1,1.989466082304716,1.9903408363461494
rendezvous_hash,codex524:22:524021:1485,716.5748810768127,75862,1,7.726660281419754,7.727085761725903
rendezvous_hash,codex64:2:64001:1631,716.6571063995361,23626,1,6.4855891317129135,6.4857786893844604
rendezvous_hash,codex278:14:278013:1468,717.5999584197998,91579,1,6.731716990470886,6.732189144939184
rendezvous_hash,codex343:3:343002:1640,717.7114896774292,34654,1,6.5703281089663506,6.570570699870586
rendezvous_hash,codex443:6:443005:1569,717.8395886421204,26193,1,0.40025749430060387,0.4005036801099777
rendezvous_hash,codex453:9:453008:1547,718.8058733940125,66248,1,5.620037239044905,5.620418302714825
rendezvous_hash,codex315:35:315034:1407,719.1405363082886,94631,1,0.9150249399244785,0.9155349768698215
rendezvous_hash,codex171:2:171001:1635,719.2056806087494,17459,1,0.6323013417422771,0.6324701718986034
rendezvous_hash,codex352:5:352004:1584,719.6059417724609,40475,1,4.347246535122395,4.347525913268328
rendezvous_hash,codex266:18:266017:1194,720.766391992569,138808,1,5.326697088778019,5.327550660818815
rendezvous_hash,codex522:8:522007:1570,720.8910596370697,34866,1,3.403540402650833,3.4037923477590084
rendezvous_hash,codex135:28:135027:1459,721.2249977588654,99197,1,5.891586437821388,5.89211780205369
rendezvous_hash,codex234:20:234019:1609,721.4628903865814,73486,1,5.646287642419338,5.646893575787544
rendezvous_hash,codex421:14:421013:1541,721.6514234542847,58124,1,6.5252267606556416,6.5255592204630375
rendezvous_hash,codex71:23:71022:1384,722.0363399982452,109237,1,4.047749683260918,4.048324134200811
rendezvous_hash,codex305:5:305004:1613,722.2646911144257,62841,1,5.905944965779781,5.906321246176958
rendezvous_hash,codex548:17:548016:1278,722.5611412525177,87688,1,3.515261944383383,3.515767615288496
rendezvous_hash,codex119:32:119031:1210,723.129469871521,158692,1,10.41775881499052,10.418532367795706
rendezvous_hash,codex291:1:291000:1656,723.1931555271149,13540,1,7.206220258027315,7.206439904868603
rendezvous_hash,codex287:4:287003:1630,723.3059804439545,34404,1,10.169688154011965,10.169927947223186
rendezvous_hash,codex88:12:88011:1515,723.6597862243652,105642,1,4.5454973988235,4.54619612544775
rendezvous_hash,codex294:23:294022:1400,723.9423704147339,86381,1,9.578024983406067,9.578502628952265
rendezvous_hash,codex603:8:603007:1624,724.1823356151581,67103,1,3.999376557767391,3.9997631907463074
rendezvous_hash,codex443:7:443006:1588,724.2765157222748,28143,1,8.968085542321205,8.968277886509895
rendezvous_hash,codex495:17:495016:1486,724.965273141861,94310,1,3.2275122478604317,3.228047776967287
rendezvous_hash,codex192:23:192022:1455,725.2189302444458,71700,1,2.9671075716614723,2.9675057642161846
rendezvous_hash,codex278:15:278014:1479,725.7001619338989,91781,1,2.4982254058122635,2.498717237263918
rendezvous_hash,codex508:21:508020:1197,726.0611898899078,90565,1,1.1798005998134613,1.1804467923939228
rendezvous_hash,codex453:10:453009:1560,726.4148128032684,69592,1,6.825777359306812,6.826202306896448
rendezvous_hash,codex521:29:521028:1169,726.9814248085022,109192,1,6.530486058443785,6.531053565442562
rendezvous_hash,codex64:3:64002:1652,727.0993363857269,31571,1,4.909086551517248,4.909318659454584
rendezvous_hash,codex355:3:355002:1600,727.375256061554,18287,1,6.103105057030916,6.1032618544995785
rendezvous_hash,codex506:29:506028:1378,727.7724361419678,104777,1,5.728550240397453,5.7292701452970505
rendezvous_hash,codex509:38:509037:1531,728.155191898346,102837,1,5.336982183158398,5.337547019124031
rendezvous_hash,codex308:17:308016:1429,728.696615934372,115531,1,4.870251391083002,4.870870389044285
rendezvous_hash,codex228:44:228043:1137,729.3002400398254,161800,1,4.2365623861551285,4.23754546046257
rendezvous_hash,codex511:12:511011:1627,729.4866101741791,44614,1,4.017681811004877,4.017957754433155
rendezvous_hash,codex508:22:508021:1211,729.8293373584747,91389,1,11.884197544306517,11.884798154234886
rendezvous_hash,codex135:29:135028:1471,730.18679022789,99701,1,4.2936624847352505,4.2942209132015705
rendezvous_hash,codex121:5:121004:1638,730.3930823802948,55514,1,3.7942275814712048,3.7946180514991283
rendezvous_hash,codex109:13:109012:1494,730.5209267139435,35325,1,3.170158937573433,3.1704127304255962
rendezvous_hash,codex266:19:266018:1214,731.1023361682892,151778,1,19.03926721215248,19.04002745449543
rendezvous_hash,codex192:24:192023:1464,731.3652555942535,72639,1,4.255004845559597,4.255412861704826
rendezvous_hash,codex495:18:495017:1497,731.7095196247101,94887,1,3.948654241859913,3.9493645317852497
rendezvous_hash,codex421:15:421014:1550,731.9121770858765,58413,1,5.319236930459738,5.320174474269152
rendezvous_hash,codex255:1:255000:1680,732.0025913715363,13400,1,5.223967783153057,5.229041054844856
rendezvous_hash,codex71:24:71023:1402,732.3987147808075,111358,1,3.300409659743309,3.3009988218545914
rendezvous_hash,codex88:13:88012:1529,732.766752243042,108359,1,4.525639574974775,4.526295565068722
rendezvous_hash,codex422:29:422028:1477,732.9615783691406,51055,1,2.649359580129385,2.6496776305139065
rendezvous_hash,codex524:23:524022:1520,733.2295804023743,76421,1,2.3962987177073956,2.3967246524989605
rendezvous_hash,codex603:9:603008:1636,733.469055891037,67778,1,2.146968401968479,2.1473612375557423
rendezvous_hash,codex506:30:506029:1387,735.2675080299377,105815,1,1.9022713750600815,1.9028229340910912
rendezvous_hash,codex511:13:511012:1632,735.4219300746918,44782,1,1.7371474876999855,1.737461417913437
rendezvous_hash,codex121:6:121005:1650,735.6027011871338,57005,1,1.5604384317994118,1.5607822723686695
rendezvous_hash,codex521:30:521029:1181,736.3626816272736,110297,1,13.768406309187412,13.768970560282469
rendezvous_hash,codex64:4:64003:1663,736.536495923996,50085,1,21.54702764004469,21.54734167084098
rendezvous_hash,codex110:26:110025:1375,736.9812319278717,132991,1,3.1037417240440845,3.104434672743082
rendezvous_hash,codex287:5:287004:1649,737.1241037845612,39036,1,2.7968144454061985,2.797100145369768
rendezvous_hash,codex278:16:278015:1516,737.6289100646973,93851,1,2.4405162073671818,2.4410503543913364
rendezvous_hash,codex135:30:135029:1487,738.0055871009827,102061,1,3.304879892617464,3.30575467646122
rendezvous_hash,codex291:2:291001:1689,738.1110274791718,29473,1,6.493650037795305,6.49387089535594
rendezvous_hash,codex343:4:343003:1692,738.2273206710815,37215,1,5.019224565476179,5.019488863646984
rendezvous_hash,codex121:7:121006:1654,738.4258499145508,58654,1,4.8251451551914215,4.825491011142731
rendezvous_hash,codex422:30:422029:1490,738.6077332496643,51501,1,2.816408049315214,2.8168495669960976
rendezvous_hash,codex129:1:129000:1715,738.6568262577057,13392,1,2.935380704700947,2.935593403875828
rendezvous_hash,codex71:25:71024:1413,739.0391716957092,111541,1,5.583323925733566,5.583896812051535
rendezvous_hash,codex315:36:315035:1476,739.3724043369293,95119,1,1.928551945835352,1.9293965250253677
rendezvous_hash,codex294:24:294023:1421,739.6750056743622,86649,1,4.940658178180456,4.941118583083153
rendezvous_hash,codex171:3:171002:1706,739.7563769817352,23441,1,1.6796845719218254,1.6799531690776348
rendezvous_hash,codex511:14:511013:1642,739.9150640964508,46054,1,2.646547295153141,2.646938193589449
rendezvous_hash,codex405:11:405010:1605,740.0564215183258,40086,1,1.234204314649105,1.2346251532435417
rendezvous_hash,codex308:18:308017:1458,740.536016702652,116841,1,4.093089230358601,4.0940819419920444
rendezvous_hash,codex215:27:215026:1326,740.7906911373138,74024,1,1.0663349330425262,1.0668706633150578
rendezvous_hash,codex352:6:352005:1628,740.9409627914429,45785,1,17.14557357877493,17.145858600735664
rendezvous_hash,codex278:17:278016:1523,741.2718210220337,94254,1,1.9852848909795284,1.9858843050897121
rendezvous_hash,codex255:2:255001:1714,742.7476279735565,21876,1,1.860749639570713,1.860914945602417
rendezvous_hash,codex453:11:453010:1595,742.9972677230835,72408,1,4.7292503118515015,4.72967354208231
rendezvous_hash,codex215:28:215027:1332,743.2366700172424,74342,1,4.496224105358124,4.496638856828213
rendezvous_hash,codex110:27:110026:1394,744.0835201740265,133503,1,8.325565353035927,8.326344639062881
rendezvous_hash,codex405:12:405011:1618,744.2264995574951,42232,1,3.493015967309475,3.4933033920824528
rendezvous_hash,codex88:14:88013:1559,744.5955443382263,116479,1,9.57104953750968,9.571712825447321
rendezvous_hash,codex192:25:192024:1505,745.3735296726227,73482,1,2.364268220961094,2.364667147397995
rendezvous_hash,codex443:8:443007:1617,745.4799585342407,31486,1,4.629692692309618,4.629898577928543
rendezvous_hash,codex228:45:228044:1184,746.0396168231964,161943,1,3.362343765795231,3.363209765404463
rendezvous_hash,codex278:18:278017:1533,746.3657999038696,94468,1,3.0234519131481647,3.024117838591337
rendezvous_hash,codex255:3:255002:1725,746.4912886619568,35238,1,11.100511606782675,11.100777216255665
rendezvous_hash,codex540:13:540012:1643,746.6218583583832,39120,1,4.207888953387737,4.2081483490765095
rendezvous_hash,codex291:3:291002:1704,746.7420303821564,37246,1,4.253079071640968,4.253449071198702
rendezvous_hash,codex506:31:506030:1420,747.1202816963196,106469,1,3.0037522427737713,3.004317205399275
rendezvous_hash,codex143:1:143000:1736,747.173225402832,13326,1,2.20805137604475,2.2082865461707115
rendezvous_hash,codex603:10:603009:1674,747.4047703742981,72160,1,3.4301947355270386,3.430610090494156
rendezvous_hash,codex508:23:508022:1234,747.7113893032074,91794,1,10.397062595933676,10.397948417812586
rendezvous_hash,codex355:4:355003:1646,747.8378629684448,19148,1,4.5431411154568195,4.543319676071405
rendezvous_hash,codex129:2:129001:1740,748.1542482376099,17430,1,1.9514603652060032,1.9516097120940685
rendezvous_hash,codex121:8:121007:1672,748.4301948547363,60481,1,1.6851484142243862,1.685505136847496
rendezvous_hash,codex109:14:109013:1552,748.5515744686127,35821,1,9.52498622238636,9.525265365839005
rendezvous_hash,codex315:37:315036:1507,748.8701853752136,95404,1,9.22661256045103,9.227131992578506
rendezvous_hash,codex509:39:509038:1586,749.2433218955994,105173,1,2.2259050123393536,2.226522348821163
rendezvous_hash,codex522:9:522008:1634,749.3772604465485,36765,1,3.0144552178680897,3.014695655554533
rendezvous_hash,codex548:18:548017:1347,750.0953838825226,87849,1,8.01883477717638,8.01931393519044
rendezvous_hash,codex76:7:76006:1664,750.320718050003,33287,1,2.0648368895053864,2.0650634430348873
rendezvous_hash,codex166:22:166021:1306,750.8201522827148,99435,1,1.5793076530098915,1.5798358358442783
rendezvous_hash,codex129:3:129002:1754,751.3798317909241,21028,1,1.0077602863311768,1.0079210475087166
rendezvous_hash,codex266:20:266019:1221,752.0575518608093,152484,1,6.070103712379932,6.070877071470022
rendezvous_hash,codex294:25:294024:1447,752.373872756958,86785,1,0.7382500804960728,0.7387306950986385
rendezvous_hash,codex143:2:143001:1768,752.7296717166901,15407,1,0.4623381197452545,0.46256767958402634
rendezvous_hash,codex121:9:121008:1687,753.09991979599,62653,1,4.502287168055773,4.50266420468688
rendezvous_hash,codex116:23:116022:1366,753.5502231121063,104587,1,6.205368183553219,6.2059546038508415
rendezvous_hash,codex287:6:287005:1699,753.6891012191772,40846,1,2.7328626699745655,2.73334277048707
rendezvous_hash,codex511:15:511014:1684,754.1528832912445,46846,1,3.4434824101626873,3.443774286657572
rendezvous_hash,codex453:12:453011:1608,754.58070063591,81153,1,9.180606257170439,9.181036967784166
rendezvous_hash,codex215:29:215028:1349,754.9694309234619,77035,1,8.78177335485816,8.782227162271738
rendezvous_hash,codex171:4:171003:1761,755.0648555755615,26285,1,8.834797330200672,8.835276413708925
rendezvous_hash,codex220:25:220024:1388,755.3455629348755,82502,1,8.410714510828257,8.411167170852423
rendezvous_hash,codex359:1:359000:1779,755.4046385288239,13395,1,8.492956645786762,8.495243154466152
rendezvous_hash,codex228:46:228045:1208,756.0181522369385,162196,1,7.762467801570892,7.763288468122482
rendezvous_hash,codex166:23:166022:1316,756.4098782539368,100376,1,7.358984898775816,7.359928175806999
rendezvous_hash,codex422:31:422030:1548,756.6087520122528,51661,1,1.4914431609213352,1.4917446225881577
rendezvous_hash,codex192:26:192025:1542,756.8874838352203,76592,1,14.025124605745077,14.025586396455765
rendezvous_hash,codex71:26:71025:1457,757.296567440033,112000,1,4.258335340768099,4.258945912122726
rendezvous_hash,codex76:8:76007:1681,757.4386801719666,36716,1,5.064967878162861,5.065227668732405
rendezvous_hash,codex522:10:522009:1653,757.5858964920044,40992,1,4.111559219658375,4.112270925194025
rendezvous_hash,codex355:5:355004:1662,757.669008731842,19529,1,4.025231081992388,4.0260026305913925
rendezvous_hash,codex509:40:509039:1599,758.0429639816284,105645,1,1.2085097543895245,1.2091071531176567
rendezvous_hash,codex603:11:603010:1710,758.6862802505493,76441,1,12.230992753058672,12.2314159758389
rendezvous_hash,codex278:19:278018:1573,759.0351421833038,94632,1,3.4857461154460907,3.4862792044878006
rendezvous_hash,codex511:16:511015:1696,759.2381858825684,53439,1,3.271004881709814,3.2713295333087444
rendezvous_hash,codex143:3:143002:1797,759.5157771110535,21023,1,1.5199042744934559,1.520083773881197
rendezvous_hash,codex508:24:508023:1248,760.2463960647583,93129,1,3.9202913492918015,3.9208834506571293
rendezvous_hash,codex548:19:548018:1355,760.5436334609985,91533,1,4.1437168419361115,4.144211325794458
rendezvous_hash,codex422:32:422031:1561,760.7372541427612,51810,1,10.56082633510232,10.561158437281847
rendezvous_hash,codex305:6:305005:1726,761.0271813869476,83028,1,14.512087352573872,14.512551963329315
rendezvous_hash,codex294:26:294025:1483,761.4142322540283,87215,1,1.1010639667510986,1.101522646844387
rendezvous_hash,codex88:15:88014:1589,762.1090950965881,118159,1,2.5855633094906807,2.5861585214734077
rendezvous_hash,codex521:31:521030:1228,762.4926307201385,110675,1,2.2099895663559437,2.2106810472905636
rendezvous_hash,codex538:1:538000:1809,762.8847000598907,14771,1,3.0173516422510147,3.0174790173768997
rendezvous_hash,codex355:6:355005:1668,762.9547214508057,20242,1,0.3811189495027065,0.3812871687114239
rendezvous_hash,codex511:17:511016:1703,763.153323173523,56290,1,1.5269914977252483,1.5273257866501808
rendezvous_hash,codex143:4:143003:1812,763.3322529792786,25319,1,2.9073908515274525,2.907579369843006
rendezvous_hash,codex76:9:76008:1693,764.1032614707947,38284,1,2.133242145180702,2.133522428572178
rendezvous_hash,codex509:41:509040:1619,764.601215839386,106105,1,6.322553310543299,6.323105722665787
rendezvous_hash,codex355:7:355006:1675,764.6727514266968,20814,1,1.228112805634737,1.228301364928484
rendezvous_hash,codex110:28:110027:1433,765.3287577629089,134009,1,5.628906644880772,5.629600025713444
rendezvous_hash,codex506:32:506031:1478,765.6944079399109,107296,1,5.240851677954197,5.24140814691782
rendezvous_hash,codex511:18:511017:1711,765.8948874473572,60537,1,9.548525724560022,9.548984576016665
rendezvous_hash,codex315:38:315037:1538,766.227532863617,95945,1,4.714702490717173,4.715200882405043
rendezvous_hash,codex171:5:171004:1780,766.3388304710388,29642,1,12.028113715350628,12.028329126536846
rendezvous_hash,codex266:21:266020:1253,766.8890690803528,152756,1,8.578808348625898,8.579608786851168
rendezvous_hash,codex255:4:255003:1770,767.0734374523163,46635,1,5.105591613799334,5.106001019477844
rendezvous_hash,codex508:25:508024:1256,767.4109079837799,94403,1,8.045528873801231,8.04674968495965
rendezvous_hash,codex220:26:220025:1401,767.7191529273987,82916,1,6.009635608643293,6.010093919932842
rendezvous_hash,codex215:30:215029:1362,767.9867134094238,77564,1,2.9621929079294205,2.96262950822711
rendezvous_hash,codex228:47:228046:1224,768.5885238647461,162335,1,6.45554443448782,6.456351708620787
rendezvous_hash,codex71:27:71026:1488,768.9806275367737,112594,1,6.0391008220613,6.039717137813568
rendezvous_hash,codex308:19:308018:1554,769.4360353946686,117624,1,5.591129940003157,5.591730933636427
rendezvous_hash,codex109:15:109014:1590,769.5572118759155,36158,1,1.7994873374700546,1.799804288893938
rendezvous_hash,codex121:10:121009:1729,769.7694871425629,63915,1,5.729980383068323,5.730342712253332
rendezvous_hash,codex143:5:143004:1822,769.8764662742615,31073,1,2.7824674248695374,2.782716743648052
rendezvous_hash,codex129:4:129003:1826,769.9850933551788,33118,1,3.737811967730522,3.7380408123135567
rendezvous_hash,codex287:7:287006:1741,770.1375105381012,45661,1,4.8636892810463905,4.863967828452587
rendezvous_hash,codex343:5:343004:1796,770.2806415557861,43503,1,5.213990520685911,5.214570883661509
rendezvous_hash,codex64:5:64004:1718,770.4675123691559,55367,1,4.8664887100458145,4.866945881396532
rendezvous_hash,codex116:24:116023:1408,770.8234689235687,104945,1,1.0544259622693062,1.0550114810466766
rendezvous_hash,codex359:2:359001:1811,770.904219865799,22881,1,10.353459265083075,10.353637166321278
rendezvous_hash,codex525:1:525000:1832,771.082878112793,13473,1,3.9154087752103806,3.915523696690798
rendezvous_hash,codex443:9:443008:1685,771.2917985916138,32552,1,3.7040494307875633,3.7042649872601032
rendezvous_hash,codex540:14:540013:1720,771.5691378116608,49739,1,14.713844191282988,14.714163638651371
rendezvous_hash,codex166:24:166023:1342,772.5365636348724,101167,1,2.4972933791577816,2.497822754085064
rendezvous_hash,codex19:9:19008:1771,772.6533689498901,29005,1,2.339843261986971,2.3400539606809616
rendezvous_hash,codex315:39:315038:1551,773.6472661495209,96141,1,1.3626799061894417,1.3631933070719242
rendezvous_hash,codex538:2:538001:1837,773.7126717567444,18510,1,1.2767263390123844,1.2768928185105324
rendezvous_hash,codex110:29:110028:1452,774.4027254581451,137657,1,8.009045127779245,8.010124646127224
rendezvous_hash,codex453:13:453012:1644,774.6893496513367,85744,1,7.736191835254431,7.736657399684191
rendezvous_hash,codex192:27:192026:1556,774.9800615310669,89711,1,13.609751552343369,13.614203460514545
rendezvous_hash,codex116:25:116024:1422,776.0701529979706,110370,1,7.3512878604233265,7.351880192756653
rendezvous_hash,codex308:20:308019:1562,776.7842481136322,124873,1,15.03309926763177,15.033800173550844
rendezvous_hash,codex71:28:71027:1498,777.1537439823151,117247,1,10.379276540130377,10.379926174879074
rendezvous_hash,codex355:8:355007:1723,777.2280719280243,21090,1,1.1360165067017078,1.1362058371305466
rendezvous_hash,codex343:6:343005:1810,777.4265899658203,43906,1,3.715598735958338,3.715890932828188
rendezvous_hash,codex382:19:382018:1448,777.6451549530029,61111,1,6.004001468420029,6.00444745272398
rendezvous_hash,codex421:16:421015:1666,777.8334329128265,59397,1,3.546087808907032,3.546454019844532
rendezvous_hash,codex266:22:266021:1266,778.3543591499329,153054,1,7.960255738347769,7.961022298783064
rendezvous_hash,codex422:33:422032:1585,778.5505421161652,53394,1,10.042958453297615,10.044137097895145
rendezvous_hash,codex121:11:121010:1737,778.786750793457,64140,1,3.631485041230917,3.6318578757345676
rendezvous_hash,codex220:27:220026:1419,779.0636420249939,83787,1,7.226665332913399,7.227129369974136
rendezvous_hash,codex506:33:506032:1512,779.419186592102,108443,1,4.201914057135582,4.202618941664696
rendezvous_hash,codex64:6:64005:1732,779.6100189685822,60192,1,8.835098929703236,8.835451900959015
rendezvous_hash,codex228:48:228047:1250,780.1392924785614,162483,1,6.185387127101421,6.186187297105789
rendezvous_hash,codex521:32:521031:1283,780.4975464344025,112661,1,8.697303045541048,8.697888374328613
rendezvous_hash,codex522:11:522010:1724,780.6486752033234,45206,1,11.533410642296076,11.533766157925129
rendezvous_hash,codex294:27:294026:1553,780.930050611496,88183,1,11.258865498006344,11.259339716285467
rendezvous_hash,codex525:2:525001:1860,780.9939625263214,18720,1,5.1754329688847065,5.175600718706846
rendezvous_hash,codex291:4:291003:1823,781.1353976726532,44742,1,15.540416341274977,15.54068985581398
rendezvous_hash,codex109:16:109015:1610,781.2525427341461,36600,1,7.180195514112711,7.180442150682211
rendezvous_hash,codex538:3:538002:1869,781.3716883659363,31715,1,3.8682303316891193,3.868460141122341
rendezvous_hash,codex524:24:524023:1659,781.6571924686432,78953,1,4.517630375921726,4.518096923828125
rendezvous_hash,codex215:31:215030:1403,781.9078724384308,77794,1,4.39622350782156,4.396657660603523
rendezvous_hash,codex255:5:255004:1816,782.0671710968018,48439,1,1.7040892913937569,1.7044786177575588
rendezvous_hash,codex508:26:508025:1282,782.3934586048126,97314,1,6.793967541307211,6.794484302401543
rendezvous_hash,codex421:17:421016:1673,782.7262382507324,59780,1,1.078004028648138,1.0783528722822666
rendezvous_hash,codex603:12:603011:1757,783.2516295909882,76920,1,5.43231201171875,5.432731986045837
rendezvous_hash,codex129:5:129004:1862,783.4087181091309,40811,1,2.8879264928400517,2.8881693184375763
rendezvous_hash,codex110:30:110029:1460,784.5488710403442,142985,1,7.301350824534893,7.30206036195159
rendezvous_hash,codex421:18:421017:1678,784.7437064647675,61066,1,7.055545683950186,7.055896244943142
rendezvous_hash,codex367:10:367009:1749,784.8634743690491,37372,1,1.4305186197161674,1.430757600814104
rendezvous_hash,codex506:34:506033:1518,785.2306780815125,112592,1,6.594430148601532,6.595119036734104
rendezvous_hash,codex511:19:511018:1745,785.4428017139435,61431,1,2.9983649738132954,2.998726475983858
rendezvous_hash,codex171:6:171005:1806,785.5398139953613,30325,1,3.1389780826866627,3.1391731537878513
rendezvous_hash,codex343:7:343006:1827,785.6867179870605,46639,1,2.750418998301029,2.7507095634937286
rendezvous_hash,codex359:3:359002:1831,785.7844870090485,28645,1,2.89239589124918,2.8925968632102013
rendezvous_hash,codex116:26:116025:1430,786.161013841629,111321,1,2.29546831920743,2.2960337214171886
rendezvous_hash,codex143:6:143005:1871,786.276603937149,32374,1,1.2464567348361015,1.2466988898813725
rendezvous_hash,codex382:20:382019:1465,787.0752196311951,61583,1,1.3744576796889305,1.3747992254793644
rendezvous_hash,codex509:42:509041:1667,787.4448602199554,108512,1,4.36284276843071,4.363440535962582
rendezvous_hash,codex532:1:532000:1896,787.5196223258972,13777,1,3.267181508243084,3.267327520996332
rendezvous_hash,codex266:23:266022:1276,788.1545338630676,153374,1,3.6869633197784424,3.6877310387790203
rendezvous_hash,codex355:9:355008:1759,788.243921995163,23127,1,7.517567556351423,7.5177520252764225
rendezvous_hash,codex287:8:287007:1803,788.4161157608032,51447,1,8.262957140803337,8.263258952647448
rendezvous_hash,codex525:3:525002:1878,788.6714460849762,22056,1,0.7899389117956161,0.7902125604450703
rendezvous_hash,codex129:6:129005:1880,788.9688019752502,42057,1,2.8182001635432243,2.818477153778076
rendezvous_hash,codex511:20:511019:1753,789.1733565330505,61878,1,2.0684491991996765,2.068834349513054
rendezvous_hash,codex422:34:422033:1593,789.4398860931396,53574,1,2.3529402874410152,2.3532683439552784
rendezvous_hash,codex278:20:278019:1647,789.861111164093,94789,1,1.9701130241155624,1.9705998301506042
rendezvous_hash,codex220:28:220027:1431,790.1478474140167,85496,1,6.540714133530855,6.541222333908081
rendezvous_hash,codex116:27:116026:1442,790.5099096298218,112127,1,6.201338920742273,6.20190966874361
rendezvous_hash,codex540:15:540014:1734,790.6831178665161,50398,1,12.670869670808315,12.671188361942768
rendezvous_hash,codex359:4:359003:1836,790.8973228931427,32164,1,7.636124052107334,7.636339008808136
rendezvous_hash,codex64:7:64006:1743,791.2296187877655,96402,1,25.474109318107367,25.475774344056845
rendezvous_hash,codex538:4:538003:1901,791.3710796833038,39365,1,4.997595921158791,4.997892338782549
rendezvous_hash,codex305:7:305006:1800,791.7775251865387,120010,1,29.92142090201378,29.92207185551524
rendezvous_hash,codex525:4:525003:1894,792.1753389835358,33423,1,4.497237395495176,4.497471883893013
rendezvous_hash,codex308:21:308020:1572,792.9957194328308,127671,1,3.757335502654314,3.7580988220870495
rendezvous_hash,codex495:19:495018:1676,793.3130950927734,95900,1,3.390761759132147,3.3912572972476482
rendezvous_hash,codex352:7:352006:1748,793.4724116325378,47625,1,23.236420441418886,23.236722219735384
rendezvous_hash,codex511:21:511020:1767,793.664703130722,62239,1,3.0327388159930706,3.033188819885254
rendezvous_hash,codex19:10:19009:1834,793.7588822841644,29334,1,6.335378773510456,6.342563010752201
rendezvous_hash,codex215:32:215031:1428,794.0272564888,78467,1,4.854328133165836,4.854760926216841
rendezvous_hash,codex421:19:421018:1690,794.2297406196594,63573,1,9.138911072164774,9.139277808368206
rendezvous_hash,codex382:21:382020:1489,794.41827917099,61768,1,4.4529576189816,4.453322861343622
rendezvous_hash,codex343:8:343007:1843,794.5888888835907,49169,1,4.277708388864994,4.278017334640026
rendezvous_hash,codex110:31:110030:1475,795.0426907539368,143769,1,8.34590783342719,8.346634875983
rendezvous_hash,codex506:35:506034:1530,795.407457113266,114173,1,4.603633660823107,4.60430595651269
rendezvous_hash,codex121:12:121011:1794,795.6167657375336,64282,1,3.258722797036171,3.259090807288885
rendezvous_hash,codex129:7:129006:1895,795.7550206184387,42218,1,2.7762336805462837,2.7765248343348503
rendezvous_hash,codex443:10:443009:1769,795.8832015991211,37755,1,4.135533832013607,4.135775350034237
rendezvous_hash,codex603:13:603012:1791,796.1567916870117,77608,1,25.51370655372739,25.514135103672743
rendezvous_hash,codex405:13:405012:1787,796.3180088996887,49310,1,3.7051200456917286,3.7054112255573273
rendezvous_hash,codex415:1:415000:1924,796.3642570972443,13003,1,6.986449837684631,6.98658387735486
rendezvous_hash,codex294:28:294027:1571,796.6648755073547,88646,1,3.4360819905996323,3.437120821326971
rendezvous_hash,codex71:29:71028:1539,797.211443901062,117564,1,2.898584369570017,2.8991692811250687
rendezvous_hash,codex509:43:509042:1691,797.6044402122498,108769,1,2.4313047975301743,2.43186454474926
rendezvous_hash,codex532:2:532001:1929,797.6605484485626,14483,1,19.18512389063835,19.199446111917496
rendezvous_hash,codex228:49:228048:1284,798.2465980052948,162992,1,2.622831989079714,2.6253326423466206
rendezvous_hash,codex220:29:220028:1440,798.5236825942993,85913,1,1.5052350126206875,1.505699310451746
rendezvous_hash,codex508:27:508026:1311,798.853590965271,97838,1,17.861679073423147,17.86228124052286
rendezvous_hash,codex308:22:308021:1577,799.3062715530396,128183,1,4.072760619223118,4.073438182473183
rendezvous_hash,codex171:7:171006:1840,799.4358928203583,36539,1,22.071002397686243,22.071345817297697
rendezvous_hash,codex538:5:538004:1917,799.5819318294525,44667,1,3.774862863123417,3.7751344107091427
rendezvous_hash,codex359:5:359004:1845,799.6942639350891,34111,1,21.815113078802824,21.815331373363733
rendezvous_hash,codex287:9:287008:1818,799.8827767372131,54893,1,3.4804602675139904,3.480783946812153
rendezvous_hash,codex109:17:109016:1645,800.0018680095673,36781,1,16.84665823355317,16.857906319200993
rendezvous_hash,codex192:28:192027:1597,801.9097208976746,90728,1,19.77328946813941,19.77378163486719
rendezvous_hash,codex215:33:215032:1441,802.1959657669067,79008,1,4.777472268790007,4.777925115078688
rendezvous_hash,codex76:10:76009:1829,802.326655626297,39187,1,3.7816387936472893,3.7818900048732758
rendezvous_hash,codex422:35:422034:1616,802.5079050064087,53781,1,19.155088663101196,19.15540164336562
rendezvous_hash,codex506:36:506035:1545,802.8818123340607,114568,1,3.7242211811244488,3.7248398512601852
rendezvous_hash,codex382:22:382021:1508,803.1000306606293,67239,1,4.460041161626577,4.460546977818012
rendezvous_hash,codex443:11:443010:1784,803.2248268127441,39207,1,2.8809548504650593,2.8812432177364826
rendezvous_hash,codex525:5:525004:1923,803.3467149734497,37566,1,5.340676166117191,5.340933442115784
rendezvous_hash,codex19:11:19010:1850,803.8121962547302,29455,1,2.299661945551634,2.299875918775797
rendezvous_hash,codex421:20:421019:1697,804.0445492267609,69307,1,5.3143738098442554,5.31478588283062
rendezvous_hash,codex495:20:495019:1707,804.3618144989014,98005,1,7.75510872900486,7.755668513476849
rendezvous_hash,codex521:33:521032:1327,804.7651813030243,113250,1,12.0939985178411,12.095476850867271
rendezvous_hash,codex389:1:389000:1956,804.8180725574493,13608,1,7.241795789450407,7.241937760263681
rendezvous_hash,codex266:24:266023:1313,805.3347861766815,157257,1,11.5367819853127,11.537551902234554
rendezvous_hash,codex255:6:255005:1891,805.4979956150055,50885,1,6.623435582965612,6.623732224106789
rendezvous_hash,codex343:9:343008:1872,805.664110660553,52930,1,5.741138078272343,5.741768807172775
rendezvous_hash,codex453:14:453013:1728,805.9521734714508,86427,1,2.746976248919964,2.7474334985017776
rendezvous_hash,codex522:12:522011:1781,806.1000833511353,46478,1,3.7213161773979664,3.721715807914734
rendezvous_hash,codex511:22:511021:1805,806.316573381424,64024,1,5.512342125177383,5.51291573792696
rendezvous_hash,codex220:30:220029:1466,806.5901937484741,86243,1,2.1037971191108227,2.1042723804712296
rendezvous_hash,codex129:8:129007:1928,806.771960735321,43602,1,0.9932189770042896,0.9936114400625229
rendezvous_hash,codex291:5:291004:1859,806.9629504680634,52285,1,5.162736345082521,5.163038264960051
rendezvous_hash,codex19:12:19011:1857,807.287605047226,33262,1,7.895350567996502,7.8956011682748795
rendezvous_hash,codex540:16:540015:1765,808.6798360347748,50937,1,12.975045815110207,12.9753373041749
rendezvous_hash,codex443:12:443011:1799,808.8878245353699,47998,1,7.101537298411131,7.1018514931201935
rendezvous_hash,codex110:32:110031:1499,809.3456172943115,144269,1,2.8033607974648476,2.804094299674034
rendezvous_hash,codex509:44:509043:1730,810.6156196594238,108914,1,1.518342711031437,1.5189129337668419
rendezvous_hash,codex524:25:524024:1747,810.8967177867889,79578,1,1.2430092319846153,1.2434394620358944
rendezvous_hash,codex129:9:129008:1941,811.0623421669006,50699,1,5.2405951246619225,5.240889795124531
rendezvous_hash,codex166:25:166024:1462,811.3950526714325,102388,1,4.90438174456358,4.904959183186293
rendezvous_hash,codex506:37:506036:1564,811.8184502124786,116525,1,4.498548157513142,4.499186292290688
rendezvous_hash,codex538:6:538005:1949,812.0398015975952,62184,1,9.479570679366589,9.479923624545336
rendezvous_hash,codex139:1:139000:1984,812.1093716621399,13365,1,1.2421587966382504,1.2424082159996033
rendezvous_hash,codex116:28:116027:1510,813.8407156467438,113026,1,2.552311811596155,2.55298975110054
rendezvous_hash,codex215:34:215033:1469,814.1159415245056,79424,1,2.3179935105144978,2.3184368684887886
rendezvous_hash,codex220:31:220030:1493,814.4022650718689,86568,1,8.538115236908197,8.538579445332289
rendezvous_hash,codex287:10:287009:1856,814.6009137630463,59447,1,6.914444323629141,6.914804797619581
rendezvous_hash,codex495:21:495020:1722,814.9453434944153,101516,1,9.843567337840796,9.844102568924427
rendezvous_hash,codex421:21:421020:1719,815.176451921463,71225,1,6.4742991998791695,6.474726643413305
rendezvous_hash,codex453:15:453014:1751,815.4848709106445,93907,1,7.449069641530514,7.4495814852416515
rendezvous_hash,codex294:29:294028:1607,815.7745580673218,88850,1,5.901236176490784,5.9017259404063225
rendezvous_hash,codex511:23:511022:1821,815.9818313121796,64384,1,8.788349255919456,8.78871314227581
rendezvous_hash,codex139:2:139001:2000,816.1038072109222,34905,1,8.63305477425456,8.633283704519272
rendezvous_hash,codex255:7:255006:1911,816.271035194397,53757,1,5.251892611384392,5.252492934465408
rendezvous_hash,codex129:10:129009:1953,817.8769073486328,53898,1,3.7823293693363667,3.7826549001038074
rendezvous_hash,codex509:45:509044:1756,818.2375745773315,109122,1,3.4538663178682327,3.454445343464613
rendezvous_hash,codex266:25:266024:1320,818.7843449115753,157568,1,5.981378119438887,5.982219751924276
rendezvous_hash,codex405:14:405013:1852,818.9689371585846,52787,1,9.443438243120909,9.443763494491577
rendezvous_hash,codex110:33:110032:1524,819.4450953006744,144582,1,9.77004386857152,9.770813271403313
rendezvous_hash,codex355:10:355009:1842,819.5338413715363,24392,1,4.10836173966527,4.108552437275648
rendezvous_hash,codex524:26:524025:1783,819.8211445808411,80236,1,4.954996917396784,4.955443911254406
rendezvous_hash,codex508:28:508027:1322,820.1685526371002,98618,1,4.5779687613248825,4.578513421118259
rendezvous_hash,codex88:16:88015:1760,820.5810596942902,119720,1,8.659873478114605,8.660487592220306
rendezvous_hash,codex116:29:116028:1525,821.0012633800507,113412,1,1.9469450637698174,1.9475531540811062
rendezvous_hash,codex362:1:362000:2013,821.0591762065887,13910,1,2.909231662750244,2.909362904727459
rendezvous_hash,codex443:13:443012:1817,821.2356803417206,51609,1,5.1439122930169106,5.1442468874156475
rendezvous_hash,codex343:10:343009:1912,821.4130213260651,54923,1,3.3431960493326187,3.343521822243929
rendezvous_hash,codex415:2:415001:1991,821.501284122467,23995,1,6.904146753251553,6.904335733503103
rendezvous_hash,codex109:18:109017:1661,821.6423659324646,36880,1,2.3245538994669914,2.324823748320341
rendezvous_hash,codex522:13:522012:1828,822.006227016449,50783,1,4.382364738732576,4.382678471505642
rendezvous_hash,codex422:36:422035:1620,822.2026369571686,54134,1,2.5304497443139553,2.5308112166821957
rendezvous_hash,codex389:2:389001:1997,822.2706437110901,18683,1,6.36014599353075,6.360296729952097
rendezvous_hash,codex521:34:521033:1343,822.6694185733795,114718,1,2.1272633485496044,2.1278491355478764
rendezvous_hash,codex287:11:287010:1865,822.9066476821899,60562,1,3.489225011318922,3.4895753897726536
rendezvous_hash,codex129:11:129010:1961,823.1767132282257,55724,1,1.6057941392064095,1.6061180047690868
rendezvous_hash,codex540:17:540016:1778,823.3473782539368,51110,1,1.4026172310113907,1.4029144160449505
rendezvous_hash,codex215:35:215034:1500,823.6345868110657,79792,1,1.3944717086851597,1.3949473015964031
rendezvous_hash,codex192:29:192028:1604,823.959086894989,91976,1,2.449897240847349,2.4503906331956387
rendezvous_hash,codex234:21:234020:1957,824.2465329170227,79915,1,4.330443516373634,4.33092300593853
rendezvous_hash,codex278:21:278020:1762,824.5810220241547,95046,1,1.822396632283926,1.822905395179987
rendezvous_hash,codex76:11:76010:1903,824.7245254516602,40365,1,1.6595517583191395,1.6598024927079678
rendezvous_hash,codex352:8:352007:1789,825.01922082901,48531,1,1.3724926076829433,1.372793696820736
rendezvous_hash,codex139:3:139002:2014,825.2811889648438,42210,1,3.1207495629787445,3.121041726320982
rendezvous_hash,codex421:22:421021:1731,825.5164239406586,71706,1,3.7097001895308495,3.710105698555708
rendezvous_hash,codex294:30:294029:1621,825.8302550315857,89362,1,2.590461280196905,2.5909710191190243
rendezvous_hash,codex453:16:453015:1773,826.1616077423096,94504,1,2.26474592089653,2.265244599431753
rendezvous_hash,codex540:18:540017:1785,826.3577625751495,55496,1,2.8751948289573193,2.8755175322294235
rendezvous_hash,codex603:14:603013:1813,826.8971683979034,78300,1,2.3520434014499187,2.3524679578840733
rendezvous_hash,codex532:3:532002:1966,826.9792909622192,19629,1,2.242306262254715,2.2425195574760437
rendezvous_hash,codex343:11:343010:1921,827.2049112319946,55829,1,2.0881163738667965,2.0884684957563877
rendezvous_hash,codex220:32:220031:1511,827.5171384811401,89769,1,6.8922726064920425,6.8928028382360935
rendezvous_hash,codex215:36:215035:1513,827.8065276145935,80766,1,6.595456954091787,6.595911972224712
rendezvous_hash,codex382:23:382022:1581,828.0486574172974,67754,1,6.3469910100102425,6.347371745854616
rendezvous_hash,codex359:6:359005:1874,828.1691060066223,35567,1,4.609521735459566,4.609758645296097
rendezvous_hash,codex525:6:525005:1994,828.310644865036,38116,1,0.9342346489429474,0.9344719797372818
rendezvous_hash,codex355:11:355010:1863,828.3965187072754,26064,1,4.3878217823803425,4.388015162199736
rendezvous_hash,codex76:12:76011:1913,828.5693049430847,42001,1,4.204485550522804,4.204797208309174
rendezvous_hash,codex241:1:241000:2036,828.6278636455536,13806,1,4.152421653270721,4.152542896568775
rendezvous_hash,codex171:8:171007:1875,828.7661156654358,39058,1,4.010250233113766,4.010496914386749
rendezvous_hash,codex506:38:506037:1596,829.1981585025787,121705,1,5.222305215895176,5.222925093024969
rendezvous_hash,codex495:22:495021:1735,829.753984451294,107449,1,6.667791798710823,6.66834956780076
rendezvous_hash,codex405:15:405014:1861,829.9420590400696,53128,1,4.445361074060202,4.4457030445337296
rendezvous_hash,codex532:4:532003:1973,830.0175542831421,22655,1,6.206473235040903,6.206652771681547
rendezvous_hash,codex139:4:139003:2023,830.1684596538544,47567,1,11.152244538068771,11.152556091547012
rendezvous_hash,codex343:12:343011:1930,830.3437376022339,56822,1,11.286462418735027,11.286783874034882
rendezvous_hash,codex88:17:88016:1772,830.738255739212,120979,1,10.943393006920815,10.944022230803967
rendezvous_hash,codex228:50:228049:1367,831.3359382152557,163264,1,33.07900948449969,33.07982949540019
rendezvous_hash,codex389:3:389002:2006,831.4508609771729,30519,1,9.873461775481701,9.873664986342192
rendezvous_hash,codex422:37:422036:1637,831.6353042125702,54273,1,2.8824285343289375,2.8827531039714813
rendezvous_hash,codex540:19:540018:1798,831.8132066726685,55759,1,4.594397496432066,4.5947601571679115
rendezvous_hash,codex121:13:121012:1916,832.0185480117798,64477,1,9.617451582103968,9.617825776338577
rendezvous_hash,codex291:6:291005:1939,832.2154743671417,59098,1,9.395028665661812,9.395375449210405
rendezvous_hash,codex421:23:421022:1738,832.4515442848206,72277,1,9.189002703875303,9.189399223774672
rendezvous_hash,codex278:22:278021:1788,832.7651600837708,96591,1,8.906689401715994,8.907231964170933
rendezvous_hash,codex362:2:362001:2040,832.893031835556,33623,1,8.697854656726122,8.698088563978672
rendezvous_hash,codex415:3:415002:2017,832.9920761585236,31464,1,5.383950125426054,5.384185153990984
rendezvous_hash,codex508:29:508028:1341,833.3074946403503,99086,1,3.1072085313498974,3.1077282279729843
rendezvous_hash,codex234:22:234021:1977,833.6954669952393,82270,1,7.953727204352617,7.95463364943862
rendezvous_hash,codex294:31:294030:1633,833.9916257858276,89720,1,7.669450957328081,7.669931896030903
rendezvous_hash,codex522:14:522013:1851,834.1721830368042,52673,1,7.425918508321047,7.42624519020319
rendezvous_hash,codex129:12:129011:1992,834.3779413700104,63261,1,7.245666336268187,7.246023394167423
rendezvous_hash,codex521:35:521034:1374,835.2978000640869,115193,1,6.307878401130438,6.308492358773947
rendezvous_hash,codex116:30:116029:1574,835.6755149364471,113614,1,28.715437039732933,28.716049406677485
rendezvous_hash,codex524:27:524026:1825,835.9500076770782,83632,1,5.704979211091995,5.705435249954462
rendezvous_hash,codex359:7:359006:1887,836.0739805698395,36962,1,5.519366793334484,5.519604355096817
rendezvous_hash,codex143:7:143006:2041,836.2182538509369,41790,1,5.395936667919159,5.39620303735137
rendezvous_hash,codex422:38:422037:1651,836.3980689048767,54467,1,5.228791423141956,5.229101460427046
rendezvous_hash,codex220:33:220032:1522,836.7384023666382,89907,1,27.46440815553069,27.46489717438817
rendezvous_hash,codex509:46:509045:1819,837.1081564426422,110929,1,4.581019584089518,4.581595089286566
rendezvous_hash,codex272:1:272000:2051,837.1624174118042,13914,1,11.798879235982895,11.799027275294065
rendezvous_hash,codex171:9:171008:1897,837.2857332229614,39249,1,8.230055533349514,8.230322659015656
rendezvous_hash,codex266:26:266025:1352,837.827378988266,157964,1,3.8738300018012524,3.874609936028719
rendezvous_hash,codex109:19:109018:1717,838.0041739940643,40571,1,3.612814348191023,3.6130655519664288
rendezvous_hash,codex495:23:495022:1746,838.3667178153992,107912,1,4.162767987698317,4.163371305912733
rendezvous_hash,codex215:37:215036:1527,838.6730532646179,84172,1,25.523287639021873,25.523746099323034
rendezvous_hash,codex506:39:506038:1611,839.0855484008789,122486,1,4.030950095504522,4.031611289829016
rendezvous_hash,codex508:30:508029:1348,839.4435467720032,101134,1,4.852157384157181,4.852685738354921
rendezvous_hash,codex192:30:192029:1641,839.7572686672211,96912,1,10.179661709815264,10.180190239101648
rendezvous_hash,codex255:8:255007:1976,839.9429540634155,56716,1,4.341593101620674,4.341927047818899
rendezvous_hash,codex308:23:308022:1682,840.3777980804443,128344,1,3.9262041077017784,3.9268493093550205
rendezvous_hash,codex110:34:110033:1568,840.8929250240326,144724,1,3.4200819693505764,3.4208206795156
rendezvous_hash,codex241:2:241001:2055,840.953852891922,15900,1,3.318378757685423,3.31852176040411
rendezvous_hash,codex443:14:443013:1868,841.1444470882416,53254,1,3.1355070509016514,3.135824542492628
rendezvous_hash,codex405:16:405015:1888,841.311970949173,53328,1,2.9758337438106537,2.9761375673115253
rendezvous_hash,codex603:15:603014:1853,841.583211183548,78928,1,1.6390176713466644,1.639463298022747
rendezvous_hash,codex532:5:532004:1999,842.3333659172058,24756,1,1.942178051918745,1.942372739315033
rendezvous_hash,codex540:20:540019:1824,842.8490617275238,55879,1,7.070232268422842,7.071283109486103
rendezvous_hash,codex266:27:266026:1360,843.801322221756,158305,1,1.725212700664997,1.7260455824434757
rendezvous_hash,codex421:24:421023:1752,844.0468730926514,72879,1,1.0441787876188755,1.0445863828063011
rendezvous_hash,codex121:14:121013:1926,844.255853176117,64569,1,0.7739503309130669,0.7743329256772995
rendezvous_hash,codex603:16:603015:1864,845.0202858448029,79149,1,4.90765468031168,4.908100608736277
rendezvous_hash,codex76:13:76012:1959,845.3755509853363,42708,1,0.6630651503801346,0.6633466146886349
rendezvous_hash,codex359:8:359007:1910,845.5093221664429,40918,1,4.401885513216257,4.402160208672285
rendezvous_hash,codex443:15:443014:1879,846.3107159137726,53933,1,3.3567154072225094,3.3570552989840508
rendezvous_hash,codex495:24:495023:1774,846.7432124614716,128966,1,18.337291553616524,18.949037835001945
rendezvous_hash,codex532:6:532005:2011,846.8425893783569,27877,1,2.121233720332384,2.121443096548319
rendezvous_hash,codex308:24:308023:1698,847.2727525234222,128498,1,2.67464829236269,2.6753013134002686
rendezvous_hash,codex524:28:524027:1841,847.5654299259186,84477,1,19.696685291826725,19.697166018188
rendezvous_hash,codex511:24:511023:1905,847.8023369312286,64647,1,19.466584220528603,19.466969929635525
rendezvous_hash,codex343:13:343012:1952,847.9854111671448,56899,1,18.90431733429432,18.905411891639233
rendezvous_hash,codex255:9:255008:1990,848.1677966117859,57208,1,9.524097919464111,9.524440750479698
rendezvous_hash,codex422:39:422038:1669,848.3411087989807,54723,1,2.609040454030037,2.609367325901985
rendezvous_hash,codex382:24:382023:1615,848.5742747783661,68095,1,15.613682251423597,15.614087622612715
rendezvous_hash,codex389:4:389003:2033,848.7465574741364,51075,1,8.940472159534693,8.940822970122099
rendezvous_hash,codex538:7:538006:2043,848.9554970264435,66776,1,9.193530935794115,9.194043416529894
rendezvous_hash,codex234:23:234022:2005,849.2322659492493,82606,1,1.7232036739587784,1.7236675433814526
rendezvous_hash,codex294:32:294031:1660,849.5220234394073,89894,1,3.9931117109954357,3.993615336716175
rendezvous_hash,codex109:20:109019:1739,849.6587958335876,40798,1,1.2845567278563976,1.2848332151770592
rendezvous_hash,codex291:7:291006:1972,849.8551511764526,60642,1,3.049181506037712,3.0495578311383724
rendezvous_hash,codex272:2:272001:2060,849.9069283008575,15607,1,1.0377378687262535,1.0378672368824482
rendezvous_hash,codex509:47:509046:1846,850.504075050354,120528,1,9.663906928151846,9.66452807188034
rendezvous_hash,codex88:18:88017:1807,850.9321100711823,121486,1,6.779348291456699,6.779960513114929
rendezvous_hash,codex139:5:139004:2047,851.2406392097473,50678,1,16.01583916321397,16.016173508018255
rendezvous_hash,codex359:9:359008:1918,851.4988534450531,41753,1,2.0101917795836926,2.010486852377653
rendezvous_hash,codex508:31:508030:1370,851.8779728412628,102828,1,2.5185688138008118,2.5191521123051643
rendezvous_hash,codex352:9:352008:1881,852.0494315624237,49439,1,3.5309041775763035,3.5312172807753086
rendezvous_hash,codex603:17:603016:1876,852.3307704925537,79563,1,2.7509615756571293,2.7516378983855247
rendezvous_hash,codex266:28:266027:1386,852.891175031662,158410,1,4.829890448600054,4.830671411007643
rendezvous_hash,codex308:25:308024:1709,853.3599288463593,128619,1,1.250410120934248,1.2511671595275402
rendezvous_hash,codex40:1:40000:2099,853.4243009090424,13459,1,3.144130926579237,3.1442630402743816
rendezvous_hash,codex272:3:272002:2067,853.5047957897186,24304,1,1.7807899303734303,1.7810599766671658
rendezvous_hash,codex506:40:506039:1648,854.2346277236938,124542,1,3.4693230018019676,3.469963848590851
rendezvous_hash,codex540:21:540020:1838,855.5728151798248,56413,1,1.9591621160507202,1.9595161750912666
rendezvous_hash,codex291:8:291007:1986,855.8030159473419,63982,1,3.167971059679985,3.1683717146515846
rendezvous_hash,codex508:32:508031:1382,856.207062959671,103453,1,2.0270955227315426,2.0276580341160297
rendezvous_hash,codex241:3:241002:2092,856.3040618896484,27170,1,3.840257864445448,3.8404653631150723
rendezvous_hash,codex421:25:421024:1804,856.5624325275421,77016,1,3.6263406947255135,3.6267695017158985
rendezvous_hash,codex234:24:234023:2025,856.8488855361938,83422,1,1.4503941386938095,1.450853493064642
rendezvous_hash,codex603:18:603017:1885,857.1634654998779,81465,1,2.9958587288856506,2.9963053539395332
rendezvous_hash,codex352:10:352009:1893,857.3392100334167,49901,1,0.9169246330857277,0.9174289852380753
rendezvous_hash,codex422:40:422039:1700,857.5236542224884,54915,1,2.630066402256489,2.6303895823657513
rendezvous_hash,codex359:10:359009:1934,857.6692497730255,42626,1,2.480937149375677,2.4812076166272163
rendezvous_hash,codex506:41:506040:1657,859.895833492279,125231,1,4.3148175328969955,4.315470781177282
rendezvous_hash,codex40:2:40001:2121,859.9617927074432,17142,1,2.5756111443042755,2.5757787078619003
rendezvous_hash,codex522:15:522014:1927,860.1379702091217,53179,1,3.8517534732818604,3.852085158228874
rendezvous_hash,codex532:7:532006:2044,860.5498721599579,29611,1,2.4525364227592945,2.452756118029356
rendezvous_hash,codex88:19:88018:1820,860.9613075256348,121634,1,3.4400922879576683,3.4407325349748135
rendezvous_hash,codex521:36:521035:1443,861.3431925773621,115505,1,5.948238488286734,5.948829438537359
rendezvous_hash,codex76:14:76013:2015,861.4955058097839,44893,1,2.6955269165337086,2.6957976557314396
rendezvous_hash,codex352:11:352010:1906,861.7005398273468,60687,1,10.942680142819881,10.943040505051613
rendezvous_hash,codex234:25:234024:2032,861.9925184249878,86728,1,5.305152248591185,5.305608816444874
rendezvous_hash,codex421:26:421025:1814,862.258526802063,79898,1,5.026053577661514,5.026493575423956
rendezvous_hash,codex291:9:291008:1993,862.4847927093506,72387,1,7.278287477791309,7.278988998383284
rendezvous_hash,codex456:1:456000:2135,862.534768819809,13377,1,8.856038086116314,8.856167431920767
rendezvous_hash,codex241:4:241003:2106,862.6347279548645,30914,1,5.9287995621562,5.929139316082001
rendezvous_hash,codex121:15:121014:1989,862.8633151054382,65258,1,4.4097525626420975,4.410133995115757
rendezvous_hash,codex525:7:525006:2086,862.9961574077606,38729,1,2.028959561139345,2.029239997267723
rendezvous_hash,codex603:19:603018:1902,863.2762818336487,81645,1,11.71326420456171,11.714540097862482
rendezvous_hash,codex272:4:272003:2097,863.4331130981445,45359,1,11.550240017473698,11.557123914361
rendezvous_hash,codex266:29:266028:1410,863.9742136001587,158587,1,10.52882368862629,10.529698844999075
rendezvous_hash,codex443:16:443015:1932,864.1708786487579,54470,1,5.531575091183186,5.532210446894169
rendezvous_hash,codex405:17:405016:1962,864.3804633617401,53785,1,2.898279283195734,2.898600649088621
rendezvous_hash,codex359:11:359010:1955,865.0185542106628,44533,1,9.975773118436337,9.976054392755032
rendezvous_hash,codex228:51:228050:1372,865.6797425746918,166257,1,8.83422975987196,8.835047028958797
rendezvous_hash,codex540:22:540021:1873,865.8833258152008,58499,1,10.579925689846277,10.581885263323784
rendezvous_hash,codex389:5:389004:2057,866.059240102768,55170,1,3.1406657472252846,3.1410300321877003
rendezvous_hash,codex382:25:382024:1625,866.2882399559021,73099,1,12.0493368729949,12.049744755029678
rendezvous_hash,codex76:15:76014:2021,866.4598076343536,45903,1,3.307277526706457,3.3075680881738663
rendezvous_hash,codex305:8:305007:1979,866.8766243457794,123056,1,9.595893111079931,9.596630491316319
rendezvous_hash,codex220:34:220033:1535,867.2453155517578,94841,1,13.91535921394825,13.915858764201403
rendezvous_hash,codex362:3:362002:2126,867.786741733551,41327,1,10.437349483370781,10.4376420378685
rendezvous_hash,codex495:25:495024:1792,868.5486371517181,129123,1,1.1369358226656914,1.137714747339487
rendezvous_hash,codex506:42:506041:1670,869.0478112697601,128416,1,3.447247941046953,3.44804684817791
rendezvous_hash,codex255:10:255009:2030,869.4452652931213,58484,1,0.9113701917231083,0.9117328710854053
rendezvous_hash,codex251:1:251000:2160,869.5156116485596,13343,1,8.044687155634165,8.044905509799719
rendezvous_hash,codex40:3:40002:2152,869.8908889293671,27369,1,4.079166799783707,4.079372253268957
rendezvous_hash,codex443:17:443016:1936,870.68195104599,60205,1,3.8609419353306293,3.8613752126693726
rendezvous_hash,codex121:16:121015:2004,870.8899085521698,65543,1,1.3244593366980553,1.324853964149952
rendezvous_hash,codex524:29:524028:1858,871.183176279068,86158,1,7.1747969426214695,7.175260718911886
rendezvous_hash,codex343:14:343013:1969,871.3824300765991,61619,1,4.074359841644764,4.07472887635231
rendezvous_hash,codex110:35:110034:1639,871.8865594863892,146863,1,3.591532349586487,3.5922426097095013
rendezvous_hash,codex215:38:215037:1563,872.1848883628845,88223,1,8.98092471063137,8.98138789087534
rendezvous_hash,codex241:5:241004:2131,872.8713009357452,35394,1,1.689947534352541,1.690268836915493
rendezvous_hash,codex278:23:278022:1908,873.2637565135956,97290,1,5.162406273186207,5.163215529173613
rendezvous_hash,codex506:43:506042:1677,873.6892228126526,131278,1,4.662266224622726,4.662932381033897
rendezvous_hash,codex456:2:456001:2148,873.751190662384,17071,1,1.698233276605606,1.6983888745307922
rendezvous_hash,codex538:8:538007:2082,873.963597536087,67589,1,1.4987003728747368,1.499087382107973
rendezvous_hash,codex294:33:294032:1733,874.2872714996338,90448,1,1.1809986643493176,1.181473944336176
rendezvous_hash,codex139:6:139005:2068,874.4835517406464,56911,1,3.947295378893614,3.9476151056587696
rendezvous_hash,codex389:6:389005:2076,875.2670950889587,58066,1,3.064699597656727,3.0650437027215958
rendezvous_hash,codex522:16:522015:1970,875.4444873332977,54274,1,0.8909403011202812,0.891289047896862
rendezvous_hash,codex421:27:421026:1839,875.7936716079712,81077,1,2.5487397760152817,2.5491850413382053
rendezvous_hash,codex287:12:287011:2039,875.9927186965942,61628,1,2.2356808222830296,2.236039150506258
rendezvous_hash,codex166:26:166025:1655,876.3240213394165,102848,1,35.67252131551504,35.67305639013648
rendezvous_hash,codex508:33:508032:1445,877.3520112037659,119532,1,12.916367914527655,12.917005948722363
rendezvous_hash,codex540:23:540022:1882,877.5543656349182,58685,1,0.9363805502653122,0.9367916136980057
rendezvous_hash,codex272:5:272004:2124,877.7082486152649,45754,1,0.8063435889780521,0.8066978119313717
rendezvous_hash,codex217:1:217000:2187,877.7586915493011,13563,1,15.183262404054403,15.185819793492556
rendezvous_hash,codex40:4:40003:2170,878.0024659633636,44703,1,18.70263947546482,18.702930755913258
rendezvous_hash,codex511:25:511024:1947,878.2157618999481,65838,1,1.9715732857584953,1.9719754122197628
rendezvous_hash,codex532:8:532007:2079,878.3225574493408,30048,1,14.621735572814941,14.622487880289555
rendezvous_hash,codex456:3:456002:2164,878.9742586612701,31822,1,26.409279014915228,26.42363280057907
rendezvous_hash,codex382:26:382025:1629,879.368635892868,78480,1,32.60401710495353,32.60444234311581
rendezvous_hash,codex603:20:603019:1920,879.6307702064514,81826,1,5.576112579554319,5.576573949307203
rendezvous_hash,codex443:18:443017:1960,879.8190538883209,60607,1,1.329750332981348,1.3301238752901554
rendezvous_hash,codex121:17:121016:2028,880.0287947654724,65646,1,1.1245534010231495,1.1249310970306396
rendezvous_hash,codex362:4:362003:2141,880.1791315078735,45483,1,5.022391706705093,5.022696677595377
rendezvous_hash,codex294:34:294033:1758,880.6433544158936,90779,1,1.4302729591727257,1.4307767003774643
rendezvous_hash,codex129:13:129012:2111,880.8678731918335,63645,1,1.1995087005198002,1.2000780291855335
rendezvous_hash,codex352:12:352011:1940,881.0686271190643,60970,1,24.319539923220873,24.329723425209522
rendezvous_hash,codex251:2:251001:2180,881.1284284591675,16537,1,2.6180908791720867,2.6182492077350616
rendezvous_hash,codex422:41:422040:1782,881.4414126873016,55093,1,3.769396312534809,3.769743852317333
rendezvous_hash,codex255:11:255010:2058,882.0579078197479,63534,1,3.980429172515869,3.9808027520775795
rendezvous_hash,codex305:9:305008:2003,882.5293259620667,127991,1,5.586001969873905,5.586690604686737
rendezvous_hash,codex521:37:521036:1502,882.9052484035492,116376,1,22.492066141217947,22.494716051965952
rendezvous_hash,codex241:6:241005:2163,883.0341787338257,38829,1,6.145263761281967,6.149923633784056
rendezvous_hash,codex266:30:266029:1434,883.5855147838593,158976,1,21.82420751452446,21.82499984651804
rendezvous_hash,codex359:12:359011:1987,883.7417414188385,45144,1,5.372795537114143,5.373088508844376
rendezvous_hash,codex443:19:443018:1971,883.9353058338165,61710,1,2.1975893639028072,2.1979570016264915
rendezvous_hash,codex215:39:215038:1575,884.2292466163635,89886,1,27.760427832603455,27.76090570539236
rendezvous_hash,codex421:28:421027:1866,884.4915723800659,81283,1,2.3471068628132343,2.3475849218666553
rendezvous_hash,codex525:8:525007:2157,884.633837223053,39058,1,27.308027513325214,27.308280415832996
rendezvous_hash,codex228:52:228051:1411,885.189427614212,166832,1,26.845315895974636,26.846149906516075
rendezvous_hash,codex294:35:294034:1776,885.5028114318848,90980,1,3.688156645745039,3.6887453347444534
rendezvous_hash,codex287:13:287012:2052,885.6953172683716,62376,1,3.488221738487482,3.4892315976321697
rendezvous_hash,codex524:30:524029:1889,885.9805903434753,87622,1,1.3762543015182018,1.3768881596624851
rendezvous_hash,codex158:1:158000:2203,886.0326743125916,13320,1,3.078117996454239,3.078242864459753
rendezvous_hash,codex495:26:495025:1848,886.8106813430786,129715,1,2.1544353924691677,2.1551448777318
rendezvous_hash,codex603:21:603020:1925,887.1770825386047,83629,1,1.9480512402951717,1.9485114887356758
rendezvous_hash,codex511:26:511025:1980,888.102064371109,66811,1,1.0168121568858624,1.0171922482550144
rendezvous_hash,codex234:26:234025:2087,888.4279596805573,90491,1,4.468125332146883,4.468605004251003
rendezvous_hash,codex422:42:422041:1795,888.6095788478851,55369,1,1.6509092412889004,1.6512539125978947
rendezvous_hash,codex64:8:64007:2026,888.9476964473724,104110,1,17.59065305069089,17.591284669935703
rendezvous_hash,codex415:4:415003:2169,889.1064245700836,33575,1,1.1494130603969097,1.149647243320942
rendezvous_hash,codex506:44:506043:1727,889.8816623687744,131888,1,3.022640947252512,3.0232970379292965
rendezvous_hash,codex522:17:522016:2018,890.0761926174164,57334,1,2.8088828064501286,2.8092456832528114
rendezvous_hash,codex362:5:362004:2159,890.2481293678284,54285,1,6.5066912695765495,6.513777010142803
rendezvous_hash,codex139:7:139006:2115,890.7123665809631,60021,1,2.177522700279951,2.177883181720972
rendezvous_hash,codex603:22:603021:1935,891.0797939300537,84079,1,5.681489799171686,5.682669159024954
rendezvous_hash,codex308:26:308025:1844,891.4905376434326,128782,1,3.7431036420166492,3.743789989501238
rendezvous_hash,codex110:36:110035:1701,891.9776127338409,148115,1,3.2813290171325207,3.282068442553282
rendezvous_hash,codex495:27:495026:1867,892.4007279872894,130176,1,2.8491094410419464,2.8497642390429974
rendezvous_hash,codex359:13:359012:1996,892.5687410831451,49965,1,4.1973586939275265,4.197664204984903
rendezvous_hash,codex524:31:524030:1914,892.8742141723633,87911,1,2.3657664731144905,2.3662490136921406
rendezvous_hash,codex443:20:443019:2002,893.6027970314026,62432,1,1.6206577755510807,1.6210314482450485
rendezvous_hash,codex171:10:171009:2050,893.7418918609619,42602,1,3.0397675298154354,3.040025692433119
rendezvous_hash,codex158:2:158001:2221,893.8117847442627,20981,1,2.0494869127869606,2.0496574379503727
rendezvous_hash,codex121:18:121017:2059,894.0103778839111,65759,1,1.6923281848430634,1.692716222256422
rendezvous_hash,codex278:24:278023:1963,894.3197433948517,97450,1,1.9978739097714424,1.9984018877148628
rendezvous_hash,codex421:29:421028:1899,894.579573392868,81802,1,3.1286934353411198,3.1291543170809746
rendezvous_hash,codex532:9:532008:2085,894.6802542209625,30507,1,15.197270046919584,15.197478670626879
rendezvous_hash,codex37:1:37000:2226,894.7286241054535,14001,1,2.9674245603382587,2.9675747640430927
rendezvous_hash,codex508:34:508033:1472,895.1069958209991,120387,1,16.906145840883255,16.90677762031555
rendezvous_hash,codex217:2:217001:2195,895.2036912441254,28295,1,16.7340619713068,16.734256859868765
rendezvous_hash,codex241:7:241006:2189,896.0611867904663,38958,1,0.6386837437748909,0.6389485597610474
rendezvous_hash,codex287:14:287013:2074,896.6913666725159,62727,1,1.0113692805171013,1.011752437800169
rendezvous_hash,codex255:12:255011:2094,897.060366153717,67756,1,4.262480866163969,4.263002835214138
rendezvous_hash,codex415:5:415004:2193,897.1921286582947,39406,1,4.1523576229810715,4.1527035012841225
rendezvous_hash,codex143:8:143007:2206,897.34059715271,46267,1,2.1687302216887474,2.169015098363161
rendezvous_hash,codex443:21:443020:2009,897.5374681949615,62813,1,1.6147892139852047,1.6151576898992062
rendezvous_hash,codex76:16:76015:2096,897.6916046142578,46242,1,1.0468760430812836,1.0473049692809582
rendezvous_hash,codex522:18:522017:2034,897.9345028400421,57965,1,1.4401709847152233,1.4405126832425594
rendezvous_hash,codex121:19:121018:2066,898.1516063213348,65894,1,0.7985162138938904,0.7989126071333885
rendezvous_hash,codex294:36:294035:1815,898.4460937976837,91188,1,0.9747396893799305,0.9753348417580128
cache_aware,codex350:19:350018:295,300.11735939979553,82842,1,11.099229533225298,11.100078877061605
cache_aware,codex96:19:96018:316,300.28568601608276,52684,1,1.150999054312706,1.1513354144990444
cache_aware,codex526:10:526009:406,300.4485881328583,51864,1,8.647497247904539,8.647983718663454
cache_aware,codex152:7:152006:398,300.66839957237244,68485,1,10.868005197495222,10.868504509329796
cache_aware,codex238:15:238014:279,301.42526841163635,132169,1,7.814101222902536,7.814937822520733
cache_aware,codex315:4:315003:423,301.8944652080536,47279,1,13.630902700126171,13.631201826035976
cache_aware,codex586:10:586009:377,302.507595539093,46948,1,6.830450430512428,6.8416171707212925
cache_aware,codex543:7:543006:427,302.7844009399414,36725,1,13.19972812011838,13.199993897229433
cache_aware,codex483:20:483019:358,303.31581807136536,93316,1,12.675661221146584,12.676176276057959
cache_aware,codex488:13:488012:383,303.47277426719666,46982,1,5.8683782778680325,5.876028746366501
cache_aware,codex29:13:29012:379,303.69366979599,60515,1,7.554159466177225,7.554513733834028
cache_aware,codex363:11:363010:314,304.02002143859863,99341,1,7.204104568809271,7.20472676306963
cache_aware,codex215:1:215000:442,304.06895756721497,13107,1,3.8276510648429394,3.827799215912819
cache_aware,codex70:22:70021:296,304.36468529701233,93159,1,4.9834893345832825,4.985908605158329
cache_aware,codex436:5:436004:439,304.4631061553955,29579,1,6.171797581017017,6.172031261026859
cache_aware,codex361:6:361005:438,304.55103182792664,28932,1,11.669570863246918,11.669875178486109
cache_aware,codex71:3:71002:444,305.1844046115875,19664,1,5.496717143803835,5.49822112172842
cache_aware,codex250:15:250014:424,305.41512060165405,69601,1,5.272493027150631,5.272888153791428
cache_aware,codex509:2:509001:450,305.68911957740784,19675,1,0.9354159981012344,0.9355823844671249
cache_aware,codex96:20:96019:333,306.43441128730774,52787,1,2.9197057262063026,2.920027382671833
cache_aware,codex70:23:70022:302,311.8851845264435,94671,1,2.7340559661388397,2.734571486711502
cache_aware,codex73:1:73000:460,311.93627548217773,13617,1,2.676370035856962,2.6764987520873547
cache_aware,codex506:13:506012:363,312.308509349823,85202,1,5.4213027991354465,5.421769641339779
cache_aware,codex215:2:215001:462,314.106431722641,39843,1,6.122971531003714,6.123226452618837
cache_aware,codex586:11:586010:390,314.3134994506836,47705,1,0.8725366592407227,0.8728611804544926
cache_aware,codex350:20:350019:303,314.60597825050354,85386,1,3.791564479470253,3.792040415108204
cache_aware,codex526:11:526010:425,315.5185167789459,52541,1,0.7397596389055252,0.7401704788208008
cache_aware,codex25:6:25005:461,315.68803215026855,29495,1,2.703711438924074,2.703924149274826
cache_aware,codex586:12:586011:393,315.96729350090027,49532,1,0.9924156777560711,0.9927272498607635
cache_aware,codex543:8:543007:431,316.83356380462646,38215,1,0.8903937079012394,0.8906489796936512
cache_aware,codex250:16:250015:445,317.54612135887146,69767,1,2.679525349289179,2.679936110973358
cache_aware,codex315:5:315004:434,317.7173309326172,52972,1,2.7455643117427826,2.7464372515678406
cache_aware,codex238:16:238015:301,318.2466711997986,133620,1,2.2569526992738247,2.2576424553990364
cache_aware,codex543:9:543008:435,318.3865051269531,39790,1,2.101642530411482,2.1019905507564545
cache_aware,codex350:21:350020:310,319.79684829711914,97434,1,9.97794571518898,9.97845684364438
cache_aware,codex483:21:483020:369,320.1133711338043,93865,1,1.9672081358730793,1.9677364565432072
cache_aware,codex71:4:71003:469,320.21734285354614,31558,1,2.8297055028378963,2.8300329111516476
cache_aware,codex586:13:586012:402,320.7810230255127,49847,1,1.3986264951527119,1.3990140035748482
cache_aware,codex108:24:108023:374,320.9694883823395,59269,1,1.2436397299170494,1.2439852394163609
cache_aware,codex65:19:65018:351,321.2954671382904,98695,1,8.484944097697735,8.485456611961126
cache_aware,codex361:7:361006:452,321.3957464694977,29427,1,0.7600127533078194,0.7603115290403366
cache_aware,codex73:2:73001:482,321.4779155254364,21062,1,2.655442241579294,2.6557192653417587
cache_aware,codex436:6:436005:467,321.57512497901917,30281,1,1.4889226853847504,1.4892115779221058
cache_aware,codex526:12:526011:441,321.74544382095337,52934,1,0.9546151906251907,0.9549709856510162
cache_aware,codex70:24:70023:326,322.06752347946167,95128,1,2.8423324078321457,2.842840977013111
cache_aware,codex543:10:543009:443,322.6076591014862,40432,1,0.9102641195058823,0.910531222820282
cache_aware,codex152:8:152007:429,323.41251945495605,69766,1,1.4914103411138058,1.4918202981352806
cache_aware,codex25:7:25006:472,323.51284646987915,31305,1,6.255642864853144,6.255855992436409
cache_aware,codex526:13:526012:447,324.3414816856384,53853,1,0.9833745695650578,0.9837080538272858
cache_aware,codex493:23:493022:306,324.58410382270813,77012,1,1.9449497312307358,1.9453795365989208
cache_aware,codex436:7:436006:473,324.70156168937683,35017,1,1.8184528462588787,1.8186905793845654
cache_aware,codex108:25:108024:386,324.8937072753906,59342,1,1.6303194500505924,1.630668830126524
cache_aware,codex586:14:586013:412,325.7488422393799,50808,1,0.8442178294062614,0.8445259742438793
cache_aware,codex215:3:215002:485,325.8936014175415,45079,1,2.664967965334654,2.66524351388216
cache_aware,codex543:11:543010:453,326.03896021842957,43234,1,2.516682557761669,2.516954842954874
cache_aware,codex488:14:488013:417,326.19989705085754,52685,1,3.5639962889254093,3.564327899366617
cache_aware,codex483:22:483021:387,326.5100519657135,94681,1,2.055930931121111,2.0564348734915257
cache_aware,codex73:3:73002:494,326.78235030174255,25975,1,6.760597933083773,6.760805476456881
cache_aware,codex436:8:436007:479,327.4372880458832,35975,1,1.1151396557688713,1.1154053211212158
cache_aware,codex509:3:509002:502,327.95989418029785,25548,1,1.1958728842437267,1.1960767656564713
cache_aware,codex135:1:135000:499,328.11084175109863,13483,1,1.266753051429987,1.2669989243149757
cache_aware,codex315:6:315005:457,328.40326380729675,55594,1,2.253761075437069,2.254226289689541
cache_aware,codex422:10:422009:480,328.51142168045044,33410,1,2.633498143404722,2.6339752562344074
cache_aware,codex493:24:493023:315,328.86110758781433,83882,1,4.6919871009886265,4.692451573908329
cache_aware,codex411:7:411006:496,329.75429248809814,43415,1,3.793060965836048,3.7933430299162865
cache_aware,codex543:12:543011:456,330.16883158683777,44523,1,1.2267376258969307,1.2270241416990757
cache_aware,codex215:4:215003:492,330.371630191803,52733,1,3.19096190482378,3.191350895911455
cache_aware,codex250:17:250016:471,331.38776445388794,69901,1,2.2150788828730583,2.215484347194433
cache_aware,codex152:9:152008:449,332.563707113266,70391,1,0.994482196867466,0.9948773011565208
cache_aware,codex70:25:70024:352,332.9286403656006,95402,1,1.6336865685880184,1.6342172510921955
cache_aware,codex422:11:422010:488,333.0401930809021,34871,1,1.9093190506100655,1.90966771915555
cache_aware,codex350:22:350021:324,333.35440397262573,98163,1,1.4437827914953232,1.4443195573985577
cache_aware,codex526:14:526013:466,333.535591840744,55494,1,1.9379848055541515,1.9383576139807701
cache_aware,codex228:22:228021:430,334.20396614074707,71422,1,1.3140612058341503,1.3144611716270447
cache_aware,codex29:14:29013:437,334.5428943634033,61856,1,0.9636389426887035,0.9639925248920918
cache_aware,codex250:18:250017:478,335.4134101867676,70040,1,0.6633323691785336,0.6638746224343777
cache_aware,codex315:7:315006:468,335.72529578208923,58303,1,1.4506232850253582,1.451007530093193
cache_aware,codex81:15:81014:518,336.01023721694946,47018,1,0.48693519830703735,0.4873492680490017
cache_aware,codex192:1:192000:522,336.31362748146057,13423,1,1.2415416538715363,1.2417555712163448
cache_aware,codex250:19:250018:483,336.97262835502625,70207,1,0.49327830970287323,0.4937167651951313
cache_aware,codex436:9:436008:503,337.32135939598083,36243,1,0.34934812039136887,0.349684726446867
cache_aware,codex65:20:65019:373,338.5571541786194,99263,1,2.5116461254656315,2.5121681354939938
cache_aware,codex493:25:493024:338,338.8054645061493,84551,1,2.2563017904758453,2.256769336760044
cache_aware,codex25:8:25007:497,338.9043300151825,31890,1,0.5107786320149899,0.5111303329467773
cache_aware,codex509:4:509003:529,338.99507689476013,29637,1,1.8766866326332092,1.8769047893583775
cache_aware,codex411:8:411007:514,339.1327540874481,43840,1,1.9223942495882511,1.9227002747356892
cache_aware,codex238:17:238016:357,339.99012517929077,142256,1,9.379243798553944,9.382700264453888
cache_aware,codex506:14:506013:420,340.29305624961853,88788,1,6.254788253456354,6.255279429256916
cache_aware,codex436:10:436009:516,340.41706442832947,36977,1,1.3115001022815704,1.311763521283865
cache_aware,codex152:10:152009:465,340.67527079582214,80379,1,7.783915318548679,7.789606660604477
cache_aware,codex119:10:119009:463,340.8651034832001,62630,1,6.427564729005098,6.427946988493204
cache_aware,codex526:15:526014:481,341.04837822914124,57339,1,4.9923265427351,4.992791220545769
cache_aware,codex73:4:73003:519,341.42813515663147,27097,1,7.944263368844986,7.944450594484806
cache_aware,codex228:23:228022:448,341.72062397003174,72052,1,6.743617869913578,6.745201621204615
cache_aware,codex315:8:315007:486,342.0868830680847,58817,1,6.382307145744562,6.3826464638113976
cache_aware,codex350:23:350022:350,342.4069359302521,100411,1,4.896939110010862,4.897490911185741
cache_aware,codex363:12:363011:397,342.7386441230774,100281,1,4.571218624711037,4.571727015078068
cache_aware,codex493:26:493025:343,343.0067183971405,84970,1,6.372409589588642,6.3728733360767365
cache_aware,codex81:16:81015:531,343.19951152801514,58106,1,4.461784336715937,4.462462909519672
cache_aware,codex29:15:29014:458,344.15405535697937,62734,1,3.1426429450511932,3.142996858805418
cache_aware,codex203:1:203000:536,344.518159866333,13394,1,1.2264510914683342,1.2267106026411057
cache_aware,codex436:11:436010:525,345.13293385505676,37293,1,2.531783092767,2.532022900879383
cache_aware,codex483:23:483022:426,346.536413192749,94999,1,1.980029135942459,1.9805156886577606
cache_aware,codex25:9:25008:520,346.7760021686554,36929,1,2.4291463643312454,2.4294988214969635
cache_aware,codex65:21:65020:392,347.20541310310364,100072,1,2.0565072894096375,2.057041458785534
cache_aware,codex135:2:135001:548,347.2849004268646,20230,1,1.1017120257019997,1.101887684315443
cache_aware,codex108:26:108025:433,347.94504618644714,59438,1,1.4574599899351597,1.4578021541237831
cache_aware,codex203:2:203001:549,348.0542719364166,32569,1,3.948122516274452,3.9483543299138546
cache_aware,codex526:16:526015:490,348.7624297142029,58002,1,0.7726483196020126,0.7729855552315712
cache_aware,codex25:10:25009:526,349.98306798934937,37534,1,1.160427212715149,1.1606849692761898
cache_aware,codex192:2:192001:562,350.38039541244507,20228,1,1.250970646739006,1.2511418499052525
cache_aware,codex238:18:238017:361,350.90358877182007,145371,1,3.8109940998256207,3.8118528835475445
cache_aware,codex228:24:228023:455,351.13628029823303,72266,1,0.8716581650078297,0.8720849305391312
cache_aware,codex506:15:506014:436,351.6240932941437,91680,1,2.72034377977252,2.7208802700042725
cache_aware,codex72:11:72010:505,351.9943299293518,77632,1,2.6011496260762215,2.601586151868105
cache_aware,codex110:1:110000:564,352.7259225845337,13568,1,1.6119457967579365,1.6120771169662476
cache_aware,codex65:22:65021:400,353.63309812545776,100354,1,1.1095363050699234,1.110050793737173
cache_aware,codex363:13:363012:411,354.12747168540955,102936,1,3.0546832382678986,3.055320233106613
cache_aware,codex215:5:215004:544,354.3199760913849,58071,1,3.664035379886627,3.6644887141883373
cache_aware,codex81:17:81016:556,355.102924823761,58246,1,3.839707840234041,3.840026881545782
cache_aware,codex110:2:110001:572,355.5626497268677,22383,1,3.369907882064581,3.370076186954975
cache_aware,codex315:9:315008:504,355.91526460647583,59429,1,1.2733325324952602,1.2736780792474747
cache_aware,codex72:12:72011:512,356.20939469337463,89350,1,13.146626483649015,13.15567372366786
cache_aware,codex228:25:228024:464,356.4368984699249,73252,1,12.924699041992426,12.926977388560772
cache_aware,codex483:24:483023:446,356.75133872032166,95605,1,12.627894345670938,12.62839638069272
cache_aware,codex203:3:203002:573,356.89821791648865,39918,1,2.736692562699318,2.736957833170891
cache_aware,codex411:9:411008:552,357.0375409126282,44290,1,1.8987541161477566,1.8990335315465927
cache_aware,codex25:11:25010:537,357.1684489250183,37858,1,0.554237499833107,0.5544962473213673
cache_aware,codex152:11:152010:493,357.71469807624817,84188,1,11.966744355857372,11.96721214428544
cache_aware,codex586:15:586014:491,358.31598711013794,51225,1,0.6232974715530872,0.6235965900123119
cache_aware,codex238:19:238018:376,358.8375930786133,145775,1,1.3328418917953968,1.3335980921983719
cache_aware,codex73:5:73004:538,358.9283392429352,27291,1,0.2664308212697506,0.2666292153298855
cache_aware,codex119:11:119010:495,359.4408230781555,66465,1,2.8014081493020058,2.802123188972473
cache_aware,codex215:6:215005:554,359.627845287323,59922,1,2.1231795102357864,2.1235426254570484
cache_aware,codex73:6:73005:543,360.29171419143677,31329,1,1.4550465606153011,1.4552772901952267
cache_aware,codex71:5:71004:570,360.947660446167,47727,1,8.420059077441692,8.420348167419434
cache_aware,codex294:1:294000:583,360.99613761901855,13225,1,3.030163697898388,3.0303012393414974
cache_aware,codex238:20:238019:384,361.4751555919647,146311,1,3.9714856147766113,3.9727878049016
cache_aware,codex509:5:509004:586,361.5931468009949,35388,1,2.029671173542738,2.0300066620111465
cache_aware,codex543:13:543012:530,361.7412223815918,45033,1,7.944814432412386,7.945086795836687
cache_aware,codex363:14:363013:428,362.08329010009766,103989,1,1.4650943875312805,1.4657244458794594
cache_aware,codex110:3:110002:584,362.23213291168213,39740,1,7.777182903140783,7.777445632964373
cache_aware,codex192:3:192002:594,363.1086485385895,29980,1,4.489167250692844,4.489957593381405
cache_aware,codex119:12:119011:501,363.8757789134979,73176,1,4.549027532339096,4.549452435225248
cache_aware,codex203:4:203003:588,364.02254247665405,46058,1,2.0206519439816475,2.0209620967507362
cache_aware,codex586:16:586015:508,364.25861978530884,52243,1,3.343370132148266,3.3436918817460537
cache_aware,codex422:12:422011:565,364.6557767391205,37248,1,5.015712443739176,5.0159538723528385
cache_aware,codex315:10:315009:527,364.9413640499115,62395,1,4.734822541475296,4.735211029648781
cache_aware,codex294:2:294001:592,365.27387285232544,25345,1,3.1407631635665894,3.1409468203783035
cache_aware,codex25:12:25011:566,365.81947588920593,38804,1,2.592788379639387,2.5930550135672092
cache_aware,codex29:16:29015:510,368.06554198265076,62919,1,1.0759811885654926,1.0765163153409958
cache_aware,codex363:15:363014:440,368.4026896953583,104819,1,1.3435999639332294,1.3442274145781994
cache_aware,codex586:17:586016:511,368.59133863449097,52439,1,2.2632802948355675,2.263580836355686
cache_aware,codex192:4:192003:605,368.70507645606995,36263,1,2.118560314178467,2.1188804171979427
cache_aware,codex215:7:215006:579,368.96597123146057,60059,1,1.0473828464746475,1.0477313473820686
cache_aware,codex509:6:509005:611,369.0835599899292,36179,1,1.6716083884239197,1.672439631074667
cache_aware,codex116:1:116000:612,369.13568139076233,13777,1,1.6167247779667377,1.6196989715099335
cache_aware,codex29:17:29016:517,369.6623857021332,66053,1,2.2153239101171494,2.2157190665602684
cache_aware,codex411:10:411009:585,370.0026617050171,44597,1,0.40820717066526413,0.40849994868040085
cache_aware,codex526:17:526016:542,371.1407232284546,58364,1,1.9622788690030575,1.9627607762813568
cache_aware,codex238:21:238020:395,371.6008322238922,146773,1,1.8979786112904549,1.8987088315188885
cache_aware,codex116:2:116001:619,371.74342465400696,39647,1,7.845256991684437,7.8455950282514095
cache_aware,codex422:13:422012:574,371.870290517807,39880,1,1.2562848590314388,1.2566281333565712
cache_aware,codex228:26:228025:474,372.8068118095398,84538,1,9.716888643801212,9.717368893325329
cache_aware,codex135:3:135002:625,372.94223618507385,39788,1,4.562798831611872,4.563073575496674
cache_aware,codex363:16:363015:454,373.48221468925476,105282,1,1.2378455735743046,1.2384363748133183
cache_aware,codex110:4:110003:609,374.4160256385803,44001,1,2.612639144062996,2.612920068204403
cache_aware,codex436:12:436011:595,374.5362243652344,37698,1,2.488289710134268,2.488580245524645
cache_aware,codex543:14:543013:541,374.6946940422058,50295,1,9.142874915152788,9.147214464843273
cache_aware,codex526:18:526017:550,375.1844539642334,58801,1,8.656823270022869,8.657914057374
cache_aware,codex192:5:192004:624,375.3879201412201,37765,1,0.8652713447809219,0.8655364885926247
cache_aware,codex509:7:509006:626,375.5283131599426,44064,1,5.172689091414213,5.172967925667763
cache_aware,codex25:13:25012:590,376.51515436172485,42088,1,1.511053305119276,1.511433582752943
cache_aware,codex152:12:152011:515,376.83295345306396,86014,1,7.015303693711758,7.015779700130224
cache_aware,codex71:6:71005:599,377.018187046051,57230,1,5.7233904376626015,5.723830588161945
cache_aware,codex521:1:521000:634,377.3351788520813,13521,1,1.658546093851328,1.6586801372468472
cache_aware,codex65:23:65022:459,378.5760052204132,107162,1,5.47527613863349,5.475950937718153
cache_aware,codex586:18:586017:532,378.7466096878052,52611,1,0.7932212874293327,0.7936608344316483
cache_aware,codex73:7:73006:593,378.84336376190186,31697,1,1.853345487266779,1.8535570576786995
cache_aware,codex436:13:436012:607,378.98990416526794,44349,1,3.955974716693163,3.956246342509985
cache_aware,codex203:5:203004:631,379.14064478874207,47824,1,1.5654245130717754,1.565713755786419
cache_aware,codex521:2:521001:645,379.3376750946045,18474,1,1.3562022186815739,1.3563580214977264
cache_aware,codex238:22:238021:409,380.5425307750702,149115,1,5.287606902420521,5.288604974746704
cache_aware,codex25:14:25013:601,380.68970584869385,42794,1,3.3796698302030563,3.3799326047301292
cache_aware,codex72:13:72012:540,381.3239758014679,90727,1,2.592321552336216,2.5931326523423195
cache_aware,codex422:14:422013:597,381.5292544364929,40792,1,2.3903612829744816,2.390613079071045
cache_aware,codex73:8:73007:602,381.75291752815247,38821,1,4.892836011946201,4.893206384032965
cache_aware,codex521:3:521002:650,381.9878237247467,24006,1,4.670083925127983,4.670259479433298
cache_aware,codex509:8:509007:636,382.2168970108032,45184,1,0.823810163885355,0.824095394462347
cache_aware,codex215:8:215007:617,382.93892645835876,60545,1,0.6829538159072399,0.683318018913269
cache_aware,codex526:19:526018:560,384.8512005805969,62428,1,2.716182768344879,2.716548342257738
cache_aware,codex363:17:363016:476,385.18765354156494,106754,1,1.9961420223116875,1.9967445097863674
cache_aware,codex71:7:71006:615,385.38344502449036,63201,1,3.0419887751340866,3.042359109967947
cache_aware,codex483:25:483024:487,385.70822739601135,95729,1,1.8814103789627552,1.8819173015654087
cache_aware,codex586:19:586018:553,387.06611824035645,54077,1,5.3445220328867435,5.3448469042778015
cache_aware,codex521:4:521003:653,387.1743071079254,33138,1,5.231497939676046,5.231722541153431
cache_aware,codex203:6:203005:651,387.559344291687,51988,1,1.7833827920258045,1.7837049439549446
cache_aware,codex73:9:73008:613,387.95177602767944,43704,1,4.462746173143387,4.463023714721203
cache_aware,codex238:23:238022:418,388.413090467453,149581,1,4.0107049979269505,4.011664006859064
cache_aware,codex71:8:71007:622,389.7596740722656,66265,1,2.02862998098135,2.029182631522417
cache_aware,codex152:13:152012:528,390.0448203086853,87205,1,1.1568748727440834,1.157572828233242
cache_aware,codex65:24:65023:475,390.5342786312103,111267,1,3.971166495233774,3.9718010500073433
cache_aware,codex135:4:135003:672,392.0041275024414,43030,1,1.6274862587451935,1.6277645751833916
cache_aware,codex526:20:526019:575,392.20846247673035,62767,1,1.93485901132226,1.9352285861968994
cache_aware,codex422:15:422014:627,392.39981985092163,42660,1,1.7389615550637245,1.7392695806920528
cache_aware,codex71:9:71008:629,392.8994243144989,73809,1,4.19689079746604,4.197416443377733
cache_aware,codex203:7:203006:663,393.1147255897522,53691,1,1.1288604438304901,1.12919232994318
cache_aware,codex294:3:294002:671,393.2116584777832,30158,1,1.2221631407737732,1.222487024962902
cache_aware,codex25:15:25014:632,393.6255283355713,43124,1,0.8999976254999638,0.9002704732120037
cache_aware,codex213:1:213000:676,393.7433714866638,13027,1,1.637892097234726,1.6380331553518772
cache_aware,codex152:14:152013:533,394.0755846500397,87698,1,1.3127789460122585,1.3132707476615906
cache_aware,codex72:14:72013:578,395.0021300315857,91340,1,2.9341226778924465,2.9346273578703403
cache_aware,codex543:15:543014:580,395.1730682849884,50727,1,0.8064491339027882,0.8067859746515751
cache_aware,codex315:11:315010:596,395.37610626220703,64178,1,2.5541116930544376,2.554500889033079
cache_aware,codex250:20:250019:646,395.75663805007935,70336,1,1.3746673986315727,1.3750647008419037
cache_aware,codex73:10:73009:623,395.92010045051575,44935,1,1.17036746814847,1.1706693470478058
cache_aware,codex65:25:65024:484,396.3967282772064,127107,1,16.977032881230116,16.97770530730486
cache_aware,codex70:26:70025:500,396.7920980453491,96307,1,4.464157614856958,4.464686807245016
cache_aware,codex509:9:509008:675,396.94922137260437,45999,1,0.9766474440693855,0.976936336606741
cache_aware,codex521:5:521004:670,397.0835590362549,41015,1,3.128237012773752,3.1289403401315212
cache_aware,codex213:2:213001:686,397.41836309432983,21057,1,1.6982752829790115,1.6984549909830093
cache_aware,codex110:5:110004:668,397.91826272010803,48340,1,1.9373480789363384,1.9376615434885025
cache_aware,codex363:18:363017:509,398.9203805923462,107774,1,15.577732477337122,15.578625671565533
cache_aware,codex108:27:108026:558,399.11155557632446,59535,1,2.1380826719105244,2.138449903577566
cache_aware,codex152:15:152014:546,399.4041817188263,87856,1,2.6078449711203575,2.608344469219446
cache_aware,codex203:8:203007:680,399.5907390117645,57198,1,2.4149701558053493,2.415343977510929
cache_aware,codex315:12:315011:608,399.8297655582428,67213,1,2.363799713551998,2.364286743104458
cache_aware,codex192:6:192005:688,400.3688838481903,41600,1,1.83417047560215,1.8348242491483688
cache_aware,codex506:16:506015:545,400.68838477134705,93738,1,13.880870770663023,13.882384318858385
cache_aware,codex411:11:411010:674,400.8738899230957,47095,1,1.5747887380421162,1.5751172788441181
cache_aware,codex119:13:119012:589,401.14337038993835,78463,1,13.360905695706606,13.361342884600163
cache_aware,codex361:8:361007:657,401.2412555217743,29784,1,0.9682536236941814,0.9684577360749245
cache_aware,codex72:15:72014:587,401.77034425735474,99459,1,6.623632945120335,6.624181341379881
cache_aware,codex73:11:73010:642,401.9491605758667,47407,1,2.732455611228943,2.732780896127224
cache_aware,codex522:1:522000:695,402.00030851364136,13529,1,1.3771838694810867,1.3773341998457909
cache_aware,codex521:6:521005:678,402.3717520236969,44376,1,4.573844559490681,4.574459869414568
cache_aware,codex70:27:70026:507,402.90841579437256,97725,1,6.254659976810217,6.255208756774664
cache_aware,codex25:16:25015:655,403.05814909935,45536,1,11.515645001083612,11.515925165265799
cache_aware,codex361:9:361008:661,403.16143131256104,32933,1,5.235593751072884,5.23606650903821
cache_aware,codex294:4:294003:696,403.3728172779083,39887,1,5.890032768249512,5.90288070961833
cache_aware,codex238:24:238023:451,403.99561977386475,150241,1,5.279546909034252,5.281585529446602
cache_aware,codex526:21:526020:604,404.20143485069275,62969,1,4.2001556642353535,4.2005157843232155
cache_aware,codex411:12:411011:679,404.36284351348877,49868,1,1.4159848764538765,1.4163174889981747
cache_aware,codex135:5:135004:702,404.5150146484375,47047,1,2.5855690017342567,2.585996363312006
cache_aware,codex116:3:116002:694,404.6692135334015,48493,1,3.3366910591721535,3.3373081982135773
cache_aware,codex213:3:213002:704,405.1331615447998,25096,1,1.980243232101202,1.9804367236793041
cache_aware,codex192:7:192006:700,405.5935378074646,41932,1,3.6864735297858715,3.6867380179464817
cache_aware,codex250:21:250020:666,406.306706905365,70506,1,0.6906221881508827,0.6910247914493084
cache_aware,codex522:2:522001:708,406.3613963127136,15958,1,1.646506905555725,1.6466442681849003
cache_aware,codex483:26:483025:535,408.38144636154175,96435,1,1.246647920459509,1.2471627332270145
cache_aware,codex250:22:250021:677,409.61730217933655,70851,1,0.7919095046818256,0.792337603867054
cache_aware,codex152:16:152015:576,410.22925305366516,88005,1,0.8872953355312347,0.8877988383173943
cache_aware,codex166:1:166000:715,410.2966425418854,14321,1,2.750063508749008,2.750207632780075
cache_aware,codex192:8:192007:705,410.9122664928436,44576,1,3.1396633870899677,3.139951340854168
cache_aware,codex361:10:361009:673,411.29095458984375,33505,1,1.2019076719880104,1.202144954353571
cache_aware,codex315:13:315012:639,411.5014374256134,67833,1,4.419607657939196,4.420009326189756
cache_aware,codex72:16:72015:603,411.82155108451843,100947,1,8.086214754730463,8.086741376668215
cache_aware,codex294:5:294004:706,411.96780467033386,43521,1,2.6085975728929043,2.608860481530428
cache_aware,codex543:16:543015:628,412.15604519844055,59782,1,7.738406598567963,7.73876816034317
cache_aware,codex152:17:152016:581,412.4735519886017,88136,1,7.427669260650873,7.428173899650574
cache_aware,codex73:12:73011:662,412.71738743782043,48522,1,2.67398763820529,2.6743044331669807
cache_aware,codex483:27:483026:547,413.04013681411743,96596,1,6.8732762187719345,6.873770494014025
cache_aware,codex213:4:213003:725,413.1278383731842,25687,1,0.39494308084249496,0.3951268941164017
cache_aware,codex108:28:108027:591,413.35989928245544,59630,1,2.0353973731398582,2.0357564501464367
cache_aware,codex70:28:70027:523,413.8934745788574,98291,1,3.1733715161681175,3.1738958545029163
cache_aware,codex509:10:509009:714,414.04562520980835,46638,1,0.5382243655622005,0.5385032966732979
cache_aware,codex436:14:436013:692,414.7899684906006,55251,1,9.57573377713561,9.576206415891647
cache_aware,codex166:2:166001:733,414.9879033565521,25686,1,6.394083175808191,6.394444737583399
cache_aware,codex110:6:110005:707,415.23118233680725,53518,1,13.089497733861208,13.08981804177165
cache_aware,codex509:11:509010:718,415.384236574173,48849,1,1.6739045083522797,1.6742176413536072
cache_aware,codex361:11:361010:681,415.7553415298462,35258,1,5.983357913792133,5.983800038695335
cache_aware,codex294:6:294005:713,415.91296887397766,48171,1,7.18269694969058,7.1831139996647835
cache_aware,codex213:5:213004:737,416.02826046943665,28569,1,1.0320313535630703,1.0322380550205708
cache_aware,codex73:13:73012:665,416.2514810562134,56464,1,8.240690276026726,8.253313947468996
cache_aware,codex250:23:250022:693,416.53704738616943,85348,1,11.79025612771511,11.790730990469456
cache_aware,codex506:17:506016:561,416.8557195663452,93935,1,1.085834726691246,1.0863784849643707
cache_aware,codex108:29:108028:598,417.0504584312439,59999,1,7.4455557987093925,7.454801704734564
cache_aware,codex116:4:116003:723,417.3689980506897,53663,1,2.8506973423063755,2.8510496728122234
cache_aware,codex526:22:526021:635,417.5890243053436,70506,1,4.19518157094717,4.195588406175375
cache_aware,codex493:27:493026:506,417.86386346817017,85675,1,6.6378952115774155,6.640459336340427
cache_aware,codex238:25:238024:470,418.79650950431824,150775,1,5.717721216380596,5.718586064875126
cache_aware,codex240:1:240000:742,418.85088777542114,13247,1,2.8305280096828938,2.8344658575952053
cache_aware,codex363:19:363018:521,419.2040548324585,108157,1,2.4886760227382183,2.4892785251140594
cache_aware,codex65:26:65025:498,419.61412835121155,127219,1,2.311223827302456,2.3119099475443363
cache_aware,codex509:12:509011:729,419.7764847278595,49988,1,0.9134999625384808,0.9138381592929363
cache_aware,codex213:6:213005:748,419.8869364261627,29883,1,2.4727086201310158,2.4730358198285103
cache_aware,codex135:6:135005:741,420.212251663208,52726,1,2.1793358102440834,2.179664634168148
cache_aware,codex521:7:521006:719,421.64560747146606,48033,1,2.8857692666351795,2.8860597498714924
cache_aware,codex543:17:543016:641,422.8217923641205,67574,1,5.512382339686155,5.512763075530529
cache_aware,codex220:4:220003:755,424.3168261051178,40239,1,8.916676048189402,8.917146299034357
cache_aware,codex135:7:135006:754,425.3559982776642,56222,1,1.980279330164194,1.980639647692442
cache_aware,codex238:26:238025:477,426.45887088775635,158093,1,10.615375701338053,10.616202987730503
cache_aware,codex65:27:65026:513,426.8739974498749,127774,1,2.6155813671648502,2.6162660531699657
cache_aware,codex108:30:108029:610,427.06400847435,60777,1,11.4700658172369,11.470418144017458
cache_aware,codex421:1:421000:763,427.1130840778351,13368,1,2.3637253381311893,2.3638563938438892
cache_aware,codex315:14:315013:667,427.3271310329437,71567,1,7.00529807433486,7.005717143416405
cache_aware,codex213:7:213006:764,427.5380277633667,30123,1,0.7765328139066696,0.7767577208578587
cache_aware,codex152:18:152017:606,428.2060475349426,88259,1,6.137094009667635,6.137588057667017
cache_aware,codex166:3:166002:758,428.3096742630005,29783,1,10.217398066073656,10.21761691942811
cache_aware,codex215:9:215008:739,428.6775140762329,60740,1,0.8036687709391117,0.8040353395044804
cache_aware,codex543:18:543017:647,428.94614148139954,69881,1,5.390829533338547,5.391233254224062
cache_aware,codex250:24:250023:701,429.29954290390015,85496,1,1.412043273448944,1.4125336147844791
cache_aware,codex294:7:294006:735,429.47105264663696,51966,1,9.2920130379498,9.297352582216263
cache_aware,codex521:8:521007:740,430.03497862815857,49998,1,8.731542848050594,8.73297719284892
cache_aware,codex72:17:72016:637,430.3695979118347,101639,1,3.9799701645970345,3.980519149452448
cache_aware,codex70:29:70028:555,430.69938230514526,98557,1,8.074856985360384,8.075808148831129
cache_aware,codex215:10:215009:749,431.9049644470215,60991,1,1.559270516037941,1.5596421733498573
cache_aware,codex436:15:436014:717,432.2003710269928,56377,1,1.2672825492918491,1.2676116563379765
cache_aware,codex203:9:203008:769,432.63320207595825,61454,1,4.405731122940779,4.4060953967273235
cache_aware,codex135:8:135007:772,433.1496570110321,61156,1,3.9079348519444466,3.9083020463585854
cache_aware,codex116:5:116004:767,433.45535826683044,55876,1,3.586966000497341,3.587294675409794
cache_aware,codex250:25:250024:710,434.199987411499,85720,1,2.8495298475027084,2.849991984665394
cache_aware,codex213:8:213007:781,434.32283663749695,35710,1,2.7295645996928215,2.7297976091504097
cache_aware,codex266:1:266000:785,434.75812911987305,14201,1,2.2756904885172844,2.275829207152128
cache_aware,codex506:18:506017:614,435.35860085487366,94094,1,1.7051714919507504,1.7056733295321465
cache_aware,codex72:18:72017:643,435.6875853538513,103630,1,2.853407196700573,2.8539662808179855
cache_aware,codex363:20:363019:559,436.0492227077484,109770,1,5.977024633437395,5.977703131735325
cache_aware,codex509:13:509012:773,436.2598068714142,54607,1,2.8443539068102837,2.844692889600992
cache_aware,codex71:10:71009:736,436.5184078216553,75076,1,4.960678439587355,4.961129516363144
cache_aware,codex436:16:436015:730,436.717173576355,59349,1,4.410540673881769,4.410906035453081
cache_aware,codex119:14:119013:656,437.0276892185211,83945,1,6.983472380787134,6.983939468860626
cache_aware,codex493:28:493027:534,437.42430686950684,85849,1,1.3883620239794254,1.38882627338171
cache_aware,codex361:12:361011:727,437.8204538822174,35643,1,0.7095446437597275,0.7097779661417007
cache_aware,codex421:2:421001:794,437.9204788208008,30402,1,8.439581450074911,8.441764883697033
cache_aware,codex152:19:152018:618,438.228613615036,88423,1,3.6747274175286293,3.67520934343338
cache_aware,codex543:19:543018:654,438.5190222263336,71484,1,3.377485942095518,3.3779180385172367
cache_aware,codex506:19:506018:620,439.4499478340149,94209,1,6.918376095592976,6.919006392359734
cache_aware,codex228:27:228026:633,439.7358546257019,85140,1,2.1736039854586124,2.1740631349384785
cache_aware,codex266:2:266001:802,439.82558727264404,25324,1,8.112939689308405,8.124686062335968
cache_aware,codex238:27:238026:489,440.4017336368561,160178,1,5.716740179806948,5.717529214918613
cache_aware,codex315:15:315014:684,440.67235803604126,75438,1,3.3440880216658115,3.3444933854043484
cache_aware,codex65:28:65027:539,441.1156940460205,127879,1,6.834107041358948,6.8370401337742805
cache_aware,codex70:30:70029:567,441.45139741897583,99004,1,4.655983824282885,4.656498402357101
cache_aware,codex250:26:250025:724,441.7760388851166,85934,1,0.8842387199401855,0.8847473338246346
cache_aware,codex166:4:166003:770,441.8898227214813,31663,1,4.197416879236698,4.197650451213121
cache_aware,codex110:7:110006:757,442.38102889060974,54220,1,1.6245364993810654,1.6248674541711807
cache_aware,codex213:9:213008:800,442.5054485797882,37539,1,1.4944055192172527,1.4946610629558563
cache_aware,codex543:20:543019:660,443.12110686302185,71649,1,1.2405185475945473,1.2409412302076817
cache_aware,codex548:1:548000:810,443.1778316497803,13754,1,2.9059155210852623,2.9060567282140255
cache_aware,codex493:29:493028:551,443.45989441871643,86052,1,2.641581989824772,2.6420486494898796
cache_aware,codex250:27:250026:734,443.7589747905731,86264,1,2.337450698018074,2.337936256080866
cache_aware,codex135:9:135008:796,443.9933326244354,67936,1,3.343044303357601,3.3434490673244
cache_aware,codex361:13:361012:747,444.35351395606995,35921,1,0.3615899831056595,0.3619339056313038
cache_aware,codex509:14:509013:793,445.00091910362244,56082,1,1.1223342791199684,1.1226562820374966
cache_aware,codex521:9:521008:759,445.1659092903137,51043,1,1.1210523881018162,1.1213739961385727
cache_aware,codex315:16:315015:690,445.4276795387268,78032,1,2.5518471859395504,2.552276734262705
cache_aware,codex215:11:215010:782,445.63165068626404,61506,1,1.3142911940813065,1.3146689534187317
cache_aware,codex363:21:363020:569,445.9913284778595,110123,1,2.011393390595913,2.0119520723819733
cache_aware,codex240:2:240001:812,446.0411047935486,14069,1,1.9107625670731068,1.910883679986
cache_aware,codex294:8:294007:761,446.64893317222595,54311,1,2.422376424074173,2.422716300934553
cache_aware,codex548:2:548001:821,446.7387638092041,26062,1,2.6551638543605804,2.6554814502596855
cache_aware,codex509:15:509014:798,446.93774223327637,62314,1,2.746996570378542,2.7474852614104748
cache_aware,codex108:31:108030:640,447.32749223709106,61147,1,1.7482599504292011,1.748616449534893
cache_aware,codex70:31:70030:571,447.8129127025604,99279,1,1.2691412195563316,1.269665539264679
cache_aware,codex436:17:436016:751,448.2661497592926,59507,1,1.1640324778854847,1.1643857583403587
cache_aware,codex493:30:493029:563,448.55278611183167,89095,1,4.708723526448011,4.709238655865192
cache_aware,codex135:10:135009:803,448.7722954750061,68471,1,1.0454831905663013,1.0458805412054062
cache_aware,codex152:20:152019:644,449.06011176109314,88547,1,1.3697884269058704,1.3702733628451824
cache_aware,codex220:5:220004:808,449.6409866809845,41257,1,0.7825262248516083,0.7828114368021488
cache_aware,codex25:17:25016:753,450.14657068252563,60104,1,8.28347510099411,8.283852323889732
cache_aware,codex266:3:266002:813,450.4169750213623,34623,1,9.772021871060133,9.772262342274189
cache_aware,codex166:5:166004:783,450.87088918685913,54050,1,13.719059720635414,13.719476524740458
cache_aware,codex521:10:521009:776,451.05236411094666,55874,1,4.208475258201361,4.2089840061962605
cache_aware,codex506:20:506019:638,451.5928611755371,94657,1,13.284332398325205,13.284855104982853
cache_aware,codex110:8:110007:779,452.34223079681396,55773,1,3.2422435767948627,3.2425909601151943
cache_aware,codex421:3:421002:823,452.47017884254456,38488,1,16.634376361966133,16.634635034948587
cache_aware,codex548:3:548002:835,452.58624958992004,36619,1,3.5823924094438553,3.582761984318495
cache_aware,codex65:29:65028:557,453.00097131729126,129441,1,16.113243360072374,16.113926026970148
cache_aware,codex543:21:543020:682,453.23168659210205,71893,1,0.8528169691562653,0.8532540164887905
cache_aware,codex119:15:119014:683,453.7268216609955,96165,1,18.62196884304285,18.62252776324749
cache_aware,codex116:6:116005:816,454.0756506919861,61123,1,2.506423234939575,2.506801463663578
cache_aware,codex135:11:135010:819,454.653648853302,69362,1,0.9353523887693882,0.9357442557811737
cache_aware,codex543:22:543021:687,455.5751419067383,77440,1,4.618917390704155,4.619372010231018
cache_aware,codex493:31:493030:577,456.96855640411377,104366,1,19.21617602556944,19.216730549931526
cache_aware,codex213:10:213009:838,457.11504220962524,42200,1,2.7266309186816216,2.7270099744200706
cache_aware,codex152:21:152020:659,457.4269857406616,95587,1,17.2422967068851,17.242818530648947
cache_aware,codex250:28:250027:765,457.7052958011627,86675,1,2.095560509711504,2.096109062433243
cache_aware,codex315:17:315016:716,457.9727129936218,80181,1,4.700863093137741,4.701346378773451
cache_aware,codex220:6:220005:830,458.17748641967773,61910,1,14.372326359152794,14.372708603739738
cache_aware,codex135:12:135011:828,458.4209144115448,69800,1,1.459989532828331,1.4603852219879627
cache_aware,codex294:9:294008:788,458.84686493873596,56891,1,25.55762456730008,25.558844927698374
cache_aware,codex238:28:238027:524,459.48162603378296,175322,1,32.058653723448515,32.059598725289106
cache_aware,codex110:9:110008:791,459.73147892951965,73383,1,9.494248539209366,9.49478642269969
cache_aware,codex382:1:382000:856,459.78377962112427,13800,1,5.788889978080988,5.789105955511332
cache_aware,codex203:10:203009:834,460.109822511673,61906,1,1.410589538514614,1.4109703823924065
cache_aware,codex522:3:522002:859,460.1844525337219,21076,1,1.286633376032114,1.2869776152074337
cache_aware,codex135:13:135012:837,462.39313650131226,76197,1,3.466702576726675,3.4671483412384987
cache_aware,codex266:4:266003:827,462.6646378040314,43962,1,12.710932984948158,12.711232278496027
cache_aware,codex361:14:361013:799,462.84706139564514,36031,1,11.800245255231857,11.800510749220848
cache_aware,codex203:11:203010:841,463.3813226222992,62773,1,1.1858365423977375,1.1862370297312737
cache_aware,codex240:3:240002:863,463.7597622871399,77448,1,20.284597724676132,20.285028882324696
cache_aware,codex363:22:363021:621,464.35557770729065,112118,1,12.858654703944921,12.860018499195576
cache_aware,codex509:16:509015:842,464.5586185455322,63025,1,2.1203609630465508,2.1207393668591976
cache_aware,codex522:4:522003:877,465.11602306365967,24602,1,1.2577264495193958,1.2579187713563442
cache_aware,codex422:16:422015:825,466.07706665992737,42885,1,8.57479727268219,8.575073089450598
cache_aware,codex250:29:250028:784,466.3668706417084,86844,1,2.934198446571827,2.9350133687257767
cache_aware,codex506:21:506020:648,466.6687388420105,94828,1,10.557492520660162,10.557981505990028
cache_aware,codex116:7:116006:849,467.19984340667725,64702,1,1.9314223267138004,1.9317968003451824
cache_aware,codex234:1:234000:881,467.56347370147705,13534,1,1.537951584905386,1.53808419033885
cache_aware,codex166:6:166005:805,467.7496783733368,58651,1,23.770894795656204,23.771234516054392
cache_aware,codex215:12:215011:844,467.94032979011536,62237,1,1.3657788634300232,1.3661354072391987
cache_aware,codex25:18:25017:780,468.1406841278076,65021,1,9.080000564455986,9.080370288342237
cache_aware,codex543:23:543022:712,468.52168893814087,78577,1,6.141515854746103,6.141949508339167
cache_aware,codex509:17:509016:853,469.0956256389618,64840,1,1.3250858895480633,1.3254686295986176
cache_aware,codex73:14:73013:792,469.9431664943695,57436,1,21.582052052021027,21.582386668771505
cache_aware,codex315:18:315017:743,470.21510553359985,82558,1,4.442765928804874,4.443234194070101
cache_aware,codex108:32:108031:691,470.41221952438354,61445,1,21.11736038327217,21.117709770798683
cache_aware,codex548:4:548003:887,471.34997034072876,39940,1,1.2953866235911846,1.2957267947494984
cache_aware,codex65:30:65029:568,472.04595017433167,131046,1,6.39827436581254,6.398962788283825
cache_aware,codex522:5:522004:899,472.1467356681824,29422,1,1.4236696474254131,1.4239908382296562
cache_aware,codex421:4:421003:833,472.27388095855713,39004,1,6.15413673594594,6.154405049979687
cache_aware,codex234:2:234001:901,472.33262062072754,17820,1,0.9143010564148426,0.9144541434943676
cache_aware,codex135:14:135013:860,473.24073100090027,79527,1,2.9372830390930176,2.9377305805683136
cache_aware,codex382:2:382001:890,473.3492307662964,21579,1,1.3294096142053604,1.329668801277876
cache_aware,codex213:11:213010:886,473.7245614528656,43628,1,2.4480402879416943,2.448325015604496
cache_aware,codex521:11:521010:831,473.9843707084656,76099,1,27.968724001199007,27.969578504562378
cache_aware,codex116:8:116007:870,474.1893150806427,65345,1,2.298924393951893,2.299299206584692
cache_aware,codex509:18:509017:868,474.3964033126831,66802,1,2.0872362330555916,2.087635610252619
cache_aware,codex110:10:110009:814,474.64047265052795,75626,1,1.5704407468438148,1.570855662226677
cache_aware,codex228:28:228027:720,475.3666241168976,85702,1,1.126754317432642,1.1272350251674652
cache_aware,codex152:22:152021:664,475.7815158367157,95756,1,1.2687028869986534,1.2692571878433228
cache_aware,codex119:16:119015:697,476.1120512485504,97027,1,2.323782864958048,2.3243189230561256
cache_aware,codex508:1:508000:904,476.1660735607147,13678,1,1.6602722704410553,1.6604141481220722
cache_aware,codex203:12:203011:880,476.4733865261078,63167,1,1.3602401986718178,1.3606128506362438
cache_aware,codex110:11:110010:822,476.8729145526886,83909,1,7.645560394972563,7.647341847419739
cache_aware,codex522:6:522005:912,476.9750735759735,31044,1,0.8545432388782501,0.8547640852630138
cache_aware,codex152:23:152022:669,477.6720895767212,100235,1,3.9498931542038918,3.950604673475027
cache_aware,codex213:12:213011:895,477.822283744812,44901,1,0.709358423948288,0.7097781598567963
cache_aware,codex116:9:116008:876,478.21981382369995,71073,1,3.65309189632535,3.65351315587759
cache_aware,codex203:13:203012:884,478.4203362464905,63324,1,3.4849915504455566,3.485468093305826
cache_aware,codex543:24:543023:731,479.2414047718048,79148,1,2.4240324161946774,2.4244877360761166
cache_aware,codex548:5:548004:909,479.38702487945557,42982,1,5.1246631257236,5.125806860625744
cache_aware,codex250:30:250029:815,479.67325091362,87014,1,4.855229310691357,4.8560185842216015
cache_aware,codex266:5:266004:843,479.8345353603363,48784,1,6.458854243159294,6.459163546562195
cache_aware,codex135:15:135014:874,480.1020646095276,81068,1,3.935666333884001,3.9361352920532227
cache_aware,codex119:17:119016:703,480.42184257507324,98447,1,5.887596998363733,5.8881339728832245
cache_aware,codex506:22:506021:652,480.7344243526459,95022,1,3.771324772387743,3.7722055166959763
cache_aware,codex382:3:382002:916,482.0394661426544,28437,1,6.87903006374836,6.879240307956934
cache_aware,codex508:2:508001:925,482.1337969303131,27481,1,4.1473180912435055,4.147516429424286
cache_aware,codex315:19:315018:766,482.4206030368805,83562,1,3.8779317885637283,3.8783907033503056
cache_aware,codex65:31:65030:582,482.848610162735,131672,1,4.860780775547028,4.861442092806101
cache_aware,codex421:5:421004:846,482.99962639808655,45676,1,4.692179799079895,4.692472774535418
cache_aware,codex213:13:213012:906,483.1493844985962,46847,1,3.153404127806425,3.153699092566967
cache_aware,codex71:11:71010:852,483.46321511268616,91473,1,12.737201545387506,12.737691912800074
cache_aware,codex509:19:509018:892,483.6831102371216,67866,1,2.606979191303253,2.607370164245367
cache_aware,codex422:17:422016:848,483.8224837779999,43073,1,2.4563509561121464,2.456641275435686
cache_aware,codex220:7:220006:872,484.02746963500977,62358,1,2.257706169039011,2.258064813911915
cache_aware,codex363:23:363022:649,485.2391002178192,112236,1,2.461235087364912,2.4618365690112114
cache_aware,codex250:31:250030:824,485.536514043808,87189,1,10.668889179825783,10.669376824051142
cache_aware,codex294:10:294009:797,485.7287163734436,58948,1,16.22944925352931,16.2297938503325
cache_aware,codex135:16:135015:882,486.00406098365784,84262,1,3.3750013038516045,3.3757537566125393
cache_aware,codex543:25:543024:744,486.2676682472229,81167,1,2.6570161059498787,2.6574888601899147
cache_aware,codex228:29:228028:756,487.01668095588684,85871,1,1.9135830141603947,1.91406324878335
cache_aware,codex548:6:548005:918,487.1745927333832,47455,1,9.012715060263872,9.013009067624807
cache_aware,codex493:32:493031:616,487.5168480873108,107448,1,15.364003334194422,15.364581044763327
cache_aware,codex213:14:213013:913,487.6827166080475,48928,1,3.1327733546495438,3.133082941174507
cache_aware,codex234:3:234002:939,488.4048042297363,22408,1,2.4060611352324486,2.406256802380085
cache_aware,codex25:19:25018:818,488.6239655017853,67248,1,2.196145251393318,2.1965320482850075
cache_aware,codex110:12:110011:836,488.9108793735504,84772,1,7.282840333878994,7.283300947397947
cache_aware,codex203:14:203013:910,489.99135065078735,63474,1,1.5244214832782745,1.524803813546896
cache_aware,codex70:32:70031:685,490.3189129829407,99604,1,12.553706955164671,12.554607328027487
cache_aware,codex266:6:266005:857,490.5015678405762,55446,1,3.028506528586149,3.028849970549345
cache_aware,codex228:30:228029:760,490.78734374046326,86016,1,0.7775465287268162,0.778031200170517
cache_aware,codex508:3:508002:940,491.00914454460144,38102,1,3.4686590433120728,3.468923706561327
cache_aware,codex543:26:543025:752,491.352303981781,84297,1,3.487721476703882,3.4882038235664368
cache_aware,codex422:18:422017:869,491.50693368911743,43513,1,0.4651567116379738,0.4654550142586231
cache_aware,codex308:1:308000:943,492.1762692928314,13069,1,1.4782916009426117,1.478427391499281
cache_aware,codex135:17:135016:897,492.46553587913513,84462,1,2.0178748331964016,2.0183549784123898
cache_aware,codex315:20:315019:786,493.5198001861572,84451,1,1.325327806174755,1.325780339539051
cache_aware,codex65:32:65031:600,494.46703028678894,131772,1,1.1651644185185432,1.1658688485622406
cache_aware,codex73:15:73014:806,494.82937693595886,57760,1,8.027878534048796,8.02822583168745
cache_aware,codex215:13:215012:923,495.47074842453003,68935,1,6.388481549918652,6.388937097042799
cache_aware,codex166:7:166006:820,495.9798889160156,61781,1,6.8811378590762615,6.881489489227533
cache_aware,codex203:15:203014:924,496.178427696228,63587,1,0.8522826842963696,0.8526505529880524
cache_aware,codex110:13:110012:839,497.02090406417847,89603,1,7.505109969526529,7.50562434643507
cache_aware,codex119:18:119017:738,497.534236907959,107691,1,9.115764755755663,9.116353444755077
cache_aware,codex220:8:220007:907,497.73076152801514,62623,1,1.305344071239233,1.3058787770569324
cache_aware,codex508:4:508003:956,497.85705637931824,40130,1,2.529549688100815,2.529816433787346
cache_aware,codex506:23:506022:689,498.16764879226685,96366,1,8.475908786058426,8.476417608559132
cache_aware,codex108:33:108032:709,498.36854100227356,62096,1,4.49685375392437,4.497201919555664
cache_aware,codex116:10:116009:926,498.61165475845337,71365,1,1.0653226301074028,1.065733164548874
cache_aware,codex548:7:548006:927,498.7869083881378,55517,1,6.145172793418169,6.146090794354677
cache_aware,codex422:19:422018:893,498.9404547214508,44221,1,0.7198791429400444,0.7202048413455486
cache_aware,codex234:4:234003:963,499.02754163742065,24500,1,1.3000901378691196,1.3003940433263779
cache_aware,codex495:1:495000:964,500.38206577301025,13550,1,1.6255877390503883,1.6257965415716171
cache_aware,codex315:21:315020:807,500.68606185913086,84693,1,1.3796743974089622,1.3801506236195564
cache_aware,codex135:18:135017:914,501.0275356769562,90439,1,5.604125611484051,5.604631286114454
cache_aware,codex308:2:308001:970,501.1390218734741,30695,1,5.297293044626713,5.297652501612902
cache_aware,codex240:4:240003:932,501.8490266799927,80782,1,2.363082606345415,2.3635769337415695
cache_aware,codex382:4:382003:951,502.4621756076813,29089,1,2.474058847874403,2.4744499549269676
cache_aware,codex543:27:543026:778,502.84476470947266,86720,1,3.8111007399857044,3.8115668185055256
cache_aware,codex495:2:495001:974,503.02618885040283,22485,1,6.54725993052125,6.547445632517338
cache_aware,codex228:31:228030:795,503.3233389854431,86103,1,6.274004798382521,6.2744781747460365
cache_aware,codex116:11:116010:934,503.56684279441833,74331,1,3.07039512693882,3.0708019472658634
cache_aware,codex315:22:315021:811,503.8448073863983,85244,1,5.757420107722282,5.757873278111219
cache_aware,codex220:9:220008:922,504.1036467552185,62906,1,5.476898472756147,5.477281227707863
cache_aware,codex71:12:71011:891,505.2824122905731,92769,1,2.4334512054920197,2.433959797024727
cache_aware,codex65:33:65032:630,505.7575476169586,138555,1,8.218814756721258,8.219620540738106
cache_aware,codex361:15:361014:894,505.90421175956726,42569,1,3.6867062635719776,3.6869652792811394
cache_aware,codex108:34:108033:721,506.10156631469727,62361,1,1.7151667773723602,1.715628009289503
cache_aware,codex521:12:521011:851,506.42585349082947,76879,1,1.4832502268254757,1.4836753346025944
cache_aware,codex508:5:508004:971,506.6197917461395,50953,1,4.466279089450836,4.466590277850628
cache_aware,codex203:16:203015:948,506.93547773361206,63756,1,0.7746834456920624,0.7750758863985538
cache_aware,codex110:14:110013:850,507.25565099716187,93010,1,3.836402256041765,3.83692429587245
cache_aware,codex70:33:70032:699,507.59414315223694,99805,1,1.9937141574919224,1.9942545220255852
cache_aware,codex382:5:382004:962,507.70271730422974,33013,1,5.725579805672169,5.725821875035763
cache_aware,codex234:5:234004:987,507.90115761756897,27533,1,3.181057143956423,3.181260619312525
cache_aware,codex521:13:521012:854,508.39811873435974,77889,1,5.23932795599103,5.239769358187914
cache_aware,codex294:11:294010:817,508.6179301738739,63225,1,7.589960545301437,7.590329371392727
cache_aware,codex116:12:116011:942,508.8414680957794,74885,1,3.4314123652875423,3.431977577507496
cache_aware,codex240:5:240004:946,509.119353055954,87356,1,4.523606706410646,4.524082850664854
cache_aware,codex367:1:367000:988,509.1726396083832,13427,1,1.973846573382616,1.9740573056042194
cache_aware,codex108:35:108034:728,509.3824141025543,65562,1,6.830342426896095,6.830702498555183
cache_aware,codex308:3:308002:981,509.5536551475525,45136,1,4.558157075196505,4.558538816869259
cache_aware,codex71:13:71012:903,510.4076347351074,96037,1,3.0272480249404907,3.0277629420161247
cache_aware,codex422:20:422019:921,510.57530665397644,44912,1,0.6030416265130043,0.6033412143588066
cache_aware,codex495:3:495002:982,511.07666301727295,29592,1,1.6461486294865608,1.6463783979415894
cache_aware,codex166:8:166007:845,511.8874499797821,65626,1,4.329438794404268,4.329815685749054
cache_aware,codex266:7:266006:919,512.071133852005,57975,1,1.9290604703128338,1.929415501654148
cache_aware,codex110:15:110014:861,513.1209063529968,93781,1,3.103155042976141,3.103664893656969
cache_aware,codex135:19:135018:931,513.4197194576263,92632,1,2.809694390743971,2.8101844154298306
cache_aware,codex495:4:495003:992,513.6288056373596,33593,1,2.572408962994814,2.5726532712578773
cache_aware,codex548:8:548007:954,514.3639211654663,60641,1,3.464060790836811,3.4644068144261837
cache_aware,codex119:19:119018:762,514.7067911624908,109682,1,5.5443076230585575,5.544919230043888
cache_aware,codex116:13:116012:952,514.9691414833069,77957,1,3.2472458854317665,3.247706700116396
cache_aware,codex508:6:508005:985,515.1693773269653,53535,1,2.655095908790827,2.655420646071434
cache_aware,codex506:24:506023:711,515.4932918548584,99771,1,4.805709831416607,4.8062411062419415
cache_aware,codex521:14:521013:862,515.7779643535614,79141,1,2.0595373064279556,2.059974316507578
cache_aware,codex215:14:215013:961,515.9935822486877,69501,1,1.8392012901604176,1.839596625417471
cache_aware,codex220:10:220009:937,516.1925296783447,63195,1,0.5869258493185043,0.5873353891074657
cache_aware,codex493:33:493032:658,517.8115863800049,122761,1,14.769278559833765,14.770263064652681
cache_aware,codex495:5:495004:998,518.1278851032257,36145,1,0.9867834895849228,0.9870329163968563
cache_aware,codex70:34:70033:726,519.1060125827789,100262,1,13.482470776885748,13.48299328610301
cache_aware,codex220:11:220010:947,519.3208730220795,63334,1,0.605821680277586,0.6063299030065536
cache_aware,codex521:15:521014:871,519.6214416027069,81646,1,13.075329028069973,13.084255650639534
cache_aware,codex228:32:228031:826,519.9032914638519,86264,1,0.7741714082658291,0.7746458873152733
cache_aware,codex308:4:308003:1002,520.1915397644043,55149,1,4.516654510051012,4.5170116275548935
cache_aware,codex166:9:166008:864,520.8984518051147,66306,1,11.806551493704319,11.809227831661701
cache_aware,codex240:6:240005:968,521.4346017837524,93779,1,4.219733268022537,4.220246851444244
cache_aware,codex215:15:215014:972,522.4249277114868,70011,1,1.7943856865167618,1.7948061972856522
cache_aware,codex422:21:422020:950,522.5875980854034,49343,1,2.4884662702679634,2.4887875467538834
cache_aware,codex220:12:220011:958,522.8106596469879,63422,1,2.2699431888759136,2.2703155875205994
cache_aware,codex509:20:509019:983,523.0195801258087,68105,1,4.473208114504814,4.4735903441905975
cache_aware,codex522:7:522006:1017,523.1240828037262,32249,1,4.360462591052055,4.3606794364750385
cache_aware,codex116:14:116013:966,523.9990127086639,82594,1,3.4989840388298035,3.4994346126914024
cache_aware,codex548:9:548008:969,524.2099738121033,65934,1,2.886231657117605,2.886646267026663
cache_aware,codex192:9:192008:1008,524.7012162208557,45161,1,7.999243758618832,8.004851296544075
cache_aware,codex266:8:266007:944,525.0198431015015,63533,1,4.423297815024853,4.423680976033211
cache_aware,codex524:1:524000:1025,525.0705757141113,13343,1,4.365890137851238,4.3660365007817745
cache_aware,codex215:16:215015:976,525.6424074172974,70169,1,1.4582868292927742,1.4586957097053528
cache_aware,codex422:22:422021:960,526.6045861244202,49622,1,0.8833925910294056,0.8837002851068974
cache_aware,codex234:6:234005:1023,526.7624552249908,27733,1,0.7194060161709785,0.7196073234081268
cache_aware,codex110:16:110015:898,527.0745580196381,96634,1,2.376150358468294,2.376680865883827
cache_aware,codex308:5:308004:1014,527.4722745418549,94857,1,24.118801936507225,24.119309548288584
cache_aware,codex508:7:508006:1012,528.4167506694794,58721,1,2.983380537480116,2.983900297433138
cache_aware,codex294:12:294011:855,528.6145806312561,64235,1,4.097048062831163,4.09741897135973
cache_aware,codex228:33:228032:847,528.8890764713287,86621,1,1.4383962154388428,1.4388670176267624
cache_aware,codex234:7:234006:1028,528.9776465892792,27798,1,2.4352499358356,2.435447033494711
cache_aware,codex215:17:215016:980,529.1897644996643,70369,1,1.13215371966362,1.1325987204909325
cache_aware,codex509:21:509020:990,529.4304056167603,71061,1,24.07461865991354,24.075121078640223
cache_aware,codex116:15:116014:975,529.832840681076,90999,1,23.860324673354626,23.860824827104807
cache_aware,codex119:20:119019:789,530.2988774776459,110306,1,1.4007327035069466,1.4013120643794537
cache_aware,codex110:17:110016:905,532.0574946403503,100549,1,4.517475765198469,4.518110658973455
cache_aware,codex108:36:108035:775,532.2721126079559,65785,1,0.8071653842926025,0.8075522296130657
cache_aware,codex524:2:524001:1035,532.3244371414185,15215,1,0.43392425775527954,0.43405839800834656
cache_aware,codex220:13:220012:977,533.0707824230194,63602,1,0.6251515932381153,0.6255329325795174
cache_aware,codex540:1:540000:1046,533.1859476566315,13170,1,1.3719230890274048,1.372056808322668
cache_aware,codex25:20:25019:935,533.465372800827,67883,1,2.547929920256138,2.5483181178569794
cache_aware,codex215:18:215017:993,533.6869595050812,70742,1,2.9582925029098988,2.958972942084074
cache_aware,codex524:3:524002:1044,533.7913720607758,22743,1,2.2132120355963707,2.2133911289274693
cache_aware,codex250:32:250031:930,534.5514967441559,87782,1,2.1000995486974716,2.100573856383562
cache_aware,codex508:8:508007:1021,534.8387675285339,59563,1,1.1701891012489796,1.1705377101898193
cache_aware,codex294:13:294012:866,535.0546655654907,67613,1,3.97516617923975,3.9755726642906666
cache_aware,codex367:2:367001:1050,535.1499283313751,21050,1,1.3166049346327782,1.3168797567486763
cache_aware,codex166:10:166009:875,535.9975414276123,69133,1,3.7871852926909924,3.7876191325485706
cache_aware,codex540:2:540001:1061,537.0038254261017,14402,1,2.8240452632308006,2.8265075236558914
cache_aware,codex521:16:521015:889,537.3479917049408,83536,1,2.487500537186861,2.487980980426073
cache_aware,codex524:4:524003:1053,537.4417576789856,27514,1,1.488617017865181,1.48882345110178
cache_aware,codex250:33:250032:933,537.737690448761,88180,1,1.297836311161518,1.298315156251192
cache_aware,codex382:6:382005:1018,537.8471665382385,33354,1,0.35419556871056557,0.3544246256351471
cache_aware,codex508:9:508008:1030,538.1951062679291,61413,1,1.6930621340870857,1.6936776526272297
cache_aware,codex110:18:110017:917,538.6165881156921,101429,1,1.762829277664423,1.7633764073252678
cache_aware,codex228:34:228033:879,538.914288520813,92326,1,3.939487610012293,3.940024621784687
cache_aware,codex234:8:234007:1051,539.0226209163666,29656,1,0.8794054873287678,0.8796106167137623
cache_aware,codex382:7:382006:1026,540.5531587600708,36273,1,2.3899577744305134,2.3902893885970116
cache_aware,codex548:10:548009:1005,540.7743759155273,66477,1,2.2404190711677074,2.2410968355834484
cache_aware,codex266:9:266008:978,541.0893850326538,94043,1,20.22253079339862,20.22318823635578
cache_aware,codex506:25:506024:774,541.4352130889893,102551,1,23.35322041809559,23.353904265910387
cache_aware,codex166:11:166010:883,541.657018661499,69310,1,2.6568937189877033,2.6577018424868584
cache_aware,codex278:1:278000:1073,541.7061004638672,13270,1,2.601929124444723,2.608098540455103
cache_aware,codex215:19:215018:1006,541.9198598861694,71072,1,1.1002793237566948,1.100683156400919
cache_aware,codex508:10:508009:1037,542.1861126422882,64813,1,5.201894529163837,5.202296260744333
cache_aware,codex524:5:524004:1068,542.3173592090607,36321,1,27.608123410493135,27.611027538776398
cache_aware,codex521:17:521016:902,542.813001871109,84757,1,1.544419664889574,1.544886127114296
cache_aware,codex234:9:234008:1067,543.2707281112671,33258,1,3.5221694856882095,3.522526729851961
cache_aware,codex294:14:294013:888,544.6975059509277,70809,1,11.888367883861065,11.888764649629593
cache_aware,codex278:2:278001:1081,544.8611814975739,40498,1,11.719821121543646,11.72009290382266
cache_aware,codex203:17:203016:1040,545.0957767963409,64489,1,8.591729447245598,8.592116180807352
cache_aware,codex119:21:119020:832,545.4684264659882,110650,1,24.46621112152934,24.466878283768892
cache_aware,codex493:34:493033:698,545.881468296051,125897,1,11.477019138634205,11.477673549205065
cache_aware,codex548:11:548010:1013,546.1052532196045,68800,1,3.5945629328489304,3.5949820578098297
cache_aware,codex110:19:110018:928,546.4396367073059,102149,1,3.2770158238708973,3.277754031121731
cache_aware,codex70:35:70034:768,546.7813222408295,100487,1,10.56913736462593,10.569660760462284
cache_aware,codex240:7:240006:1019,547.1267898082733,98294,1,4.3652512058615685,4.36584572866559
cache_aware,codex25:21:25020:965,547.3787484169006,75891,1,22.67334595322609,22.674861561506987
cache_aware,codex220:14:220013:1015,549.1079742908478,71909,1,8.586741223931313,8.587481837719679
cache_aware,codex521:18:521017:915,549.3996558189392,86341,1,7.944496389478445,7.9449856877326965
cache_aware,codex508:11:508010:1047,549.6389348506927,69388,1,3.781483069062233,3.781922407448292
cache_aware,codex338:1:338000:1096,549.6920475959778,13413,1,5.579915877431631,5.580041985958815
cache_aware,codex234:10:234009:1080,550.13725233078,34730,1,3.325484063476324,3.3260667100548744
cache_aware,codex215:20:215019:1024,550.3697285652161,71348,1,1.1378640606999397,1.1382788866758347
cache_aware,codex65:34:65033:732,550.8525447845459,143260,1,19.209988612681627,19.210712239146233
cache_aware,codex213:15:213014:1065,551.0572872161865,51226,1,2.4098002649843693,2.4101054966449738
cache_aware,codex71:14:71013:994,551.3917047977448,98008,1,2.4465615563094616,2.4471125453710556
cache_aware,codex367:3:367002:1099,551.481927394867,22873,1,6.215516809374094,6.215685628354549
cache_aware,codex228:35:228034:911,552.4917573928833,92883,1,6.977893941104412,6.978392127901316
cache_aware,codex382:8:382007:1058,552.6255035400391,37675,1,1.2064388059079647,1.2066895812749863
cache_aware,codex495:6:495005:1095,553.679007768631,45157,1,5.779494021087885,5.779775559902191
cache_aware,codex540:3:540002:1105,553.8272662162781,19816,1,3.509318567812443,3.5094792805612087
cache_aware,codex543:28:543027:920,555.0141985416412,88356,1,4.4607221484184265,4.461190331727266
cache_aware,codex509:22:509021:995,555.26571393013,73848,1,1.77012163028121,1.7705560997128487
cache_aware,codex240:8:240007:1033,556.570699930191,108287,1,7.332680191844702,7.333260405808687
cache_aware,codex338:2:338001:1106,556.8415048122406,14073,1,2.6125651001930237,2.612700257450342
cache_aware,codex508:12:508011:1064,557.3297350406647,72777,1,4.229493107646704,4.2302827425301075
cache_aware,codex382:9:382008:1074,557.5056464672089,40143,1,1.1809004582464695,1.1811802983283997
cache_aware,codex70:36:70035:771,558.0687935352325,107679,1,8.996900297701359,8.99746736139059
cache_aware,codex352:1:352000:1113,558.1206271648407,13195,1,8.511814057826996,8.511943127959967
cache_aware,codex213:16:213015:1082,558.3048508167267,56871,1,3.283902481198311,3.2842391803860664
cache_aware,codex203:18:203017:1059,558.6662483215332,64655,1,0.7968566454946995,0.7972376272082329
cache_aware,codex192:10:192009:1088,559.4473984241486,48402,1,7.610039435327053,7.61032672598958
cache_aware,codex540:4:540003:1118,561.0391821861267,21492,1,6.000307749956846,6.000481586903334
cache_aware,codex215:21:215020:1057,562.5507049560547,71634,1,1.3449505306780338,1.3453684449195862
cache_aware,codex234:11:234010:1109,562.95130610466,36635,1,0.9391199015080929,0.9393675439059734
cache_aware,codex509:23:509022:1011,563.4030575752258,75703,1,3.645863611251116,3.6462875455617905
cache_aware,codex367:4:367003:1116,563.4852769374847,24497,1,3.1491839066147804,3.149369038641453
cache_aware,codex220:15:220014:1032,563.7228009700775,73189,1,3.3315048702061176,3.3319137692451477
cache_aware,codex422:23:422022:1048,563.8837985992432,50065,1,3.1601873859763145,3.160502143204212
cache_aware,codex240:9:240008:1043,565.3082857131958,109312,1,4.466094255447388,4.466673716902733
cache_aware,codex250:34:250033:1001,565.6256294250488,88370,1,4.154025975614786,4.1546636410057545
cache_aware,codex508:13:508012:1079,565.8892874717712,75485,1,3.8776070214807987,3.8781486600637436
cache_aware,codex493:35:493034:722,566.3819315433502,134697,1,16.501074627041817,16.50176413729787
cache_aware,codex166:12:166011:941,566.625944852829,75701,1,14.232633173465729,14.233052607625723
cache_aware,codex453:1:453000:1146,566.6811285018921,13604,1,8.532715495675802,8.532847836613655
cache_aware,codex338:3:338002:1129,566.7377214431763,18120,1,2.936550695449114,2.936729274690151
cache_aware,codex228:36:228035:929,567.0309412479401,93319,1,2.757735915482044,2.7582499347627163
cache_aware,codex521:19:521018:938,567.4983625411987,87591,1,15.37583253160119,15.376314416527748
cache_aware,codex543:29:543028:936,567.8161447048187,88718,1,1.9785618223249912,1.9790398254990578
cache_aware,codex215:22:215021:1072,568.0482168197632,71920,1,6.0842093378305435,6.084919888526201
cache_aware,codex548:12:548011:1066,568.299263715744,75134,1,5.75076562538743,5.751186046749353
cache_aware,codex495:7:495006:1120,568.4925446510315,59160,1,11.372458942234516,11.372802656143904
cache_aware,codex71:15:71014:1029,568.8148095607758,98540,1,5.3247111067175865,5.325231444090605
cache_aware,codex278:3:278002:1124,569.0066471099854,56304,1,17.76561364158988,17.765952963382006
cache_aware,codex220:16:220015:1038,569.2611627578735,74014,1,11.592034719884396,11.592440381646156
cache_aware,codex315:23:315022:973,569.5530233383179,85849,1,10.324118498712778,10.324583023786545
cache_aware,codex352:2:352001:1132,569.6701092720032,33112,1,24.243709687143564,24.2490038536489
cache_aware,codex367:5:367004:1128,569.7556970119476,25192,1,0.3732752576470375,0.3735449053347111
cache_aware,codex422:24:422023:1062,570.6051936149597,50351,1,10.23899818956852,10.239329125732183
cache_aware,codex508:14:508013:1089,571.1393804550171,75668,1,0.6302525773644447,0.630705438554287
cache_aware,codex367:6:367005:1138,571.2354681491852,29093,1,9.39484740048647,9.395052630454302
cache_aware,codex543:30:543029:945,572.3623387813568,91147,1,8.510431196540594,8.510907370597124
cache_aware,codex119:22:119021:840,572.7216436862946,110922,1,1.290766153484583,1.2913786172866821
cache_aware,codex192:11:192010:1103,572.9821927547455,51221,1,20.935134656727314,20.936568822711706
cache_aware,codex250:35:250034:1009,573.2930147647858,88566,1,1.9323922097682953,1.9328650385141373
cache_aware,codex70:37:70036:790,573.6752970218658,107758,1,20.250396843999624,20.250959649682045
cache_aware,codex508:15:508014:1093,573.9216060638428,76430,1,1.2986872792243958,1.2991517335176468
cache_aware,codex109:1:109000:1179,574.2074346542358,13194,1,1.229945071041584,1.2301152534782887
cache_aware,codex65:35:65034:745,574.8047139644623,143446,1,2.160544592887163,2.161419603973627
cache_aware,codex25:22:25021:979,575.0644624233246,76161,1,1.9338024035096169,1.934223685413599
cache_aware,codex338:4:338003:1154,575.1293346881866,19274,1,5.498416502028704,5.498576238751411
cache_aware,codex540:5:540004:1152,575.2106552124023,25445,1,20.737960688769817,20.745365366339684
cache_aware,codex135:20:135019:1094,577.5544710159302,93271,1,2.3170183189213276,2.317519821226597
cache_aware,codex508:16:508015:1100,577.8020503520966,76768,1,2.0591280199587345,2.059576667845249
cache_aware,codex65:36:65035:750,578.3034982681274,144677,1,4.747118424624205,4.748093780130148
cache_aware,codex25:23:25022:989,578.5713851451874,76547,1,9.472304090857506,9.472740154713392
cache_aware,codex509:24:509023:1041,578.8156576156616,76825,1,2.048323128372431,2.048753570765257
cache_aware,codex215:23:215022:1090,579.0468451976776,72503,1,1.830839578062296,1.8312357030808926
cache_aware,codex524:6:524005:1097,579.1868674755096,42399,1,8.850068625062704,8.851337052881718
cache_aware,codex213:17:213016:1141,579.4869427680969,57604,1,1.3805568888783455,1.3808821886777878
cache_aware,codex382:10:382009:1139,579.6394484043121,41835,1,1.2095803171396255,1.2098381631076336
cache_aware,codex203:19:203018:1115,579.8483896255493,64821,1,1.033543847501278,1.033902082592249
cache_aware,codex250:36:250035:1022,580.255487203598,88765,1,2.611368965357542,2.611885327845812
cache_aware,codex266:10:266009:1031,580.6197998523712,106556,1,12.211507119238377,12.212064672261477
cache_aware,codex495:8:495007:1133,580.8345310688019,63348,1,2.5483288913965225,2.548853926360607
cache_aware,codex135:21:135020:1098,581.5523383617401,94132,1,1.8377985209226608,1.83830426633358
cache_aware,codex294:15:294014:957,581.7951774597168,76015,1,14.160558141767979,14.161342594772577
cache_aware,codex71:16:71015:1054,582.1178176403046,103295,1,5.325027920305729,5.3255764208734035
cache_aware,codex382:11:382010:1145,582.2677335739136,44888,1,5.115676864981651,5.116071827709675
cache_aware,codex421:6:421005:1102,582.4219069480896,46469,1,10.400888312608004,10.401181671768427
cache_aware,codex543:31:543030:955,582.7875030040741,111657,1,18.173676066100597,18.174261033535004
cache_aware,codex338:5:338004:1165,582.8584866523743,20016,1,0.5184379145503044,0.5186079926788807
cache_aware,codex509:25:509024:1049,583.3688545227051,78861,1,1.6008739545941353,1.6014355719089508
cache_aware,codex367:7:367006:1149,583.5368838310242,30405,1,17.416805785149336,17.417026963084936
cache_aware,codex338:6:338005:1173,584.0032839775085,23466,1,20.516427662223577,20.516619864851236
cache_aware,codex234:12:234011:1185,584.461211681366,41352,1,2.306497748941183,2.306779343634844
cache_aware,codex119:23:119022:878,585.4274277687073,111189,1,7.410482984036207,7.411046776920557
cache_aware,codex508:17:508016:1119,585.9424839019775,85295,1,5.801673833280802,5.802162364125252
cache_aware,codex521:20:521019:949,586.2493731975555,91257,1,16.557589143514633,16.558087971061468
cache_aware,codex213:18:213017:1163,586.4368581771851,58037,1,5.300751063972712,5.301115725189447
cache_aware,codex308:6:308005:1126,586.7578880786896,96896,1,2.9354851730167866,2.9360144957900047
cache_aware,codex250:37:250036:1034,587.9066088199615,88903,1,1.7922541350126266,1.7927205637097359
cache_aware,codex453:2:453001:1203,587.9791965484619,19710,1,18.35689475387335,18.357189763337374
cache_aware,codex315:24:315023:997,588.445122718811,86333,1,16.094107888638973,16.094574820250273
cache_aware,codex493:36:493035:746,588.8925495147705,143050,1,21.73969715833664,21.74045080691576
cache_aware,codex422:25:422024:1091,589.0613889694214,50473,1,15.463037732988596,15.46334346756339
cache_aware,codex220:17:220016:1069,589.3144381046295,76492,1,15.215853489935398,15.216726753860712
cache_aware,codex71:17:71016:1063,589.6793828010559,107140,1,4.265789933502674,4.266432847827673
cache_aware,codex382:12:382011:1159,590.1194562911987,47554,1,3.846630334854126,3.846921529620886
cache_aware,codex166:13:166012:967,590.4290256500244,76175,1,20.023741614073515,20.024187222123146
cache_aware,codex109:2:109001:1249,590.481573343277,15126,1,2.336675528436899,2.336849819868803
cache_aware,codex88:1:88000:1243,590.6138124465942,14659,1,4.870793748646975,4.870931167155504
cache_aware,codex135:22:135021:1121,590.9257798194885,94765,1,2.011222455650568,2.0117307007312775
cache_aware,codex509:26:509025:1075,591.1955466270447,83681,1,4.294978115707636,4.295444242656231
cache_aware,codex228:37:228036:984,591.5012624263763,93569,1,13.043478474020958,13.04397702217102
cache_aware,codex278:4:278003:1151,591.7281136512756,69050,1,28.012760378420353,28.013180818408728
cache_aware,codex65:37:65036:777,592.3867392539978,144800,1,3.1399801820516586,3.140816792845726
cache_aware,codex524:7:524006:1112,592.5500926971436,46973,1,3.0273578949272633,3.0279101692140102
cache_aware,codex25:24:25023:1000,592.8122043609619,76669,1,2.770800482481718,2.771235655993223
cache_aware,codex508:18:508017:1127,593.6988570690155,87075,1,1.9998109266161919,2.0007386095821857
cache_aware,codex213:19:213018:1178,594.9604043960571,58279,1,0.765858955681324,0.7661947645246983
cache_aware,codex382:13:382012:1172,595.4793150424957,57942,1,4.554335255175829,4.554692160338163
cache_aware,codex506:26:506025:867,596.3621034622192,103123,1,2.794576223939657,2.7951432317495346
cache_aware,codex495:9:495008:1187,596.6166427135468,75736,1,8.620587304234505,8.621026135981083
cache_aware,codex109:3:109002:1261,596.6714458465576,16526,1,3.3583760149776936,3.3585269302129745
cache_aware,codex70:38:70037:804,597.1044340133667,119108,1,23.748560536652803,23.749168016016483
cache_aware,codex119:24:119023:896,597.4789435863495,111503,1,14.069573074579239,14.070584513247013
cache_aware,codex509:27:509026:1084,597.759530544281,85401,1,4.7439866699278355,4.744458995759487
cache_aware,codex524:8:524007:1125,597.9260845184326,52284,1,7.7726859375834465,7.773115120828152
cache_aware,codex308:7:308006:1162,598.3594379425049,99933,1,5.425305850803852,5.425853166729212
cache_aware,codex88:2:88001:1258,598.4614567756653,28492,1,10.06765541806817,10.069121852517128
cache_aware,codex266:11:266010:1056,598.8745894432068,119692,1,12.848091647028923,13.171781953424215
cache_aware,codex203:20:203019:1188,599.0990521907806,69479,1,9.43576955795288,9.436178527772427
cache_aware,codex76:1:76000:1269,599.147693157196,13338,1,1.2255958952009678,1.2258380837738514
cache_aware,codex65:38:65037:787,599.8893573284149,145200,1,12.781764063984156,12.782503169029951
cache_aware,codex352:3:352002:1170,600.0249736309052,37875,1,20.819625340402126,20.81988313049078
cache_aware,codex506:27:506026:873,600.9445807933807,103687,1,11.71746314316988,11.71803405508399
cache_aware,codex548:13:548012:1156,602.3088932037354,78730,1,2.522640958428383,2.5230610743165016
cache_aware,codex213:20:213019:1205,602.4938359260559,58595,1,0.5459001213312149,0.5462428703904152
cache_aware,codex135:23:135022:1164,603.6913862228394,95141,1,1.1118615046143532,1.112384658306837
cache_aware,codex192:12:192011:1142,604.212260723114,53308,1,19.493663270026445,19.49415136128664
cache_aware,codex509:28:509027:1092,604.5106241703033,89233,1,6.130363192409277,6.130850110203028
cache_aware,codex511:1:511000:1295,607.0215649604797,13052,1,1.2045246735215187,1.2046521455049515
cache_aware,codex508:19:508018:1176,607.328339099884,88617,1,1.8069490417838097,1.8074271567165852
cache_aware,codex76:2:76001:1298,607.3780741691589,14216,1,0.7041381560266018,0.7042822912335396
cache_aware,codex215:24:215023:1180,607.7401716709137,72813,1,1.3885878510773182,1.3889982029795647
cache_aware,codex308:8:308007:1183,608.0753099918365,102688,1,2.57234949991107,2.573576670140028
cache_aware,codex453:3:453002:1218,608.2227120399475,29336,1,18.335020028054714,18.34136798605323
cache_aware,codex338:7:338006:1193,608.3647520542145,30098,1,4.166308715939522,4.166532956063747
cache_aware,codex495:10:495009:1212,609.1181304454803,79677,1,4.212348695844412,4.212826665490866
cache_aware,codex294:16:294015:991,609.4064602851868,77208,1,17.15711933001876,17.158176008611917
cache_aware,codex213:21:213020:1236,609.5965650081635,58860,1,0.4306608699262142,0.43103907257318497
cache_aware,codex382:14:382013:1213,610.2798607349396,58350,1,0.8512695170938969,0.8516329154372215
cache_aware,codex511:2:511001:1307,610.347333908081,19145,1,3.5769385546445847,3.5798651427030563
cache_aware,codex367:8:367007:1189,610.4434192180634,30739,1,3.483052145689726,3.484088785946369
cache_aware,codex422:26:422025:1107,610.6187546253204,50613,1,3.312429293990135,3.3127411492168903
cache_aware,codex540:6:540005:1217,611.4262692928314,26132,1,15.140732519328594,15.14092930033803
cache_aware,codex228:38:228037:1003,612.0394687652588,93856,1,1.9481006041169167,1.9485990665853024
cache_aware,codex524:9:524008:1155,612.2303054332733,58195,1,5.444012146443129,5.444372083991766
cache_aware,codex508:20:508019:1192,612.5233771800995,89622,1,1.4185303151607513,1.419015295803547
cache_aware,codex88:3:88002:1279,612.6408517360687,34393,1,1.7502466179430485,1.7504867836833
cache_aware,codex234:13:234012:1290,614.3850042819977,43580,1,4.507451172918081,4.507745437324047
cache_aware,codex308:9:308008:1199,614.8473796844482,104953,1,4.908401694148779,4.908954054117203
cache_aware,codex315:25:315024:1020,615.1296200752258,86524,1,4.61888724938035,4.619367431849241
cache_aware,codex511:3:511002:1315,615.2326323986053,27256,1,3.965694881975651,3.9658999666571617
cache_aware,codex508:21:508020:1197,615.530802488327,90565,1,6.760554805397987,6.7610542587935925
cache_aware,codex338:8:338007:1207,615.6392827033997,33059,1,3.897977352142334,3.8982306867837906
cache_aware,codex405:1:405000:1318,615.6866145133972,13349,1,8.723772495985031,8.723894607275724
cache_aware,codex65:39:65038:801,616.1578936576843,146842,1,24.769904986023903,24.770651318132877
cache_aware,codex119:25:119024:908,616.6124076843262,133663,1,24.303088560700417,24.304729122668505
cache_aware,codex382:15:382014:1233,616.8045554161072,59416,1,10.051864694803953,10.052242085337639
cache_aware,codex215:25:215024:1209,617.0245940685272,73146,1,3.3801413998007774,3.380586102604866
cache_aware,codex548:14:548013:1204,617.3206152915955,85221,1,8.825461268424988,8.82602984085679
cache_aware,codex110:20:110019:1104,617.6635313034058,103938,1,9.210284445434809,9.210818380117416
cache_aware,codex367:9:367008:1200,617.7916841506958,37260,1,8.265065021812916,8.26541281491518
cache_aware,codex228:39:228038:1010,618.1789305210114,117981,1,22.389217883348465,22.38995746150613
cache_aware,codex166:14:166013:986,618.4443628787994,80085,1,8.418309897184372,8.418753080070019
cache_aware,codex88:4:88003:1293,618.608874797821,47708,1,7.362366624176502,7.363437667489052
cache_aware,codex495:11:495010:1232,618.8834834098816,85336,1,24.73470276966691,24.735318269580603
cache_aware,codex250:38:250037:1122,619.1893389225006,89066,1,5.227303806692362,5.227806616574526
cache_aware,codex135:24:135023:1222,619.5286250114441,96107,1,2.768488071858883,2.768996302038431
cache_aware,codex213:22:213021:1272,619.731730222702,59149,1,2.5530506782233715,2.553436353802681
cache_aware,codex524:10:524009:1166,620.3938179016113,59340,1,21.372611235827208,21.372972581535578
cache_aware,codex116:16:116015:1175,620.8342959880829,92541,1,5.1437497697770596,5.144230037927628
cache_aware,codex278:5:278004:1167,621.178521156311,74462,1,5.688501864671707,5.688908439129591
cache_aware,codex511:4:511003:1325,621.6264748573303,29556,1,24.50061558559537,24.500833299010992
cache_aware,codex422:27:422026:1134,621.9439077377319,50769,1,24.19027043879032,24.190591730177402
cache_aware,codex338:9:338008:1220,622.1538496017456,36362,1,23.976446144282818,23.97685980424285
cache_aware,codex603:1:603000:1339,623.4301517009735,13081,1,1.194493643939495,1.194719459861517
cache_aware,codex109:4:109003:1335,623.637392282486,21253,1,18.12423613667488,18.124410208314657
cache_aware,codex508:22:508021:1211,624.4034864902496,91389,1,1.4313746392726898,1.431939773261547
cache_aware,codex215:26:215025:1229,625.4571485519409,73365,1,6.120164196938276,6.120588928461075
cache_aware,codex250:39:250038:1131,625.8220944404602,97532,1,8.724010296165943,8.729649510234594
cache_aware,codex234:14:234013:1314,626.5509614944458,53253,1,4.018031474202871,4.01838319376111
cache_aware,codex220:18:220017:1136,626.8446838855743,79623,1,19.295061454176903,19.295496854931116
cache_aware,codex453:4:453003:1227,627.4719460010529,36843,1,4.758314501494169,4.758581917732954
cache_aware,codex315:26:315025:1045,627.7643043994904,90219,1,18.381183855235577,18.3816760443151
cache_aware,codex294:17:294016:996,628.3095011711121,84078,1,11.772960614413023,11.773445319384336
cache_aware,codex540:7:540006:1226,628.4207463264465,33333,1,7.333780057728291,7.334147103130817
cache_aware,codex192:13:192012:1160,628.7260580062866,56408,1,14.421040028333664,14.421381197869778
cache_aware,codex88:5:88004:1305,629.0168845653534,83870,1,20.500998560339212,20.501715760678053
cache_aware,codex116:17:116016:1190,629.3114938735962,94207,1,20.213227838277817,20.213733781129122
cache_aware,codex110:21:110020:1111,629.6486961841583,106971,1,4.910805892199278,4.911365378648043
cache_aware,codex405:2:405001:1338,629.7224290370941,21038,1,20.583834920078516,20.58400569856167
cache_aware,codex382:16:382015:1251,629.9093148708344,59787,1,4.641959257423878,4.642301306128502
cache_aware,codex203:21:203020:1271,630.118789434433,69696,1,20.19409892335534,20.194613944739103
cache_aware,codex278:6:278005:1182,630.3683812618256,77698,1,12.787610847502947,12.788057930767536
cache_aware,codex73:16:73015:1158,630.5605642795563,58432,1,12.590121906250715,12.590450908988714
cache_aware,codex166:15:166014:999,631.2455158233643,82303,1,13.11631278693676,13.116771880537271
cache_aware,codex508:23:508022:1234,631.5629868507385,91794,1,1.4571377225220203,1.4576665461063385
cache_aware,codex19:1:19000:1358,631.6247751712799,13527,1,1.4574561938643456,1.4576659612357616
cache_aware,codex213:23:213022:1301,631.8184289932251,59761,1,1.2203065901994705,1.2206486091017723
cache_aware,codex266:12:266011:1117,632.219429731369,122626,1,9.554801344871521,9.55544749647379
cache_aware,codex453:5:453004:1240,633.0106954574585,44232,1,11.345349933952093,11.34562199190259
cache_aware,codex508:24:508023:1248,635.1335713863373,93129,1,1.5489512905478477,1.5494858250021935
cache_aware,codex540:8:540007:1239,636.6735775470734,34274,1,7.679463569074869,7.679699767380953
cache_aware,codex19:2:19001:1383,636.9849381446838,18485,1,0.8302218392491341,0.8304838575422764
cache_aware,codex110:22:110021:1123,637.6721684932709,117657,1,8.829903528094292,8.831677548587322
cache_aware,codex521:21:521020:1036,638.8798298835754,92083,1,5.49342904984951,5.493912905454636
cache_aware,codex382:17:382016:1264,639.0686299800873,59925,1,7.4394888915121555,7.43985503166914
cache_aware,codex508:25:508024:1256,639.6489143371582,94403,1,3.513174284249544,3.513679090887308
cache_aware,codex548:15:548014:1260,639.9232633113861,85852,1,6.590544171631336,6.5910040102899075
cache_aware,codex603:2:603001:1391,640.0237770080566,30015,1,4.540920242667198,4.5411393865942955
cache_aware,codex305:1:305000:1389,640.0698773860931,13272,1,1.612551175057888,1.612692542374134
cache_aware,codex308:10:308009:1281,641.480569601059,105278,1,8.839382383972406,8.840049546211958
cache_aware,codex213:24:213023:1328,641.6776356697083,59963,1,2.89181349799037,2.892157383263111
cache_aware,codex19:3:19002:1399,641.7578921318054,23019,1,1.3847646042704582,1.3849494382739067
cache_aware,codex65:40:65039:809,642.6697769165039,147056,1,1.8908201232552528,1.892514694482088
cache_aware,codex294:18:294017:1004,642.9455485343933,84470,1,1.422043390572071,1.4224952086806297
cache_aware,codex524:11:524010:1174,643.1365537643433,59615,1,1.4487199038267136,1.4490728825330734
cache_aware,codex509:29:509028:1202,643.5496098995209,91290,1,6.795556217432022,6.796039182692766
cache_aware,codex266:13:266012:1130,644.153461933136,127463,1,5.345517072826624,5.346189469099045
cache_aware,codex192:14:192013:1171,644.3440706729889,58206,1,2.5919568687677383,2.592316597700119
cache_aware,codex521:22:521021:1042,645.038336277008,93850,1,1.90386663377285,1.9043692015111446
cache_aware,codex603:3:603002:1404,645.4657435417175,41024,1,10.090799320489168,10.091111823916435
cache_aware,codex495:12:495011:1252,646.1177997589111,86053,1,1.1172321178019047,1.1177174262702465
cache_aware,codex213:25:213024:1337,646.9262869358063,78231,1,14.375378306955099,14.375826265662909
cache_aware,codex109:5:109004:1351,647.8217885494232,23774,1,1.665862899273634,1.6660582199692726
cache_aware,codex110:23:110022:1135,648.215003490448,122856,1,8.529293037950993,8.529941137880087
cache_aware,codex511:5:511004:1334,648.3181591033936,31612,1,3.922087673097849,3.9223206527531147
cache_aware,codex192:15:192014:1177,648.5059819221497,60976,1,3.78226350992918,3.782713808119297
cache_aware,codex382:18:382017:1274,648.6902244091034,60121,1,7.079644538462162,7.079993739724159
cache_aware,codex338:10:338009:1231,648.8103134632111,37978,1,3.4332682117819786,3.4335179775953293
cache_aware,codex548:16:548015:1270,649.0846560001373,86601,1,7.649341873824596,7.649834826588631
cache_aware,codex220:19:220018:1148,649.3380787372589,80765,1,2.9116366803646088,2.912093970924616
cache_aware,codex540:9:540008:1255,649.4806725978851,34738,1,2.7562067955732346,2.7564579136669636
cache_aware,codex508:26:508025:1282,649.9847147464752,97314,1,12.63307124748826,12.634211476892233
cache_aware,codex521:23:521022:1055,650.2969813346863,95256,1,6.01553812250495,6.016057185828686
cache_aware,codex266:14:266013:1143,651.0627384185791,128773,1,5.996342934668064,5.997004669159651
cache_aware,codex166:16:166015:1016,651.3557596206665,82777,1,4.410001702606678,4.4104907512664795
cache_aware,codex65:41:65040:829,651.8446660041809,147357,1,5.223645821213722,5.224402319639921
cache_aware,codex422:28:422027:1157,652.0231032371521,50951,1,0.7078393772244453,0.7081758677959442
cache_aware,codex524:12:524011:1201,652.2306756973267,66324,1,4.819358956068754,4.8197604939341545
cache_aware,codex19:4:19003:1432,652.4964303970337,24233,1,2.3251910470426083,2.325523305684328
cache_aware,codex228:40:228039:1052,653.5528135299683,159818,1,40.37865699455142,40.379450649023056
cache_aware,codex315:27:315026:1070,653.86940574646,90554,1,40.04025420919061,40.04073990136385
cache_aware,codex116:18:116017:1206,654.1907343864441,97506,1,9.328019257634878,9.328526947647333
cache_aware,codex509:30:509029:1219,654.498232126236,95825,1,11.33811279386282,11.338741935789585
cache_aware,codex76:3:76002:1435,654.5821537971497,23907,1,8.636005949229002,8.636189736425877
cache_aware,codex109:6:109005:1368,654.6704280376434,27996,1,4.714024804532528,4.714238200336695
cache_aware,codex338:11:338010:1244,654.8154237270355,38225,1,39.064064744859934,39.06431092694402
cache_aware,codex294:19:294018:1027,655.108690738678,84841,1,1.6443286389112473,1.6456276662647724
cache_aware,codex278:7:278006:1230,655.3749043941498,81070,1,4.016730293631554,4.0171955823898315
cache_aware,codex305:2:305001:1438,655.5502173900604,48268,1,9.711182966828346,9.711480639874935
cache_aware,codex234:15:234014:1393,655.7546188831329,59833,1,6.868186984211206,6.868537548929453
cache_aware,codex540:10:540009:1275,655.880113363266,35120,1,3.5392141081392765,3.539446245878935
cache_aware,codex119:26:119025:953,656.2973763942719,134362,1,3.1027346290647984,3.103451583534479
cache_aware,codex308:11:308010:1300,656.6586060523987,110489,1,12.488346043974161,12.48892642185092
cache_aware,codex64:1:64000:1444,656.7169589996338,15360,1,1.970326416194439,1.9704819917678833
cache_aware,codex192:16:192015:1196,657.0380945205688,61317,1,2.3852988965809345,2.385656625032425
cache_aware,codex521:24:521023:1060,657.9192290306091,95537,1,1.5291156396269798,1.5296342000365257
cache_aware,codex495:13:495012:1285,658.2059276103973,87953,1,35.70879052206874,35.709246058017015
cache_aware,codex203:22:203021:1297,658.4641704559326,69892,1,10.660842809826136,10.66127460449934
cache_aware,codex524:13:524012:1215,658.6819667816162,67273,1,2.552468631416559,2.5528961792588234
cache_aware,codex548:17:548016:1278,658.970053434372,87688,1,3.137677103281021,3.1383193023502827
cache_aware,codex110:24:110023:1147,659.3752126693726,124463,1,4.157291945070028,4.157922316342592
cache_aware,codex266:15:266014:1153,660.217360496521,131023,1,6.024367146193981,6.025166712701321
cache_aware,codex71:18:71017:1289,660.5576374530792,107728,1,2.9678735621273518,2.9684541784226894
cache_aware,codex119:27:119026:959,660.9835715293884,134774,1,5.344268146902323,5.345612779259682
cache_aware,codex215:27:215026:1326,661.2220430374146,74024,1,2.283940590918064,2.284381188452244
cache_aware,codex405:3:405002:1371,661.5849041938782,25234,1,5.740822616964579,5.741013143211603
cache_aware,codex19:5:19004:1461,661.6719563007355,25919,1,3.586105115711689,3.5862992890179157
cache_aware,codex521:25:521024:1071,661.9959425926208,95961,1,1.5163821391761303,1.5168852433562279
cache_aware,codex73:17:73016:1241,662.9308986663818,58630,1,1.334160916507244,1.3345077894628048
cache_aware,codex88:6:88005:1354,663.2109639644623,85177,1,5.922553833574057,5.923026952892542
cache_aware,codex421:7:421006:1340,663.3805725574493,50873,1,2.9519484639167786,2.9522534161806107
cache_aware,codex540:11:540010:1286,663.4933695793152,35958,1,0.767562996596098,0.7678098604083061
cache_aware,codex109:7:109006:1390,664.2552163600922,28120,1,2.083218690007925,2.083416573703289
cache_aware,codex521:26:521025:1076,664.6768617630005,96170,1,4.46245289593935,4.462963629513979
cache_aware,codex443:1:443000:1474,664.7289927005768,13954,1,2.5946056582033634,2.594753857702017
cache_aware,codex215:28:215027:1332,664.9563083648682,74342,1,0.7463921196758747,0.7468227781355381
cache_aware,codex76:4:76003:1451,665.2535409927368,25454,1,0.5498375035822392,0.5500209294259548
cache_aware,codex65:42:65041:858,667.1076371669769,147495,1,2.0499162152409554,2.050650030374527
cache_aware,codex234:16:234015:1412,667.3168315887451,64237,1,5.591799534857273,5.592193514108658
cache_aware,codex135:25:135024:1361,667.645843744278,96715,1,5.564902972429991,5.565408732742071
cache_aware,codex266:16:266015:1161,668.0874636173248,133399,1,5.149788457900286,5.150473527610302
cache_aware,codex116:19:116018:1225,668.4344789981842,98952,1,4.782350439578295,4.782855957746506
cache_aware,codex71:19:71018:1303,668.7892122268677,108027,1,4.434764299541712,4.4354700818657875
cache_aware,codex509:31:509030:1237,669.1148586273193,95869,1,4.090006519109011,4.090535614639521
cache_aware,codex65:43:65042:865,670.2840819358826,163302,1,19.940177094191313,19.94115288183093
cache_aware,codex109:8:109007:1405,670.395644903183,28943,1,22.97429084777832,22.974509429186583
cache_aware,codex76:5:76004:1470,670.4921429157257,28859,1,5.12212511152029,5.1223472356796265
cache_aware,codex192:17:192016:1246,670.7140879631042,62091,1,12.691166203469038,12.691509414464235
cache_aware,codex73:18:73017:1263,670.9011299610138,59150,1,12.500356927514076,12.500708438456059
cache_aware,codex453:6:453005:1324,671.0717368125916,49759,1,12.325667303055525,12.325981125235558
cache_aware,codex405:4:405003:1385,671.1603813171387,26414,1,2.036522191017866,2.036740031093359
cache_aware,codex521:27:521026:1087,671.5020775794983,100271,1,15.905908439308405,15.908458702266216
cache_aware,codex524:14:524013:1254,671.7721209526062,72043,1,21.60789815708995,21.608309265226126
cache_aware,codex308:12:308011:1310,672.1485280990601,110647,1,3.7691187001764774,3.76973894611001
cache_aware,codex508:27:508026:1311,672.4838817119598,97838,1,3.4424247965216637,3.4429506585001945
cache_aware,codex19:6:19005:1492,672.5726141929626,26084,1,1.8320027217268944,1.8322153873741627
cache_aware,codex215:29:215028:1349,672.8990964889526,77035,1,6.822454638779163,6.82290019094944
cache_aware,codex287:1:287000:1506,672.9579493999481,13449,1,6.633768625557423,6.633897520601749
cache_aware,codex203:23:203022:1312,673.1889667510986,70078,1,2.721380326896906,2.721816085278988
cache_aware,codex110:25:110024:1191,673.7150959968567,130593,1,6.575869306921959,6.5765503868460655
cache_aware,codex443:2:443001:1504,673.7780385017395,16212,1,13.631881769746542,13.632018834352493
cache_aware,codex220:20:220019:1235,674.0595490932465,81035,1,19.838882438838482,19.839322425425053
cache_aware,codex135:26:135025:1365,674.3880000114441,97709,1,5.273553490638733,5.274203330278397
cache_aware,codex421:8:421007:1363,674.5854213237762,53054,1,18.78969134017825,18.790457788854837
cache_aware,codex116:20:116019:1238,674.9320688247681,100008,1,4.00442510843277,4.004949543625116
cache_aware,codex603:4:603003:1481,675.097648859024,46424,1,5.366559725254774,5.366858027875423
cache_aware,codex234:17:234016:1423,675.3165755271912,66211,1,5.143654525279999,5.144371338188648
cache_aware,codex88:7:88006:1377,675.6055247783661,85868,1,3.325035873800516,3.325524650514126
cache_aware,codex278:8:278007:1292,675.9006316661835,86989,1,14.044053934514523,14.044554006308317
cache_aware,codex405:5:405004:1398,676.0345103740692,31509,1,2.8882003873586655,2.888438556343317
cache_aware,codex71:20:71019:1319,677.1361961364746,108198,1,3.1468745097517967,3.1474788822233677
cache_aware,codex305:3:305002:1503,677.3049533367157,52310,1,2.290842890739441,2.2911720909178257
cache_aware,codex166:17:166016:1077,677.590829372406,89973,1,12.418596185743809,12.41936906054616
cache_aware,codex508:28:508027:1322,678.2701690196991,98618,1,2.243392240256071,2.243910662829876
cache_aware,codex266:17:266016:1186,678.7688868045807,135808,1,14.628379505127668,14.629057765007019
cache_aware,codex540:12:540011:1329,678.9174056053162,37497,1,11.095557551831007,11.095791585743427
cache_aware,codex116:21:116020:1242,679.5836446285248,100282,1,1.8721261844038963,1.8726905100047588
cache_aware,codex509:32:509031:1262,680.2683961391449,96219,1,1.1936897076666355,1.1942037642002106
cache_aware,codex287:2:287001:1519,680.691511631012,20698,1,9.374903123825788,9.378253191709518
cache_aware,codex71:21:71020:1323,681.1107223033905,108349,1,3.022766698151827,3.0233666971325874
cache_aware,codex355:1:355000:1536,681.164534330368,13443,1,2.2289835289120674,2.2291136234998703
cache_aware,codex294:20:294019:1101,681.4419286251068,85185,1,8.63304241374135,8.63350474089384
cache_aware,codex135:27:135026:1379,682.4916903972626,98888,1,1.66346038505435,1.6639895178377628
cache_aware,codex405:6:405005:1415,683.0947866439819,32366,1,1.6734663508832455,1.6739919260144234
cache_aware,codex88:8:88007:1395,683.3854222297668,87070,1,2.8309782296419144,2.831549260765314
cache_aware,codex203:24:203023:1336,683.6277058124542,72772,1,2.9244612492620945,2.9252042695879936
cache_aware,codex215:30:215029:1362,683.8748002052307,77564,1,0.9659474827349186,0.9663980230689049
cache_aware,codex234:18:234017:1436,684.1221797466278,69571,1,2.0756438598036766,2.0760564766824245
cache_aware,codex19:7:19006:1534,685.1231334209442,27645,1,0.5933048836886883,0.5935265272855759
cache_aware,codex548:18:548017:1347,686.0693807601929,87849,1,1.1904227621853352,1.1909356191754341
cache_aware,codex405:7:405006:1424,686.1898374557495,36034,1,2.496905267238617,2.497156858444214
cache_aware,codex509:33:509032:1280,686.5405492782593,96998,1,2.1530809551477432,2.1535894758999348
cache_aware,codex119:28:119027:1007,687.2454640865326,135074,1,6.144134979695082,6.1448252238333225
cache_aware,codex308:13:308012:1344,687.8086516857147,110855,1,1.2905904836952686,1.2911940477788448
cache_aware,codex508:29:508028:1341,688.1477346420288,99086,1,5.772822853177786,5.7733387015759945
cache_aware,codex603:5:603004:1514,688.3410830497742,57187,1,5.545841284096241,5.546177979558706
cache_aware,codex116:22:116021:1267,688.6764175891876,102294,1,5.396598611027002,5.397142305970192
cache_aware,codex355:2:355001:1565,688.7445917129517,15996,1,0.8568278811872005,0.856979850679636
cache_aware,codex343:1:343000:1566,689.072826385498,13864,1,1.3683645501732826,1.3685022108256817
cache_aware,codex511:6:511005:1453,689.2476530075073,33753,1,4.634147919714451,4.634364955127239
cache_aware,codex203:25:203024:1345,689.5334148406982,79493,1,9.314112573862076,9.314558036625385
cache_aware,codex443:3:443002:1517,689.5985515117645,18570,1,0.9633506163954735,0.9635078683495522
cache_aware,codex548:19:548018:1355,689.9172825813293,91533,1,2.9014491252601147,2.901970759034157
cache_aware,codex73:19:73018:1288,690.4351558685303,59246,1,0.5707584880292416,0.5711208805441856
cache_aware,codex343:2:343001:1576,690.7198896408081,31677,1,3.4059523455798626,3.406246345490217
cache_aware,codex213:26:213025:1437,691.6769163608551,78515,1,2.216267328709364,2.216692518442869
cache_aware,codex506:28:506027:1085,692.2105581760406,104305,1,1.9969263412058353,1.9974738582968712
cache_aware,codex294:21:294020:1110,692.5033950805664,85470,1,1.4008965268731117,1.401374202221632
cache_aware,codex88:9:88008:1416,692.8060164451599,90774,1,6.056540671736002,6.057016249746084
cache_aware,codex509:34:509033:1296,693.2377593517303,97212,1,5.631804723292589,5.632316462695599
cache_aware,codex522:8:522007:1570,693.3644890785217,34866,1,5.474469546228647,5.474712762981653
cache_aware,codex308:14:308013:1356,693.8643400669098,111539,1,5.012479368597269,5.013053312897682
cache_aware,codex65:44:65043:885,695.0020017623901,178350,1,21.648443289101124,21.649477940052748
cache_aware,codex266:18:266017:1194,695.474279165268,138808,1,21.373108386993408,21.38259418308735
cache_aware,codex234:19:234018:1473,695.7067747116089,70264,1,9.140761885792017,9.141157764941454
cache_aware,codex405:8:405007:1449,695.8280527591705,37689,1,3.883977171033621,3.8842527866363525
cache_aware,codex220:21:220020:1247,696.1033325195312,81185,1,2.7539806440472603,2.7544552460312843
cache_aware,codex421:9:421008:1373,696.2873957157135,54071,1,20.568200040608644,20.568510465323925
cache_aware,codex215:31:215030:1403,696.571980714798,77794,1,2.881390769034624,2.8818659521639347
cache_aware,codex109:9:109008:1414,696.675607919693,29512,1,20.174940939992666,20.176834549754858
cache_aware,codex508:30:508029:1348,697.0292270183563,101134,1,4.661302883177996,4.661950193345547
cache_aware,codex228:41:228040:1078,697.6016428470612,159975,1,3.9320092014968395,3.9328086115419865
cache_aware,codex443:4:443003:1544,697.6866662502289,22883,1,4.692640602588654,4.6973299048841
cache_aware,codex192:18:192017:1291,697.9101645946503,62908,1,4.4733127281069756,4.4746033847332
cache_aware,codex315:28:315027:1083,698.2159557342529,90898,1,1.5248920321464539,1.5253960229456425
cache_aware,codex121:1:121000:1592,698.269139289856,13242,1,4.107911821454763,4.108052458614111
cache_aware,codex71:22:71021:1357,698.6311202049255,108549,1,1.645671907812357,1.6462718956172466
cache_aware,codex19:8:19007:1579,698.7289135456085,28866,1,0.6651956848800182,0.6654466018080711
cache_aware,codex76:6:76005:1558,698.8312771320343,30883,1,6.002291835844517,6.002522248774767
cache_aware,codex338:12:338011:1265,699.6697480678558,39217,1,1.8529999405145645,1.8532704859972
cache_aware,codex166:18:166017:1108,700.0712723731995,91447,1,2.321704264730215,2.322190932929516
cache_aware,codex305:4:305003:1582,700.265463590622,58398,1,3.375698734074831,3.376069340854883
cache_aware,codex603:6:603005:1546,700.771491765976,64865,1,4.068689126521349,4.069088075309992
cache_aware,codex308:15:308014:1364,701.1569275856018,112187,1,6.497975453734398,6.498554017394781
cache_aware,codex88:10:88009:1427,701.5130443572998,100344,1,7.879504818469286,7.880904141813517
cache_aware,codex509:35:509034:1309,702.3685963153839,97549,1,7.03677237033844,7.037286438047886
cache_aware,codex228:42:228041:1086,702.9408435821533,161086,1,2.866075534373522,2.8670132718980312
cache_aware,codex220:22:220021:1259,703.2036776542664,81706,1,3.748859293758869,3.7493237368762493
cache_aware,codex355:3:355002:1600,703.2648830413818,18287,1,0.9354528039693832,0.9357560984790325
cache_aware,codex443:5:443004:1549,703.3456926345825,25483,1,1.7499360851943493,1.7502163089811802
cache_aware,codex278:9:278008:1331,703.6309797763824,87704,1,3.0412556156516075,3.0417611822485924
cache_aware,codex121:2:121001:1598,704.826798915863,38908,1,15.318802177906036,15.319051314145327
cache_aware,codex338:13:338012:1277,705.3527984619141,43107,1,2.2947527691721916,2.2950376756489277
cache_aware,codex171:1:171000:1606,705.4546766281128,14166,1,1.3351785838603973,1.335433341562748
cache_aware,codex405:9:405008:1480,705.7921488285065,38136,1,3.6048058085143566,3.6053521186113358
cache_aware,codex119:29:119028:1039,706.4007976055145,135575,1,10.468772981315851,10.469450559467077
cache_aware,codex215:32:215031:1428,706.660834312439,78467,1,1.0107579044997692,1.0111824087798595
cache_aware,codex135:28:135027:1459,707.2895503044128,99197,1,1.2156412191689014,1.216170895844698
cache_aware,codex71:23:71022:1384,707.6372125148773,109237,1,1.7371287904679775,1.7377254739403725
cache_aware,codex521:28:521027:1150,708.4919483661652,108272,1,13.137344017624855,13.13791923224926
cache_aware,codex524:15:524014:1304,708.7715075016022,72408,1,8.090010441839695,8.09040929749608
cache_aware,codex443:6:443005:1569,708.8567593097687,26193,1,12.54938017949462,12.549595195800066
cache_aware,codex338:14:338013:1287,709.0107867717743,49664,1,3.208097107708454,3.2084277868270874
cache_aware,codex508:31:508030:1370,709.3590502738953,102828,1,2.866684440523386,2.8672491759061813
cache_aware,codex220:23:220022:1273,709.7647969722748,82149,1,2.600178800523281,2.6006567627191544
cache_aware,codex215:33:215032:1441,710.6323783397675,79008,1,1.598235260695219,1.5986599288880825
cache_aware,codex135:29:135028:1471,710.9537971019745,99701,1,1.2831770554184914,1.2837015129625797
cache_aware,codex308:16:308015:1380,711.3399031162262,112833,1,1.9164953976869583,1.917271662503481
cache_aware,codex166:19:166018:1144,711.6474504470825,92726,1,10.622851807624102,10.623357072472572
cache_aware,codex509:36:509035:1317,711.9665532112122,97723,1,1.3362160958349705,1.3368900641798973
cache_aware,codex73:20:73019:1346,712.1912586688995,66572,1,10.069996982812881,10.070374563336372
cache_aware,codex511:7:511006:1526,712.3571221828461,34051,1,0.44356514513492584,0.4439104162156582
cache_aware,codex508:32:508031:1382,714.049889087677,103453,1,2.525038879364729,2.525651231408119
cache_aware,codex382:19:382018:1448,714.2445335388184,61111,1,6.196485947817564,6.196848973631859
cache_aware,codex71:24:71023:1402,714.5941960811615,111358,1,5.863864861428738,5.864439211785793
cache_aware,codex213:27:213026:1521,714.8512411117554,79042,1,5.585551578551531,5.586021512746811
cache_aware,codex64:2:64001:1631,714.9331691265106,23626,1,5.219314388930798,5.2194963321089745
cache_aware,codex171:2:171001:1635,715.0676681995392,17459,1,5.08237624540925,5.082516543567181
cache_aware,codex511:8:511007:1540,715.1788105964661,34967,1,1.0661126226186752,1.0663728639483452
cache_aware,codex135:30:135029:1487,715.5166966915131,102061,1,4.932460021227598,4.933018691837788
cache_aware,codex305:5:305004:1613,715.7126109600067,62841,1,4.445636011660099,4.446002300828695
cache_aware,codex287:3:287002:1602,716.4183316230774,25420,1,5.832229610532522,5.832427054643631
cache_aware,codex343:3:343002:1640,716.8358390331268,34654,1,3.3122900649905205,3.3125309497117996
cache_aware,codex405:10:405009:1509,717.059175491333,39754,1,3.0840184316039085,3.0842917263507843
cache_aware,codex278:10:278009:1359,717.4727966785431,89368,1,4.80544463545084,4.805936072021723
cache_aware,codex228:43:228042:1114,718.0131888389587,161638,1,5.533929746598005,5.535823963582516
cache_aware,codex603:7:603006:1594,718.229147195816,65654,1,3.3881022073328495,3.3885011710226536
cache_aware,codex509:37:509036:1330,718.5655872821808,102671,1,6.133872762322426,6.134420316666365
cache_aware,codex421:10:421009:1381,718.7578029632568,55248,1,3.4991903603076935,3.499535884708166
cache_aware,codex338:15:338014:1308,718.928240776062,54738,1,4.563232757151127,4.563578482717276
cache_aware,codex294:22:294021:1198,719.2044105529785,85803,1,5.488583657890558,5.4890818782150745
cache_aware,codex65:45:65044:900,719.8063795566559,178525,1,2.4827641174197197,2.483629159629345
cache_aware,codex355:4:355003:1646,719.8776841163635,19148,1,1.7331024296581745,1.7332779914140701
cache_aware,codex215:34:215033:1469,720.1322681903839,79424,1,1.490384355187416,1.4908347949385643
cache_aware,codex220:24:220023:1299,720.4248039722443,82321,1,3.131864432245493,3.132317539304495
cache_aware,codex266:19:266018:1214,721.0158581733704,151778,1,14.674631036818027,14.675441578030586
cache_aware,codex524:16:524015:1321,721.2766008377075,72652,1,14.403929598629475,14.404335912317038
cache_aware,codex511:9:511008:1557,721.4008414745331,35506,1,2.1502185873687267,2.15044966340065
cache_aware,codex121:3:121002:1612,721.5530905723572,43979,1,4.208731234073639,4.209112748503685
cache_aware,codex213:28:213027:1528,722.0057241916656,79993,1,1.4917085319757462,1.492175918072462
cache_aware,codex291:1:291000:1656,722.0615999698639,13540,1,1.4566812738776207,1.4568123780190945
cache_aware,codex453:7:453006:1446,722.2440526485443,55206,1,5.478086728602648,5.478511985391378
cache_aware,codex71:25:71024:1413,723.3732633590698,111541,1,2.8849239833652973,2.8861666843295097
cache_aware,codex64:3:64002:1652,723.4843218326569,31571,1,2.7650398537516594,2.7744103521108627
cache_aware,codex109:10:109009:1439,723.724935054779,31416,1,11.946218948811293,11.946440372616053
cache_aware,codex382:20:382019:1465,723.9210283756256,61583,1,2.342842970043421,2.343218106776476
cache_aware,codex522:9:522008:1634,724.0372731685638,36765,1,1.4943907260894775,1.4946486130356789
cache_aware,codex278:11:278010:1369,724.3275361061096,90883,1,5.8504194132983685,5.8509346432983875
cache_aware,codex521:29:521028:1169,724.6783578395844,109192,1,5.518607627600431,5.51916591078043
cache_aware,codex88:11:88010:1496,725.3219714164734,102013,1,2.029847029596567,2.030423115938902
cache_aware,codex192:19:192018:1353,725.5241243839264,63277,1,6.887165151536465,6.887851059436798
cache_aware,codex355:5:355004:1662,726.446879863739,19529,1,0.2811051830649376,0.28190333768725395
cache_aware,codex443:7:443006:1588,726.9066913127899,28143,1,5.507379271090031,5.507579952478409
cache_aware,codex121:4:121003:1622,727.3412849903107,55132,1,6.605498299002647,6.605830129235983
cache_aware,codex228:44:228043:1137,728.2753164768219,161800,1,1.9137223772704601,1.9145367182791233
cache_aware,codex355:6:355005:1668,728.347740650177,20242,1,1.8179490938782692,1.8181198313832283
cache_aware,codex308:17:308016:1429,728.7156584262848,115531,1,10.988536510616541,10.989136930555105
cache_aware,codex352:4:352003:1532,728.8461039066315,39262,1,10.81426465511322,10.814519613981247
cache_aware,codex215:35:215034:1500,729.132613658905,79792,1,3.91000746935606,3.910474553704262
cache_aware,codex421:11:421010:1409,729.3196070194244,56728,1,6.3563466258347034,6.356681279838085
cache_aware,codex116:23:116022:1366,729.6640033721924,104587,1,10.011916656047106,10.012482337653637
cache_aware,codex511:10:511009:1580,729.7876365184784,37135,1,1.1060686632990837,1.1064455211162567
cache_aware,codex64:4:64003:1663,729.9549307823181,50085,1,9.708724610507488,9.70903129503131
cache_aware,codex522:10:522009:1653,730.1061637401581,40992,1,9.551148150116205,9.551429748535156
cache_aware,codex255:1:255000:1680,730.1624889373779,13400,1,5.505985833704472,5.506112195551395
cache_aware,codex287:4:287003:1630,730.5822122097015,34404,1,14.857082486152649,14.857324007898569
cache_aware,codex291:2:291001:1689,731.0521318912506,29473,1,10.284201189875603,10.284431885927916
cache_aware,codex382:21:382020:1489,731.4169456958771,61768,1,10.001350920647383,10.001730009913445
cache_aware,codex355:7:355006:1675,731.4907793998718,20814,1,9.842349968850613,9.842881988734007
cache_aware,codex88:12:88011:1515,731.9722712039948,105642,1,7.709953889250755,7.7104855217039585
cache_aware,codex511:11:511010:1587,732.1125226020813,41842,1,1.8304191827774048,1.830695804208517
cache_aware,codex521:30:521029:1181,733.0305259227753,110297,1,12.42678190022707,12.427381481975317
cache_aware,codex603:8:603007:1624,733.8162457942963,67103,1,1.373343586921692,1.3737551420927048
cache_aware,codex343:4:343003:1692,733.9369623661041,37215,1,0.9148313067853451,0.9151091650128365
cache_aware,codex215:36:215035:1513,735.1789929866791,80766,1,6.244773879647255,6.245226833969355
cache_aware,codex508:33:508032:1445,735.6588718891144,119532,1,17.007610224187374,17.00827021896839
cache_aware,codex166:20:166019:1195,736.4594848155975,97942,1,8.991517163813114,8.992043733596802
cache_aware,codex266:20:266019:1221,737.5678954124451,152484,1,2.124937057495117,2.125693202018738
cache_aware,codex453:8:453007:1491,737.747715473175,55387,1,7.696663539856672,7.697002451866865
cache_aware,codex71:26:71025:1457,738.5124051570892,112000,1,5.1158727295696735,5.116573326289654
cache_aware,codex110:26:110025:1375,738.9569396972656,132991,1,13.724356826394796,13.725033443421125
cache_aware,codex129:1:129000:1715,739.0098297595978,13392,1,3.3570342659950256,3.3571684062480927
cache_aware,codex192:20:192019:1376,739.2115776538849,65622,1,7.523082457482815,7.523464269936085
cache_aware,codex421:12:421011:1418,739.3937630653381,56993,1,2.9810460694134235,2.9813862293958664
cache_aware,codex121:5:121004:1638,739.5713436603546,55514,1,7.159014403820038,7.1593396328389645
cache_aware,codex171:3:171002:1706,739.6500041484833,23441,1,6.640684299170971,6.64086751639843
cache_aware,codex603:9:603008:1636,739.9383807182312,67778,1,12.328420367091894,12.328826267272234
cache_aware,codex524:17:524016:1333,740.1753058433533,73092,1,2.204224444925785,2.2046344727277756
cache_aware,codex109:11:109010:1463,740.5964934825897,34552,1,1.7741899974644184,1.774418942630291
cache_aware,codex315:29:315028:1223,740.902551651001,91167,1,1.483806747943163,1.484305202960968
cache_aware,codex495:14:495013:1426,741.2050626277924,89872,1,2.7770076245069504,2.7776081785559654
cache_aware,codex76:7:76006:1664,741.3162257671356,33287,1,10.431408315896988,10.431656509637833
cache_aware,codex255:2:255001:1714,741.4116458892822,21876,1,1.7373549677431583,1.7375447377562523
cache_aware,codex228:45:228044:1184,742.3554203510284,161943,1,2.2288993261754513,2.229736678302288
cache_aware,codex291:3:291002:1704,742.5631828308105,37246,1,9.698862381279469,9.699113111943007
cache_aware,codex88:13:88012:1529,743.0233216285706,108359,1,4.453905675560236,4.4544752687215805
cache_aware,codex109:12:109011:1467,743.1446464061737,35000,1,0.44111238047480583,0.4413612484931946
cache_aware,codex421:13:421012:1425,743.5787680149078,57447,1,0.9942613132297993,0.9946310929954052
cache_aware,codex278:12:278011:1417,744.3456366062164,91088,1,2.394790593534708,2.3952828273177147
cache_aware,codex443:8:443007:1617,744.4509220123291,31486,1,2.2747687585651875,2.2750016152858734
cache_aware,codex255:3:255002:1725,744.5653598308563,35238,1,7.694145329296589,7.694413762539625
cache_aware,codex382:22:382021:1508,745.1111242771149,67239,1,7.539348311722279,7.539736468344927
cache_aware,codex215:37:215036:1527,745.4298582077026,84172,1,7.227829530835152,7.228305879980326
cache_aware,codex315:30:315029:1245,746.0501687526703,91443,1,1.1098556779325008,1.1103778705000877
cache_aware,codex234:20:234019:1609,746.2841265201569,73486,1,5.987116001546383,5.987534675747156
cache_aware,codex308:18:308017:1458,746.6646916866302,116841,1,6.024023476988077,6.025824587792158
cache_aware,codex143:1:143000:1736,746.7215270996094,13326,1,2.193188726902008,2.1933443062007427
cache_aware,codex422:29:422028:1477,747.7460918426514,51055,1,3.170080956071615,3.1704269126057625
cache_aware,codex266:21:266020:1253,748.2740657329559,152756,1,4.426158059388399,4.426934391260147
cache_aware,codex121:6:121005:1650,748.4663257598877,57005,1,4.205090314149857,4.205429643392563
cache_aware,codex119:30:119029:1140,748.9059028625488,136314,1,6.8231358379125595,6.823824882507324
cache_aware,codex287:5:287004:1649,749.0438485145569,39036,1,3.602069962769747,3.602333400398493
cache_aware,codex166:21:166020:1216,749.3726506233215,98696,1,6.696542661637068,6.697063911706209
cache_aware,codex511:12:511011:1627,749.5259697437286,44614,1,8.909265395253897,8.909545794129372
cache_aware,codex524:18:524017:1350,749.7730331420898,73425,1,5.918279558420181,5.918685205280781
cache_aware,codex129:2:129001:1740,749.8333415985107,17430,1,5.883348252624273,5.887345116585493
cache_aware,codex109:13:109012:1494,749.9816374778748,35325,1,2.6573419235646725,2.6576067246496677
cache_aware,codex228:46:228045:1208,750.5451443195343,162196,1,5.156742371618748,5.15756369009614
cache_aware,codex116:24:116023:1408,750.9061062335968,104945,1,3.2369564063847065,3.2375406436622143
cache_aware,codex495:15:495014:1454,751.2275404930115,91844,1,7.594108764082193,7.59461222961545
cache_aware,codex71:27:71026:1488,751.605865240097,112594,1,4.278497274965048,4.279069650918245
cache_aware,codex405:11:405010:1605,751.7419896125793,40086,1,1.5608245357871056,1.561088990420103
cache_aware,codex64:5:64004:1718,751.9320628643036,55367,1,3.8906882852315903,3.8911131285130978
cache_aware,codex315:31:315030:1257,752.2514781951904,91825,1,6.581686705350876,6.58215556666255
cache_aware,codex355:8:355007:1723,752.3495571613312,21090,1,3.329036772251129,3.329227488487959
cache_aware,codex143:2:143001:1768,752.403487443924,15407,1,0.8961780928075314,0.8963304571807384
cache_aware,codex192:21:192020:1397,752.6317594051361,66102,1,3.0536396093666553,3.054047130048275
cache_aware,codex305:6:305005:1726,753.1080629825592,83028,1,11.805747173726559,11.806559480726719
cache_aware,codex352:5:352004:1584,753.2937004566193,40475,1,2.76502813026309,2.7652909457683563
cache_aware,codex422:30:422029:1490,753.5973899364471,51501,1,4.841256782412529,4.841560583561659
cache_aware,codex121:7:121006:1654,753.8098900318146,58654,1,2.253076020628214,2.2534195706248283
cache_aware,codex220:25:220024:1388,754.1301736831665,82502,1,4.6840701922774315,4.684546120464802
cache_aware,codex88:14:88013:1559,754.6736550331116,116479,1,12.296718440949917,12.29734230786562
cache_aware,codex359:1:359000:1779,754.7263331413269,13395,1,8.387183491140604,8.387328810989857
cache_aware,codex266:22:266021:1266,755.3433885574341,153054,1,3.501595128327608,3.502418674528599
cache_aware,codex278:13:278012:1450,755.6715424060822,91380,1,3.1562972962856293,3.156780157238245
cache_aware,codex405:12:405011:1618,756.0514540672302,42232,1,10.910649210214615,10.910928171128035
cache_aware,codex76:8:76007:1681,756.1922307014465,36716,1,2.239649374037981,2.239931222051382
cache_aware,codex110:27:110026:1394,756.6848659515381,133503,1,2.278979364782572,2.2797611244022846
cache_aware,codex192:22:192021:1406,756.9209671020508,70774,1,6.577161729335785,6.577618796378374
cache_aware,codex508:34:508033:1472,757.3385398387909,120387,1,6.410118937492371,6.410799782723188
cache_aware,codex129:3:129002:1754,757.4166367053986,21028,1,2.223262380808592,2.2234458439052105
cache_aware,codex521:31:521030:1228,757.7743253707886,110675,1,6.268058776855469,6.2686633095145226
cache_aware,codex71:28:71027:1498,758.1627917289734,117247,1,7.403028290718794,7.403675630688667
cache_aware,codex19:9:19008:1771,758.2593824863434,29005,1,6.657556749880314,6.657753508538008
cache_aware,codex522:11:522010:1724,758.4070241451263,45206,1,11.107645757496357,11.107948437333107
cache_aware,codex116:25:116024:1422,758.8020293712616,110370,1,14.288098506629467,14.288972549140453
cache_aware,codex64:6:64005:1732,759.4207727909088,60192,1,8.829335935413837,8.82978692278266
cache_aware,codex453:9:453008:1547,759.6341621875763,66248,1,8.41545869410038,8.41583777219057
cache_aware,codex143:3:143002:1797,759.7079238891602,21023,1,8.329815041273832,8.329976700246334
cache_aware,codex228:47:228046:1224,760.2580478191376,162335,1,6.732147455215454,6.733006060123444
cache_aware,codex171:4:171003:1761,760.3569571971893,26285,1,7.955265160650015,7.962779186666012
cache_aware,codex76:9:76008:1693,760.4897911548615,38284,1,7.5462257862091064,7.546472035348415
cache_aware,codex215:38:215037:1563,760.785498380661,88223,1,7.533758386969566,7.534803777933121
cache_aware,codex266:23:266022:1276,761.3195595741272,153374,1,25.518268585205078,25.519198279827833
cache_aware,codex511:13:511012:1632,761.4794046878815,44782,1,2.9014114998281,2.9016877934336662
cache_aware,codex343:5:343004:1796,761.6335785388947,43503,1,3.3009575493633747,3.301231626421213
cache_aware,codex315:32:315031:1268,761.9354631900787,92877,1,4.246858540922403,4.247493892908096
cache_aware,codex121:8:121007:1672,762.1248486042023,60481,1,5.932306792587042,5.932660445570946
cache_aware,codex255:4:255003:1770,762.2763986587524,46635,1,10.794277299195528,10.794572804123163
cache_aware,codex220:26:220025:1401,762.543199300766,82916,1,1.808102797716856,1.8085762299597263
cache_aware,codex119:31:119030:1168,763.1027748584747,158070,1,23.714320048689842,23.719091959297657
cache_aware,codex278:14:278013:1468,763.4273784160614,91579,1,4.635365668684244,4.635952681303024
cache_aware,codex538:1:538000:1809,763.483729839325,14771,1,4.547912761569023,4.548053104430437
cache_aware,codex603:10:603009:1674,763.735869884491,72160,1,10.071762282401323,10.072181981056929
cache_aware,codex495:16:495015:1482,765.2940425872803,92501,1,1.743458081036806,1.7440493702888489
cache_aware,codex355:9:355008:1759,765.372088432312,23127,1,2.949997577816248,2.9501739852130413
cache_aware,codex287:6:287005:1699,766.164323091507,40846,1,1.8888424560427666,1.8891008757054806
cache_aware,codex508:35:508034:1484,766.6552686691284,127616,1,7.160931304097176,7.161613315343857
cache_aware,codex511:14:511013:1642,766.815098285675,46054,1,1.2293855883181095,1.2296726144850254
cache_aware,codex343:6:343005:1810,766.9566264152527,43906,1,1.0850846134126186,1.0853600539267063
cache_aware,codex109:14:109013:1552,767.3288080692291,35821,1,19.492837991565466,19.493961554020643
cache_aware,codex524:19:524018:1392,767.5833649635315,73651,1,19.244105082005262,19.24450059235096
cache_aware,codex495:17:495016:1486,767.9098308086395,94310,1,5.167669545859098,5.168172672390938
cache_aware,codex443:9:443008:1685,768.0278251171112,32552,1,0.5441001132130623,0.5444025360047817
cache_aware,codex220:27:220026:1419,769.1247353553772,83787,1,3.938192557543516,3.938682932406664
cache_aware,codex278:15:278014:1479,769.4275741577148,91781,1,0.7150135934352875,0.7155392542481422
cache_aware,codex359:2:359001:1811,769.5091836452484,22881,1,3.555764939635992,3.555946256965399
cache_aware,codex453:10:453009:1560,770.0116558074951,69592,1,3.0713816210627556,3.0717601738870144
cache_aware,codex143:4:143003:1812,770.3347041606903,25319,1,2.732005976140499,2.7321848943829536
cache_aware,codex171:5:171004:1780,770.5291292667389,29642,1,2.0063736997544765,2.0065978541970253
cache_aware,codex215:39:215038:1575,770.8322341442108,89886,1,6.245506871491671,6.245984684675932
cache_aware,codex64:7:64006:1743,771.2443315982819,96402,1,25.575735047459602,25.576261170208454
cache_aware,codex228:48:228047:1250,771.819319486618,162483,1,5.235808834433556,5.236636865884066
cache_aware,codex121:9:121008:1687,772.0349361896515,62653,1,5.008696410804987,5.009057339280844
cache_aware,codex525:1:525000:1832,772.0867412090302,13473,1,4.944577358663082,4.944707430899143
cache_aware,codex110:28:110027:1433,772.5249257087708,134009,1,24.734820935875177,24.735537834465504
cache_aware,codex343:7:343006:1827,772.6827485561371,46639,1,1.5699452124536037,1.5702553242444992
cache_aware,codex382:23:382022:1581,772.8998510837555,67754,1,23.5872420668602,23.587637580931187
cache_aware,codex352:6:352005:1628,773.0533714294434,45785,1,5.000631872564554,5.000920120626688
cache_aware,codex422:31:422030:1548,773.4627184867859,51661,1,3.5651334561407566,3.565484493970871
cache_aware,codex315:33:315032:1294,773.7946610450745,93620,1,3.243959117680788,3.244459394365549
cache_aware,codex421:14:421013:1541,774.5385994911194,58124,1,14.799026515334845,14.799378622323275
cache_aware,codex143:5:143004:1822,774.6456637382507,31073,1,4.082366861402988,4.082592878490686
cache_aware,codex88:15:88014:1589,775.0391139984131,118159,1,6.854470774531364,6.85516482591629
cache_aware,codex495:18:495017:1497,775.3651173114777,94887,1,2.1529196426272392,2.153460431843996
cache_aware,codex71:29:71028:1539,775.7692148685455,117564,1,21.32136356085539,21.322007436305285
cache_aware,codex116:26:116025:1430,776.160252571106,111321,1,5.4787358045578,5.479337010532618
cache_aware,codex538:2:538001:1837,776.2239620685577,18510,1,1.5266522467136383,1.526819258928299
cache_aware,codex129:4:129003:1826,776.3280482292175,33118,1,14.091711301356554,14.092063549906015
cache_aware,codex308:19:308018:1554,776.716953754425,117624,1,5.167816914618015,5.169209461659193
cache_aware,codex220:28:220027:1431,777.0186731815338,85496,1,1.7201269567012787,1.720590591430664
cache_aware,codex192:23:192022:1455,777.4120006561279,71700,1,1.3214606307446957,1.3218591064214706
cache_aware,codex359:3:359002:1831,777.5090222358704,28645,1,4.398549906909466,4.3988285809755325
cache_aware,codex521:32:521031:1283,778.7181842327118,112661,1,5.838427200913429,5.839014153927565
cache_aware,codex171:6:171005:1806,778.8737213611603,30325,1,17.5929142087698,17.59312141686678
cache_aware,codex215:40:215039:1583,779.1801843643188,90067,1,17.633975747972727,17.634480353444815
cache_aware,codex278:16:278015:1516,779.5347499847412,93851,1,5.040429960936308,5.040932457894087
cache_aware,codex343:8:343007:1843,779.6920709609985,49169,1,2.2997374124825,2.300047729164362
cache_aware,codex422:32:422031:1561,779.8530189990997,51810,1,4.695071678608656,4.69539537653327
cache_aware,codex511:15:511014:1684,780.0238800048828,46846,1,4.520599365234375,4.52089436352253
cache_aware,codex315:34:315033:1302,780.3338220119476,94102,1,4.234099134802818,4.234587796032429
cache_aware,codex220:29:220028:1440,780.6012704372406,85913,1,1.5727833956480026,1.5732632353901863
cache_aware,codex287:7:287006:1741,780.7485845088959,45661,1,5.161735143512487,5.163030102849007
cache_aware,codex192:24:192023:1464,780.9699277877808,72639,1,4.946230046451092,4.946648523211479
cache_aware,codex305:7:305006:1800,781.3669703006744,120010,1,26.56485218182206,26.565496489405632
cache_aware,codex603:11:603010:1710,781.6234917640686,76441,1,2.9388217590749264,2.939240202307701
cache_aware,codex291:4:291003:1823,781.8207440376282,44742,1,14.653925105929375,14.65421361848712
cache_aware,codex166:22:166021:1306,782.5482261180878,99435,1,6.784897655248642,6.7854354828596115
cache_aware,codex525:2:525001:1860,782.6159365177155,18720,1,5.177566654980183,5.177724927663803
cache_aware,codex509:38:509037:1531,782.9390044212341,102837,1,11.11182901635766,11.112378619611263
cache_aware,codex453:11:453010:1595,783.1623997688293,72408,1,6.163862437009811,6.164286118000746
cache_aware,codex255:5:255004:1816,783.3240492343903,48439,1,6.0231889225542545,6.023489531129599
cache_aware,codex522:12:522011:1781,783.4763433933258,46478,1,10.44389871135354,10.44421523809433
cache_aware,codex19:10:19009:1834,783.5690701007843,29334,1,24.344115737825632,24.344354081898928
cache_aware,codex116:27:116026:1442,783.9183151721954,112127,1,10.12348335236311,10.125315338373184
cache_aware,codex308:20:308019:1562,784.3266143798828,124873,1,9.706622321158648,9.716207806020975
cache_aware,codex359:4:359003:1836,784.4318072795868,32164,1,9.48529014736414,9.485520131886005
cache_aware,codex538:3:538002:1869,784.5369343757629,31715,1,3.258871518075466,3.259088736027479
cache_aware,codex506:29:506028:1378,785.3488092422485,104777,1,43.75149428099394,43.76467488333583
cache_aware,codex278:17:278016:1523,785.7290797233582,94254,1,3.6141845248639584,3.614674638956785
cache_aware,codex511:16:511015:1696,786.1487867832184,53439,1,3.2018733099102974,3.2021909579634666
cache_aware,codex121:10:121009:1729,787.4474935531616,63915,1,2.1410481445491314,2.1414630189538
cache_aware,codex294:23:294022:1400,787.7389104366302,86381,1,3.6333375237882137,3.6338470801711082
cache_aware,codex532:1:532000:1896,787.7907147407532,13777,1,2.8444957993924618,2.8447288423776627
cache_aware,codex524:20:524019:1396,788.0289912223816,73952,1,41.08093170449138,41.0832413546741
cache_aware,codex540:13:540012:1643,788.1553249359131,39120,1,13.458968680351973,13.459379371255636
cache_aware,codex228:49:228048:1284,788.7086961269379,162992,1,3.883661273866892,3.8845375292003155
cache_aware,codex343:9:343008:1872,788.8935492038727,52930,1,19.02429350093007,19.02461028844118
cache_aware,codex220:30:220029:1466,789.181348323822,86243,1,3.8102540373802185,3.811079878360033
cache_aware,codex443:10:443009:1769,789.3175692558289,37755,1,3.261801641434431,3.262080606073141
cache_aware,codex511:17:511016:1703,790.0020532608032,56290,1,2.9943633042275906,2.9946889095008373
cache_aware,codex525:3:525002:1878,790.2956671714783,22056,1,15.235710758715868,15.253020860254765
cache_aware,codex355:10:355009:1842,790.3772068023682,24392,1,6.091305416077375,6.091477692127228
cache_aware,codex421:15:421014:1550,791.3622229099274,58413,1,37.74265432357788,37.74876397848129
cache_aware,codex422:33:422032:1585,791.5539224147797,53394,1,1.470267578959465,1.4705989472568035
cache_aware,codex278:18:278017:1533,791.9009094238281,94468,1,13.638388082385063,13.647188864648342
cache_aware,codex166:23:166022:1316,792.2603132724762,100376,1,13.300959642976522,13.301486399024725
cache_aware,codex143:6:143005:1871,792.3687398433685,32374,1,13.173326596617699,13.179707486182451
cache_aware,codex121:11:121010:1737,792.5732898712158,64140,1,12.97386947274208,12.975915797054768
cache_aware,codex367:10:367009:1749,792.9475562572479,37372,1,0.96583316847682,0.9661170318722725
cache_aware,codex538:4:538003:1901,793.4378914833069,39365,1,3.0205388590693474,3.020824436098337
cache_aware,codex511:18:511017:1711,793.7269375324249,60537,1,2.7514600940048695,2.751809451729059
cache_aware,codex422:34:422033:1593,793.9063467979431,53574,1,2.575331073254347,2.5756346471607685
cache_aware,codex119:32:119031:1210,795.1534624099731,158692,1,33.97241557389498,33.97319843247533
cache_aware,codex359:5:359004:1845,795.2745730876923,34111,1,5.503239776939154,5.503500793129206
cache_aware,codex308:21:308020:1572,795.7186493873596,127671,1,5.178141757845879,5.178814392536879
cache_aware,codex443:11:443010:1784,795.863676071167,39207,1,17.928291842341423,17.9285687841475
cache_aware,codex192:25:192024:1505,796.1069242954254,73482,1,9.448607992380857,9.44901416823268
cache_aware,codex415:1:415000:1924,796.1596746444702,13003,1,1.526031319051981,1.526229601353407
cache_aware,codex453:12:453011:1608,796.4508829116821,81153,1,12.458450566977262,12.458912823349237
cache_aware,codex294:24:294023:1421,796.803302526474,86649,1,16.99951798096299,16.99998991191387
cache_aware,codex603:12:603011:1757,797.0780436992645,76920,1,3.2281681410968304,3.2286264300346375
cache_aware,codex532:2:532001:1929,797.1364326477051,14483,1,0.3963952325284481,0.39662671089172363
cache_aware,codex109:15:109014:1590,797.2490992546082,36158,1,31.86641386896372,31.866647642105818
cache_aware,codex220:31:220030:1493,798.4164197444916,86568,1,2.464744571596384,2.4652394875884056
cache_aware,codex508:36:508035:1578,798.8483998775482,128214,1,4.794912617653608,4.79558789730072
cache_aware,codex287:8:287007:1803,799.0241568088531,51447,1,14.772059671580791,14.772476971149445
cache_aware,codex266:24:266023:1313,799.5870220661163,157257,1,29.621478147804737,29.622937321662903
cache_aware,codex521:33:521032:1327,800.0102031230927,113250,1,24.724829349666834,24.725561879575253
cache_aware,codex538:5:538004:1917,800.1622295379639,44667,1,3.405114583671093,3.4055464565753937
cache_aware,codex129:5:129004:1862,800.2977962493896,40811,1,28.9144130051136,28.914676513522863
cache_aware,codex110:29:110028:1452,800.7677438259125,137657,1,4.291887108236551,4.292737193405628
cache_aware,codex355:11:355010:1863,800.8700165748596,26064,1,0.5400999784469604,0.5403151772916317
cache_aware,codex308:22:308021:1577,803.4639647006989,128183,1,1.5038663782179356,1.5045900009572506
cache_aware,codex76:10:76009:1829,803.7886521816254,39187,1,0.5771993137896061,0.5774878598749638
cache_aware,codex389:1:389000:1956,803.8900012969971,13608,1,1.2662622556090355,1.2664814442396164
cache_aware,codex220:32:220031:1511,804.9529719352722,89769,1,2.984534751623869,2.985016591846943
cache_aware,codex522:13:522012:1828,806.1159782409668,50783,1,2.5444976836442947,2.54490752145648
cache_aware,codex511:19:511018:1745,806.3486430644989,61431,1,1.5752100721001625,1.5755731910467148
cache_aware,codex291:5:291004:1859,806.6069569587708,52285,1,9.578073129057884,9.57842980697751
cache_aware,codex359:6:359005:1874,806.7720787525177,35567,1,1.907562792301178,1.907798070460558
cache_aware,codex110:30:110029:1460,807.2654376029968,142985,1,8.942842818796635,8.943592634052038
cache_aware,codex171:7:171006:1840,807.4027969837189,36539,1,8.788353089243174,8.788594860583544
cache_aware,codex422:35:422034:1616,807.5812087059021,53781,1,0.9542225226759911,0.954555369913578
cache_aware,codex532:3:532002:1966,807.6472446918488,19629,1,2.0371186286211014,2.037283468991518
cache_aware,codex603:13:603012:1791,807.9053995609283,77608,1,1.789288453757763,1.789721567183733
cache_aware,codex525:4:525003:1894,808.2666702270508,33423,1,20.042530111968517,20.042758494615555
cache_aware,codex511:20:511019:1753,808.5270643234253,61878,1,0.5803653039038181,0.5807297974824905
cache_aware,codex422:36:422035:1620,808.8996710777283,54134,1,0.7895156852900982,0.789850976318121
cache_aware,codex509:39:509038:1586,809.6760361194611,105173,1,4.132863845676184,4.133419569581747
cache_aware,codex255:6:255005:1891,810.0234797000885,50885,1,4.5828541330993176,4.5831641517579556
cache_aware,codex382:24:382023:1615,810.2383873462677,68095,1,5.958941388875246,5.959334138780832
cache_aware,codex220:33:220032:1522,810.5382394790649,89907,1,1.8064764142036438,1.8069794550538063
cache_aware,codex532:4:532003:1973,810.6181223392487,22655,1,1.3644757941365242,1.3646459020674229
cache_aware,codex511:21:511020:1767,810.8424172401428,62239,1,1.4444396644830704,1.4449507966637611
cache_aware,codex116:28:116027:1510,811.2126047611237,113026,1,3.4019030034542084,3.402502227574587
cache_aware,codex359:7:359006:1887,811.3373250961304,36962,1,3.2626495137810707,3.2629106007516384
cache_aware,codex19:11:19010:1850,811.6172261238098,29455,1,0.36372821778059006,0.36395304277539253
cache_aware,codex538:6:538005:1949,811.968418598175,62184,1,8.809625424444675,8.82256130874157
cache_aware,codex139:1:139000:1984,812.0958654880524,13365,1,2.50023977458477,2.500375609844923
cache_aware,codex19:12:19011:1857,812.6921155452728,33262,1,1.9111374542117119,1.9113631322979927
cache_aware,codex352:7:352006:1748,813.0725841522217,47625,1,17.292864352464676,17.293248493224382
cache_aware,codex508:37:508036:1603,813.7797040939331,129325,1,7.010544378310442,7.012875847518444
cache_aware,codex166:24:166023:1342,814.3308706283569,101167,1,18.8095344863832,18.81009490042925
cache_aware,codex192:26:192025:1542,814.5897505283356,76592,1,18.543691013008356,18.544136870652437
cache_aware,codex603:14:603013:1813,814.8984575271606,78300,1,5.899031516164541,5.899456977844238
cache_aware,codex278:19:278018:1573,815.2036747932434,94632,1,45.24423248320818,45.24477722123265
cache_aware,codex405:13:405012:1787,815.3626937866211,49310,1,4.996712200343609,4.997066970914602
cache_aware,codex220:34:220033:1535,815.6571841239929,94841,1,7.89838171005249,7.898894667625427
cache_aware,codex415:2:415001:1991,815.7600100040436,23995,1,6.808755233883858,6.809000927954912
cache_aware,codex389:2:389001:1997,815.8246002197266,18683,1,6.74142549559474,6.741638008505106
cache_aware,codex522:14:522013:1851,816.0012912750244,52673,1,4.3614536337554455,4.3617723025381565
cache_aware,codex422:37:422036:1637,816.1774995326996,54273,1,7.371752392500639,7.372092738747597
cache_aware,codex443:12:443011:1799,816.5839376449585,47998,1,44.74625999480486,44.74659111723304
cache_aware,codex287:9:287008:1818,816.7820467948914,54893,1,44.55227756127715,44.55260447785258
cache_aware,codex139:2:139001:2000,816.9036376476288,34905,1,5.946193236857653,5.946459908038378
cache_aware,codex343:10:343009:1912,817.2476677894592,54923,1,5.747439034283161,5.747790992259979
cache_aware,codex121:12:121011:1794,817.4608082771301,64282,1,43.87777453660965,43.87815401703119
cache_aware,codex382:25:382024:1625,817.7127344608307,73099,1,4.008232370018959,4.008658953011036
cache_aware,codex110:31:110030:1475,818.4518105983734,143769,1,3.278809502720833,3.2795461751520634
cache_aware,codex532:5:532004:1999,818.5383236408234,24756,1,2.2617941424250603,2.261983148753643
cache_aware,codex116:29:116028:1525,818.9161047935486,113412,1,6.970377027988434,6.970977749675512
cache_aware,codex359:8:359007:1910,819.0562415122986,40918,1,6.80727368965745,6.807550650089979
cache_aware,codex255:7:255006:1911,819.2234125137329,53757,1,6.6487460397183895,6.649077992886305
cache_aware,codex315:35:315034:1407,819.5331177711487,94631,1,4.583131831139326,4.583987891674042
cache_aware,codex453:13:453012:1644,819.9102470874786,85744,1,65.10104075074196,65.10149615257978
cache_aware,codex509:40:509039:1599,820.2930073738098,105645,1,5.586416460573673,5.586987171322107
cache_aware,codex362:1:362000:2013,820.3548941612244,13910,1,5.505503069609404,5.5056396052241325
cache_aware,codex294:25:294024:1447,821.4955787658691,86785,1,89.01164798438549,89.01211817190051
cache_aware,codex511:22:511021:1805,821.7103021144867,64024,1,2.4113172329962254,2.411682356148958
cache_aware,codex228:50:228049:1367,822.3817074298859,163264,1,1.8640000894665718,1.8648221641778946
cache_aware,codex540:14:540013:1720,822.5603225231171,49739,1,95.31092632934451,95.31123902276158
cache_aware,codex382:26:382025:1629,822.8428056240082,78480,1,5.4726272858679295,5.47306676581502
cache_aware,codex76:11:76010:1903,822.9885437488556,40365,1,1.3203640952706337,1.3207018300890923
cache_aware,codex532:6:532005:2011,823.0838716030121,27877,1,1.2015907317399979,1.2018842957913876
cache_aware,codex139:3:139002:2014,823.3997032642365,42210,1,2.4680100455880165,2.468310873955488
cache_aware,codex171:8:171007:1875,823.5317754745483,39058,1,4.773427367210388,4.77368113771081
cache_aware,codex389:3:389002:2006,824.2327189445496,30519,1,6.1064666621387005,6.106691412627697
cache_aware,codex215:41:215040:1658,824.7206695079803,90671,1,3.6014231145381927,3.60190636664629
cache_aware,codex228:51:228050:1372,825.4908282756805,166257,1,6.903671436011791,6.9045181050896645
cache_aware,codex343:11:343010:1921,825.6819236278534,55829,1,1.0324872024357319,1.0328572764992714
cache_aware,codex422:38:422037:1651,825.8539106845856,54467,1,6.5252375937998295,6.525580912828445
cache_aware,codex415:3:415002:2017,826.352600812912,31464,1,6.0217622220516205,6.021995205432177
cache_aware,codex76:12:76011:1913,826.4986205101013,42001,1,1.8039655834436417,1.8042431063950062
cache_aware,codex110:32:110031:1499,827.62531042099,144269,1,2.723448321223259,2.724205769598484
cache_aware,codex343:12:343011:1930,827.8168573379517,56822,1,3.8195175379514694,3.8198638632893562
cache_aware,codex139:4:139003:2023,827.9669647216797,47567,1,3.6651752926409245,3.6655034720897675
cache_aware,codex359:9:359008:1918,828.0974531173706,41753,1,0.8973234258592129,0.8976166248321533
cache_aware,codex511:23:511022:1821,828.2945311069489,64384,1,4.0892033241689205,4.089573618024588
cache_aware,codex241:1:241000:2036,828.4996821880341,13806,1,1.2857188135385513,1.2859545722603798
cache_aware,codex521:34:521033:1343,830.3295471668243,114718,1,132.14893078804016,132.14953346550465
cache_aware,codex266:25:266024:1320,830.9140920639038,157568,1,4.03568459302187,4.036493606865406
cache_aware,codex506:30:506029:1387,831.2794907093048,105815,1,3.660290438681841,3.66087918356061
cache_aware,codex509:41:509040:1619,831.6209585666656,106105,1,1.5262495055794716,1.5268057994544506
cache_aware,codex129:6:129005:1880,831.8813004493713,42057,1,3.050617389380932,3.0509015657007694
cache_aware,codex215:42:215041:1671,832.2347054481506,90794,1,1.047763753682375,1.0482518821954727
cache_aware,codex171:9:171008:1897,832.3685348033905,39249,1,0.7584822773933411,0.7587587684392929
cache_aware,codex603:15:603014:1853,832.9755737781525,78928,1,0.9931303448975086,0.9935830421745777
cache_aware,codex359:10:359009:1934,833.1195964813232,42626,1,0.6258924044668674,0.6262717843055725
cache_aware,codex362:2:362001:2040,833.6122934818268,33623,1,4.863395471125841,4.863639544695616
cache_aware,codex525:5:525004:1923,834.6016354560852,37566,1,132.3721972629428,132.37245719507337
cache_aware,codex495:19:495018:1676,834.9217176437378,95900,1,4.4924429059028625,4.492983628064394
cache_aware,codex532:7:532006:2044,835.176246881485,29611,1,0.6517274118959904,0.6520677953958511
cache_aware,codex291:6:291005:1939,835.5202476978302,59098,1,3.9016191735863686,3.901973284780979
cache_aware,codex603:16:603015:1864,835.7798802852631,79149,1,3.0224775224924088,3.022941216826439
cache_aware,codex215:43:215042:1686,836.2538678646088,90949,1,3.625777028501034,3.6263819001615047
cache_aware,codex88:16:88015:1760,836.6413998603821,119720,1,3.634714290499687,3.635444976389408
cache_aware,codex110:33:110032:1524,837.1226229667664,144582,1,2.835326112806797,2.836049534380436
cache_aware,codex389:4:389003:2033,837.3048257827759,51075,1,11.231989596039057,11.232304744422436
cache_aware,codex192:27:192026:1556,837.6179366111755,89711,1,164.99223570898175,164.99275732412934
cache_aware,codex272:1:272000:2051,837.7093875408173,13914,1,2.418508544564247,2.4187351129949093
cache_aware,codex241:2:241001:2055,837.7613883018494,15900,1,2.1053035147488117,2.10545551776886
cache_aware,codex343:13:343012:1952,837.9587359428406,56899,1,1.9766292423009872,1.976964294910431
cache_aware,codex129:7:129006:1895,838.0966680049896,42218,1,2.0790029540657997,2.0792782939970493
cache_aware,codex116:30:116029:1574,838.4669637680054,113614,1,4.635004073381424,4.635634534060955
cache_aware,codex422:39:422038:1669,838.6512458324432,54723,1,9.896493434906006,9.896812964230776
cache_aware,codex359:11:359010:1955,838.793116569519,44533,1,4.57268151268363,4.573767054826021
cache_aware,codex405:14:405013:1852,838.9661691188812,52787,1,4.396285314112902,4.4003115482628345
cache_aware,codex352:8:352007:1789,839.1196336746216,48531,1,136.30141181498766,136.30170499533415
cache_aware,codex109:16:109015:1610,839.2355105876923,36600,1,0.9366441518068314,0.9372498206794262
cache_aware,codex522:15:522014:1927,839.402093410492,53179,1,3.968523569405079,3.968842275440693
cache_aware,codex308:23:308022:1682,840.9535036087036,128344,1,2.4852846041321754,2.4859295189380646
cache_aware,codex272:2:272001:2060,841.0124921798706,15607,1,1.8810143433511257,1.8811741918325424
cache_aware,codex76:13:76012:1959,841.1543591022491,42708,1,2.9743133261799812,2.9746865443885326
cache_aware,codex88:17:88016:1772,841.5599639415741,120979,1,7.0195414908230305,7.02017355337739
cache_aware,codex139:5:139004:2047,841.7349491119385,50678,1,2.334408514201641,2.3347379602491856
cache_aware,codex603:17:603016:1876,841.9967277050018,79563,1,2.1794973239302635,2.1799545288085938
cache_aware,codex228:52:228051:1411,842.5642492771149,166832,1,6.027479004114866,6.028320375829935
cache_aware,codex315:36:315035:1476,842.8863410949707,95119,1,5.685514751821756,5.686007514595985
cache_aware,codex255:8:255007:1976,843.0761430263519,56716,1,5.298546839505434,5.2988895028829575
cache_aware,codex343:14:343013:1969,843.6897416114807,61619,1,4.841478232294321,4.841828744858503
cache_aware,codex506:31:506030:1420,844.0582096576691,106469,1,4.485543787479401,4.486093390733004
cache_aware,codex405:15:405014:1861,844.6499562263489,53128,1,3.876470148563385,3.877938024699688
cache_aware,codex272:3:272002:2067,845.234982252121,24304,1,3.1357194781303406,3.135913372039795
cache_aware,codex215:44:215043:1712,845.6559824943542,91114,1,2.910128101706505,2.9106268398463726
cache_aware,codex603:18:603017:1885,845.9402031898499,81465,1,2.620375096797943,2.6208136714994907
cache_aware,codex524:21:524020:1456,846.17760014534,74576,1,2.378242950886488,2.378660202026367
cache_aware,codex308:24:308023:1698,846.5853717327118,128498,1,3.084180772304535,3.0848628245294094
cache_aware,codex508:38:508037:1683,847.0281553268433,129792,1,7.861429944634438,7.862135693430901
cache_aware,codex495:20:495019:1707,847.3828868865967,98005,1,3.325283333659172,3.3258370608091354
cache_aware,codex291:7:291006:1972,847.5843939781189,60642,1,2.0954157300293446,2.095775078982115
cache_aware,codex538:7:538006:2043,847.8102340698242,66776,1,7.569672368466854,7.570068273693323
cache_aware,codex266:26:266025:1352,848.3554995059967,157964,1,1.7380469366908073,1.7388418540358543
cache_aware,codex129:8:129007:1928,848.5184352397919,43602,1,1.4865508377552032,1.4869459085166454
cache_aware,codex234:21:234020:1957,849.2369377613068,79915,1,6.1498218066990376,6.150264568626881
cache_aware,codex509:42:509041:1667,849.6537387371063,108512,1,5.009580090641975,5.010175358504057
cache_aware,codex532:8:532007:2079,849.9266035556793,30048,1,5.4430579431355,5.443273063749075
cache_aware,codex110:34:110033:1568,850.6930093765259,144724,1,4.405432503670454,4.406188644468784
cache_aware,codex139:6:139005:2068,850.9818744659424,56911,1,3.672062613070011,3.672427646815777
cache_aware,codex603:19:603018:1902,851.4107475280762,81645,1,3.9822013564407825,3.982648380100727
cache_aware,codex109:17:109016:1645,851.536230802536,36781,1,2.7449212819337845,2.745190840214491
cache_aware,codex359:12:359011:1987,851.6847348213196,45144,1,3.6891787238419056,3.68946972489357
cache_aware,codex266:27:266026:1360,852.2483088970184,158305,1,4.675634350627661,4.677130173891783
cache_aware,codex241:3:241002:2092,852.3513369560242,27170,1,5.1147520169615746,5.115045376121998
cache_aware,codex255:9:255008:1990,852.5368905067444,57208,1,4.3685609102249146,4.368900008499622
cache_aware,codex291:8:291007:1986,852.7350559234619,63982,1,4.681544102728367,4.6819417253136635
cache_aware,codex308:25:308024:1709,853.1707482337952,128619,1,3.762473288923502,3.7631542831659317
cache_aware,codex305:8:305007:1979,853.5777730941772,123056,1,5.020350161939859,5.020988781005144
cache_aware,codex495:21:495020:1722,853.9158630371094,101516,1,7.8188832476735115,7.821196034550667
cache_aware,codex129:9:129008:1941,854.0885031223297,50699,1,6.3499040231108665,6.350227691233158
cache_aware,codex40:1:40000:2099,854.1377921104431,13459,1,5.629069741815329,5.6292088106274605
cache_aware,codex143:7:143006:2041,854.275584936142,41790,1,157.2673062942922,157.2675944417715
cache_aware,codex522:16:522015:1970,854.4674353599548,54274,1,2.4290974624454975,2.429436445236206
cache_aware,codex405:16:405015:1888,854.6450550556183,53328,1,2.255840338766575,2.2561609372496605
cache_aware,codex511:24:511023:1905,854.8759872913361,64647,1,6.849650103598833,6.859261326491833
cache_aware,codex422:40:422039:1700,855.0740292072296,54915,1,6.646848671138287,6.661640018224716
cache_aware,codex524:22:524021:1485,855.3607270717621,75862,1,6.8607923202216625,6.861454799771309
cache_aware,codex315:37:315036:1507,856.0039908885956,95404,1,6.020049273967743,6.020563784986734
cache_aware,codex508:39:508038:1694,856.442253112793,130135,1,1.638532042503357,1.639213901013136
cache_aware,codex272:4:272003:2097,856.6115489006042,45359,1,8.821355801075697,8.821720093488693
cache_aware,codex389:5:389004:2057,856.7874636650085,55170,1,5.230291802436113,5.230644531548023
cache_aware,codex532:9:532008:2085,856.8881924152374,30507,1,1.1357149183750153,1.1359366215765476
cache_aware,codex88:18:88017:1807,857.4036688804626,121486,1,3.0523707047104836,3.0529945120215416
cache_aware,codex359:13:359012:1996,858.0176756381989,49965,1,2.424012217670679,2.424317330121994
cache_aware,codex76:14:76013:2015,858.7979626655579,44893,1,1.9487540051341057,1.9491609707474709
cache_aware,codex109:18:109017:1661,858.9646084308624,36880,1,6.4590527676045895,6.459288541227579
cache_aware,codex241:4:241003:2106,859.0651214122772,30914,1,3.1180834248661995,3.118539873510599
cache_aware,codex234:22:234021:1977,859.5185956954956,82270,1,5.889891866594553,5.890385512262583
cache_aware,codex291:9:291008:1993,859.7614324092865,72387,1,5.667752951383591,5.668286457657814
cache_aware,codex603:20:603019:1920,860.0426845550537,81826,1,5.370965640991926,5.371417295187712
cache_aware,codex509:43:509042:1691,860.4258048534393,108769,1,1.2150497324764729,1.216212186962366
cache_aware,codex456:1:456000:2135,861.3241302967072,13377,1,1.2613010741770267,1.261541023850441
cache_aware,codex532:10:532009:2102,861.6266314983368,31073,1,1.7489652298390865,1.749208502471447
cache_aware,codex129:10:129009:1953,862.0094056129456,53898,1,3.4281336404383183,3.4284591898322105
cache_aware,codex76:15:76014:2021,862.846598148346,45903,1,2.5728623643517494,2.573294587433338
cache_aware,codex508:40:508039:1716,863.3091583251953,130384,1,2.2173309661448,2.2180085480213165
cache_aware,codex40:2:40001:2121,863.3712747097015,17142,1,2.7308953180909157,2.7310587987303734
cache_aware,codex88:19:88018:1820,863.7762994766235,121634,1,4.108205214142799,4.108849633485079
cache_aware,codex506:32:506031:1478,864.1505138874054,107296,1,3.3387759402394295,3.339386075735092
cache_aware,codex266:28:266027:1386,864.7389986515045,158410,1,2.760888949036598,2.7617676705121994
cache_aware,codex305:9:305008:2003,865.1799306869507,127991,1,6.43343909829855,6.434298802167177
cache_aware,codex456:2:456001:2148,865.2426028251648,17071,1,5.83965291082859,5.839797735214233
cache_aware,codex362:3:362002:2126,865.3814520835876,41327,1,2.899442344903946,2.8997298926115036
cache_aware,codex443:13:443012:1817,865.8286228179932,51609,1,145.72847869992256,145.72879331186414
cache_aware,codex603:21:603020:1925,866.6033277511597,83629,1,4.592178098857403,4.59264624491334
cache_aware,codex495:22:495021:1735,866.9566006660461,107449,1,7.775503441691399,7.77607798948884
cache_aware,codex241:5:241004:2131,867.0746607780457,35394,1,4.005864895880222,4.006120916455984
cache_aware,codex139:7:139006:2115,867.2918744087219,60021,1,4.34796866029501,4.348334286361933
cache_aware,codex129:11:129010:1961,867.4745137691498,55724,1,1.3363415151834488,1.3366941139101982
cache_aware,codex389:6:389005:2076,868.0984706878662,58066,1,6.618518605828285,6.6188501082360744
cache_aware,codex272:5:272004:2124,868.2639310359955,45754,1,0.5674397237598896,0.5678341500461102
cache_aware,codex255:10:255009:2030,868.6597723960876,58484,1,2.42722574621439,2.4275879710912704
cache_aware,codex64:8:64007:2026,869.2694323062897,104110,1,6.94156214594841,6.942112952470779
cache_aware,codex166:25:166024:1462,869.6130979061127,102388,1,176.50029424205422,176.50087563320994
cache_aware,codex421:16:421015:1666,869.811158657074,59397,1,1.6231344193220139,1.6235249638557434
cache_aware,codex251:1:251000:2160,869.8608553409576,13343,1,5.955396372824907,5.95555217936635
cache_aware,codex524:23:524022:1520,870.114997625351,76421,1,4.479654788970947,4.4800970032811165
cache_aware,codex315:38:315037:1538,870.4226603507996,95945,1,4.302803434431553,4.303328774869442
cache_aware,codex362:4:362003:2141,870.5812261104584,45483,1,5.604817450046539,5.605205800384283
cache_aware,codex522:17:522016:2018,870.8533523082733,57334,1,5.337375808507204,5.337722484022379
cache_aware,codex538:8:538007:2082,871.0735604763031,67589,1,3.5155000761151314,3.515919677913189
cache_aware,codex532:11:532010:2134,871.186582326889,31343,1,1.452545154839754,1.452782291918993
cache_aware,codex509:44:509043:1730,872.2440919876099,108914,1,3.9603412821888924,3.960905145853758
cache_aware,codex421:17:421016:1673,872.4444830417633,59780,1,2.268860373646021,2.269232604652643
cache_aware,codex287:10:287009:1856,872.6326069831848,59447,1,185.47663797065616,185.47706246748567
cache_aware,codex511:25:511024:1947,872.8458788394928,65838,1,3.468924529850483,3.4693121649324894
cache_aware,codex355:12:355011:2091,872.9350044727325,27205,1,3.2464721724390984,3.2467161007225513
cache_aware,codex234:23:234022:2005,873.2029757499695,82606,1,3.557533022016287,3.558014638721943
cache_aware,codex266:29:266028:1410,873.7481098175049,158587,1,4.222601383924484,4.223389159888029
cache_aware,codex603:22:603021:1935,874.0476739406586,84079,1,2.1495874486863613,2.1500425152480602
cache_aware,codex40:3:40002:2152,874.1467387676239,27369,1,3.790200524032116,3.790412537753582
cache_aware,codex508:41:508040:1742,874.577309846878,130837,1,3.374098561704159,3.3748568445444107
cache_aware,codex456:3:456002:2164,874.7047724723816,31822,1,3.2362625151872635,3.2364798225462437
cache_aware,codex506:33:506032:1512,875.5795233249664,108443,1,2.528940200805664,2.5296117179095745
cache_aware,codex421:18:421017:1678,875.8111696243286,61066,1,2.326239474117756,2.326593544334173
cache_aware,codex495:23:495022:1746,876.1723697185516,107912,1,1.7860526703298092,1.7867788448929787
cache_aware,codex405:17:405016:1962,876.996600151062,53785,1,1.0806186236441135,1.080946709960699
cache_aware,codex64:9:64008:2031,877.3386590480804,105437,1,2.740603379905224,2.7411648966372013
cache_aware,codex315:39:315038:1551,877.670825958252,96141,1,2.414574295282364,2.4150883667171
cache_aware,codex129:12:129011:1992,877.8830037117004,63261,1,7.121844902634621,7.12224680185318
cache_aware,codex217:1:217000:2187,877.9329178333282,13563,1,2.1375553756952286,2.1376973129808903
cache_aware,codex241:6:241005:2163,879.0349590778351,38829,1,1.4044225439429283,1.404885683208704
cache_aware,codex109:19:109018:1717,879.1721012592316,40571,1,7.53560147061944,7.5399696454405785
cache_aware,codex139:8:139007:2150,879.4250648021698,73734,1,8.81429423764348,8.814871434122324
cache_aware,codex251:2:251001:2180,879.4818646907806,16537,1,1.7115625478327274,1.7117285802960396
cache_aware,codex506:34:506033:1518,879.8604738712311,112592,1,6.912537828087807,6.913216419517994
cache_aware,codex421:19:421018:1690,880.0650949478149,63573,1,6.646621070802212,6.647429879754782
cache_aware,codex116:31:116030:1679,880.9938008785248,115540,1,5.6369590274989605,5.63759745657444
cache_aware,codex362:5:362004:2159,881.1884276866913,54285,1,8.981958236545324,8.982461754232645
cache_aware,codex522:18:522017:2034,881.3838367462158,57965,1,8.791813850402832,8.792357478290796
cache_aware,codex171:10:171009:2050,881.5260000228882,42602,1,9.997952472418547,9.998231183737516
cache_aware,codex217:2:217001:2195,881.6369836330414,28295,1,12.707079030573368,12.707282017916441
cache_aware,codex508:42:508041:1763,882.0678050518036,131258,1,4.615297555923462,4.6159630082547665
cache_aware,codex64:10:64009:2038,882.4261345863342,107817,1,9.5027847699821,9.503969550132751
cache_aware,codex40:4:40003:2170,882.5840730667114,44703,1,27.930443335324526,27.930718015879393
cache_aware,codex495:24:495023:1774,883.0057570934296,128966,1,24.144515994936228,24.1451703235507
cache_aware,codex509:45:509044:1756,883.3758957386017,109122,1,6.817415487021208,6.818326819688082
cache_aware,codex234:24:234023:2025,883.6606068611145,83422,1,3.0608375556766987,3.0612927190959454
cache_aware,codex415:4:415003:2169,883.773332118988,33575,1,26.723576847463846,26.723797384649515
cache_aware,codex110:35:110034:1639,884.2532334327698,146863,1,7.686995945870876,7.687742859125137
cache_aware,codex255:11:255010:2058,884.4769818782806,63534,1,5.7044851034879684,5.705072943121195
cache_aware,codex422:41:422040:1782,884.6807005405426,55093,1,25.820714723318815,25.821040712296963
cache_aware,codex511:26:511025:1980,884.9014236927032,66811,1,28.68518976867199,28.68558531627059
cache_aware,codex355:13:355012:2129,884.9956033229828,27664,1,0.3818418085575104,0.3820600286126137
cache_aware,codex456:4:456003:2194,885.9252712726593,39540,1,2.3377471156418324,2.3380040898919106
cache_aware,codex158:1:158000:2203,885.9778861999512,13320,1,1.767527338117361,1.7676620036363602
cache_aware,codex266:30:266029:1434,886.6120092868805,158976,1,4.030162375420332,4.030971858650446
cache_aware,codex421:20:421019:1697,887.31787109375,69307,1,4.602551247924566,4.603070233017206
cache_aware,codex603:23:603022:1981,887.6111636161804,84622,1,2.5540167950093746,2.5547565557062626
cache_aware,codex241:7:241006:2189,887.741539478302,38958,1,2.276337493211031,2.2766204550862312
cache_aware,codex278:20:278019:1647,888.0626225471497,94789,1,201.70261712372303,201.7031477317214
cache_aware,codex506:35:506034:1530,888.9935212135315,114173,1,2.9863881804049015,2.986981149762869
cache_aware,codex234:25:234024:2032,889.3403179645538,86728,1,2.875217191874981,2.875695340335369
cache_aware,codex116:32:116031:1695,889.7382836341858,117216,1,2.9570778757333755,2.9576968997716904
cache_aware,codex355:14:355013:2147,889.835319519043,28644,1,2.1089965775609016,2.1092219464480877
cache_aware,codex359:14:359013:2078,889.9992442131042,51045,1,2.718051955103874,2.718355629593134
cache_aware,codex456:5:456004:2200,890.1523213386536,42018,1,1.0402707532048225,1.0405583530664444
cache_aware,codex158:2:158001:2221,892.3961112499237,20981,1,1.9455177336931229,1.9456950388848782
cache_aware,codex76:16:76015:2096,892.9449043273926,46242,1,3.220245748758316,3.2205738350749016
cache_aware,codex508:43:508042:1793,893.38889336586,131463,1,2.7922315932810307,2.7929183579981327
cache_aware,codex308:26:308025:1844,893.8275458812714,128782,1,2.3617161959409714,2.3623683489859104
cache_aware,codex359:15:359014:2081,893.9978618621826,51435,1,4.430185709148645,4.430645313113928
cache_aware,codex121:13:121012:1916,894.2040390968323,64477,1,208.4037963412702,208.40417396649718
cache_aware,codex109:20:109019:1739,894.3368952274323,40798,1,5.017425507307053,5.0269472897052765
cache_aware,codex37:1:37000:2226,894.392245054245,14001,1,4.958482138812542,4.971827607601881
cache_aware,codex116:33:116032:1705,894.7778651714325,118735,1,6.473281193524599,6.473891701549292
cache_aware,codex506:36:506035:1545,895.1762368679047,114568,1,4.187228001654148,4.189711168408394
cache_aware,codex305:10:305009:2063,895.7397811412811,155592,1,25.538328509777784,25.539123240858316
cache_aware,codex603:24:603023:1995,896.0363881587982,85741,1,2.1206690594553947,2.121137395501137
cache_aware,codex355:15:355014:2162,896.1440224647522,33132,1,2.0071484707295895,2.007390294224024
cache_aware,codex64:11:64010:2049,896.6038258075714,108525,1,1.5604578219354153,1.5610380098223686
cache_aware,codex522:19:522018:2048,896.8066854476929,58942,1,4.4318187572062016,4.432176064699888
cache_aware,codex421:21:421020:1719,897.0953915119171,71225,1,2.302269697189331,2.3026752918958664
cache_aware,codex362:6:362005:2188,897.2844166755676,59626,1,3.957882296293974,3.958231508731842
cache_aware,codex508:44:508043:1802,897.7897078990936,131609,1,1.4243697114288807,1.425166066735983
cache_aware,codex171:11:171010:2070,897.945817232132,44695,1,1.1043407581746578,1.1046578995883465
cache_aware,codex389:7:389006:2165,898.1432280540466,60716,1,15.437937706708908,15.438283436000347
cache_aware,codex76:17:76016:2107,898.3663275241852,46848,1,0.8657078519463539,0.8660063967108727
power_of_two,codex543:8:543007:431,300.68523716926575,38215,1,0.9763602614402771,0.9766893610358238
power_of_two,codex220:3:220002:403,300.77007508277893,26327,1,3.9613176360726357,3.961631078273058
power_of_two,codex81:14:81013:416,301.2518410682678,46868,1,3.4896451346576214,3.4901254065334797
power_of_two,codex483:19:483018:344,302.3596227169037,87909,1,1.9380088560283184,1.938506931066513
power_of_two,codex543:9:543008:435,302.4877977371216,39790,1,2.2485025599598885,2.248917583376169
power_of_two,codex436:5:436004:439,303.5347309112549,29579,1,2.425473138689995,2.425688285380602
power_of_two,codex215:1:215000:442,303.58115577697754,13107,1,1.2146321274340153,1.2149556800723076
power_of_two,codex25:5:25004:422,304.15006494522095,27860,1,1.988312028348446,1.9885198399424553
power_of_two,codex70:22:70021:296,304.64987111091614,93159,1,1.655625130981207,1.6561404578387737
power_of_two,codex71:3:71002:444,304.72585701942444,19664,1,1.4086698852479458,1.4088521972298622
power_of_two,codex361:5:361004:419,304.9373993873596,27197,1,1.4779153689742088,1.4782050140202045
power_of_two,codex238:15:238014:279,305.3681364059448,132169,1,7.459691561758518,7.460434198379517
power_of_two,codex526:10:526009:406,305.6090841293335,51864,1,4.171742536127567,4.17225469276309
power_of_two,codex586:14:586013:412,305.77107644081116,50808,1,1.089765541255474,1.0900753177702427
power_of_two,codex108:24:108023:374,305.95330476760864,59269,1,0.9110666215419769,0.9114014990627766
power_of_two,codex315:5:315004:434,306.1294560432434,52972,1,3.442325234413147,3.4427785091102123
power_of_two,codex509:2:509001:450,306.7173593044281,19675,1,2.8645485155284405,2.8647047728300095
power_of_two,codex543:10:543009:443,306.85379576683044,40432,1,0.6705805212259293,0.670932799577713
power_of_two,codex70:23:70022:302,308.83926939964294,94671,1,2.6695355996489525,2.670153457671404
power_of_two,codex250:12:250011:396,309.0197117328644,56433,1,1.777509767562151,1.7778444178402424
power_of_two,codex108:25:108024:386,309.2361350059509,59342,1,1.075564507395029,1.075913354754448
power_of_two,codex543:11:543010:453,309.9976944923401,43234,1,4.801095809787512,4.801472779363394
power_of_two,codex483:20:483019:358,310.3009023666382,93316,1,5.161519229412079,5.162317495793104
power_of_two,codex65:20:65019:373,310.7862055301666,99263,1,3.7106162309646606,3.711267899721861
power_of_two,codex215:2:215001:462,310.98140811920166,39843,1,5.674446854740381,5.67471706867218
power_of_two,codex350:23:350022:350,311.49432730674744,100411,1,3.0641607344150543,3.0671248957514763
power_of_two,codex73:1:73000:460,311.70303893089294,13617,1,6.937790289521217,6.93792600184679
power_of_two,codex250:13:250012:399,311.90590810775757,57441,1,7.178380683064461,7.178748641163111
power_of_two,codex361:6:361005:438,312.07126092910767,28932,1,2.489875264465809,2.490070816129446
power_of_two,codex152:8:152007:429,313.748642206192,69766,1,1.5240157656371593,1.5244274102151394
power_of_two,codex71:4:71003:469,315.4396057128906,31558,1,4.149011366069317,4.149231966584921
power_of_two,codex526:11:526010:425,316.192387342453,52541,1,1.66835081204772,1.6687787659466267
power_of_two,codex506:14:506013:420,316.484904050827,88788,1,4.678753703832626,4.679260905832052
power_of_two,codex543:12:543011:456,316.6289942264557,44523,1,2.963211838155985,2.9634911119937897
power_of_two,codex436:6:436005:467,316.94421315193176,30281,1,0.5727206133306026,0.5730091854929924
power_of_two,codex315:6:315005:457,317.51063990592957,55594,1,2.0851164124906063,2.085445251315832
power_of_two,codex363:12:363011:397,318.46502232551575,100281,1,2.70487180352211,2.7054035551846027
power_of_two,codex488:14:488013:417,318.6365542411804,52685,1,5.231726128607988,5.232187692075968
power_of_two,codex70:24:70023:326,318.9646670818329,95128,1,4.979745201766491,4.980353645980358
power_of_two,codex436:7:436006:473,319.0781545639038,35017,1,4.857068806886673,4.86022188141942
power_of_two,codex483:21:483020:369,319.4767150878906,93865,1,1.8188372738659382,1.819440919905901
power_of_two,codex361:7:361006:452,319.58378624916077,29427,1,0.5684040226042271,0.5687015317380428
power_of_two,codex65:21:65020:392,320.660968542099,100072,1,1.9983022101223469,1.9988673031330109
power_of_two,codex25:6:25005:461,321.1543641090393,29495,1,0.770165678113699,0.7705032974481583
power_of_two,codex238:16:238015:301,321.84096813201904,133620,1,2.222341049462557,2.2230161391198635
power_of_two,codex215:3:215002:485,322.2497944831848,45079,1,2.111959271132946,2.1123272888362408
power_of_two,codex152:9:152008:449,322.93155097961426,70391,1,1.3615544736385345,1.361949235200882
power_of_two,codex526:12:526011:441,323.1613202095032,52934,1,0.7334988489747047,0.7338964007794857
power_of_two,codex250:14:250013:410,323.68115425109863,63753,1,4.79641729593277,4.796825263649225
power_of_two,codex315:7:315006:468,324.67211413383484,58303,1,2.5075510814785957,2.5079966336488724
power_of_two,codex436:8:436007:479,324.83565044403076,35975,1,0.8574496023356915,0.8577014058828354
power_of_two,codex73:2:73001:482,325.1831727027893,21062,1,4.298023693263531,4.298290520906448
power_of_two,codex483:22:483021:387,325.5127866268158,94681,1,1.7184117138385773,1.719020664691925
power_of_two,codex526:13:526012:447,325.686772108078,53853,1,3.8492236733436584,3.850077636539936
power_of_two,codex506:15:506014:436,326.2379412651062,91680,1,6.265822179615498,6.2663265876472
power_of_two,codex215:4:215003:492,326.41102743148804,52733,1,6.085387859493494,6.085707563906908
power_of_two,codex25:7:25006:472,326.77131032943726,31305,1,2.7696957401931286,2.7699139453470707
power_of_two,codex65:22:65021:400,327.09733605384827,100354,1,1.3866693191230297,1.3872361779212952
power_of_two,codex422:10:422009:480,327.6624779701233,33410,1,1.5063933953642845,1.5067277178168297
power_of_two,codex228:22:228021:430,327.8868775367737,71422,1,2.942983817309141,2.9433892369270325
power_of_two,codex363:13:363012:411,328.2197461128235,102936,1,4.290654692798853,4.29120235145092
power_of_two,codex29:14:29013:437,328.4198853969574,61856,1,2.4052938148379326,2.405665673315525
power_of_two,codex135:1:135000:499,328.469562292099,13483,1,4.023547206073999,4.023686647415161
power_of_two,codex422:11:422010:488,330.8175468444824,34871,1,1.5360410436987877,1.5362897478044033
power_of_two,codex509:3:509002:502,330.91563057899475,25548,1,1.6560657061636448,1.6563351042568684
power_of_two,codex152:10:152009:465,331.1890983581543,80379,1,6.528069287538528,6.528514642268419
power_of_two,codex108:26:108025:433,331.745450258255,59438,1,5.966857463121414,5.967205669730902
power_of_two,codex70:25:70024:352,332.06449913978577,95402,1,2.060741852968931,2.061352014541626
power_of_two,codex315:8:315007:486,332.26698756217957,58817,1,1.888844970613718,1.8891847506165504
power_of_two,codex73:3:73002:494,332.34981894493103,25975,1,1.322335097938776,1.32259276881814
power_of_two,codex411:7:411006:496,332.4892909526825,43415,1,1.0663435086607933,1.0667418614029884
power_of_two,codex250:15:250014:424,333.1870925426483,69601,1,4.521023482084274,4.521426372230053
power_of_two,codex436:9:436008:503,334.47133898735046,36243,1,0.5238058529794216,0.5240696743130684
power_of_two,codex192:1:192000:522,336.3196837902069,13423,1,1.382968857884407,1.3831092454493046
power_of_two,codex228:23:228022:448,337.0521740913391,72052,1,1.1852423660457134,1.1856605559587479
power_of_two,codex363:14:363013:428,337.39785647392273,103989,1,2.357400618493557,2.3579678684473038
power_of_two,codex526:14:526013:466,337.5792806148529,55494,1,1.591035857796669,1.5913702994585037
power_of_two,codex436:10:436009:516,337.69741702079773,36977,1,0.5352993570268154,0.5355403125286102
power_of_two,codex25:8:25007:497,338.2272741794586,31890,1,1.2382415421307087,1.2384572327136993
power_of_two,codex586:15:586014:491,338.57536482810974,51225,1,0.893596101552248,0.8938998803496361
power_of_two,codex411:8:411007:514,339.16331005096436,43840,1,0.5328686721622944,0.5332612656056881
power_of_two,codex29:15:29014:458,339.4582827091217,62734,1,1.2719637155532837,1.272344432771206
power_of_two,codex228:24:228023:455,340.6395082473755,72266,1,0.6560188084840775,0.6564354412257671
power_of_two,codex315:9:315008:504,341.6420443058014,59429,1,2.420743215829134,2.4211109653115273
power_of_two,codex73:4:73003:519,341.73587107658386,27097,1,0.8733428753912449,0.8736636899411678
power_of_two,codex436:11:436010:525,341.8594455718994,37293,1,0.7727616243064404,0.7730867564678192
power_of_two,codex509:4:509003:529,342.06154441833496,29637,1,2.1958483308553696,2.196053348481655
power_of_two,codex238:17:238016:357,343.5881209373474,142256,1,9.471001245081425,9.471754632890224
power_of_two,codex81:15:81014:518,343.7461473941803,47018,1,1.8391645178198814,1.8394673354923725
power_of_two,codex526:15:526014:481,344.2513976097107,57339,1,1.4088893979787827,1.4092361107468605
power_of_two,codex363:15:363014:440,344.60832381248474,104819,1,1.5722325518727303,1.5729005001485348
power_of_two,codex250:16:250015:445,344.83354091644287,69767,1,2.2690779119729996,2.2694850862026215
power_of_two,codex203:1:203000:536,344.88251638412476,13394,1,3.9533468075096607,3.9597370140254498
power_of_two,codex586:16:586015:508,345.04379296302795,52243,1,2.053841255605221,2.0541697815060616
power_of_two,codex483:23:483022:426,345.3517575263977,94999,1,1.7568140029907227,1.7573191300034523
power_of_two,codex228:25:228024:464,345.5781373977661,73252,1,3.2638956122100353,3.264895260334015
power_of_two,codex119:10:119009:463,346.11381435394287,62630,1,2.7592847608029842,2.759640224277973
power_of_two,codex152:11:152010:493,346.9598767757416,84188,1,3.8233899660408497,3.8239536806941032
power_of_two,codex25:9:25008:520,347.09051513671875,36929,1,1.69830172508955,1.6985600776970387
power_of_two,codex586:17:586016:511,348.10613083839417,52439,1,2.702053029090166,2.7023549303412437
power_of_two,codex526:16:526015:490,348.3760595321655,58002,1,1.6127131916582584,1.6130768805742264
power_of_two,codex543:13:543012:530,349.50937604904175,45033,1,0.7756994254887104,0.7759919799864292
power_of_two,codex25:10:25009:526,349.62612771987915,37534,1,1.089241661131382,1.0896009914577007
power_of_two,codex363:16:363015:454,349.97852540016174,105282,1,3.071405541151762,3.0720234736800194
power_of_two,codex135:2:135001:548,350.3775722980499,20230,1,2.910840142518282,2.9110915921628475
power_of_two,codex192:2:192001:562,350.5278890132904,20228,1,2.7739842496812344,2.7742805406451225
power_of_two,codex203:2:203001:549,351.1558256149292,32569,1,4.937318582087755,4.937762260437012
power_of_two,codex315:10:315009:527,351.82693243026733,62395,1,6.162178967148066,6.162661992013454
power_of_two,codex73:5:73004:538,351.9150199890137,27291,1,0.8945949710905552,0.8947932310402393
power_of_two,codex65:23:65022:459,352.3172240257263,107162,1,9.497295081615448,9.49788672477007
power_of_two,codex81:16:81015:531,352.509831905365,58106,1,6.192536540329456,6.192879408597946
power_of_two,codex228:26:228025:474,352.80235052108765,84538,1,9.751170869916677,9.751769505441189
power_of_two,codex110:1:110000:564,352.85509514808655,13568,1,7.6631701849401,7.66765458509326
power_of_two,codex215:5:215004:544,353.0382127761841,58071,1,2.7976572699844837,2.7980488054454327
power_of_two,codex73:6:73005:543,353.9615650177002,31329,1,7.253353666514158,7.25357186794281
power_of_two,codex238:18:238017:361,354.595091342926,145371,1,5.020089685916901,5.020994760096073
power_of_two,codex483:24:483023:446,354.9172143936157,95605,1,6.906903360038996,6.907403118908405
power_of_two,codex411:9:411008:552,355.2167594432831,44290,1,3.4821645617485046,3.4824535250663757
power_of_two,codex543:14:543013:541,355.3765208721161,50295,1,5.145971205085516,5.1469074338674545
power_of_two,codex25:11:25010:537,356.68060541152954,37858,1,2.0148412995040417,2.0151031613349915
power_of_two,codex215:6:215005:554,357.4209234714508,59922,1,1.441317331045866,1.4416713193058968
power_of_two,codex71:5:71004:570,357.5770070552826,47727,1,7.876947317272425,7.877259973436594
power_of_two,codex152:12:152011:515,357.8925633430481,86014,1,7.570838902145624,7.571300387382507
power_of_two,codex250:17:250016:471,358.25329184532166,69901,1,0.9043903425335884,0.9047801271080971
power_of_two,codex72:11:72010:505,358.5174241065979,77632,1,4.076850518584251,4.077282033860683
power_of_two,codex586:18:586017:532,358.68343234062195,52611,1,6.77432768419385,6.774631150066853
power_of_two,codex203:3:203002:573,360.27108550071716,39918,1,3.9451091326773167,3.9454011358320713
power_of_two,codex250:18:250017:478,360.95742321014404,70040,1,3.274996742606163,3.2756143026053905
power_of_two,codex119:11:119010:495,361.1617305278778,66465,1,3.0766845233738422,3.0772864893078804
power_of_two,codex294:1:294000:583,361.21090054512024,13225,1,2.695161435753107,2.6952900923788548
power_of_two,codex493:27:493026:506,361.4638743400574,85675,1,2.762220311909914,2.7630120627582073
power_of_two,codex29:16:29015:510,361.72562646865845,62919,1,2.9291550926864147,2.9295282773673534
power_of_two,codex110:2:110001:572,361.80450797080994,22383,1,2.844721794128418,2.8463335037231445
power_of_two,codex422:12:422011:565,362.05999517440796,37248,1,2.1521276384592056,2.152392126619816
power_of_two,codex363:17:363016:476,363.4020631313324,106754,1,7.652409732341766,7.653008785098791
power_of_two,codex238:19:238018:376,363.89736342430115,145775,1,3.08350095897913,3.084465254098177
power_of_two,codex72:12:72011:512,364.20504117012024,89350,1,9.019230902194977,9.019751712679863
power_of_two,codex509:5:509004:586,364.4110643863678,35388,1,1.7410595677793026,1.741406824439764
power_of_two,codex192:3:192002:594,364.7805595397949,29980,1,4.987248443067074,4.987466838210821
power_of_two,codex250:19:250018:483,365.1194474697113,70207,1,1.8897336535155773,1.8901294469833374
power_of_two,codex29:17:29016:517,365.34961128234863,66053,1,6.817654453217983,6.81803260371089
power_of_two,codex294:2:294001:592,365.43395256996155,25345,1,7.983315072953701,7.983501564711332
power_of_two,codex215:7:215006:579,365.7216680049896,60059,1,1.0782599113881588,1.0786231569945812
power_of_two,codex119:12:119011:501,365.9532301425934,73176,1,6.238674085587263,6.239090848714113
power_of_two,codex81:17:81016:556,366.1359143257141,58246,1,6.036527041345835,6.036869913339615
power_of_two,codex422:13:422012:574,366.3934142589569,39880,1,9.307985495775938,9.310700807720423
power_of_two,codex25:12:25011:566,366.7925052642822,38804,1,5.366902511566877,5.367142975330353
power_of_two,codex110:3:110002:584,367.62348103523254,39740,1,4.533137425780296,4.53339783847332
power_of_two,codex238:20:238019:384,368.27340936660767,146311,1,3.911197815090418,3.91193301230669
power_of_two,codex65:24:65023:475,368.643346786499,111267,1,7.0668442361056805,7.067865800112486
power_of_two,codex203:4:203003:588,368.79614639282227,46058,1,3.3659736178815365,3.3662511110305786
power_of_two,codex116:1:116000:612,369.12484669685364,13777,1,3.0754303447902203,3.0756446719169617
power_of_two,codex436:12:436011:595,369.35612177848816,37698,1,0.5123690329492092,0.5127253644168377
power_of_two,codex411:10:411009:585,369.76243567466736,44597,1,0.6680638864636421,0.6684706509113312
power_of_two,codex192:4:192003:605,370.7442467212677,36263,1,2.6705957166850567,2.671117179095745
power_of_two,codex152:13:152012:528,371.5064072608948,87205,1,3.3028851710259914,3.303485970944166
power_of_two,codex526:17:526016:542,371.71979904174805,58364,1,1.7302199229598045,1.730588138103485
power_of_two,codex509:6:509005:611,371.8397102355957,36179,1,3.0076880864799023,3.0082287415862083
power_of_two,codex436:13:436012:607,371.98579382896423,44349,1,3.742922693490982,3.7432910837233067
power_of_two,codex543:15:543014:580,372.1452705860138,50727,1,2.706243947148323,2.706551093608141
power_of_two,codex71:6:71005:599,372.80464363098145,57230,1,4.352964743971825,4.353308781981468
power_of_two,codex586:19:586018:553,372.9724774360657,54077,1,1.423910479992628,1.4242443218827248
power_of_two,codex116:2:116001:619,373.1073989868164,39647,1,6.784108053892851,6.784377362579107
power_of_two,codex526:18:526017:550,375.5364558696747,58801,1,1.0660084448754787,1.066466685384512
power_of_two,codex110:4:110003:609,376.5600905418396,44001,1,3.540719587355852,3.5410483218729496
power_of_two,codex493:28:493027:534,377.148410320282,85849,1,2.960522133857012,2.961004748940468
power_of_two,codex65:25:65024:484,377.5889239311218,127107,1,15.425657540559769,15.426350519061089
power_of_two,codex521:1:521000:634,377.6415226459503,13521,1,6.549809083342552,6.553238857537508
power_of_two,codex152:14:152013:533,377.9179120063782,87698,1,3.17483427003026,3.175364386290312
power_of_two,codex526:19:526018:560,378.1102554798126,62428,1,9.769979648292065,9.770337041467428
power_of_two,codex135:3:135002:625,378.24049735069275,39788,1,9.635104026645422,9.636040717363358
power_of_two,codex483:25:483024:487,378.53886556625366,95729,1,5.661063585430384,5.662026446312666
power_of_two,codex238:21:238020:395,378.99839448928833,146773,1,4.202796556055546,4.2036877535283566
power_of_two,codex192:5:192004:624,379.1268701553345,37765,1,8.47141321375966,8.471661519259214
power_of_two,codex73:7:73006:593,379.22330689430237,31697,1,8.371800694614649,8.372025575488806
power_of_two,codex506:16:506015:545,379.54386591911316,93738,1,3.247212693095207,3.247715573757887
power_of_two,codex509:7:509006:626,379.69701743125916,44064,1,9.823617368936539,9.823915682733059
power_of_two,codex215:8:215007:617,379.8849341869354,60545,1,2.9001355469226837,2.900516502559185
power_of_two,codex71:7:71006:615,380.0935356616974,63201,1,11.576972126960754,11.57928066700697
power_of_two,codex25:13:25012:590,380.2570631504059,42088,1,11.409503120929003,11.414571855217218
power_of_two,codex363:18:363017:509,382.7735002040863,107774,1,5.1651289984583855,5.165815237909555
power_of_two,codex315:11:315010:596,383.4959280490875,64178,1,2.2452535182237625,2.2456330843269825
power_of_two,codex422:14:422013:597,383.79744696617126,40792,1,1.9390260353684425,1.939294621348381
power_of_two,codex493:29:493028:551,384.6673631668091,86052,1,1.4166695326566696,1.41714583709836
power_of_two,codex521:2:521001:645,384.72983384132385,18474,1,1.2147408053278923,1.2149044014513493
power_of_two,codex506:17:506016:561,385.0187108516693,93935,1,1.5435502156615257,1.5440694093704224
power_of_two,codex152:15:152014:546,385.29227662086487,87856,1,1.5243291780352592,1.5247968956828117
power_of_two,codex72:13:72012:540,385.5784044265747,90727,1,2.1865075677633286,2.1870107203722
power_of_two,codex203:5:203004:631,385.72876238822937,47824,1,5.949843168258667,5.950151339173317
power_of_two,codex108:27:108026:558,387.30137395858765,59535,1,3.0036878921091557,3.0041523799300194
power_of_two,codex521:3:521002:650,387.38150000572205,24006,1,1.4329045340418816,1.4332071766257286
power_of_two,codex315:12:315011:608,387.58796405792236,67213,1,2.752449907362461,2.752825763076544
power_of_two,codex493:30:493029:563,388.4340076446533,89095,1,7.352551519870758,7.353081360459328
power_of_two,codex73:8:73007:602,388.6505608558655,38821,1,4.669361546635628,4.669716704636812
power_of_two,codex521:4:521003:653,389.29500555992126,33138,1,4.271374955773354,4.271706819534302
power_of_two,codex238:22:238021:409,390.272301197052,149115,1,4.798910465091467,4.799659945070744
power_of_two,codex543:16:543015:628,390.5467495918274,59782,1,10.54264946654439,10.543330982327461
power_of_two,codex509:8:509007:636,391.02831411361694,45184,1,1.0931407697498798,1.0934253484010696
power_of_two,codex363:19:363018:521,392.11191296577454,108157,1,1.8711851350963116,1.8717734403908253
power_of_two,codex526:20:526019:575,392.37380170822144,62767,1,8.720534313470125,8.720907643437386
power_of_two,codex71:8:71007:622,393.0022327899933,66265,1,2.075862292200327,2.0762293338775635
power_of_two,codex213:1:213000:676,393.736976146698,13027,1,1.3173967115581036,1.3175229355692863
power_of_two,codex422:15:422014:627,393.9729964733124,42660,1,1.0878424271941185,1.0881068967282772
power_of_two,codex25:14:25013:601,394.22920656204224,42794,1,0.8290186300873756,0.8292956948280334
power_of_two,codex73:9:73008:613,394.6287453174591,43704,1,2.365809053182602,2.3663142882287502
power_of_two,codex152:16:152015:576,395.04687094688416,88005,1,2.1151245832443237,2.1159068904817104
power_of_two,codex71:9:71008:629,396.2020945549011,73809,1,10.624873392283916,10.625402748584747
power_of_two,codex70:26:70025:500,396.51736187934875,96307,1,3.301783677190542,3.3023071698844433
power_of_two,codex213:2:213001:686,397.1500942707062,21057,1,13.362543813884258,13.362726472318172
power_of_two,codex238:23:238022:418,397.66781973838806,149581,1,12.866785731166601,12.867548625916243
power_of_two,codex521:5:521004:670,397.92125368118286,41015,1,13.233137100934982,13.23891232907772
power_of_two,codex152:17:152016:581,398.20629620552063,88136,1,1.6183482110500336,1.6188187673687935
power_of_two,codex294:3:294002:671,398.3055830001831,30158,1,3.167943611741066,3.1681612506508827
power_of_two,codex65:26:65025:498,398.70597076416016,127219,1,2.776080023497343,2.776741374284029
power_of_two,codex203:6:203005:651,398.8713130950928,51988,1,2.9113348349928856,2.9117803536355495
power_of_two,codex72:14:72013:578,399.1694905757904,91340,1,11.99699691310525,11.997491136193275
power_of_two,codex361:8:361007:657,399.2633979320526,29784,1,2.5384956188499928,2.5387745648622513
power_of_two,codex493:31:493030:577,399.584769487381,104366,1,14.286142837256193,14.286687895655632
power_of_two,codex315:13:315012:639,399.8063426017761,67833,1,11.352734122425318,11.354671463370323
power_of_two,codex411:11:411010:674,400.460417509079,47095,1,4.210415963083506,4.210726752877235
power_of_two,codex73:10:73009:623,400.60555720329285,44935,1,9.912274990230799,9.912560760974884
power_of_two,codex110:5:110004:668,400.9917004108429,48340,1,3.6820722185075283,3.682355400174856
power_of_two,codex70:27:70026:507,401.4648504257202,97725,1,9.060282621532679,9.060807563364506
power_of_two,codex522:1:522000:695,401.93925046920776,13529,1,1.2777307219803333,1.2780025601387024
power_of_two,codex135:4:135003:672,402.3461468219757,43030,1,2.664401236921549,2.664700895547867
power_of_two,codex108:28:108027:591,402.54065346717834,59630,1,2.1375655755400658,2.1379164047539234
power_of_two,codex361:9:361008:661,402.65459179878235,32933,1,0.9608526490628719,0.9610909298062325
power_of_two,codex506:18:506017:614,404.0311267375946,94094,1,9.832615036517382,9.833145532757044
power_of_two,codex543:17:543016:641,404.25367498397827,67574,1,12.128352206200361,12.128728177398443
power_of_two,codex119:13:119012:589,404.5152840614319,78463,1,5.338602110743523,5.3390491753816605
power_of_two,codex25:15:25014:632,404.65672159194946,43124,1,11.712091945111752,11.712361600250006
power_of_two,codex483:26:483025:535,405.0005979537964,96435,1,1.963856004178524,1.9644766077399254
power_of_two,codex116:3:116002:694,405.1678304672241,48493,1,3.976337518543005,3.9769007489085197
power_of_two,codex203:7:203006:663,405.5657870769501,53691,1,1.3063588812947273,1.3066813871264458
power_of_two,codex509:9:509008:675,405.8260419368744,45999,1,3.3217701464891434,3.3220521956682205
power_of_two,codex65:27:65026:513,406.30495381355286,127774,1,5.115453884005547,5.1161881648004055
power_of_two,codex522:2:522001:708,406.37032175064087,15958,1,1.0108545236289501,1.0111023783683777
power_of_two,codex108:29:108028:598,406.55959033966064,59999,1,4.850961320102215,4.853375408798456
power_of_two,codex411:12:411011:679,406.715528011322,49868,1,1.7814418487250805,1.781740378588438
power_of_two,codex361:10:361009:673,406.81692910194397,33505,1,1.6657320708036423,1.6659825146198273
power_of_two,codex436:14:436013:692,407.5865581035614,55251,1,9.880414463579655,9.880835562944412
power_of_two,codex152:18:152017:606,408.111914396286,88259,1,1.8019118085503578,1.802395511418581
power_of_two,codex363:20:363019:559,408.4736416339874,109770,1,2.9978612437844276,2.9985208585858345
power_of_two,codex483:27:483026:547,410.3143584728241,96596,1,1.0421557053923607,1.0426705591380596
power_of_two,codex166:1:166000:715,410.36998987197876,14321,1,5.985269233584404,5.985407758504152
power_of_two,codex294:4:294003:696,410.50854301452637,39887,1,6.979523576796055,6.9797720573842525
power_of_two,codex526:21:526020:604,410.84255170822144,62969,1,5.530112475156784,5.530473377555609
power_of_two,codex192:6:192005:688,411.7095854282379,41600,1,1.4488849639892578,1.4494088403880596
power_of_two,codex361:11:361010:681,411.82333064079285,35258,1,4.933046363294125,4.938513696193695
power_of_two,codex203:8:203007:680,412.0011134147644,57198,1,4.760369908064604,4.761213310062885
power_of_two,codex521:6:521005:678,413.3227436542511,44376,1,3.035892501473427,3.0361752808094025
power_of_two,codex108:30:108029:610,413.5109796524048,60777,1,2.8525993563234806,2.852948520332575
power_of_two,codex152:19:152018:618,413.79983258247375,88423,1,3.212990153580904,3.21347014605999
power_of_two,codex72:15:72014:587,415.0223846435547,99459,1,9.395933412015438,9.400066703557968
power_of_two,codex363:21:363020:569,415.3960380554199,110123,1,3.715509057044983,3.716094922274351
power_of_two,codex70:28:70027:523,415.72619366645813,98291,1,2.806020136922598,2.8065651059150696
power_of_two,codex73:11:73010:642,415.885591506958,47407,1,3.246631685644388,3.2469188570976257
power_of_two,codex135:5:135004:702,416.03389072418213,47047,1,2.0180861465632915,2.0185643024742603
power_of_two,codex506:19:506018:620,416.34843730926514,94209,1,1.3011225685477257,1.3016339354217052
power_of_two,codex192:7:192006:700,416.5568788051605,41932,1,7.864529304206371,7.865885477513075
power_of_two,codex213:3:213002:704,416.6401789188385,25096,1,1.062208965420723,1.0624774061143398
power_of_two,codex543:18:543017:647,417.0024645328522,69881,1,7.424724459648132,7.42509612813592
power_of_two,codex166:2:166001:733,418.3038604259491,25686,1,4.111831992864609,4.112029850482941
power_of_two,codex240:1:240000:742,418.3501043319702,13247,1,1.4085429720580578,1.4086800664663315
power_of_two,codex116:4:116003:723,418.52213048934937,53663,1,4.62837241590023,4.628719948232174
power_of_two,codex228:27:228026:633,419.6094160079956,85140,1,3.5497904159128666,3.5502572245895863
power_of_two,codex294:5:294004:706,419.7541706562042,43521,1,4.6764710657298565,4.676744293421507
power_of_two,codex110:6:110005:707,420.0484764575958,53518,1,3.1052421182394028,3.1055551543831825
power_of_two,codex238:24:238023:451,422.1798241138458,150241,1,2.074170984327793,2.075193617492914
power_of_two,codex315:14:315013:667,422.40900921821594,71567,1,4.394746515899897,4.395538244396448
power_of_two,codex65:28:65027:539,422.8183252811432,127879,1,4.104451287537813,4.105583731085062
power_of_two,codex506:20:506019:638,423.1381747722626,94657,1,3.773545604199171,3.7744579911231995
power_of_two,codex213:4:213003:725,423.5005307197571,25687,1,0.4720575623214245,0.4723488427698612
power_of_two,codex152:20:152019:644,423.8257396221161,88547,1,2.7765171714127064,2.7770191840827465
power_of_two,codex25:16:25015:655,424.63419103622437,45536,1,1.9607780762016773,1.9610876329243183
power_of_two,codex493:32:493031:616,425.188494682312,107448,1,9.365467246621847,9.366025168448687
power_of_two,codex509:10:509009:714,425.34162616729736,46638,1,9.167629841715097,9.167906522750854
power_of_two,codex108:31:108030:640,425.5268189907074,61147,1,8.994519632309675,8.994866631925106
power_of_two,codex250:20:250019:646,425.7371771335602,70336,1,2.113791313022375,2.1142116114497185
power_of_two,codex436:15:436014:717,425.9152615070343,56377,1,2.9484884329140186,2.948818013072014
power_of_two,codex526:22:526021:635,426.16166281700134,70506,1,5.079579096287489,5.079977408051491
power_of_two,codex294:6:294005:713,426.31061148643494,48171,1,7.9016771130263805,7.901990603655577
power_of_two,codex192:8:192007:705,426.45334219932556,44576,1,8.058606151491404,8.058873411267996
power_of_two,codex213:5:213004:737,426.54427886009216,28569,1,2.3149557411670685,2.315169759094715
power_of_two,codex421:1:421000:763,426.59084606170654,13368,1,1.2552691213786602,1.2553960680961609
power_of_two,codex73:12:73011:662,427.18079924583435,48522,1,7.325309790670872,7.325615148991346
power_of_two,codex72:16:72015:603,427.59274339675903,100947,1,6.9528976790606976,6.953428193926811
power_of_two,codex215:9:215008:739,427.84088492393494,60740,1,3.3960590325295925,3.3964400216937065
power_of_two,codex506:21:506020:648,428.621661901474,94828,1,5.91758555918932,5.918085113167763
power_of_two,codex543:19:543018:654,428.8525924682617,71484,1,1.8361334949731827,1.8365695178508759
power_of_two,codex166:3:166002:758,429.45614361763,29783,1,1.3303346708416939,1.3306493237614632
power_of_two,codex521:7:521006:719,431.05793476104736,48033,1,3.456967629492283,3.4572492837905884
power_of_two,codex135:6:135005:741,431.22849202156067,52726,1,3.3007808811962605,3.3010924980044365
power_of_two,codex436:16:436015:730,431.5870645046234,59349,1,2.946097057312727,2.946436367928982
power_of_two,codex213:6:213005:748,431.68401432037354,29883,1,2.8337471708655357,2.8339514285326004
power_of_two,codex65:29:65028:557,432.10044836997986,129441,1,12.954404935240746,12.955067452043295
power_of_two,codex70:29:70028:555,432.4300305843353,98557,1,2.1318780332803726,2.1323951594531536
power_of_two,codex543:20:543019:660,432.66081714630127,71649,1,3.1720807626843452,3.172504734247923
power_of_two,codex119:14:119013:656,432.94104766845703,83945,1,8.70664258301258,8.70712462067604
power_of_two,codex315:15:315014:684,433.20060086250305,75438,1,4.487394742667675,4.487834490835667
power_of_two,codex361:12:361011:727,433.31480741500854,35643,1,2.508872155100107,2.509105145931244
power_of_two,codex152:21:152020:659,433.6633310317993,95587,1,9.901079654693604,9.901656184345484
power_of_two,codex238:25:238024:470,434.2001860141754,150775,1,2.601765777915716,2.603057336062193
power_of_two,codex215:10:215009:749,434.40109968185425,60991,1,1.427105639129877,1.4274598807096481
power_of_two,codex166:4:166003:770,434.5001893043518,31663,1,1.3206138722598553,1.3208301588892937
power_of_two,codex266:1:266000:785,434.75570583343506,14201,1,4.44595005735755,4.4460796900093555
power_of_two,codex509:11:509010:718,435.23767471313477,48849,1,9.805053412914276,9.805351205170155
power_of_two,codex363:22:363021:621,435.62805438041687,112118,1,13.096472129225731,13.097034480422735
power_of_two,codex73:13:73012:665,435.81252241134644,56464,1,12.892709083855152,12.893049284815788
power_of_two,codex421:2:421001:794,436.2735800743103,30402,1,8.763810764998198,8.764019552618265
power_of_two,codex116:5:116004:767,436.44816732406616,55876,1,10.338297259062529,10.343522768467665
power_of_two,codex250:21:250020:666,437.0180857181549,70506,1,9.77295969799161,9.774102456867695
power_of_two,codex70:30:70029:567,437.3281011581421,99004,1,11.390047151595354,11.390577290207148
power_of_two,codex110:7:110006:757,437.49498200416565,54220,1,1.710807740688324,1.7111268006265163
power_of_two,codex135:7:135006:754,437.664666891098,56222,1,9.308825079351664,9.309169195592403
power_of_two,codex506:22:506021:652,438.0105125904083,95022,1,1.201675470918417,1.2021786756813526
power_of_two,codex220:4:220003:755,438.14096570014954,40239,1,4.1543314680457115,4.154979821294546
power_of_two,codex238:26:238025:477,438.9341731071472,158093,1,9.800464190542698,9.801266498863697
power_of_two,codex315:16:315015:690,439.19498324394226,78032,1,9.516213234513998,9.51665024459362
power_of_two,codex213:7:213006:764,439.6952624320984,30123,1,2.603161845356226,2.603371672332287
power_of_two,codex521:8:521007:740,440.02831649780273,49998,1,1.3047801777720451,1.3051047958433628
power_of_two,codex294:7:294006:735,440.4537901878357,51966,1,4.592040836811066,4.5923431515693665
power_of_two,codex166:5:166004:783,440.6558494567871,54050,1,13.01696291193366,13.017283461987972
power_of_two,codex436:17:436016:751,441.3254888057709,59507,1,8.633827414363623,8.634210802614689
power_of_two,codex361:13:361012:747,441.63914012908936,35921,1,12.030093476176262,12.03034671396017
power_of_two,codex266:2:266001:802,441.9303596019745,25324,1,15.194737147539854,15.194935820996761
power_of_two,codex548:1:548000:810,442.96600127220154,13754,1,7.951739229261875,7.955240346491337
power_of_two,codex240:2:240001:812,443.53901410102844,14069,1,0.35440003126859665,0.35453660786151886
power_of_two,codex543:21:543020:682,444.37952637672424,71893,1,14.729529712349176,14.729931503534317
power_of_two,codex152:22:152021:664,444.6962900161743,95756,1,6.231118757277727,6.231772854924202
power_of_two,codex72:17:72016:637,445.02929401397705,101639,1,1.2944963052868843,1.2951733618974686
power_of_two,codex71:10:71009:736,445.8434660434723,75076,1,13.27057870477438,13.270996619015932
power_of_two,codex509:12:509011:729,446.9658348560333,49988,1,1.7349674217402935,1.735287956893444
power_of_two,codex72:18:72017:643,447.406840801239,103630,1,7.64459228515625,7.645176284015179
power_of_two,codex203:9:203008:769,447.59947419166565,61454,1,11.504913955926895,11.505285676568747
power_of_two,codex110:8:110007:779,447.7679045200348,55773,1,2.32303349301219,2.3233987912535667
power_of_two,codex521:9:521008:759,447.92422342300415,51043,1,3.0295250825583935,3.0299352891743183
power_of_two,codex65:30:65029:568,448.35698533058167,131046,1,9.30950477346778,9.310845356434584
power_of_two,codex215:11:215010:782,448.5780110359192,61506,1,8.990158889442682,8.990520622581244
power_of_two,codex213:8:213007:781,448.6921305656433,35710,1,8.87114891782403,8.872088812291622
power_of_two,codex493:33:493032:658,449.4806110858917,122761,1,14.205772154033184,14.206452678889036
power_of_two,codex250:22:250021:677,449.709032535553,70851,1,3.0534213855862617,3.0538554824888706
power_of_two,codex70:31:70030:571,450.46620774269104,99279,1,2.6837714165449142,2.6843172796070576
power_of_two,codex421:3:421002:823,451.1173355579376,38488,1,13.023727685213089,13.024098742753267
power_of_two,codex119:15:119014:683,451.44081020355225,96165,1,16.170934595167637,16.171442568302155
power_of_two,codex152:23:152022:669,451.77426171302795,100235,1,17.253717020154,17.254602640867233
power_of_two,codex238:27:238026:489,452.33127069473267,160178,1,10.15707265585661,10.158729780465364
power_of_two,codex548:2:548001:821,452.4315164089203,26062,1,10.041369929909706,10.057136971503496
power_of_two,codex506:23:506022:689,452.7528700828552,96366,1,6.367268167436123,6.367779146879911
power_of_two,codex135:8:135007:772,452.94962096214294,61156,1,4.722119949758053,4.722468260675669
power_of_two,codex294:8:294007:761,453.13850712776184,54311,1,3.9903670959174633,3.990693371742964
power_of_two,codex110:9:110008:791,453.6601948738098,73383,1,8.838927417993546,8.839638821780682
power_of_two,codex108:32:108031:691,455.6900169849396,61445,1,1.443063735961914,1.4434177204966545
power_of_two,codex521:10:521009:776,455.86797165870667,55874,1,4.706042915582657,4.706391017884016
power_of_two,codex363:23:363022:649,456.6476447582245,112236,1,12.388399373739958,12.388998921960592
power_of_two,codex228:28:228027:720,456.9270296096802,85702,1,7.903401531279087,7.903880327939987
power_of_two,codex166:6:166005:805,457.1108069419861,58651,1,3.4670982733368874,3.467439267784357
power_of_two,codex315:17:315016:716,458.6890273094177,80181,1,6.891453102231026,6.891944397240877
power_of_two,codex250:23:250022:693,458.96462869644165,85348,1,11.588585019111633,11.589160669595003
power_of_two,codex220:5:220004:808,459.09495973587036,41257,1,3.407756209373474,3.408014014363289
power_of_two,codex382:1:382000:856,459.35781502723694,13800,1,5.688679173588753,5.688812650740147
power_of_two,codex240:3:240002:863,459.7043311595917,77448,1,31.828411910682917,31.82888140156865
power_of_two,codex522:3:522002:859,459.7788875102997,21076,1,2.7129079699516296,2.7130731008946896
power_of_two,codex266:3:266002:813,459.8860878944397,34623,1,9.185826186090708,9.186766158789396
power_of_two,codex543:22:543021:687,460.5637309551239,77440,1,3.68821107968688,3.6886599510908127
power_of_two,codex65:31:65030:582,461.9720549583435,131672,1,2.615803699940443,2.616548281162977
power_of_two,codex25:17:25016:753,462.18108081817627,60104,1,7.655414693057537,7.655793357640505
power_of_two,codex213:9:213008:800,462.9545421600342,37539,1,2.094921939074993,2.0951633788645267
power_of_two,codex108:33:108032:709,463.6742558479309,62096,1,5.403281960636377,5.403645571321249
power_of_two,codex509:13:509012:773,463.8758850097656,54607,1,28.495610035955906,28.49596107751131
power_of_two,codex116:6:116005:816,464.0711681842804,61123,1,6.017745412886143,6.018124524503946
power_of_two,codex135:9:135008:796,464.5743045806885,67936,1,6.005236562341452,6.005705434828997
power_of_two,codex166:7:166006:820,465.0410554409027,61781,1,2.564453061670065,2.564836747944355
power_of_two,codex548:3:548002:835,465.5723066329956,36619,1,7.820727922022343,7.821005590260029
power_of_two,codex522:4:522003:877,466.13176560401917,24602,1,1.421110387891531,1.4212984591722488
power_of_two,codex294:9:294008:788,466.9097011089325,56891,1,1.727408792823553,1.727785013616085
power_of_two,codex422:16:422015:825,467.0519504547119,42885,1,6.3476682268083096,6.347936477512121
power_of_two,codex506:24:506023:711,467.3903205394745,99771,1,2.9168932884931564,2.917434450238943
power_of_two,codex421:4:421003:833,467.54818511009216,39004,1,3.0512597374618053,3.0515067540109158
power_of_two,codex234:1:234000:881,467.598769903183,13534,1,5.798194739967585,5.798326663672924
power_of_two,codex110:10:110009:814,467.90961146354675,75626,1,5.501735918223858,5.5021694004535675
power_of_two,codex294:10:294009:797,469.67994475364685,58948,1,3.7242780812084675,3.724625587463379
power_of_two,codex220:6:220005:830,470.07815861701965,61910,1,10.104859922081232,10.10523546487093
power_of_two,codex65:32:65031:600,471.3465712070465,131772,1,3.4062925539910793,3.407186597585678
power_of_two,codex119:16:119015:697,471.6764450073242,97027,1,5.583878938108683,5.584423255175352
power_of_two,codex250:24:250023:701,471.95725107192993,85496,1,6.513927433639765,6.514388766139746
power_of_two,codex266:4:266003:827,472.10658717155457,43962,1,11.077060867100954,11.080326791852713
power_of_two,codex135:10:135009:803,472.32501339912415,68471,1,10.866915687918663,10.867291990667582
power_of_two,codex361:14:361013:799,472.43854117393494,36031,1,10.747761610895395,10.748718701303005
power_of_two,codex108:34:108033:721,472.636837720871,62361,1,5.828593455255032,5.828954193741083
power_of_two,codex543:23:543022:712,472.9015107154846,78577,1,3.1838833428919315,3.1844883412122726
power_of_two,codex382:2:382001:890,472.9980504512787,21579,1,1.8610159046947956,1.8612729087471962
power_of_two,codex315:18:315017:743,473.287513256073,82558,1,6.900800757110119,6.901247810572386
power_of_two,codex522:5:522004:899,473.38857197761536,29422,1,5.071859981864691,5.072073116898537
power_of_two,codex110:11:110010:822,474.0903124809265,83909,1,12.651475105434656,12.651972606778145
power_of_two,codex421:5:421004:846,474.7313160896301,45676,1,10.665583033114672,10.665886532515287
power_of_two,codex228:29:228028:756,475.34880113601685,85871,1,3.1274729184806347,3.1279251947999
power_of_two,codex238:28:238027:524,475.96804785728455,175322,1,23.543042056262493,23.543913282454014
power_of_two,codex508:1:508000:904,476.02635383605957,13678,1,19.377791713923216,19.385245013982058
power_of_two,codex166:8:166007:845,476.6340403556824,65626,1,26.18667696416378,26.189784213900566
power_of_two,codex234:2:234001:901,476.6963520050049,17820,1,1.2898337505757809,1.2899993918836117
power_of_two,codex493:34:493033:698,477.0939710140228,125897,1,25.73721469566226,25.737972609698772
power_of_two,codex213:10:213009:838,477.8321838378906,42200,1,9.798874698579311,9.79978959262371
power_of_two,codex215:12:215011:844,478.45329570770264,62237,1,4.579030137509108,4.579411588609219
power_of_two,codex119:17:119016:703,478.88188672065735,98447,1,29.553075537085533,29.559791170060635
power_of_two,codex521:11:521010:831,479.18544125556946,76099,1,17.233395364135504,17.2340638153255
power_of_two,codex25:18:25017:780,479.38928961753845,65021,1,8.247051566839218,8.24742916598916
power_of_two,codex108:35:108034:728,479.5960328578949,65562,1,1.8601001761853695,1.8605063706636429
power_of_two,codex294:11:294010:817,479.86441683769226,63225,1,8.485781665891409,8.486148543655872
power_of_two,codex228:30:228029:760,480.1724109649658,86016,1,28.26838656887412,28.269824091345072
power_of_two,codex543:24:543023:731,480.6561894416809,79148,1,14.755139119923115,14.756322976201773
power_of_two,codex116:7:116006:849,480.8550832271576,64702,1,2.6186329424381256,2.6191185005009174
power_of_two,codex250:25:250024:710,481.956529378891,85720,1,26.491937916725874,26.492398388683796
power_of_two,codex522:6:522005:912,482.05778527259827,31044,1,1.4311549812555313,1.4314553700387478
power_of_two,codex422:17:422016:848,482.19124484062195,43073,1,14.231243830174208,14.231521788984537
power_of_two,codex203:10:203009:834,482.3800325393677,61906,1,1.1302559077739716,1.130608007311821
power_of_two,codex382:3:382002:916,482.47218084335327,28437,1,29.441621854901314,29.44183448702097
power_of_two,codex65:33:65032:630,484.6152982711792,138555,1,13.053176943212748,13.054132029414177
power_of_two,codex203:11:203010:841,485.3889400959015,62773,1,26.52911327779293,26.52947347611189
power_of_two,codex266:5:266004:843,487.2595534324646,48784,1,10.459671635180712,10.460257966071367
power_of_two,codex315:19:315018:766,487.93630051612854,83562,1,2.238296590745449,2.2388738617300987
power_of_two,codex135:11:135010:819,488.1469488143921,69362,1,9.577386874705553,9.57776303961873
power_of_two,codex116:8:116007:870,488.34214639663696,65345,1,1.8638565391302109,1.864221766591072
power_of_two,codex548:4:548003:887,488.5550820827484,39940,1,1.4431611113250256,1.4435590356588364
power_of_two,codex110:12:110011:836,490.9801821708679,84772,1,2.1687900237739086,2.1692756302654743
power_of_two,codex220:7:220006:872,491.1780502796173,62358,1,1.3961886204779148,1.3965434283018112
power_of_two,codex506:25:506024:774,491.51977252960205,102551,1,3.961159862577915,3.9617753475904465
power_of_two,codex116:9:116008:876,491.92903423309326,71073,1,4.477957967668772,4.478471990674734
power_of_two,codex308:1:308000:943,492.1664295196533,13069,1,3.752006269991398,3.752232898026705
power_of_two,codex234:3:234002:939,493.1412057876587,22408,1,1.3258063830435276,1.3259903192520142
power_of_two,codex110:13:110012:839,493.9672005176544,89603,1,17.956574127078056,17.957055546343327
power_of_two,codex70:32:70031:685,494.2812671661377,99604,1,17.80964747071266,17.81045999005437
power_of_two,codex73:14:73013:792,494.4607093334198,57436,1,2.128829561173916,2.1291651241481304
power_of_two,codex548:5:548004:909,496.5826561450958,42982,1,2.4123134836554527,2.412596609443426
power_of_two,codex315:20:315019:786,497.36308693885803,84451,1,1.6373093612492085,1.6377867683768272
power_of_two,codex108:36:108035:775,497.563782453537,65785,1,1.0941437222063541,1.0945327281951904
power_of_two,codex509:14:509013:793,498.26129245758057,56082,1,1.2385372817516327,1.2388849034905434
power_of_two,codex25:19:25018:818,498.9872512817383,67248,1,2.9903008490800858,2.9907042384147644
power_of_two,codex543:25:543024:744,499.48962140083313,81167,1,3.4272098392248154,3.4277651496231556
power_of_two,codex508:2:508001:925,499.7145960330963,27481,1,4.298486120998859,4.2987829595804214
power_of_two,codex73:15:73014:806,499.90151381492615,57760,1,2.4639992974698544,2.4644483365118504
power_of_two,codex71:11:71010:852,500.212286233902,91473,1,14.579289603978395,14.580138441175222
power_of_two,codex509:15:509014:798,500.4097375869751,62314,1,11.686013713479042,11.686364684253931
power_of_two,codex135:12:135011:828,500.622300863266,69800,1,18.251186106353998,18.251590259373188
power_of_two,codex495:1:495000:964,500.6713626384735,13550,1,18.190341413021088,18.190467316657305
power_of_two,codex294:12:294011:855,500.8650817871094,64235,1,1.535138726234436,1.5355123318731785
power_of_two,codex521:12:521011:851,501.1075487136841,76879,1,13.691172320395708,13.691599652171135
power_of_two,codex422:18:422017:869,501.4769105911255,43513,1,17.39197289571166,17.3922419808805
power_of_two,codex266:6:266005:857,501.68023204803467,55446,1,14.880167361348867,14.880494575947523
power_of_two,codex548:6:548005:918,501.8309407234192,47455,1,17.177270632237196,17.183008208870888
power_of_two,codex213:11:213010:886,501.9689016342163,43628,1,1.608120433986187,1.608488079160452
power_of_two,codex234:4:234003:963,502.5992591381073,24500,1,0.9916727505624294,0.9919295758008957
power_of_two,codex308:2:308001:970,503.206661939621,30695,1,20.871199503540993,20.87285317853093
power_of_two,codex220:8:220007:907,503.95640110969543,62623,1,20.12722148001194,20.127587042748928
power_of_two,codex294:13:294012:866,504.57354044914246,67613,1,2.463278241455555,2.4636985771358013
power_of_two,codex315:21:315020:807,504.83982849121094,84693,1,19.253586933016777,19.254040203988552
power_of_two,codex213:12:213011:895,504.9809832572937,44901,1,0.8285881914198399,0.8289975933730602
power_of_two,codex543:26:543025:752,505.32323694229126,84297,1,13.690332371741533,13.691263303160667
power_of_two,codex166:9:166008:864,507.5027334690094,66306,1,1.0092618130147457,1.0096318945288658
power_of_two,codex367:1:367000:988,508.5806345939636,13427,1,1.275302305817604,1.2754291631281376
power_of_two,codex508:3:508002:940,508.7289698123932,38102,1,5.412992890924215,5.413784846663475
power_of_two,codex215:13:215012:923,509.1814694404602,68935,1,4.992630526423454,4.9931040816009045
power_of_two,codex240:4:240003:932,509.43595576286316,80782,1,4.711927585303783,4.712393503636122
power_of_two,codex213:13:213012:906,509.838499546051,46847,1,4.359780542552471,4.360075913369656
power_of_two,codex234:5:234004:987,511.1243529319763,27533,1,7.938265137374401,7.940493907779455
power_of_two,codex493:35:493034:722,511.67426228523254,134697,1,14.136737026274204,14.137424260377884
power_of_two,codex166:10:166009:875,511.90635418891907,69133,1,12.18222114443779,12.182608477771282
power_of_two,codex294:14:294013:888,512.7015397548676,70809,1,13.087013356387615,13.087408360093832
power_of_two,codex250:26:250025:724,512.98948097229,85934,1,3.5770961567759514,3.5775818042457104
power_of_two,codex116:10:116009:926,513.2171330451965,71365,1,12.56727834418416,12.56768373772502
power_of_two,codex361:15:361014:894,514.1360774040222,42569,1,2.4209472686052322,2.4212276078760624
power_of_two,codex110:14:110013:850,514.6679074764252,93010,1,4.257894944399595,4.258485946804285
power_of_two,codex521:13:521012:854,515.3167941570282,77889,1,2.2941144071519375,2.2946481592953205
power_of_two,codex213:14:213013:913,515.4791386127472,48928,1,3.4711430482566357,3.471516724675894
power_of_two,codex70:33:70032:699,516.5463416576385,99805,1,1.1160420961678028,1.116683967411518
power_of_two,codex508:4:508003:956,517.2846264839172,40130,1,1.581496212631464,1.5817568004131317
power_of_two,codex250:27:250026:734,517.5762634277344,86264,1,1.493655938655138,1.4941189214587212
power_of_two,codex240:5:240004:946,518.5869951248169,87356,1,10.956994637846947,10.957478869706392
power_of_two,codex521:14:521013:862,518.8554799556732,79141,1,1.4704750403761864,1.4709586091339588
power_of_two,codex119:18:119017:738,519.672025680542,107691,1,11.105195011943579,11.105760045349598
power_of_two,codex495:2:495001:974,519.8762700557709,22485,1,5.134425792843103,5.134610768407583
power_of_two,codex228:31:228030:795,520.1669678688049,86103,1,1.3179918639361858,1.3184831142425537
power_of_two,codex110:15:110014:861,520.9646487236023,93781,1,1.3751465119421482,1.376868136227131
power_of_two,codex548:7:548006:927,521.1919794082642,55517,1,4.606263779103756,4.606577903032303
power_of_two,codex135:13:135012:837,521.4528222084045,76197,1,3.5640708059072495,3.564520873129368
power_of_two,codex521:15:521014:871,522.2260558605194,81646,1,3.5679771304130554,3.5684262327849865
power_of_two,codex71:12:71011:891,523.8681800365448,92769,1,4.747220858931541,4.747825488448143
power_of_two,codex203:12:203011:880,524.0713150501251,63167,1,1.7305802330374718,1.730929933488369
power_of_two,codex508:5:508004:971,524.9571285247803,50953,1,5.780531268566847,5.7808362655341625
power_of_two,codex524:1:524000:1025,525.007705450058,13343,1,2.8918200470507145,2.891949634999037
power_of_two,codex315:22:315021:811,525.3168432712555,85244,1,2.6065204739570618,2.606974419206381
power_of_two,codex422:19:422018:893,525.4660422801971,44221,1,2.4385298639535904,2.4388076700270176
power_of_two,codex166:11:166010:883,525.6782891750336,69310,1,2.2346161231398582,2.235012676566839
power_of_two,codex382:4:382003:951,525.7749173641205,29089,1,2.1321223974227905,2.132320884615183
power_of_two,codex203:13:203012:884,526.2428193092346,63324,1,1.674620758742094,1.6749792210757732
power_of_two,codex308:3:308002:981,526.4045753479004,45136,1,6.944517455995083,6.944788854569197
power_of_two,codex495:3:495002:982,526.5005176067352,29592,1,6.989182032644749,6.989472761750221
power_of_two,codex509:16:509015:842,526.7007169723511,63025,1,2.622324615716934,2.622717399150133
power_of_two,codex506:26:506025:867,527.0501143932343,103123,1,3.7043782472610474,3.7049066722393036
power_of_two,codex543:27:543026:778,527.3461236953735,86720,1,3.4939993768930435,3.4945593029260635
power_of_two,codex70:34:70033:726,527.6676409244537,100262,1,3.080609403550625,3.0811531879007816
power_of_two,codex215:14:215013:961,527.8790547847748,69501,1,2.99602385237813,2.99640541896224
power_of_two,codex522:7:522006:1017,528.0533337593079,32249,1,2.680046308785677,2.6802720613777637
power_of_two,codex220:9:220008:922,529.0454611778259,62906,1,1.6965021006762981,1.6968743540346622
power_of_two,codex116:11:116010:934,529.3138918876648,74331,1,3.8859950229525566,3.8864369615912437
power_of_two,codex250:28:250027:765,530.2867183685303,86675,1,3.0585944689810276,3.059102173894644
power_of_two,codex521:16:521015:889,530.5688011646271,83536,1,2.785247940570116,2.785690311342478
power_of_two,codex382:5:382004:962,530.6786670684814,33013,1,4.118265360593796,4.118503391742706
power_of_two,codex524:2:524001:1035,530.727326631546,15215,1,1.357313383370638,1.3574768602848053
power_of_two,codex71:13:71012:903,531.3331480026245,96037,1,4.451496608555317,4.452016271650791
power_of_two,codex493:36:493035:746,531.7872292995453,143050,1,14.793715577572584,14.794462896883488
power_of_two,codex228:32:228031:826,532.0784637928009,86264,1,2.7314760088920593,2.731954161077738
power_of_two,codex509:17:509016:853,532.2911007404327,64840,1,2.5118190199136734,2.512204822152853
power_of_two,codex135:14:135013:860,532.5551393032074,79527,1,3.223397120833397,3.2238844074308872
power_of_two,codex506:27:506026:873,532.8818371295929,103687,1,6.084619965404272,6.085157286375761
power_of_two,codex110:16:110015:898,533.1890070438385,96634,1,5.771522682160139,5.7720338478684425
power_of_two,codex524:3:524002:1044,533.2740850448608,22743,1,5.528680119663477,5.5288629829883575
power_of_two,codex540:1:540000:1046,533.320353269577,13170,1,2.6787501722574234,2.678880173712969
power_of_two,codex367:2:367001:1050,533.8705756664276,21050,1,2.1299406588077545,2.1301056258380413
power_of_two,codex65:34:65033:732,534.4046230316162,143260,1,6.552372243255377,6.553191564977169
power_of_two,codex508:6:508005:985,534.5773029327393,53535,1,2.9530406519770622,2.9534725546836853
power_of_two,codex495:4:495003:992,534.6907696723938,33593,1,2.834687538444996,2.834916215389967
power_of_two,codex234:6:234005:1023,534.7927758693695,27733,1,4.156336437910795,4.156530506908894
power_of_two,codex266:7:266006:919,535.0761744976044,57975,1,2.959659408777952,2.960101116448641
power_of_two,codex116:12:116011:942,535.3105874061584,74885,1,2.767642330378294,2.76815028488636
power_of_two,codex548:8:548007:954,535.5076649188995,60641,1,4.542761944234371,4.543168194591999
power_of_two,codex215:15:215014:972,535.7664186954498,70011,1,0.7948784902691841,0.7953079678118229
power_of_two,codex203:14:203013:910,535.9933488368988,63474,1,4.062674894928932,4.063034571707249
power_of_two,codex521:17:521016:902,536.3173100948334,84757,1,6.7373679876327515,6.7378304451704025
power_of_two,codex220:10:220009:937,537.2001326084137,63195,1,0.8977331295609474,0.8981015309691429
power_of_two,codex240:6:240005:968,537.516619682312,93779,1,8.719190672039986,8.719696089625359
power_of_two,codex215:16:215015:976,537.9756109714508,70169,1,0.9784270450472832,0.9788257032632828
power_of_two,codex509:18:509017:868,538.3196487426758,66802,1,1.741159114986658,1.741539515554905
power_of_two,codex540:2:540001:1061,538.4430847167969,14402,1,1.2019022330641747,1.2020511105656624
power_of_two,codex119:19:119018:762,538.7947056293488,109682,1,4.271912790834904,4.272484499961138
power_of_two,codex422:20:422019:921,538.9420833587646,44912,1,7.629000831395388,7.629295453429222
power_of_two,codex135:15:135014:874,539.343757390976,81068,1,1.8012587279081345,1.8017024211585522
power_of_two,codex308:4:308003:1002,539.5255877971649,55149,1,7.895125687122345,7.895480863749981
power_of_two,codex495:5:495004:998,539.6413638591766,36145,1,3.4054893366992474,3.4057358503341675
power_of_two,codex250:29:250028:784,539.9357452392578,86844,1,10.442348048090935,10.442817848175764
power_of_two,codex234:7:234006:1028,540.0303356647491,27798,1,10.009719379246235,10.009924974292517
power_of_two,codex524:4:524003:1053,540.2480397224426,27514,1,7.215140327811241,7.2161139994859695
power_of_two,codex116:13:116012:952,540.5141978263855,77957,1,2.545691028237343,2.5461167469620705
power_of_two,codex220:11:220010:947,540.7216424942017,63334,1,6.746739871799946,6.747107677161694
power_of_two,codex215:17:215016:980,540.9416794776917,70369,1,1.0121373571455479,1.0125745125114918
power_of_two,codex110:17:110016:905,541.637487411499,100549,1,8.746838178485632,8.747375387698412
power_of_two,codex278:1:278000:1073,541.6919393539429,13270,1,1.3561636842787266,1.3562817983329296
power_of_two,codex228:33:228032:847,542.7462010383606,86621,1,1.574085894972086,1.5745686255395412
power_of_two,codex135:16:135015:882,543.0379943847656,84262,1,7.334633346647024,7.335091337561607
power_of_two,codex278:2:278001:1081,543.5464301109314,40498,1,13.639118403196335,13.639379285275936
power_of_two,codex70:35:70034:768,544.2273988723755,100487,1,12.975121658295393,12.975664902478456
power_of_two,codex25:20:25019:935,544.631121635437,67883,1,1.5651175752282143,1.56551793217659
power_of_two,codex203:15:203014:924,544.8287053108215,63587,1,12.366656508296728,12.367011792957783
power_of_two,codex215:18:215017:993,545.1947336196899,70742,1,5.171966250985861,5.172378588467836
power_of_two,codex192:9:192008:1008,545.3409998416901,45161,1,3.921038880944252,3.921448417007923
power_of_two,codex65:35:65034:745,545.8002343177795,143446,1,11.411417178809643,11.412201631814241
power_of_two,codex548:9:548008:969,546.1869020462036,65934,1,7.498420741409063,7.4989743530750275
power_of_two,codex509:19:509018:892,546.5621004104614,67866,1,1.5659850910305977,1.5663915798068047
power_of_two,codex521:18:521017:915,547.8960978984833,86341,1,5.79755474627018,5.798253796994686
power_of_two,codex508:7:508006:1012,548.1193990707397,58721,1,5.559665583074093,5.56018129363656
power_of_two,codex116:14:116013:966,548.8455214500427,82594,1,4.828566305339336,4.829023189842701
power_of_two,codex266:8:266007:944,549.0471863746643,63533,1,11.110301539301872,11.110767222940922
power_of_two,codex166:12:166011:941,549.7839503288269,75701,1,5.070466797798872,5.071032851934433
power_of_two,codex338:1:338000:1096,549.8374345302582,13413,1,5.566980235278606,5.567112326622009
power_of_two,codex220:12:220011:958,550.033453464508,63422,1,3.6343925073742867,3.6347914189100266
power_of_two,codex308:5:308004:1014,550.3540072441101,94857,1,33.681044556200504,33.68154775723815
power_of_two,codex367:3:367002:1099,550.5338263511658,22873,1,0.7480751983821392,0.7483503967523575
power_of_two,codex524:5:524004:1068,550.6520833969116,36321,1,6.213975176215172,6.214330095797777
power_of_two,codex294:15:294014:957,550.90087890625,76015,1,6.290506057441235,6.290939945727587
power_of_two,codex110:18:110017:917,552.4532129764557,101429,1,31.561494406312704,31.562049936503172
power_of_two,codex228:34:228033:879,552.9354023933411,92326,1,5.798600539565086,5.799091316759586
power_of_two,codex119:20:119019:789,553.3103952407837,110306,1,30.71101823449135,30.71159990876913
power_of_two,codex135:17:135016:897,553.5876307487488,84462,1,1.295309655368328,1.2957667857408524
power_of_two,codex540:3:540002:1105,553.660341501236,19816,1,1.202147126197815,1.2024096883833408
power_of_two,codex215:19:215018:1006,555.3987808227539,71072,1,6.2617717906832695,6.262194432318211
power_of_two,codex116:15:116014:975,556.0044481754303,90999,1,12.444638628512621,12.445127334445715
power_of_two,codex25:21:25020:965,556.7293453216553,75891,1,12.411829382181168,12.412236779928207
power_of_two,codex367:4:367003:1116,556.9490311145782,24497,1,12.183749672025442,12.183932967483997
power_of_two,codex508:8:508007:1021,557.1328387260437,59563,1,1.595887616276741,1.596257135272026
power_of_two,codex338:2:338001:1106,557.1789672374725,14073,1,0.3684966415166855,0.36871105059981346
power_of_two,codex70:36:70035:771,557.9012634754181,107679,1,26.427268907427788,26.42784107476473
power_of_two,codex422:21:422020:950,558.0569941997528,49343,1,11.079457554966211,11.079749401658773
power_of_two,codex352:1:352000:1113,558.1031093597412,13195,1,11.893446765840054,11.895375445485115
power_of_two,codex234:8:234007:1051,558.1917746067047,29656,1,1.8015502654016018,1.8018419928848743
power_of_two,codex65:36:65035:750,558.6432359218597,144677,1,4.32030238583684,4.3215378522872925
power_of_two,codex540:4:540003:1118,558.7214188575745,21492,1,1.2530278228223324,1.2533024549484253
power_of_two,codex382:6:382005:1018,558.9825782775879,33354,1,0.5371642671525478,0.5374988280236721
power_of_two,codex250:30:250029:815,560.6494722366333,87014,1,23.67229601368308,23.67277356609702
power_of_two,codex508:9:508008:1030,560.9191501140594,61413,1,3.0692270770668983,3.0696230232715607
power_of_two,codex135:18:135017:914,561.2743988037109,90439,1,6.261345244944096,6.261838015168905
power_of_two,codex220:13:220012:977,561.6511714458466,63602,1,8.35109069570899,8.351482018828392
power_of_two,codex382:7:382006:1026,561.8609836101532,36273,1,2.145647581666708,2.1459858044981956
power_of_two,codex234:9:234008:1067,563.3697600364685,33258,1,4.159672550857067,4.159896373748779
power_of_two,codex521:19:521018:938,563.8186552524567,87591,1,2.849035568535328,2.849643476307392
power_of_two,codex338:3:338002:1129,564.2192115783691,18120,1,1.0259270705282688,1.026089247316122
power_of_two,codex166:13:166012:967,564.4600234031677,76175,1,2.2444861121475697,2.244904063642025
power_of_two,codex524:6:524005:1097,565.890567779541,42399,1,2.54718030244112,2.548571139574051
power_of_two,codex453:1:453000:1146,565.9968428611755,13604,1,27.56894001737237,27.56914906576276
power_of_two,codex508:10:508009:1037,566.2897629737854,64813,1,31.52039271593094,31.54629549011588
power_of_two,codex240:7:240006:1019,567.1276152133942,98294,1,5.971091255545616,5.9716203063726425
power_of_two,codex203:16:203015:948,567.3231754302979,63756,1,1.1201672442257404,1.1205400228500366
power_of_two,codex548:10:548009:1005,567.5221290588379,66477,1,4.134494200348854,4.135104261338711
power_of_two,codex540:5:540004:1152,568.1211407184601,25445,1,4.303585335612297,4.303787712007761
power_of_two,codex228:35:228034:911,568.428635597229,92883,1,8.21378393098712,8.214673526585102
power_of_two,codex278:3:278002:1124,568.8996870517731,56304,1,8.895351137965918,8.896107614040375
power_of_two,codex215:20:215019:1024,569.1252429485321,71348,1,28.718410715460777,28.718807503581047
power_of_two,codex521:20:521019:949,569.7559645175934,91257,1,3.3604224994778633,3.360909380018711
power_of_two,codex338:4:338003:1154,570.3631081581116,19274,1,27.44875195249915,27.47323114797473
power_of_two,codex294:16:294015:991,570.6447134017944,77208,1,27.20545169338584,27.205865927040577
power_of_two,codex422:22:422021:960,570.8025217056274,49622,1,5.844357550144196,5.844650108367205
power_of_two,codex234:10:234009:1080,570.9128115177155,34730,1,0.8759227208793163,0.8761680126190186
power_of_two,codex266:9:266008:978,571.5018784999847,94043,1,18.743018589913845,18.743557333946228
power_of_two,codex367:5:367004:1128,571.6043894290924,25192,1,26.234955184161663,26.235143281519413
power_of_two,codex65:37:65036:777,572.300635099411,144800,1,3.0724593959748745,3.0733394101262093
power_of_two,codex352:2:352001:1132,572.4202628135681,33112,1,8.088871911168098,8.091204341500998
power_of_two,codex524:7:524006:1112,572.7943994998932,46973,1,2.2003945782780647,2.2007385790348053
power_of_two,codex166:14:166013:986,573.0858664512634,80085,1,5.5294336043298244,5.5298988707363605
power_of_two,codex71:14:71013:994,573.5048182010651,98008,1,7.012874361127615,7.013422686606646
power_of_two,codex382:8:382007:1058,573.6335098743439,37675,1,1.4711927473545074,1.4715369492769241
power_of_two,codex25:22:25021:979,573.8805520534515,76161,1,1.2683819383382797,1.2689255848526955
power_of_two,codex135:19:135018:931,574.2143821716309,92632,1,7.095415540039539,7.095911294221878
power_of_two,codex548:11:548010:1013,574.4311525821686,68800,1,10.16579781845212,10.166448943316936
power_of_two,codex109:1:109000:1179,574.4928569793701,13194,1,10.098210584372282,10.10482944920659
power_of_two,codex192:10:192009:1088,575.9967935085297,48402,1,1.7487490884959698,1.7491562254726887
power_of_two,codex25:23:25022:989,576.3660950660706,76547,1,1.285074133425951,1.2855365201830864
power_of_two,codex524:8:524007:1125,577.0815577507019,52284,1,9.181325536221266,9.181667506694794
power_of_two,codex495:6:495005:1095,577.6002836227417,45157,1,8.710630439221859,8.7111976146698
power_of_two,codex240:8:240007:1033,578.1642653942108,108287,1,11.46279638260603,11.46339062973857
power_of_two,codex213:15:213014:1065,578.8209893703461,51226,1,7.4939826391637325,7.494279637932777
power_of_two,codex382:9:382008:1074,578.9550008773804,40143,1,10.655442584306002,10.655725207179785
power_of_two,codex543:28:543027:920,579.2666370868683,88356,1,18.589267551898956,18.589743178337812
power_of_two,codex65:38:65037:787,579.7502837181091,145200,1,18.114802729338408,18.11553430184722
power_of_two,codex421:6:421005:1102,580.0277323722839,46469,1,1.2757961973547935,1.2761071734130383
power_of_two,codex234:11:234010:1109,581.296395778656,36635,1,1.3227726109325886,1.3230305425822735
power_of_two,codex25:24:25023:1000,582.380264043808,76669,1,0.9534600488841534,0.9539096541702747
power_of_two,codex278:4:278003:1151,582.6119527816772,69050,1,8.757631424814463,8.758337274193764
power_of_two,codex166:15:166014:999,582.9820125102997,82303,1,8.39399515464902,8.394448272883892
power_of_two,codex192:11:192010:1103,583.6831352710724,51221,1,5.931278493255377,5.9315949864685535
power_of_two,codex228:36:228035:929,583.9985792636871,93319,1,17.90775692090392,17.908395249396563
power_of_two,codex509:20:509019:983,584.3098623752594,68105,1,1.1291489116847515,1.1295632719993591
power_of_two,codex250:31:250030:824,585.1909592151642,87189,1,1.9718112722039223,1.97231862321496
power_of_two,codex220:14:220013:1015,585.4285881519318,71909,1,16.587335094809532,16.59194079041481
power_of_two,codex352:3:352002:1170,586.5405471324921,37875,1,4.850885156542063,4.85112402588129
power_of_two,codex509:21:509020:990,586.8296329975128,71061,1,4.861169643700123,4.861676447093487
power_of_two,codex315:23:315022:973,587.1510167121887,85849,1,2.469496361911297,2.469967555254698
power_of_two,codex540:6:540005:1217,587.8950412273407,26132,1,0.35904112085700035,0.35925453528761864
power_of_two,codex110:19:110018:928,589.5991117954254,102149,1,2.1454478800296783,2.1460800915956497
power_of_two,codex540:7:540006:1226,590.0893650054932,33333,1,2.0009533688426018,2.001181550323963
power_of_two,codex70:37:70036:790,590.6379733085632,107758,1,2.9085273258388042,2.9091635309159756
power_of_two,codex88:1:88000:1243,590.6966278553009,14659,1,2.2981734722852707,2.298313409090042
power_of_two,codex240:9:240008:1043,591.0504083633423,109312,1,5.708899486809969,5.709850985556841
power_of_two,codex213:16:213015:1082,591.2430889606476,56871,1,2.7080948315560818,2.7084414064884186
power_of_two,codex524:9:524008:1155,592.7522211074829,58195,1,9.267609924077988,9.268784739077091
power_of_two,codex278:5:278004:1167,592.9891867637634,74462,1,3.7600012719631195,3.7606818228960037
power_of_two,codex540:8:540007:1239,593.1031544208527,34274,1,0.9980989806354046,0.9984122924506664
power_of_two,codex509:22:509021:995,593.3336970806122,73848,1,1.8728898763656616,1.8733228296041489
power_of_two,codex71:15:71014:1029,595.0001194477081,98540,1,7.027565695345402,7.028097003698349
power_of_two,codex495:7:495006:1120,595.1973810195923,59160,1,6.512357499450445,6.5128989443182945
power_of_two,codex88:2:88001:1258,595.6482768058777,28492,1,2.9640300162136555,2.9642475321888924
power_of_two,codex70:38:70037:804,596.7317824363708,119108,1,10.675353519618511,10.676306240260601
power_of_two,codex119:21:119020:832,597.7728555202484,110650,1,2.6341378577053547,2.6347086764872074
power_of_two,codex315:24:315023:997,598.2014071941376,86333,1,8.131994102150202,8.132485136389732
power_of_two,codex166:16:166015:1016,598.4928240776062,82777,1,1.9078470319509506,1.9083352163434029
power_of_two,codex540:9:540008:1255,598.6076097488403,34738,1,8.802723120898008,8.802950538694859
power_of_two,codex367:6:367005:1138,598.7733199596405,29093,1,3.382007572799921,3.3824625201523304
power_of_two,codex76:1:76000:1269,598.8207790851593,13338,1,3.3034019879996777,3.3036284558475018
power_of_two,codex294:17:294016:996,599.6064772605896,84078,1,5.54492212831974,5.545485094189644
power_of_two,codex278:6:278005:1182,599.8695294857025,77698,1,12.190215963870287,12.19064500182867
power_of_two,codex109:2:109001:1249,599.9219229221344,15126,1,1.208886582404375,1.2090315483510494
power_of_two,codex192:12:192011:1142,600.1024141311646,53308,1,11.951017331331968,11.951742190867662
power_of_two,codex338:5:338004:1165,600.1684083938599,20016,1,1.9886020682752132,1.9887556582689285
power_of_two,codex508:11:508010:1047,600.3870778083801,69388,1,14.150216467678547,14.162396483123302
power_of_two,codex65:39:65038:801,601.1187844276428,146842,1,13.429703280329704,13.433562487363815
power_of_two,codex509:23:509022:1011,601.5701105594635,75703,1,3.3232588842511177,3.3237077854573727
power_of_two,codex495:8:495007:1133,602.509580373764,63348,1,2.6987438537180424,2.699103247374296
power_of_two,codex88:3:88002:1279,602.6211740970612,34393,1,5.589065473526716,5.58929805457592
power_of_two,codex338:6:338005:1173,602.7788062095642,23466,1,2.3828097879886627,2.3830637857317924
power_of_two,codex119:22:119021:840,603.1303515434265,110922,1,11.428334403783083,11.428895607590675
power_of_two,codex548:12:548011:1066,603.3787307739258,75134,1,4.841115038841963,4.841528415679932
power_of_two,codex234:12:234011:1185,603.5111811161041,41352,1,4.986235909163952,4.9866179674863815
power_of_two,codex524:10:524009:1166,603.6918299198151,59340,1,0.9165287874639034,0.9168979004025459
power_of_two,codex109:3:109002:1261,604.78173828125,16526,1,9.769815444946289,9.769949492067099
power_of_two,codex367:7:367006:1149,604.885929107666,30405,1,9.723204787820578,9.726602274924517
power_of_two,codex524:11:524010:1174,605.7495067119598,59615,1,2.465220183134079,2.465581465512514
power_of_two,codex203:17:203016:1040,605.9609069824219,64489,1,4.077087551355362,4.07750103995204
power_of_two,codex543:29:543028:936,606.2545037269592,88718,1,1.9709516428411007,1.9714286141097546
power_of_two,codex453:2:453001:1203,606.3250787258148,19710,1,8.285379771143198,8.287178080528975
power_of_two,codex511:1:511000:1295,607.0142476558685,13052,1,2.6766293235123158,2.6767556592822075
power_of_two,codex220:15:220014:1032,607.91463971138,73189,1,2.1289785392582417,2.1293839029967785
power_of_two,codex294:18:294017:1004,608.194173336029,84470,1,1.8548705242574215,1.8553399927914143
power_of_two,codex215:21:215020:1057,608.9052777290344,71634,1,1.148593943566084,1.1489878185093403
power_of_two,codex521:21:521020:1036,609.2033293247223,92083,1,5.415235698223114,5.4158399142324924
power_of_two,codex338:7:338006:1193,609.3023221492767,30098,1,5.133768662810326,5.134110018610954
power_of_two,codex266:10:266009:1031,609.6381998062134,106556,1,16.51658657938242,16.517151027917862
power_of_two,codex76:2:76001:1298,609.6885435581207,14216,1,1.302788108587265,1.302929300814867
power_of_two,codex71:16:71015:1054,610.0251004695892,103295,1,5.745728973299265,5.746303118765354
power_of_two,codex382:10:382009:1139,610.3773589134216,41835,1,4.144583083689213,4.147762842476368
power_of_two,codex88:4:88003:1293,610.5505759716034,47708,1,7.439782466739416,7.440071497112513
power_of_two,codex543:30:543029:945,610.9849193096161,91147,1,3.546919696033001,3.5477023012936115
power_of_two,codex540:10:540009:1275,611.1082954406738,35120,1,3.4162491858005524,3.4171538837254047
power_of_two,codex220:16:220015:1038,611.610472202301,74014,1,14.537124209105968,14.537531442940235
power_of_two,codex511:2:511001:1307,611.6782596111298,19145,1,1.28489451110363,1.2851503528654575
power_of_two,codex213:17:213016:1141,611.870706319809,57604,1,14.272184133529663,14.272512327879667
power_of_two,codex422:23:422022:1048,612.9404604434967,50065,1,13.19855547323823,13.198872912675142
power_of_two,codex215:22:215021:1072,613.7702968120575,71920,1,1.8314897939562798,1.8321972787380219
power_of_two,codex511:3:511002:1315,614.0720162391663,27256,1,5.184834495186806,5.185027655214071
power_of_two,codex203:18:203017:1059,615.0274884700775,64655,1,2.959487985819578,2.9598788991570473
power_of_two,codex521:22:521021:1042,615.3295021057129,93850,1,3.922148209065199,3.922699499875307
power_of_two,codex524:12:524011:1201,615.5412120819092,66324,1,7.026309460401535,7.02702409029007
power_of_two,codex405:1:405000:1318,615.5901021957397,13349,1,6.379498485475779,6.379626989364624
power_of_two,codex382:11:382010:1145,615.7609348297119,44888,1,3.500254075974226,3.500535637140274
power_of_two,codex543:31:543030:955,616.1912424564362,111657,1,22.083071894943714,22.08365935087204
power_of_two,codex65:40:65039:809,616.6718742847443,147056,1,21.612550102174282,21.61328936740756
power_of_two,codex509:24:509023:1041,616.9325978755951,76825,1,2.33413989841938,2.334551326930523
power_of_two,codex453:3:453002:1218,617.0290687084198,29336,1,14.374216597527266,14.383415125310421
power_of_two,codex315:25:315024:1020,617.2960557937622,86524,1,20.970945119857788,20.971431881189346
power_of_two,codex192:13:192012:1160,617.5102479457855,56408,1,5.061817973852158,5.062145698815584
power_of_two,codex338:8:338007:1207,617.6139695644379,33059,1,5.0619314312934875,5.062240216881037
power_of_two,codex71:17:71016:1063,617.9740240573883,107140,1,11.334791425615549,11.33537034317851
power_of_two,codex495:9:495008:1187,618.2494189739227,75736,1,14.661269515752792,14.661694400012493
power_of_two,codex506:28:506027:1085,618.5808117389679,104305,1,2.632783066481352,2.6333880573511124
power_of_two,codex540:11:540010:1286,618.6981887817383,35958,1,14.207247592508793,14.207496050745249
power_of_two,codex508:12:508011:1064,618.9262282848358,72777,1,3.7947269454598427,3.795129917562008
power_of_two,codex308:6:308005:1126,619.2322738170624,96896,1,3.2019271813333035,3.202463921159506
power_of_two,codex294:19:294018:1027,620.0711755752563,84841,1,11.340961799025536,11.34186002612114
power_of_two,codex215:23:215022:1090,620.3025269508362,72503,1,2.3037172071635723,2.3041251190006733
power_of_two,codex88:5:88004:1305,620.9948318004608,83870,1,39.414025735110044,39.41547929123044
power_of_two,codex511:4:511003:1325,621.3429088592529,29556,1,1.0850724913179874,1.0852903611958027
power_of_two,codex166:17:166016:1077,621.6966698169708,89973,1,13.859516840428114,13.859996099025011
power_of_two,codex509:25:509024:1049,621.9638638496399,78861,1,13.586699947714806,13.58715445920825
power_of_two,codex382:12:382011:1159,622.1203525066376,47554,1,2.171580471098423,2.17187986522913
power_of_two,codex521:23:521022:1055,622.4195334911346,95256,1,9.27386373654008,9.274370361119509
power_of_two,codex228:37:228036:984,623.3911032676697,93569,1,4.06537514179945,4.066017985343933
power_of_two,codex192:14:192013:1171,623.5776948928833,58206,1,36.83882259577513,36.839148588478565
power_of_two,codex603:1:603000:1339,623.6269867420197,13081,1,2.3235282823443413,2.3236603513360023
power_of_two,codex278:7:278006:1230,623.8837172985077,81070,1,4.284960210323334,4.285487253218889
power_of_two,codex367:8:367007:1189,623.9825184345245,30739,1,0.6181052997708321,0.618403397500515
power_of_two,codex524:13:524012:1215,624.1846296787262,67273,1,14.650947824120522,14.651720356196165
power_of_two,codex511:5:511004:1334,624.2858777046204,31612,1,14.543586976826191,14.550025213509798
power_of_two,codex338:9:338008:1220,625.2966043949127,36362,1,1.5671333111822605,1.5674841664731503
power_of_two,codex250:32:250031:930,625.5795104503632,87782,1,2.6344304904341698,2.634898480027914
power_of_two,codex119:23:119022:878,625.9433469772339,111189,1,1.892468560487032,1.8931679464876652
power_of_two,codex382:13:382012:1172,626.1301760673523,57942,1,15.716143026947975,15.716539043933153
power_of_two,codex508:13:508012:1079,626.5178289413452,75485,1,19.40656603872776,19.40697342157364
power_of_two,codex405:2:405001:1338,626.6915609836578,21038,1,1.4267634935677052,1.427017405629158
power_of_two,codex367:9:367008:1200,627.0198023319244,37260,1,4.666849195957184,4.667113855481148
power_of_two,codex338:10:338009:1231,628.7505736351013,37978,1,31.66202660650015,31.66279749199748
power_of_two,codex250:33:250032:933,629.296514749527,88180,1,0.7894166111946106,0.7899409122765064
power_of_two,codex73:16:73015:1158,629.6460392475128,58432,1,16.269868712872267,16.27021898701787
power_of_two,codex422:24:422023:1062,629.8038935661316,50351,1,0.9207337908446789,0.9211357980966568
power_of_two,codex308:7:308006:1162,631.0893013477325,99933,1,34.688337583094835,34.6989788338542
power_of_two,codex213:18:213017:1163,631.632447719574,58037,1,14.286980889737606,14.287320986390114
power_of_two,codex19:1:19000:1358,631.6827397346497,13527,1,1.265785288065672,1.2660040110349655
power_of_two,codex266:11:266010:1056,632.1269886493683,119692,1,11.144945621490479,11.145601850003004
power_of_two,codex119:24:119023:896,632.4753832817078,111503,1,33.310663130134344,33.31343412399292
power_of_two,codex453:4:453003:1227,632.600328207016,36843,1,15.249020218849182,15.25586623325944
power_of_two,codex521:24:521023:1060,632.8970913887024,95537,1,1.6362480744719505,1.6367717310786247
power_of_two,codex220:17:220016:1069,634.5218253135681,76492,1,13.332987025380135,13.33407374471426
power_of_two,codex228:38:228037:1003,634.9309935569763,93856,1,12.931305076926947,12.931948006153107
power_of_two,codex116:16:116015:1175,635.5381104946136,92541,1,30.262026388198137,30.262621358036995
power_of_two,codex234:13:234012:1290,636.101012468338,43580,1,1.2026717066764832,1.2030617147684097
power_of_two,codex548:13:548012:1156,636.4625406265259,78730,1,29.331953164190054,29.332387655973434
power_of_two,codex495:10:495009:1212,636.7655673027039,79677,1,32.494560819119215,32.495019767433405
power_of_two,codex521:25:521024:1071,637.0661156177521,95961,1,1.6638552471995354,1.6644018329679966
power_of_two,codex19:2:19001:1383,637.1292839050293,18485,1,1.5363245606422424,1.536582812666893
power_of_two,codex203:19:203018:1115,638.1839873790741,64821,1,12.571257151663303,12.5716239400208
power_of_two,codex109:4:109003:1335,638.257363319397,21253,1,12.483162816613913,12.489183340221643
power_of_two,codex422:25:422024:1091,638.5713694095612,50473,1,0.8282906338572502,0.8286848403513432
power_of_two,codex405:3:405002:1371,639.3934102058411,25234,1,0.9419996328651905,0.9422896355390549
power_of_two,codex521:26:521025:1076,639.8926796913147,96170,1,29.37350395321846,29.374031573534012
power_of_two,codex305:1:305000:1389,639.9442706108093,13272,1,1.2096306160092354,1.2098479755222797
power_of_two,codex603:2:603001:1391,640.8349974155426,30015,1,6.806885287165642,6.813752096146345
power_of_two,codex509:26:509025:1075,641.7205846309662,83681,1,5.927841514348984,5.928991891443729
power_of_two,codex135:20:135019:1094,642.6278848648071,93271,1,8.139171876013279,8.139661636203527
power_of_two,codex19:3:19002:1399,642.705986738205,23019,1,4.9511426873505116,4.951405413448811
power_of_two,codex405:4:405003:1385,642.7901585102081,26414,1,0.5793926008045673,0.5796742923557758
power_of_two,codex278:8:278007:1292,644.6276910305023,86989,1,29.6951462328434,29.695625953376293
power_of_two,codex234:14:234013:1314,644.9509792327881,53253,1,31.038086630403996,31.051061991602182
power_of_two,codex65:41:65040:829,645.412337064743,147357,1,30.58907627314329,30.590680219233036
power_of_two,codex166:18:166017:1108,645.7345213890076,91447,1,5.0259485729038715,5.026421424001455
power_of_two,codex422:26:422025:1107,645.905371427536,50613,1,0.8917342498898506,0.8921804279088974
power_of_two,codex315:26:315025:1045,646.2289743423462,90219,1,6.6296091713011265,6.630191154778004
power_of_two,codex405:5:405004:1398,646.333093881607,31509,1,6.274263467639685,6.274815063923597
power_of_two,codex508:14:508013:1089,647.2825977802277,75668,1,1.4252102971076965,1.425643302500248
power_of_two,codex540:12:540011:1329,647.4158170223236,37497,1,5.1947563998401165,5.195011243224144
power_of_two,codex603:3:603002:1404,648.5578355789185,41024,1,8.445019282400608,8.445298556238413
power_of_two,codex453:5:453004:1240,648.6994957923889,44232,1,4.17945559322834,4.179807581007481
power_of_two,codex524:14:524013:1254,649.0332713127136,72043,1,3.624985985457897,3.625420283526182
power_of_two,codex213:19:213018:1178,649.2128624916077,58279,1,1.5318379364907742,1.5321823358535767
power_of_two,codex215:24:215023:1180,649.4485352039337,72813,1,1.3021896965801716,1.3025913760066032
power_of_two,codex509:27:509026:1084,649.7281830310822,85401,1,26.280675504356623,26.281132947653532
power_of_two,codex508:15:508014:1093,650.3289415836334,76430,1,1.772756703197956,1.773204866796732
power_of_two,codex228:39:228038:1010,650.7306561470032,117981,1,20.168691899627447,20.169479493051767
power_of_two,codex421:7:421006:1340,651.8045778274536,50873,1,32.470589347183704,32.47091272473335
power_of_two,codex382:14:382013:1213,652.0922873020172,58350,1,32.18680341541767,32.18715447187424
power_of_two,codex135:21:135020:1098,652.4253280162811,94132,1,20.866269759833813,20.866774305701256
power_of_two,codex305:2:305001:1438,654.5386650562286,48268,1,47.267002519220114,47.26729816943407
power_of_two,codex508:16:508015:1100,654.7990469932556,76768,1,1.695469867438078,1.6959741562604904
power_of_two,codex422:27:422026:1134,654.9637370109558,50769,1,0.6049878485500813,0.6053379960358143
power_of_two,codex294:20:294019:1101,656.0487732887268,85185,1,2.5914053358137608,2.5918938890099525
power_of_two,codex250:34:250033:1001,656.3486454486847,88370,1,1.6598995439708233,1.6604193858802319
power_of_two,codex64:1:64000:1444,656.4065933227539,15360,1,2.9003361985087395,2.9005796872079372
power_of_two,codex76:3:76002:1435,656.4864845275879,23907,1,18.66883536055684,18.669025413691998
power_of_two,codex405:6:405005:1415,656.7643604278564,32366,1,0.6790642887353897,0.6792872548103333
power_of_two,codex109:5:109004:1351,656.8583016395569,23774,1,18.298613220453262,18.298782382160425
power_of_two,codex19:4:19003:1432,656.9973163604736,24233,1,0.4903970956802368,0.49066342785954475
power_of_two,codex213:20:213019:1205,657.4371545314789,58595,1,17.723928432911634,17.724271297454834
power_of_two,codex215:25:215024:1209,657.7219507694244,73146,1,0.7292450442910194,0.7296800948679447
power_of_two,codex110:20:110019:1104,658.4385182857513,103938,1,3.139010898768902,3.1395907513797283
power_of_two,codex405:7:405006:1424,658.6312918663025,36034,1,17.317723490297794,17.31919600442052
power_of_two,codex166:19:166018:1144,660.0328187942505,92726,1,2.5667379535734653,2.5672917999327183
power_of_two,codex315:27:315026:1070,660.334564447403,90554,1,41.480344250798225,41.48083494976163
power_of_two,codex294:21:294020:1110,660.7339906692505,85470,1,15.222526136785746,15.223018635064363
power_of_two,codex422:28:422027:1157,661.0570750236511,50951,1,40.75178977847099,40.752086628228426
power_of_two,codex250:35:250034:1009,661.3531966209412,88566,1,1.8479724824428558,1.8484640382230282
power_of_two,codex192:15:192014:1177,661.5534138679504,60976,1,1.9392889961600304,1.9396409578621387
power_of_two,codex338:11:338010:1244,661.8404994010925,38225,1,0.7530713900923729,0.7533269412815571
power_of_two,codex508:17:508016:1119,662.584894657135,85295,1,45.64386934787035,45.64432576671243
power_of_two,codex266:12:266011:1117,663.1877889633179,122626,1,7.704129438847303,7.704779773950577
power_of_two,codex215:26:215025:1229,663.4839849472046,73365,1,1.2175407409667969,1.2182647585868835
power_of_two,codex19:5:19004:1461,663.7023153305054,25919,1,1.0229513309895992,1.0232542231678963
power_of_two,codex110:21:110020:1111,664.0527503490448,106971,1,9.245533127337694,9.246197953820229
power_of_two,codex443:1:443000:1474,664.438955783844,13954,1,1.3131809420883656,1.3133331425487995
power_of_two,codex73:17:73016:1241,665.7130477428436,58630,1,0.8602887988090515,0.8606377951800823
power_of_two,codex524:15:524014:1304,668.073390007019,72408,1,7.887938037514687,7.888337031006813
power_of_two,codex250:36:250035:1022,668.3640718460083,88765,1,4.3816201612353325,4.382146570831537
power_of_two,codex192:16:192015:1196,668.5615866184235,61317,1,2.3216865211725235,2.3220433853566647
power_of_two,codex338:12:338011:1265,668.6884117126465,39217,1,2.1869487427175045,2.187221184372902
power_of_two,codex203:20:203019:1188,668.9053757190704,69479,1,4.3787236623466015,4.379128694534302
power_of_two,codex116:17:116016:1190,669.2324805259705,94207,1,3.5191407054662704,3.519655331969261
power_of_two,codex308:8:308007:1183,670.1214935779572,102688,1,4.015639681369066,4.016282349824905
power_of_two,codex220:18:220017:1136,670.4067573547363,79623,1,7.06421810016036,7.064664289355278
power_of_two,codex119:25:119024:908,670.864275932312,133663,1,57.56372802332044,57.564419366419315
power_of_two,codex443:2:443001:1504,671.1050045490265,16212,1,57.31432081013918,57.31445397436619
power_of_two,codex521:27:521026:1087,671.4553232192993,100271,1,8.780026126652956,8.780855286866426
power_of_two,codex19:6:19005:1492,671.5465364456177,26084,1,2.6099685095250607,2.6101617179811
power_of_two,codex73:18:73017:1263,672.6238803863525,59150,1,3.3588792830705643,3.3592226691544056
power_of_two,codex287:1:287000:1506,672.6741003990173,13449,1,1.3789022974669933,1.379034660756588
power_of_two,codex266:13:266012:1130,673.2695605754852,127463,1,62.92425601184368,63.25782886892557
power_of_two,codex495:11:495010:1232,673.7709624767303,85336,1,12.33980554714799,12.340259075164795
power_of_two,codex88:6:88005:1354,674.0459749698639,85177,1,4.347389105707407,4.347861982882023
power_of_two,codex338:13:338012:1277,674.7151596546173,43107,1,7.128255061805248,7.12864013761282
power_of_two,codex287:2:287001:1519,675.1509418487549,20698,1,11.351745903491974,11.352032113820314
power_of_two,codex603:4:603003:1481,675.834335565567,46424,1,4.9597129337489605,4.9602266028523445
power_of_two,codex511:6:511005:1453,675.9430494308472,33753,1,1.5220561996102333,1.5223001278936863
power_of_two,codex110:22:110021:1123,676.4274625778198,117657,1,10.174586962908506,10.17581108212471
power_of_two,codex116:18:116017:1206,676.7604298591614,97506,1,7.136819116771221,7.137712188065052
power_of_two,codex166:20:166019:1195,677.0888686180115,97942,1,10.057060722261667,10.057698115706444
power_of_two,codex76:4:76003:1451,677.1783399581909,25454,1,9.958715591579676,9.961881410330534
power_of_two,codex548:14:548013:1204,677.4565708637238,85221,1,6.431339345872402,6.432171925902367
power_of_two,codex250:37:250036:1034,677.7625699043274,88903,1,1.27806631103158,1.2785590924322605
power_of_two,codex509:28:509027:1092,678.0542442798615,89233,1,8.046135764569044,8.04661626368761
power_of_two,codex308:9:308008:1199,678.3814716339111,104953,1,8.814446855336428,8.81508905813098
power_of_two,codex453:6:453005:1324,678.8781185150146,49759,1,5.705794166773558,5.706110298633575
power_of_two,codex109:6:109005:1368,679.239718914032,27996,1,1.0951992683112621,1.0954983793199062
power_of_two,codex524:16:524015:1321,679.9619054794312,72652,1,6.646046727895737,6.64644892886281
power_of_two,codex220:19:220018:1148,680.2221932411194,80765,1,1.6917053498327732,1.6921563521027565
power_of_two,codex135:22:135021:1121,680.7819287776947,94765,1,5.323956627398729,5.324446983635426
power_of_two,codex355:1:355000:1536,680.8570165634155,13443,1,16.074044417589903,16.074179105460644
power_of_two,codex192:17:192016:1246,681.6375968456268,62091,1,4.456427056342363,4.456772897392511
power_of_two,codex213:21:213020:1236,681.8302991390228,58860,1,55.12851093709469,55.128862004727125
power_of_two,codex405:8:405007:1449,682.2492053508759,37689,1,1.016791194677353,1.017147745937109
power_of_two,codex73:19:73018:1288,683.0000269412994,59246,1,53.962305162101984,53.96266970783472
power_of_two,codex338:14:338013:1287,683.1607842445374,49664,1,2.9294101372361183,2.929726514965296
power_of_two,codex228:40:228039:1052,683.8618266582489,159818,1,40.62476330623031,40.6256289370358
power_of_two,codex88:7:88006:1377,684.2652113437653,85868,1,52.71362741291523,52.714114524424076
power_of_two,codex19:7:19006:1534,684.8701102733612,27645,1,1.2131582982838154,1.2133668065071106
power_of_two,codex109:7:109006:1390,685.194659948349,28120,1,0.8908651173114777,0.891057662665844
power_of_two,codex65:42:65041:858,686.0705218315125,147495,1,3.371370490640402,3.372269906103611
power_of_two,codex278:9:278008:1331,687.8503019809723,87704,1,7.24801117926836,7.24852866306901
power_of_two,codex116:19:116018:1225,688.1669406890869,98952,1,5.738467440009117,5.7391224429011345
power_of_two,codex110:23:110022:1135,688.5690331459045,122856,1,8.948786120861769,8.949497554451227
power_of_two,codex603:5:603004:1514,688.7610578536987,57187,1,6.150827769190073,6.151207402348518
power_of_two,codex495:12:495011:1252,689.0406441688538,86053,1,2.4103838987648487,2.4108521044254303
power_of_two,codex382:15:382014:1233,689.236819267273,59416,1,35.23197569698095,35.2323360145092
power_of_two,codex343:1:343000:1566,689.2878165245056,13864,1,1.8604331761598587,1.860584132373333
power_of_two,codex405:9:405008:1480,689.4270763397217,38136,1,1.9977961890399456,1.9980608262121677
power_of_two,codex109:8:109007:1405,689.5357375144958,28943,1,7.964372485876083,7.964576777070761
power_of_two,codex65:43:65042:865,690.5595035552979,163302,1,53.27461747452617,53.275703340768814
power_of_two,codex166:21:166020:1216,690.9002521038055,98696,1,33.57576009258628,33.57628345116973
power_of_two,codex524:17:524016:1333,691.1367869377136,73092,1,1.6249119229614735,1.6253333128988743
power_of_two,codex76:5:76004:1470,691.2418513298035,28859,1,1.4752692803740501,1.4756025448441505
power_of_two,codex343:2:343001:1576,691.4193229675293,31677,1,35.22699585929513,35.22733022645116
power_of_two,codex338:15:338014:1308,691.7192718982697,54738,1,7.372061714529991,7.372401375323534
power_of_two,codex421:8:421007:1363,692.1912202835083,53054,1,1.4897982105612755,1.4912255816161633
power_of_two,codex215:27:215026:1326,694.1515197753906,74024,1,3.357709277421236,3.3581244610249996
power_of_two,codex203:21:203020:1271,694.3681025505066,69696,1,2.5679156966507435,2.56832205504179
power_of_two,codex116:20:116019:1238,695.4566547870636,100008,1,3.6426657773554325,3.6508415676653385
power_of_two,codex71:18:71017:1289,695.8276152610779,107728,1,3.2782999500632286,3.278935544192791
power_of_two,codex421:9:421008:1373,696.0156140327454,54071,1,1.4890925474464893,1.4894151017069817
power_of_two,codex511:7:511006:1526,696.1252245903015,34051,1,2.264419600367546,2.264661643654108
power_of_two,codex522:8:522007:1570,696.6029145717621,34866,1,42.31715989485383,42.31738894060254
power_of_two,codex135:23:135022:1164,696.9232439994812,95141,1,69.727997045964,69.72854794561863
power_of_two,codex548:15:548014:1260,697.4440207481384,85852,1,3.4609150290489197,3.461374420672655
power_of_two,codex121:1:121000:1592,697.4959795475006,13242,1,2.998567584902048,2.9987194687128067
power_of_two,codex421:10:421009:1381,698.2923355102539,55248,1,3.1721253246068954,3.172487236559391
power_of_two,codex19:8:19007:1579,698.3847932815552,28866,1,2.1127098202705383,2.112914003431797
power_of_two,codex215:28:215027:1332,698.8122305870056,74342,1,2.0877426005899906,2.08817607909441
power_of_two,codex352:4:352003:1532,698.9413142204285,39262,1,7.050405710935593,7.052735108882189
power_of_two,codex405:10:405009:1509,699.0829119682312,39754,1,68.34728548303246,68.35170700773597
power_of_two,codex192:18:192017:1291,699.4123814105988,62908,1,1.4973730072379112,1.4977492839097977
power_of_two,codex524:18:524017:1350,699.6426959037781,73425,1,1.8267325386404991,1.8271616958081722
power_of_two,codex116:21:116020:1242,699.9631543159485,100282,1,6.036668099462986,6.037213206291199
power_of_two,codex110:24:110023:1147,700.3913938999176,124463,1,67.05064994096756,67.0514185205102
power_of_two,codex109:9:109008:1414,700.4911487102509,29512,1,72.94736226648092,72.94776065275073
power_of_two,codex294:22:294021:1198,700.7670719623566,85803,1,5.160287264734507,5.160964477807283
power_of_two,codex511:8:511007:1540,700.8830025196075,34967,1,0.69139514118433,0.6916363537311554
power_of_two,codex234:15:234014:1393,701.0975017547607,59833,1,4.876668237149715,4.877151273190975
power_of_two,codex521:28:521027:1150,701.4522111415863,108272,1,8.946923974901438,8.94749616086483
power_of_two,codex603:6:603005:1546,701.7965652942657,64865,1,4.124472588300705,4.124967586249113
power_of_two,codex495:13:495012:1285,702.3062655925751,87953,1,74.08859683945775,74.089410495013
power_of_two,codex355:2:355001:1565,702.3635697364807,15996,1,72.90537529438734,72.905586540699
power_of_two,codex121:2:121001:1598,702.9379727840424,38908,1,11.12817206978798,11.128432713449001
power_of_two,codex548:16:548015:1270,703.2412958145142,86601,1,73.16016855463386,73.16063281521201
power_of_two,codex220:20:220019:1235,703.649795293808,81035,1,1.7168035693466663,1.717298198491335
power_of_two,codex71:19:71018:1303,703.9953107833862,108027,1,2.9451550394296646,2.945734042674303
power_of_two,codex315:28:315027:1083,704.840024471283,90898,1,98.5610236749053,98.56156050041318
power_of_two,codex203:22:203021:1297,705.0932075977325,69892,1,1.9253134727478027,1.9257011711597443
power_of_two,codex171:1:171000:1606,705.4552569389343,14166,1,1.4777423664927483,1.4778736792504787
power_of_two,codex278:10:278009:1359,705.9090242385864,89368,1,4.483326751738787,4.483820028603077
power_of_two,codex511:9:511008:1557,706.2554726600647,35506,1,0.7798132933676243,0.7801234722137451
power_of_two,codex220:21:220020:1247,706.9266560077667,81185,1,1.2966966778039932,1.2971552349627018
power_of_two,codex215:29:215028:1349,707.7518672943115,77035,1,6.326793037354946,6.327232740819454
power_of_two,codex250:38:250037:1122,708.0370914936066,89066,1,1.468564573675394,1.4690774865448475
power_of_two,codex421:11:421010:1409,708.2137281894684,56728,1,30.71606780588627,30.716398369520903
power_of_two,codex308:10:308009:1281,708.9097425937653,105278,1,5.1869614236056805,5.187509249895811
power_of_two,codex508:18:508017:1127,710.1776645183563,87075,1,3.9123096875846386,3.9127701930701733
power_of_two,codex234:16:234015:1412,710.3812801837921,64237,1,8.008344139903784,8.00884785875678
power_of_two,codex71:20:71019:1319,710.8312554359436,108198,1,17.191134862601757,17.1940216422081
power_of_two,codex250:39:250038:1131,711.1636896133423,97532,1,16.850389823317528,16.861155681312084
power_of_two,codex203:23:203022:1312,711.3849096298218,70078,1,2.6870289742946625,2.687421288341284
power_of_two,codex220:22:220021:1259,712.123762845993,81706,1,1.9610103443264961,1.961460903286934
power_of_two,codex278:11:278010:1369,712.4150907993317,90883,1,15.617818348109722,15.618316255509853
power_of_two,codex506:29:506028:1378,712.7625248432159,104777,1,6.623067896813154,6.623764805495739
power_of_two,codex116:22:116021:1267,713.1024029254913,102294,1,14.936851385980844,14.937403880059719
power_of_two,codex511:10:511009:1580,713.2280879020691,37135,1,3.667766008526087,3.6680158600211143
power_of_two,codex521:29:521028:1169,713.5672614574432,109192,1,5.9019061625003815,5.903945054858923
power_of_two,codex287:3:287002:1602,713.6561064720154,25420,1,2.486938949674368,2.4872453436255455
power_of_two,codex524:19:524018:1392,713.8792140483856,73651,1,1.7334055118262768,1.7338372319936752
power_of_two,codex305:3:305002:1503,714.0577454566956,52310,1,17.808796178549528,17.809128753840923
power_of_two,codex171:2:171001:1635,715.2209343910217,17459,1,0.7710450068116188,0.771318081766367
power_of_two,codex64:2:64001:1631,715.3046245574951,23626,1,90.95479122549295,90.9550699442625
power_of_two,codex76:6:76005:1558,715.4037954807281,30883,1,1.4891659617424011,1.4893828444182873
power_of_two,codex121:3:121002:1612,715.603462934494,43979,1,3.8772426061332226,3.8776716515421867
power_of_two,codex524:20:524019:1396,716.5518546104431,73952,1,0.8048124387860298,0.8052384592592716
power_of_two,codex220:23:220022:1273,716.8849740028381,82149,1,14.986980728805065,14.987432356923819
power_of_two,codex511:11:511010:1587,717.8043489456177,41842,1,1.671423640102148,1.671844471246004
power_of_two,codex215:30:215029:1362,718.1488854885101,77564,1,0.9115337319672108,0.9119857102632523
power_of_two,codex603:7:603006:1594,718.658376455307,65654,1,0.9880967848002911,0.9885349087417126
power_of_two,codex509:29:509028:1202,719.0002574920654,91290,1,3.472641970962286,3.4732391871511936
power_of_two,codex352:5:352004:1584,719.6389360427856,40475,1,2.851752545684576,2.852090049535036
power_of_two,codex308:11:308010:1300,720.1570794582367,110489,1,18.79974789917469,18.80029834806919
power_of_two,codex234:17:234016:1423,720.3971869945526,66211,1,1.9148559048771858,1.9152652770280838
power_of_two,codex506:30:506029:1387,721.1254105567932,105815,1,17.818655900657177,17.819192308932543
power_of_two,codex121:4:121003:1622,721.312246799469,55132,1,12.228349264711142,12.22880158573389
power_of_two,codex203:24:203023:1336,721.8039681911469,72772,1,1.7691237069666386,1.769554190337658
power_of_two,codex291:1:291000:1656,721.8561451435089,13540,1,20.817911192774773,20.818043384701014
power_of_two,codex521:30:521029:1181,722.2847032546997,110297,1,2.5642652772367,2.5651208460330963
power_of_two,codex453:7:453006:1446,723.3571832180023,55206,1,94.93077875673771,94.93121402710676
power_of_two,codex192:19:192018:1353,723.9633011817932,63277,1,108.28794230893254,108.28832706436515
power_of_two,codex287:4:287003:1630,724.4606070518494,34404,1,2.9955027885735035,2.9957385025918484
power_of_two,codex508:19:508018:1176,725.7381858825684,88617,1,134.08570805937052,134.0863414928317
power_of_two,codex509:30:509029:1219,726.0459656715393,95825,1,7.55371455475688,7.554329197853804
power_of_two,codex234:18:234017:1436,726.258636713028,69571,1,2.7679454684257507,2.76836409419775
power_of_two,codex203:25:203024:1345,726.5110931396484,79493,1,4.196579128503799,4.197047524154186
power_of_two,codex228:41:228040:1078,727.2417249679565,159975,1,4.3292375057935715,4.330105785280466
power_of_two,codex382:16:382015:1251,727.4495439529419,59787,1,0.9676513373851776,0.9680070728063583
power_of_two,codex71:21:71020:1323,728.8595769405365,108349,1,4.359188362956047,4.359759651124477
power_of_two,codex215:31:215030:1403,729.7196850776672,77794,1,1.6334961578249931,1.634029932320118
power_of_two,codex255:1:255000:1680,730.0622375011444,13400,1,1.247105933725834,1.2473588287830353
power_of_two,codex443:3:443002:1517,730.2773740291595,18570,1,1.0833864621818066,1.083626750856638
power_of_two,codex287:5:287004:1649,730.5615477561951,39036,1,2.650079183280468,2.6503614522516727
power_of_two,codex603:8:603007:1624,731.8574817180634,67103,1,142.5604690052569,142.56090662255883
power_of_two,codex228:42:228041:1086,733.005154132843,161086,1,3.9841502346098423,3.984957505017519
power_of_two,codex382:17:382016:1264,733.2036571502686,59925,1,0.7519840486347675,0.7523518428206444
power_of_two,codex524:21:524020:1456,734.322559595108,74576,1,0.9747211560606956,0.9751979932188988
power_of_two,codex511:12:511011:1627,734.4664123058319,44614,1,8.218574039638042,8.2188610881567
power_of_two,codex171:3:171002:1706,735.2729721069336,23441,1,1.682302549481392,1.682482860982418
power_of_two,codex382:18:382017:1274,735.4949188232422,60121,1,1.4765647910535336,1.477168943732977
power_of_two,codex509:31:509030:1237,736.5180995464325,95869,1,2.418899852782488,2.4194096848368645
power_of_two,codex521:31:521030:1228,736.8722579479218,110675,1,2.07832320779562,2.0788789354264736
power_of_two,codex255:2:255001:1714,736.9510960578918,21876,1,1.9725530594587326,1.9727138988673687
power_of_two,codex443:4:443003:1544,737.2466444969177,22883,1,1.6703833155333996,1.6705620288848877
power_of_two,codex234:19:234018:1473,737.5618143081665,70264,1,5.131935369223356,5.132336162030697
power_of_two,codex266:14:266013:1143,738.4295163154602,128773,1,5.840075828135014,5.840835627168417
power_of_two,codex215:32:215031:1428,738.6877274513245,78467,1,1.7619227096438408,1.762362290173769
power_of_two,codex129:1:129000:1715,738.7391119003296,13392,1,5.51801634952426,5.522886022925377
power_of_two,codex121:5:121004:1638,738.910763502121,55514,1,1.225932378321886,1.226296555250883
power_of_two,codex352:6:352005:1628,739.4180216789246,45785,1,3.259262192994356,3.259550642222166
power_of_two,codex443:5:443004:1549,739.7408328056335,25483,1,2.939429957419634,2.939616806805134
power_of_two,codex220:24:220023:1299,740.0147137641907,82321,1,0.8905591554939747,0.8912686482071877
power_of_two,codex255:3:255002:1725,740.1299285888672,35238,1,7.399610280990601,7.399862717837095
power_of_two,codex88:8:88007:1395,741.3712956905365,87070,1,3.7037793174386024,3.7043591812253
power_of_two,codex308:12:308011:1310,741.7234704494476,110647,1,2.0981034450232983,2.098687943071127
power_of_two,codex121:6:121005:1650,741.912672996521,57005,1,145.0631015636027,145.06342892721295
power_of_two,codex421:12:421011:1418,742.1247413158417,56993,1,5.415294978767633,5.415628626942635
power_of_two,codex524:22:524021:1485,742.3763742446899,75862,1,164.4820021763444,164.48247675597668
power_of_two,codex278:12:278011:1417,742.6649346351624,91088,1,2.4558850042521954,2.456462737172842
power_of_two,codex215:33:215032:1441,743.3889050483704,79008,1,1.4436139948666096,1.4440717361867428
power_of_two,codex119:26:119025:953,743.806031703949,134362,1,220.81613800302148,220.81689201295376
power_of_two,codex511:13:511012:1632,744.5197851657867,44782,1,3.015032522380352,3.0153126940131187
power_of_two,codex509:32:509031:1262,745.9903430938721,96219,1,1.6061050444841385,1.60661481320858
power_of_two,codex443:6:443005:1569,746.39062666893,26193,1,1.1462229005992413,1.1464011371135712
power_of_two,codex213:22:213021:1272,746.5788691043854,59149,1,2.9326203987002373,2.932978969067335
power_of_two,codex143:1:143000:1736,746.6273856163025,13326,1,2.768152829259634,2.7683009766042233
power_of_two,codex287:6:287005:1699,746.75510597229,40846,1,2.7590461038053036,2.7592965327203274
power_of_two,codex71:22:71021:1357,747.0984025001526,108549,1,2.428160674870014,2.428835768252611
power_of_two,codex266:15:266014:1153,747.5202121734619,131023,1,13.602625668048859,13.603603169322014
power_of_two,codex506:31:506030:1420,748.0232667922974,106469,1,2.1864413544535637,2.1870213858783245
power_of_two,codex65:44:65043:885,748.6153495311737,178350,1,22.010476179420948,22.011450670659542
power_of_two,codex228:43:228042:1114,749.1791379451752,161638,1,297.1855645030737,297.1866378262639
power_of_two,codex421:13:421012:1425,749.3697459697723,57447,1,22.505522087216377,22.505861964076757
power_of_two,codex343:3:343002:1640,749.5042185783386,34654,1,2.6891847141087055,2.689534083008766
power_of_two,codex511:14:511013:1642,749.886677980423,46054,1,1.4377408884465694,1.4380446150898933
power_of_two,codex171:4:171003:1761,750.0770409107208,26285,1,5.096658937633038,5.097183581441641
power_of_two,codex291:2:291001:1689,750.1987524032593,29473,1,7.414071790874004,7.414351765066385
power_of_two,codex540:13:540012:1643,750.4472920894623,39120,1,4.729821112006903,4.730076186358929
power_of_two,codex166:22:166021:1306,750.9501469135284,99435,1,6.767235700041056,6.768067996948957
power_of_two,codex129:2:129001:1740,751.010326385498,17430,1,20.858084101229906,20.85824192687869
power_of_two,codex88:9:88008:1416,751.316324710846,90774,1,4.835420146584511,4.8360447734594345
power_of_two,codex215:34:215033:1469,751.613085269928,79424,1,6.110788483172655,6.111212804913521
power_of_two,codex305:4:305003:1582,752.4406504631042,58398,1,5.309357039630413,5.309747576713562
power_of_two,codex509:33:509032:1280,752.7626068592072,96998,1,3.437046602368355,3.437560770660639
power_of_two,codex443:7:443006:1588,752.8552503585815,28143,1,19.01577389985323,19.015975512564182
power_of_two,codex143:2:143001:1768,752.9047951698303,15407,1,295.12446416914463,295.1245975494385
power_of_two,codex76:7:76006:1664,753.0667607784271,33287,1,1.0825016163289547,1.0828582867980003
power_of_two,codex521:32:521031:1283,753.6178693771362,112661,1,3.029407538473606,3.0300096347928047
power_of_two,codex278:13:278012:1450,753.903932094574,91380,1,1.3561436161398888,1.3566350229084492
power_of_two,codex359:1:359000:1779,754.6766400337219,13395,1,1.2885679490864277,1.2888333685696125
power_of_two,codex308:13:308012:1344,755.7136032581329,110855,1,1.9071977399289608,1.9077672250568867
power_of_two,codex71:23:71022:1384,756.6330177783966,109237,1,2.1451145224273205,2.145764820277691
power_of_two,codex255:4:255003:1770,756.9025981426239,46635,1,298.9105277508497,298.9110003449023
power_of_two,codex171:5:171004:1780,757.389594078064,29642,1,302.8229427114129,302.8231824710965
power_of_two,codex73:20:73019:1346,757.6051669120789,66572,1,6.46246674656868,6.462871175259352
power_of_two,codex88:10:88009:1427,758.4889652729034,100344,1,335.1738062351942,335.17450512573123
power_of_two,codex76:8:76007:1681,758.6059029102325,36716,1,3.3496191948652267,3.349872585386038
power_of_two,codex291:3:291002:1704,758.7485330104828,37246,1,3.2360717691481113,3.2363918498158455
power_of_two,codex213:23:213022:1301,759.0384831428528,59761,1,1.8660904355347157,1.86646219342947
power_of_two,codex19:9:19008:1771,759.1299903392792,29005,1,0.8116473667323589,0.8119719922542572
power_of_two,codex278:14:278013:1468,759.4265465736389,91579,1,5.020925737917423,5.021545264869928
power_of_two,codex166:23:166022:1316,760.5718324184418,100376,1,366.5908793285489,366.59150344878435
power_of_two,codex509:34:509033:1296,760.8943078517914,97212,1,4.4590138010680676,4.459520287811756
power_of_two,codex287:7:287006:1741,761.9493606090546,45661,1,3.394337996840477,3.394613854587078
power_of_two,codex308:14:308013:1356,762.3742134571075,111539,1,405.1354974992573,405.13632640242577
power_of_two,codex359:2:359001:1811,762.4565796852112,22881,1,2.8829945102334023,2.8831778466701508
power_of_two,codex266:16:266015:1161,762.8837342262268,133399,1,11.572309996932745,11.573234561830759
power_of_two,codex511:15:511014:1684,763.0524764060974,46846,1,2.2940515093505383,2.294343315064907
power_of_two,codex116:23:116022:1366,763.3918735980988,104587,1,11.053244214504957,11.054001808166504
power_of_two,codex538:1:538000:1809,763.4600501060486,14771,1,10.047004617750645,10.047239560633898
power_of_two,codex71:24:71023:1402,763.8189222812653,111358,1,10.61159423738718,10.614368043839931
power_of_two,codex76:9:76008:1693,763.9496064186096,38284,1,409.9221443757415,409.92240741476417
power_of_two,codex522:9:522008:1634,764.0612654685974,36765,1,15.219810739159584,15.220054488629103
power_of_two,codex215:35:215034:1500,764.8582236766815,79792,1,431.4582611359656,431.458833552897
power_of_two,codex506:32:506031:1478,765.3294351100922,107296,1,4.622987359762192,4.623681027442217
power_of_two,codex278:15:278014:1479,765.8340549468994,91781,1,13.45451706647873,13.455018825829029
power_of_two,codex343:4:343003:1692,765.9568629264832,37215,1,1.178887378424406,1.1793303899466991
power_of_two,codex511:16:511015:1696,766.9530408382416,53439,1,3.023656390607357,3.0239718072116375
power_of_two,codex294:23:294022:1400,768.7732377052307,86381,1,25.16332546249032,25.163781240582466
power_of_two,codex509:35:509034:1309,769.094208240509,97549,1,1.6211492419242859,1.6216765381395817
power_of_two,codex213:24:213023:1328,769.4109349250793,59963,1,16.02381145209074,16.024179067462683
power_of_two,codex305:5:305004:1613,769.6104061603546,62841,1,20.020418889820576,20.027475595474243
power_of_two,codex359:3:359002:1831,769.7121374607086,28645,1,15.715289875864983,15.715507008135319
power_of_two,codex511:17:511016:1703,770.610178232193,56290,1,19.02468639612198,19.027246054261923
power_of_two,codex525:1:525000:1832,771.0777003765106,13473,1,1.574381235986948,1.5745081678032875
power_of_two,codex220:25:220024:1388,771.4837539196014,82502,1,1.1741688065230846,1.1746331788599491
power_of_two,codex521:33:521032:1327,771.8606204986572,113250,1,17.783911682665348,17.78450919315219
power_of_two,codex65:45:65044:900,772.6401624679565,178525,0,,
power_of_two,codex509:36:509035:1317,773.0370500087738,97723,1,1.5007100440561771,1.5013799220323563
power_of_two,codex129:3:129002:1754,773.1280398368835,21028,1,1.330778807401657,1.3309964574873447
power_of_two,codex220:26:220025:1401,776.0468642711639,82916,1,3.2288313880562782,3.2293126545846462
power_of_two,codex540:14:540013:1720,776.2136614322662,49739,1,4.260654523968697,4.262597810477018
power_of_two,codex71:25:71024:1413,777.3391659259796,111541,1,3.143879070878029,3.1444882787764072
power_of_two,codex110:25:110024:1191,777.7693133354187,130593,1,13.983914095908403,13.984635416418314
power_of_two,codex352:7:352006:1748,777.9468021392822,47625,0,,
power_of_two,codex506:33:506032:1512,778.2945291996002,108443,1,5.166951701045036,5.167631179094315
power_of_two,codex525:2:525001:1860,778.3615443706512,18720,1,13.374989602714777,13.375151336193085
power_of_two,codex19:10:19009:1834,778.4702560901642,29334,1,15.306872006505728,15.307080753147602
power_of_two,codex287:8:287007:1803,778.6392197608948,51447,1,3.0706227645277977,3.070954866707325
power_of_two,codex548:17:548016:1278,778.9277243614197,87688,1,4.4750537648797035,4.475676324218512
power_of_two,codex509:37:509036:1330,779.264621257782,102671,1,6.944329235702753,6.945093631744385
power_of_two,codex266:17:266016:1186,779.996869802475,135808,1,13.949391640722752,13.950140539556742
power_of_two,codex109:10:109009:1439,780.3084144592285,31416,1,7.4702120162546635,7.4704452976584435
power_of_two,codex135:24:135023:1222,781.1512501239777,96107,1,6.6343784630298615,6.634898129850626
power_of_two,codex538:2:538001:1837,781.214839220047,18510,1,12.704064667224884,12.704223927110434
power_of_two,codex443:8:443007:1617,783.6189696788788,31486,1,2.469791501760483,2.4701429456472397
power_of_two,codex522:10:522009:1653,783.8017911911011,40992,1,6.295294247567654,6.295690048485994
power_of_two,codex220:27:220026:1419,784.0743951797485,83787,1,4.704221345484257,4.704692203551531
power_of_two,codex234:20:234019:1609,784.3021926879883,73486,1,9.62893171608448,9.6293456107378
power_of_two,codex540:15:540014:1734,784.4598636627197,50398,0,,
power_of_two,codex287:9:287008:1818,784.6288530826569,54893,1,9.297168176621199,9.297507487237453
power_of_two,codex506:34:506033:1518,785.0844986438751,112592,1,5.675147723406553,5.675772573798895
power_of_two,codex116:24:116023:1408,785.4176468849182,104945,1,1.9464027620851994,1.9469774663448334
power_of_two,codex359:4:359003:1836,787.2655694484711,32164,1,1.507394541054964,1.5076146945357323
power_of_two,codex532:1:532000:1896,787.4826159477234,13777,1,7.333402663469315,7.333627782762051
power_of_two,codex213:25:213024:1337,787.7703709602356,78231,1,15.728762250393629,15.729192309081554
power_of_two,codex278:16:278015:1516,788.705554485321,93851,1,3.0390190668404102,3.039535913616419
power_of_two,codex355:3:355002:1600,788.768651008606,18287,1,0.6373061910271645,0.6375456564128399
power_of_two,codex359:5:359004:1845,789.5555288791656,34111,1,0.9342248924076557,0.934563547372818
power_of_two,codex511:18:511017:1711,790.3638994693756,60537,1,6.467776246368885,6.468173187226057
power_of_two,codex129:4:129003:1826,790.6569035053253,33118,1,8.167020436376333,8.167348247021437
power_of_two,codex116:25:116024:1422,791.5752303600311,110370,1,12.45641353726387,12.466882824897766
power_of_two,codex291:4:291003:1823,791.7319474220276,44742,1,4.044170256704092,4.0445601381361485
power_of_two,codex220:28:220027:1431,792.6460196971893,85496,1,3.872815828770399,3.873305030167103
power_of_two,codex71:26:71025:1457,793.0075113773346,112000,1,11.032602116465569,11.034697651863098
power_of_two,codex278:17:278016:1523,793.3033101558685,94254,0,,
power_of_two,codex109:11:109010:1463,793.4135739803314,34552,1,2.3270089365541935,2.3272749558091164
power_of_two,codex506:35:506034:1530,793.7679316997528,114173,0,,
power_of_two,codex343:5:343004:1796,793.9139897823334,43503,1,4.966238811612129,4.967049717903137
power_of_two,codex525:3:525002:1878,794.2355635166168,22056,1,2.277527801692486,2.2777064815163612
power_of_two,codex382:19:382018:1448,794.5858290195465,61111,1,4.299197241663933,4.299544420093298
power_of_two,codex521:34:521033:1343,795.2160427570343,114718,1,3.376354970037937,3.3769576102495193
power_of_two,codex266:18:266017:1194,795.6639287471771,138808,0,,
power_of_two,codex415:1:415000:1924,795.7175757884979,13003,0,,
power_of_two,codex109:12:109011:1467,796.2780609130859,35000,1,0.6521394103765488,0.6524728573858738
power_of_two,codex359:6:359005:1874,796.5079112052917,35567,1,7.536212511360645,7.53643561527133
power_of_two,codex422:29:422028:1477,796.8235323429108,51055,1,2.8860261291265488,2.8865342177450657
power_of_two,codex220:29:220028:1440,797.6480660438538,85913,1,2.5710841603577137,2.5715620405972004
power_of_two,codex19:11:19010:1850,797.7421145439148,29455,1,0.8427856303751469,0.8430040515959263
power_of_two,codex405:11:405010:1605,797.967964887619,40086,1,6.096069663763046,6.096422519534826
power_of_two,codex367:10:367009:1749,798.5790317058563,37372,1,6.31947073712945,6.319988925009966
power_of_two,codex294:24:294023:1421,799.3335692882538,86649,0,,
power_of_two,codex525:4:525003:1894,799.4423339366913,33423,1,3.141669724136591,3.141913592815399
power_of_two,codex19:12:19011:1857,799.5444374084473,33262,1,1.320804975926876,1.3211380802094936
power_of_two,codex538:3:538002:1869,800.2108254432678,31715,1,3.94943106174469,3.9498838894069195
power_of_two,codex343:6:343005:1810,800.8293290138245,43906,1,0.7486824542284012,0.7490766979753971
power_of_two,codex532:2:532001:1929,801.0779285430908,14483,1,3.083673071116209,3.083797015249729
power_of_two,codex421:14:421013:1541,801.8280391693115,58124,1,3.022455632686615,3.022823642939329
power_of_two,codex382:20:382019:1465,802.2908353805542,61583,1,1.313796330243349,1.3141633197665215
power_of_two,codex422:30:422029:1490,802.4552626609802,51501,1,1.1127783879637718,1.1131920218467712
power_of_two,codex109:13:109012:1494,802.5788722038269,35325,1,2.323131948709488,2.323361713439226
power_of_two,codex355:4:355003:1646,803.7664186954498,19148,0,,
power_of_two,codex389:1:389000:1956,803.8915560245514,13608,1,1.4325360096991062,1.4327572584152222
power_of_two,codex287:10:287009:1856,804.8424069881439,59447,0,,
power_of_two,codex343:7:343006:1827,805.7641839981079,46639,1,2.1567187011241913,2.1570239551365376
power_of_two,codex291:5:291004:1859,805.9313306808472,52285,1,3.559092778712511,3.5595191717147827
power_of_two,codex116:26:116025:1430,806.6289296150208,111321,1,4.404596898704767,4.405229289084673
power_of_two,codex220:30:220029:1466,806.8990521430969,86243,1,3.3082404732704163,3.3088284470140934
power_of_two,codex511:19:511018:1745,807.090318441391,61431,1,4.640779983252287,4.641162719577551
power_of_two,codex359:7:359006:1887,807.2023241519928,36962,1,2.3654473796486855,2.3657644763588905
power_of_two,codex405:12:405011:1618,807.3418183326721,42232,0,,
power_of_two,codex421:15:421014:1550,807.5210235118866,58413,1,2.025222148746252,2.025667477399111
power_of_two,codex548:18:548017:1347,807.7983486652374,87849,0,,
power_of_two,codex443:9:443008:1685,807.9010508060455,32552,0,,
power_of_two,codex129:5:129004:1862,808.2349102497101,40811,1,2.7879965119063854,2.7882781587541103
power_of_two,codex522:11:522010:1724,808.3823416233063,45206,1,2.6439313516020775,2.644222352653742
power_of_two,codex382:21:382020:1489,808.7572927474976,61768,1,3.587962068617344,3.588317535817623
power_of_two,codex521:35:521034:1374,809.1228649616241,115193,1,2.6708690710365772,2.6714748479425907
power_of_two,codex525:5:525004:1923,809.2499289512634,37566,1,4.752314273267984,4.752550411969423
power_of_two,codex64:3:64002:1652,809.35715675354,31571,1,2.292662590742111,2.293009966611862
power_of_two,codex538:4:538003:1901,809.4838647842407,39365,1,4.5159327536821365,4.516210835427046
power_of_two,codex71:27:71026:1488,811.0113332271576,112594,1,2.179118372499943,2.179731398820877
power_of_two,codex139:1:139000:1984,812.1003868579865,13365,1,1.287016075104475,1.2871679291129112
power_of_two,codex511:20:511019:1753,812.3366601467133,61878,1,1.6884200498461723,1.6887843757867813
power_of_two,codex116:27:116026:1442,812.8195660114288,112127,1,4.064653392881155,4.065248034894466
power_of_two,codex343:8:343007:1843,813.1793167591095,49169,1,2.9447411447763443,2.945044379681349
power_of_two,codex359:8:359007:1910,813.3825294971466,40918,1,2.737994898110628,2.738269694149494
power_of_two,codex129:6:129005:1880,813.6827390193939,42057,1,8.000714793801308,8.001310542225838
power_of_two,codex532:3:532002:1966,813.9946403503418,19629,1,7.690749313682318,7.690901838243008
power_of_two,codex64:4:64003:1663,814.8234038352966,50085,0,,
power_of_two,codex71:28:71027:1498,815.2104210853577,117247,1,6.573855496942997,6.5747826136648655
power_of_two,codex389:2:389001:1997,815.2805390357971,18683,1,2.427243184298277,2.4274086989462376
power_of_two,codex511:21:511020:1767,815.4785661697388,62239,1,6.311022561043501,6.311375234276056
power_of_two,codex220:31:220030:1493,815.75976729393,86568,1,1.1163889728486538,1.116877667605877
power_of_two,codex139:2:139001:2000,815.8825304508209,34905,1,8.987568870186806,8.987921681255102
power_of_two,codex382:22:382021:1508,816.1128041744232,67239,1,3.4913266114890575,3.4918391928076744
power_of_two,codex538:5:538004:1917,816.866357088089,44667,1,8.789758503437042,8.797315701842308
power_of_two,codex359:9:359008:1918,817.7033197879791,41753,0,,
power_of_two,codex422:31:422030:1548,818.5744714736938,51661,1,1.0671861097216606,1.0675824619829655
power_of_two,codex389:3:389002:2006,819.3624324798584,30519,1,3.1773595474660397,3.1775819212198257
power_of_two,codex109:14:109013:1552,819.5773150920868,35821,1,0.732306644320488,0.7325615100562572
power_of_two,codex362:1:362000:2013,820.305525302887,13910,1,1.3307424448430538,1.3310252651572227
power_of_two,codex220:32:220031:1511,820.9362759590149,89769,1,4.726971939206123,4.728343848139048
power_of_two,codex422:32:422031:1561,822.1801567077637,51810,0,,
power_of_two,codex305:6:305005:1726,822.4590723514557,83028,0,,
power_of_two,codex532:4:532003:1973,822.5356283187866,22655,1,1.1611579544842243,1.1613323986530304
power_of_two,codex343:9:343008:1872,822.7052607536316,52930,0,,
power_of_two,codex495:14:495013:1426,823.679990530014,89872,1,2.119123838841915,2.1195999905467033
power_of_two,codex522:12:522011:1781,824.4011876583099,46478,1,1.2827682942152023,1.2830515578389168
power_of_two,codex129:7:129006:1895,824.5361733436584,42218,1,0.42576781287789345,0.42612435668706894
power_of_two,codex139:3:139002:2014,825.4127707481384,42210,1,2.7592834755778313,2.759574569761753
power_of_two,codex220:33:220032:1522,827.986133813858,89907,1,4.32165053114295,4.322232987731695
power_of_two,codex453:8:453007:1491,828.1650280952454,55387,1,14.47561675682664,14.476070005446672
power_of_two,codex241:1:241000:2036,828.5024306774139,13806,1,1.310692347586155,1.3109076209366322
power_of_two,codex291:6:291005:1939,828.8179934024811,59098,1,4.629570759832859,4.629931215196848
power_of_two,codex389:4:389003:2033,829.1051063537598,51075,0,,
power_of_two,codex362:2:362001:2040,829.371114730835,33623,0,,
power_of_two,codex139:4:139003:2023,829.7276718616486,47567,1,2.065942570567131,2.066362965852022
power_of_two,codex532:5:532004:1999,829.8079330921173,24756,1,0.7039903700351715,0.7042774334549904
power_of_two,codex109:15:109014:1590,830.4998683929443,36158,1,1.1814487725496292,1.181697253137827
power_of_two,codex521:36:521035:1443,831.0847120285034,115505,0,,
power_of_two,codex511:22:511021:1805,831.2938256263733,64024,1,2.1579864844679832,2.1583610959351063
power_of_two,codex71:29:71028:1539,831.6720762252808,117564,1,2.759814564138651,2.760480884462595
power_of_two,codex495:15:495014:1454,832.2402160167694,91844,1,2.5310962721705437,2.531594831496477
power_of_two,codex532:6:532005:2011,832.7948727607727,27877,1,1.6262521892786026,1.6264891549944878
power_of_two,codex135:25:135024:1361,833.1375858783722,96715,0,,
power_of_two,codex129:8:129007:1928,833.3160464763641,43602,0,,
power_of_two,codex525:6:525005:1994,833.4388236999512,38116,1,1.027032420039177,1.0272779315710068
power_of_two,codex213:26:213025:1437,833.8504028320312,78515,1,4.9493799321353436,4.949934512376785
power_of_two,codex116:28:116027:1510,834.2087953090668,113026,1,1.646312940865755,1.6469344943761826
power_of_two,codex538:6:538005:1949,834.4123249053955,62184,1,15.044040527194738,15.044431176036596
power_of_two,codex220:34:220033:1535,835.1552178859711,94841,1,4.004124041646719,4.004834212362766
power_of_two,codex272:1:272000:2051,836.7100751399994,13914,1,13.98788159713149,13.988015733659267
power_of_two,codex511:23:511022:1821,836.9384520053864,64384,1,0.9246951676905155,0.9250862672924995
power_of_two,codex241:2:241001:2055,837.198982000351,15900,1,1.964142870157957,1.964355781674385
power_of_two,codex522:13:522012:1828,837.8551242351532,50783,1,3.868290852755308,3.868632812052965
power_of_two,codex192:20:192019:1376,838.454755783081,65622,1,17.222453206777573,17.22310831397772
power_of_two,codex116:29:116028:1525,839.6448771953583,113412,1,2.3764359578490257,2.3770893327891827
power_of_two,codex382:23:382022:1581,839.8660485744476,67754,1,10.841543234884739,10.841933399438858
power_of_two,codex291:7:291006:1972,841.1109707355499,60642,0,,
power_of_two,codex495:16:495015:1482,841.4241907596588,92501,1,14.259805966168642,14.260300856083632
power_of_two,codex109:16:109015:1610,841.5412385463715,36600,1,2.2462983950972557,2.2465334311127663
power_of_two,codex139:5:139004:2047,841.7163457870483,50678,1,2.0515411719679832,2.0520041212439537
power_of_two,codex509:38:509037:1531,844.3714892864227,102837,1,6.342838242650032,6.343410275876522
power_of_two,codex315:29:315028:1223,844.674619436264,91167,1,33.3703880161047,33.3712374009192
power_of_two,codex532:7:532006:2044,845.3135712146759,29611,1,32.73443351313472,32.734635423868895
power_of_two,codex522:14:522013:1851,848.5496835708618,52673,1,2.153279598802328,2.1535983495414257
power_of_two,codex110:26:110025:1375,850.1081421375275,132991,1,29.98530700802803,29.985990341752768
power_of_two,codex421:16:421015:1666,850.3032846450806,59397,1,2.818397294729948,2.8187966756522655
power_of_two,codex139:6:139005:2068,850.6920313835144,56911,0,,
power_of_two,codex241:3:241002:2092,851.1111178398132,27170,1,2.6118310652673244,2.6121044270694256
power_of_two,codex272:2:272001:2060,851.2483198642731,15607,1,0.5023230575025082,0.5024830251932144
power_of_two,codex40:1:40000:2099,853.1155250072479,13459,1,1.331035140901804,1.3311720304191113
power_of_two,codex421:17:421016:1673,853.9263229370117,59780,0,,
power_of_two,codex116:30:116029:1574,854.3541479110718,113614,1,1.2987636364996433,1.2994004599750042
power_of_two,codex272:3:272002:2067,854.4429795742035,24304,1,1.849386554211378,1.8495695106685162
power_of_two,codex109:17:109016:1645,854.8982331752777,36781,1,1.8292672261595726,1.8294986970722675
power_of_two,codex241:4:241003:2106,855.255569934845,30914,1,1.4695826694369316,1.4697932228446007
power_of_two,codex495:17:495016:1486,856.2847638130188,94310,1,2.4707635939121246,2.4712926484644413
power_of_two,codex453:9:453008:1547,856.7177412509918,66248,1,5.141413878649473,5.1418146677315235
power_of_two,codex40:2:40001:2121,857.5226199626923,17142,1,0.75932577252388,0.7595984116196632
power_of_two,codex213:27:213026:1521,859.3168802261353,79042,1,2.2690965086221695,2.269581366330385
power_of_two,codex511:24:511023:1905,860.347653388977,64647,1,1.2454634085297585,1.245837613940239
power_of_two,codex495:18:495017:1497,860.7982025146484,94887,0,,
power_of_two,codex241:5:241004:2131,861.0181105136871,35394,1,2.4193970263004303,2.4196442775428295
power_of_two,codex192:21:192020:1397,861.3993821144104,66102,1,2.043130859732628,2.0435174703598022
power_of_two,codex456:1:456000:2135,861.4503319263458,13377,1,1.3642642050981522,1.3645312264561653
power_of_two,codex109:18:109017:1661,861.5690004825592,36880,0,,
power_of_two,codex213:28:213027:1528,863.1346037387848,79993,0,,
power_of_two,codex508:20:508019:1192,863.4291756153107,89622,1,4.300650306046009,4.301526743918657
power_of_two,codex453:10:453009:1560,863.8115134239197,69592,1,2.5254252403974533,2.525845881551504
power_of_two,codex272:4:272003:2097,864.0630619525909,45359,1,19.50364051759243,19.504072908312082
power_of_two,codex382:24:382023:1615,864.3095135688782,68095,0,,
power_of_two,codex192:22:192021:1406,864.5298070907593,70774,1,5.609098702669144,5.60953076556325
power_of_two,codex456:2:456001:2148,864.5876939296722,17071,1,0.7524079382419586,0.7526619918644428
power_of_two,codex40:3:40002:2152,865.6323473453522,27369,1,2.087024997919798,2.087350510060787
power_of_two,codex509:39:509038:1586,866.3258633613586,105173,1,4.461075946688652,4.461651120334864
power_of_two,codex525:7:525006:2086,867.3998422622681,38729,0,,
power_of_two,codex456:3:456002:2164,868.866260766983,31822,1,3.4927811920642853,3.493494398891926
power_of_two,codex508:21:508020:1197,869.1610279083252,90565,0,,
power_of_two,codex522:15:522014:1927,869.3306946754456,53179,0,,
power_of_two,codex251:1:251000:2160,869.5116906166077,13343,1,1.9602489061653614,1.9603894390165806
power_of_two,codex40:4:40003:2170,871.3376550674438,44703,1,5.78770362958312,5.787995912134647
power_of_two,codex241:6:241005:2163,871.4677767753601,38829,1,13.302665866911411,13.302931774407625
power_of_two,codex511:25:511024:1947,872.3437404632568,65838,0,,
power_of_two,codex251:2:251001:2180,874.8083403110504,16537,1,1.964619506150484,1.9651628695428371
power_of_two,codex453:11:453010:1595,876.0133497714996,72408,1,4.108980815857649,4.109390497207642
power_of_two,codex538:7:538006:2043,876.221408367157,66776,1,3.862209513783455,3.862951524555683
power_of_two,codex509:40:509039:1599,877.1152415275574,105645,1,2.0625962987542152,2.06317251175642
power_of_two,codex217:1:217000:2187,877.7195644378662,13563,1,7.04772038385272,7.047861073166132
power_of_two,codex603:9:603008:1636,879.165952205658,67778,0,,
power_of_two,codex456:4:456003:2194,880.335113286972,39540,1,2.373782094568014,2.3740750923752785
power_of_two,codex315:30:315029:1245,881.7123520374298,91443,1,29.33717042952776,29.33781300485134
power_of_two,codex110:27:110026:1394,884.0664048194885,133503,1,4.247902039438486,4.248864445835352
power_of_two,codex192:23:192022:1455,884.2892446517944,71700,1,1.805660244077444,1.8061096705496311
power_of_two,codex509:41:509040:1619,884.6191072463989,106105,1,3.7667687237262726,3.767415788024664
power_of_two,codex456:5:456004:2200,884.7630546092987,42018,1,1.335435375571251,1.3357101082801819
power_of_two,codex158:1:158000:2203,885.9261085987091,13320,0,,
power_of_two,codex217:2:217001:2195,886.0446534156799,28295,1,2.7328809425234795,2.73319448903203
power_of_two,codex272:5:272004:2124,886.2518391609192,45754,1,0.7205415479838848,0.7208457849919796
power_of_two,codex453:12:453011:1608,886.96328997612,81153,1,5.641231250017881,5.641837552189827
power_of_two,codex192:24:192023:1464,887.9703385829926,72639,1,1.5387111864984035,1.5391519889235497
power_of_two,codex121:7:121006:1654,888.1506142616272,58654,1,1.5500843040645123,1.550434436649084
power_of_two,codex40:5:40004:2208,888.6534657478333,48342,0,,
power_of_two,codex234:21:234020:1957,890.8820042610168,79915,1,4.005728755146265,4.006189212203026
power_of_two,codex241:7:241006:2189,891.650862455368,38958,1,0.9716527350246906,0.971996083855629
power_of_two,codex532:8:532007:2079,892.143707036972,30048,1,0.4639308489859104,0.46413667127490044
power_of_two,codex116:31:116030:1679,893.523360490799,115540,1,2.7830378599464893,2.783720064908266
power_of_two,codex532:9:532008:2085,893.7788157463074,30507,1,0.4737582132220268,0.47408657521009445
power_of_two,codex37:1:37000:2226,894.127289056778,14001,1,23.180282454937696,23.182443633675575
power_of_two,codex121:8:121007:1672,894.8718414306641,60481,1,3.4026289507746696,3.403131727129221
power_of_two,codex538:8:538007:2082,895.3622648715973,67589,1,21.951359797269106,21.952178195118904
power_of_two,codex217:3:217002:2216,895.4937009811401,39357,1,4.129704512655735,4.129977073520422
power_of_two,codex532:10:532009:2102,897.8927874565125,31073,1,0.5010298490524292,0.5013309270143509
power_of_two,codex234:22:234021:1977,899.0031158924103,82270,1,2.693240575492382,2.6937347911298275
power_of_two,codex116:32:116031:1695,899.3811411857605,117216,1,4.530038993805647,4.530883628875017
power_of_two,codex192:25:192024:1505,899.615044593811,73482,1,1.134186364710331,1.1349048465490341
consistent_hash,codex250:14:250013:410,300.63568019866943,63753,1,6.567672483623028,6.568115349858999
consistent_hash,codex488:14:488013:417,301.7401294708252,52685,1,5.4899885803461075,5.490295402705669
consistent_hash,codex543:10:543009:443,302.2160634994507,40432,1,1.0317294746637344,1.032004076987505
consistent_hash,codex436:5:436004:439,302.73792028427124,29579,1,1.9930161833763123,1.9932352378964424
consistent_hash,codex29:14:29013:437,302.93722915649414,61856,1,2.031457792967558,2.0318185202777386
consistent_hash,codex506:13:506012:363,303.2399308681488,85202,1,5.162335865199566,5.162810210138559
consistent_hash,codex215:1:215000:442,303.4981780052185,13107,1,1.7693873941898346,1.76960588991642
consistent_hash,codex220:3:220002:403,303.5876748561859,26327,1,1.1449926160275936,1.1451743729412556
consistent_hash,codex71:2:71001:432,303.6531331539154,13948,1,4.739799454808235,4.739927254617214
consistent_hash,codex350:23:350022:350,304.15852308273315,100411,1,4.249915514141321,4.25045271217823
consistent_hash,codex483:17:483016:322,304.45105147361755,85698,1,2.365491461008787,2.366034895181656
consistent_hash,codex65:13:65012:259,304.7239396572113,79687,1,2.2356318421661854,2.236136082559824
consistent_hash,codex228:22:228021:430,304.95900774002075,71422,1,1.016343891620636,1.0169103406369686
consistent_hash,codex361:7:361006:452,305.44055700302124,29427,1,0.5483843199908733,0.5486802272498608
consistent_hash,codex543:11:543010:453,305.67484045028687,43234,1,1.1086369827389717,1.1090159490704536
consistent_hash,codex96:18:96017:305,306.52240920066833,52569,1,0.4612985886633396,0.46160822734236717
consistent_hash,codex315:5:315004:434,307.64765548706055,52972,1,2.4367896169424057,2.4371293298900127
consistent_hash,codex526:6:526005:360,307.772390127182,36589,1,0.6236704997718334,0.6239086799323559
consistent_hash,codex543:12:543011:456,308.3880124092102,44523,1,0.7183369770646095,0.7187312170863152
consistent_hash,codex65:14:65013:264,308.7802219390869,81141,1,1.6372589617967606,1.637848861515522
consistent_hash,codex526:7:526006:367,309.42338824272156,37382,1,3.1166981272399426,3.116956491023302
consistent_hash,codex96:19:96018:316,309.58963918685913,52684,1,2.959450114518404,2.9597573652863503
consistent_hash,codex483:18:483017:335,310.0064585208893,86643,1,2.5497920736670494,2.5502663888037205
consistent_hash,codex509:2:509001:450,310.0791561603546,19675,1,2.4630006588995457,2.4631523936986923
consistent_hash,codex25:6:25005:461,310.9166615009308,29495,1,1.6279525719583035,1.6281613036990166
consistent_hash,codex238:14:238013:271,311.4956624507904,124417,1,4.717456303536892,4.718368548899889
consistent_hash,codex215:2:215001:462,311.6473755836487,39843,1,7.039607010781765,7.040200617164373
consistent_hash,codex363:11:363010:314,311.9764618873596,99341,1,5.293856013566256,5.294681575149298
consistent_hash,codex73:1:73000:460,312.06287837028503,13617,1,2.867258831858635,2.867391210049391
consistent_hash,codex250:15:250014:424,312.314017534256,69601,1,3.179591368883848,3.180009178817272
consistent_hash,codex228:23:228022:448,312.53372073173523,72052,1,0.789731789380312,0.7901671677827835
consistent_hash,codex586:10:586009:377,312.85713958740234,46948,1,4.417232014238834,4.417506754398346
consistent_hash,codex71:3:71002:444,312.9278676509857,19664,1,2.545630544424057,2.545938055962324
consistent_hash,codex29:15:29014:458,313.6254668235779,62734,1,5.066333841532469,5.066696897149086
consistent_hash,codex152:8:152007:429,314.0446960926056,69766,1,2.083860643208027,2.0842724964022636
consistent_hash,codex526:8:526007:375,314.59718656539917,37629,1,6.6977826580405235,6.705375228077173
consistent_hash,codex483:19:483018:344,314.91378593444824,87909,1,6.388390876352787,6.389344081282616
consistent_hash,codex228:24:228023:455,315.7294888496399,72266,1,0.7391772121191025,0.7395820915699005
consistent_hash,codex436:6:436005:467,315.82761549949646,30281,1,1.0977567322552204,1.0979664959013462
consistent_hash,codex65:15:65014:280,316.118381023407,88361,1,11.355301935225725,11.355946831405163
consistent_hash,codex238:15:238014:279,316.91510367393494,132169,1,12.370530590415001,12.371444061398506
consistent_hash,codex25:7:25006:472,317.38893938064575,31305,1,1.500298272818327,1.5005131363868713
consistent_hash,codex96:20:96019:333,317.571816444397,52787,1,14.973618756979704,14.978117387741804
consistent_hash,codex422:10:422009:480,317.8356502056122,33410,1,2.2670525796711445,2.2673675268888474
consistent_hash,codex108:26:108025:433,318.0186219215393,59438,1,0.7223122119903564,0.7226568982005119
consistent_hash,codex315:6:315005:457,318.1906635761261,55594,1,1.3789899870753288,1.379321563988924
consistent_hash,codex436:7:436006:473,318.32788491249084,35017,1,1.7945245616137981,1.7948376834392548
consistent_hash,codex228:25:228024:464,320.4842789173126,73252,1,0.9971480295062065,0.9975689500570297
consistent_hash,codex119:10:119009:463,320.9489939212799,62630,1,1.0847097672522068,1.0850974135100842
consistent_hash,codex436:8:436007:479,321.0644443035126,35975,1,0.6985237263143063,0.6987705938518047
consistent_hash,codex73:2:73001:482,321.4749722480774,21062,1,1.2435132674872875,1.2437765151262283
consistent_hash,codex526:9:526008:382,321.6458752155304,42877,1,10.903337590396404,10.903621029108763
consistent_hash,codex422:11:422010:488,321.7580232620239,34871,1,0.660048097372055,0.6612812653183937
consistent_hash,codex586:11:586010:390,322.19387197494507,47705,1,10.360094025731087,10.360416326671839
consistent_hash,codex250:16:250015:445,322.41031289100647,69767,1,0.6325466930866241,0.632956150919199
consistent_hash,codex152:9:152008:449,323.7887122631073,70391,1,1.2580904327332973,1.2585140727460384
consistent_hash,codex215:3:215002:485,324.2813935279846,45079,1,1.9292078204452991,1.9296582452952862
consistent_hash,codex315:7:315006:468,324.63106966018677,58303,1,1.4421525821089745,1.442745577543974
consistent_hash,codex228:26:228025:474,324.92141914367676,84538,1,6.407135218381882,6.407616466283798
consistent_hash,codex71:4:71003:469,325.0394206047058,31558,1,4.0307402946054935,4.03107675909996
consistent_hash,codex73:3:73002:494,325.3652470111847,25975,1,4.315136298537254,4.315420649945736
consistent_hash,codex483:20:483019:358,327.1816906929016,93316,1,5.417065221816301,5.417561117559671
consistent_hash,codex25:8:25007:497,327.5777723789215,31890,1,0.45730339363217354,0.4575163908302784
consistent_hash,codex215:4:215003:492,328.02938628196716,52733,1,3.113900225609541,3.1142182163894176
consistent_hash,codex135:1:135000:499,328.102822303772,13483,1,1.5853427164256573,1.5855467692017555
consistent_hash,codex411:7:411006:496,330.3152060508728,43415,1,0.8901543691754341,0.8905349783599377
consistent_hash,codex436:9:436008:503,330.53169798851013,36243,1,0.6075872853398323,0.6078303158283234
consistent_hash,codex506:14:506013:420,330.93799328804016,88788,1,6.761242184787989,6.761732719838619
consistent_hash,codex315:8:315007:486,331.1326811313629,58817,1,0.7814585082232952,0.7818219512701035
consistent_hash,codex152:10:152009:465,331.9047176837921,80379,1,8.230807643383741,8.231342993676662
consistent_hash,codex586:12:586011:393,333.32959485054016,49532,1,1.3493248634040356,1.349621269851923
consistent_hash,codex81:15:81014:518,333.5662579536438,47018,1,1.1092256978154182,1.1095064543187618
consistent_hash,codex436:10:436009:516,333.68793535232544,36977,1,0.9836814887821674,0.9839286915957928
consistent_hash,codex509:3:509002:502,333.874223947525,25548,1,1.9571600556373596,1.9574436098337173
consistent_hash,codex65:16:65015:299,334.21890354156494,88756,1,1.668948657810688,1.669424433261156
consistent_hash,codex119:11:119010:495,334.4349477291107,66465,1,2.3739850968122482,2.3743746392428875
consistent_hash,codex250:17:250016:471,334.66402101516724,69901,1,0.7417662590742111,0.7421839870512486
consistent_hash,codex25:9:25008:520,335.39850878715515,36929,1,1.4795584008097649,1.4799011461436749
consistent_hash,codex192:1:192000:522,336.31165289878845,13423,1,3.841240495443344,3.8432288840413094
consistent_hash,codex483:21:483020:369,336.64508271217346,93865,1,1.0616369917988777,1.0621582567691803
consistent_hash,codex411:8:411007:514,336.80124521255493,43840,1,0.5466567948460579,0.5470492467284203
consistent_hash,codex250:18:250017:478,337.19945669174194,70040,1,0.6460473164916039,0.6464377008378506
consistent_hash,codex73:4:73003:519,337.5511124134064,27097,1,2.603557590395212,2.604248557239771
consistent_hash,codex25:10:25009:526,337.6906669139862,37534,1,1.3053846210241318,1.305651780217886
consistent_hash,codex238:16:238015:301,338.282532453537,133620,1,3.6958966478705406,3.6968776248395443
consistent_hash,codex436:11:436010:525,338.40845251083374,37293,1,1.476272702217102,1.4766158759593964
consistent_hash,codex119:12:119011:501,338.6285252571106,73176,1,6.986390061676502,6.9868162870407104
consistent_hash,codex586:13:586012:402,338.78134059906006,49847,1,3.255822479724884,3.2569514587521553
consistent_hash,codex250:19:250018:483,338.98989057540894,70207,1,0.8576840348541737,0.8580862544476986
consistent_hash,codex543:13:543012:530,339.134690284729,45033,1,0.7935026995837688,0.7938903868198395
consistent_hash,codex315:9:315008:504,339.35891366004944,59429,1,1.193645641207695,1.194091409444809
consistent_hash,codex29:16:29015:510,339.549289226532,62919,1,0.8989446125924587,0.8993046581745148
consistent_hash,codex65:17:65016:311,339.8360607624054,89706,1,2.2075780481100082,2.2080470845103264
consistent_hash,codex493:27:493026:506,340.4382724761963,85675,1,0.9155845642089844,0.9160796962678432
consistent_hash,codex29:17:29016:517,340.98661708831787,66053,1,2.141116499900818,2.141510635614395
consistent_hash,codex81:16:81015:531,341.2372272014618,58106,1,5.382450874894857,5.382811725139618
consistent_hash,codex483:22:483021:387,341.87963581085205,94681,1,1.3723393492400646,1.3728706203401089
consistent_hash,codex506:15:506014:436,342.78948187828064,91680,1,2.54353866353631,2.5440780334174633
consistent_hash,codex65:18:65017:317,343.1159291267395,96855,1,7.467813707888126,7.468407768756151
consistent_hash,codex526:10:526009:406,343.8364315032959,51864,1,9.327107176184654,9.334328189492226
consistent_hash,codex203:1:203000:536,344.5126750469208,13394,1,1.23559645190835,1.2358021400868893
consistent_hash,codex543:14:543013:541,344.906188249588,50295,1,2.5278756096959114,2.528174351900816
consistent_hash,codex25:11:25010:537,345.02750635147095,37858,1,2.3772186897695065,2.3775905705988407
consistent_hash,codex509:4:509003:529,345.3240931034088,29637,1,7.842107981443405,7.846260275691748
consistent_hash,codex586:14:586013:412,345.60214829444885,50808,1,7.567673273384571,7.569065868854523
consistent_hash,codex135:2:135001:548,347.5712699890137,20230,1,3.33058363199234,3.3308774270117283
consistent_hash,codex72:11:72010:505,348.0833206176758,77632,1,5.123097378760576,5.123595762997866
consistent_hash,codex203:2:203001:549,348.19364166259766,32569,1,5.212821565568447,5.213933829218149
consistent_hash,codex315:10:315009:527,348.39563274383545,62395,1,5.015723127871752,5.016080487519503
consistent_hash,codex363:12:363011:397,348.73262190818787,100281,1,4.445471655577421,4.446109063923359
consistent_hash,codex152:11:152010:493,349.38169956207275,84188,1,4.987577270716429,4.988045763224363
consistent_hash,codex73:5:73004:538,349.6640450954437,27291,1,4.694035094231367,4.694221913814545
consistent_hash,codex215:5:215004:544,351.70554280281067,58071,1,2.6582228168845177,2.6585541777312756
consistent_hash,codex422:12:422011:565,352.1370747089386,37248,1,0.9597196653485298,0.960077777504921
consistent_hash,codex110:1:110000:564,352.7201724052429,13568,1,1.6340000666677952,1.63412956148386
consistent_hash,codex411:9:411008:552,352.87334418296814,44290,1,0.5484372489154339,0.5487213805317879
consistent_hash,codex192:2:192001:562,352.97642254829407,20228,1,1.3830359764397144,1.383188508450985
consistent_hash,codex81:17:81016:556,354.06976866722107,58246,1,0.8606056682765484,0.8609740510582924
consistent_hash,codex493:28:493027:534,354.3480689525604,85849,1,0.7305759564042091,0.7310596443712711
consistent_hash,codex72:12:72011:512,354.6807904243469,89350,1,8.000867642462254,8.001359920948744
consistent_hash,codex422:13:422012:574,355.2965798377991,39880,1,1.3516428731381893,1.3520386181771755
consistent_hash,codex73:6:73005:543,355.45289397239685,31329,1,7.221889201551676,7.222102344036102
consistent_hash,codex25:12:25011:566,355.5824496746063,38804,1,1.0875598154962063,1.0878967680037022
consistent_hash,codex110:2:110001:572,355.65981245040894,22383,1,1.5311910286545753,1.5313744954764843
consistent_hash,codex215:6:215005:554,355.9431493282318,59922,1,1.332314159721136,1.3326754979789257
consistent_hash,codex203:3:203002:573,357.58667182922363,39918,1,2.934683106839657,2.935047931969166
consistent_hash,codex543:15:543014:580,358.7277252674103,50727,1,1.6036083288490772,1.6039368659257889
consistent_hash,codex70:26:70025:500,359.04628467559814,96307,1,1.5293617844581604,1.5299753211438656
consistent_hash,codex493:29:493028:551,359.6507558822632,86052,1,3.092923078685999,3.0934718064963818
consistent_hash,codex526:11:526010:425,359.83837485313416,52541,1,3.1863679997622967,3.1867819540202618
consistent_hash,codex363:13:363012:411,360.1828992366791,102936,1,3.28062130138278,3.2812843061983585
consistent_hash,codex110:3:110002:584,360.3251123428345,39740,1,4.957438103854656,4.957701396197081
consistent_hash,codex294:1:294000:583,360.91966247558594,13225,1,1.7527309320867062,1.7528625130653381
consistent_hash,codex483:23:483022:426,361.24646520614624,94999,1,4.049450099468231,4.049947880208492
consistent_hash,codex238:17:238016:357,361.7199959754944,142256,1,11.842382930219173,11.84420794993639
consistent_hash,codex152:12:152011:515,362.0208146572113,86014,1,2.2489269338548183,2.249427106231451
consistent_hash,codex65:19:65018:351,362.3432195186615,98695,1,9.506615918129683,9.507298208773136
consistent_hash,codex70:27:70026:507,362.6638479232788,97725,1,1.8337476626038551,1.8342886976897717
consistent_hash,codex294:2:294001:592,363.93116879463196,25345,1,3.41464464366436,3.417918313294649
consistent_hash,codex215:7:215006:579,364.1600468158722,60059,1,1.1290380582213402,1.1294001750648022
consistent_hash,codex411:10:411009:585,364.4874527454376,44597,1,0.7978761903941631,0.7981475442647934
consistent_hash,codex422:14:422013:597,364.68838834762573,40792,1,2.6604339964687824,2.6613196171820164
consistent_hash,codex25:13:25012:590,364.8292260169983,42088,1,2.779192950576544,2.7795539908111095
consistent_hash,codex203:4:203003:588,364.9767816066742,46058,1,2.3488009311258793,2.3492230102419853
consistent_hash,codex493:30:493029:563,365.25402760505676,89095,1,2.2707774937152863,2.2712647691369057
consistent_hash,codex192:3:192002:594,365.83774733543396,29980,1,6.026505507528782,6.026816423982382
consistent_hash,codex436:12:436011:595,366.6176218986511,37698,1,1.0103317089378834,1.0106547251343727
consistent_hash,codex71:5:71004:570,366.9643998146057,47727,1,8.647307027131319,8.647632420063019
consistent_hash,codex363:14:363013:428,368.1492235660553,103989,1,5.4253172762691975,5.425861597061157
consistent_hash,codex108:27:108026:558,368.3394811153412,59535,1,7.276680290699005,7.2770333886146545
consistent_hash,codex526:12:526011:441,368.5032880306244,52934,1,5.064724415540695,5.065039336681366
consistent_hash,codex70:28:70027:523,369.22873520851135,98291,1,1.2110445909202099,1.2116080299019814
consistent_hash,codex116:1:116000:612,369.2807602882385,13777,1,6.795969557017088,6.796174205839634
consistent_hash,codex436:13:436012:607,369.4553382396698,44349,1,2.4947988614439964,2.495175678282976
consistent_hash,codex110:4:110003:609,369.6781961917877,44001,1,1.6583127528429031,1.6587512381374836
consistent_hash,codex152:13:152012:528,370.28764057159424,87205,1,8.279814716428518,8.280289936810732
consistent_hash,codex25:14:25013:601,370.42996072769165,42794,1,1.5445392243564129,1.5448906496167183
consistent_hash,codex493:31:493030:577,371.224543094635,104366,1,9.61484044790268,9.615514609962702
consistent_hash,codex192:4:192003:605,372.87879157066345,36263,1,5.6831143498420715,5.683369770646095
consistent_hash,codex483:24:483023:446,373.21000385284424,95605,1,2.8294377736747265,2.8299833238124847
consistent_hash,codex509:5:509004:586,373.37357807159424,35388,1,2.3809713758528233,2.3813062720000744
consistent_hash,codex72:13:72012:540,374.664972782135,90727,1,5.579663049429655,5.5801550932228565
consistent_hash,codex238:18:238017:361,375.14739322662354,145371,1,5.107138451188803,5.107902128249407
consistent_hash,codex526:13:526012:447,375.3327748775482,53853,1,4.92728765681386,4.927618905901909
consistent_hash,codex135:3:135002:625,375.46619391441345,39788,1,7.819702729582787,7.819975141435862
consistent_hash,codex422:15:422014:627,375.6059949398041,42660,1,3.9284176267683506,3.92879780754447
consistent_hash,codex543:16:543015:628,376.0218253135681,59782,1,4.016564998775721,4.016957405954599
consistent_hash,codex116:2:116001:619,376.85684466362,39647,1,13.213128414005041,13.21644376590848
consistent_hash,codex521:1:521000:634,377.3357472419739,13521,1,1.289493102580309,1.2896968238055706
consistent_hash,codex119:13:119012:589,377.91749453544617,78463,1,3.054774198681116,3.0552253872156143
consistent_hash,codex215:8:215007:617,378.2133731842041,60545,1,1.8313219882547855,1.8316650427877903
consistent_hash,codex363:15:363014:440,378.55211901664734,104819,1,1.7145206667482853,1.7150669284164906
consistent_hash,codex315:11:315010:596,378.9137427806854,64178,1,1.3251817226409912,1.3255691938102245
consistent_hash,codex521:2:521001:645,378.9758679866791,18474,1,1.0768437795341015,1.0770793966948986
consistent_hash,codex73:7:73006:593,379.30124950408936,31697,1,10.770874235779047,10.771697279065847
consistent_hash,codex203:5:203004:631,380.2297558784485,47824,1,1.477351974695921,1.4776555225253105
consistent_hash,codex65:20:65019:373,380.6111886501312,99263,1,1.1018237359821796,1.1023635976016521
consistent_hash,codex509:6:509005:611,381.17094802856445,36179,1,0.8934748098254204,0.8938351050019264
consistent_hash,codex152:14:152013:533,381.4625144004822,87698,1,8.61676725000143,8.61724765598774
consistent_hash,codex521:3:521002:650,381.5521936416626,24006,1,1.6085799932479858,1.6087749153375626
consistent_hash,codex25:15:25014:632,381.69631004333496,43124,1,0.5363853722810745,0.5367590002715588
consistent_hash,codex315:12:315011:608,381.9390649795532,67213,1,3.1522620245814323,3.1526647098362446
consistent_hash,codex543:17:543016:641,382.9694197177887,67574,1,3.8212521374225616,3.8216571621596813
consistent_hash,codex71:6:71005:599,383.1552321910858,57230,1,9.890338279306889,9.89068603515625
consistent_hash,codex192:5:192004:624,383.2800326347351,37765,1,8.99790270254016,8.99819641560316
consistent_hash,codex70:29:70028:555,383.86984395980835,98557,1,1.491170797497034,1.4916950538754463
consistent_hash,codex363:16:363015:454,384.21327447891235,105282,1,2.5954783111810684,2.596140783280134
consistent_hash,codex521:4:521003:653,384.32431173324585,33138,1,3.0929149612784386,3.0931395553052425
consistent_hash,codex238:19:238018:376,384.815146446228,145775,1,2.0923733673989773,2.0932197496294975
consistent_hash,codex361:8:361007:657,384.91689562797546,29784,1,0.5573793165385723,0.5575855225324631
consistent_hash,codex586:15:586014:491,385.0831437110901,51225,1,1.8127502761781216,1.8155068643391132
consistent_hash,codex361:9:361008:661,386.24210262298584,32933,1,0.9481414444744587,0.9484628662467003
consistent_hash,codex509:7:509006:626,386.7791428565979,44064,1,2.6476408913731575,2.6479081995785236
consistent_hash,codex543:18:543017:647,387.4103014469147,69881,1,2.013667795807123,2.014082547277212
consistent_hash,codex108:28:108027:591,387.6849501132965,59630,1,5.364153802394867,5.364496152848005
consistent_hash,codex65:21:65020:392,388.00782442092896,100072,1,5.067085187882185,5.06760486587882
consistent_hash,codex70:30:70029:567,388.3224205970764,99004,1,4.73737446218729,4.739113990217447
consistent_hash,codex238:20:238019:384,388.78773522377014,146311,1,4.297096278518438,4.297846391797066
consistent_hash,codex526:14:526013:466,388.9653949737549,55494,1,4.102743454277515,4.103068556636572
consistent_hash,codex228:27:228026:633,389.24369645118713,85140,1,1.5044068731367588,1.5050071030855179
consistent_hash,codex203:6:203005:651,389.41418290138245,51988,1,3.6271067559719086,3.627447348088026
consistent_hash,codex361:10:361009:673,390.2896854877472,33505,1,0.4702126793563366,0.4704303629696369
consistent_hash,codex25:16:25015:655,390.4887685775757,45536,1,2.5485574938356876,2.548862211406231
consistent_hash,codex509:8:509007:636,390.93250012397766,45184,1,2.1318859346210957,2.132154267281294
consistent_hash,codex72:14:72013:578,391.28133845329285,91340,1,3.5963841192424297,3.597048182040453
consistent_hash,codex73:8:73007:602,391.4420793056488,38821,1,5.114474780857563,5.114728033542633
consistent_hash,codex506:16:506015:545,391.76825165748596,93738,1,7.651953939348459,7.6524437591433525
consistent_hash,codex521:5:521004:670,391.91622829437256,41015,1,2.94678820297122,2.9470498710870743
consistent_hash,codex493:32:493031:616,392.26812076568604,107448,1,7.13723423704505,7.137812569737434
consistent_hash,codex483:25:483024:487,392.6072270870209,95729,1,2.2628153562545776,2.2633270509541035
consistent_hash,codex294:3:294002:671,392.70985865592957,30158,1,2.6153380945324898,2.6155536621809006
consistent_hash,codex586:16:586015:508,392.87482953071594,52243,1,1.9849582687020302,1.9852742217481136
consistent_hash,codex110:5:110004:668,393.0308437347412,48340,1,5.55981969833374,5.560119140893221
consistent_hash,codex543:19:543018:654,393.63100576400757,71484,1,1.6990953795611858,1.6994986310601234
consistent_hash,codex213:1:213000:676,393.72625708580017,13027,1,1.9537516236305237,1.9566593654453754
consistent_hash,codex152:15:152014:546,394.00794887542725,87856,1,5.417252570390701,5.417705871164799
consistent_hash,codex361:11:361010:681,394.1175673007965,35258,1,1.5651325024664402,1.5656236186623573
consistent_hash,codex315:13:315012:639,394.3241581916809,67833,1,1.3441304415464401,1.3445152714848518
consistent_hash,codex108:29:108028:598,394.52683210372925,59999,1,7.172444585710764,7.172796972095966
consistent_hash,codex70:31:70030:571,394.8497807979584,99279,1,0.8248776197433472,0.82542884349823
consistent_hash,codex411:11:411010:674,395.3192219734192,47095,1,1.2437212392687798,1.2440073564648628
consistent_hash,codex71:7:71006:615,395.65894198417664,63201,1,6.036296732723713,6.036692578345537
consistent_hash,codex586:17:586016:511,395.8498170375824,52439,1,0.7102504447102547,0.7105650007724762
consistent_hash,codex543:20:543019:660,396.5484130382538,71649,1,2.3709387965500355,2.3713619112968445
consistent_hash,codex203:7:203006:663,396.81906056404114,53691,1,2.590004052966833,2.5903166942298412
consistent_hash,codex363:17:363016:476,397.1778099536896,106754,1,3.05578925460577,3.05635554343462
consistent_hash,codex521:6:521005:678,397.3387243747711,44376,1,2.0746389739215374,2.074918944388628
consistent_hash,codex65:22:65021:400,397.6781530380249,100354,1,4.155713181942701,4.156333796679974
consistent_hash,codex135:4:135003:672,397.8245143890381,43030,1,8.228992734104395,8.229397162795067
consistent_hash,codex213:2:213001:686,397.8939743041992,21057,1,2.8392016887664795,2.8394527286291122
consistent_hash,codex73:9:73008:613,398.0285906791687,43704,1,9.728314150124788,9.728605728596449
consistent_hash,codex250:20:250019:646,398.24168515205383,70336,1,1.8008565865457058,1.801280677318573
consistent_hash,codex526:15:526014:481,398.43224835395813,57339,1,2.672335535287857,2.672768071293831
consistent_hash,codex411:12:411011:679,398.58449268341064,49868,1,2.105487648397684,2.105897828936577
consistent_hash,codex72:15:72014:587,398.9092893600464,99459,1,10.342953126877546,10.34348677098751
consistent_hash,codex238:21:238020:395,399.3867754936218,146773,1,2.400795638561249,2.40165888518095
consistent_hash,codex506:17:506016:561,401.6832139492035,93935,1,7.5633302591741085,7.563834633678198
consistent_hash,codex522:1:522000:695,401.9383978843689,13529,1,8.276585958898067,8.276825416833162
consistent_hash,codex71:8:71007:622,403.03976559638977,66265,1,7.284549247473478,7.289146900177002
consistent_hash,codex119:14:119013:656,403.319299697876,83945,1,3.781420148909092,3.7818909026682377
consistent_hash,codex108:30:108029:610,403.75371956825256,60777,1,6.574530176818371,6.5756679847836494
consistent_hash,codex436:14:436013:692,403.9344766139984,55251,1,6.864918097853661,6.865338299423456
consistent_hash,codex526:16:526015:490,404.1105682849884,58002,1,0.9571723155677319,0.9576332233846188
consistent_hash,codex294:4:294003:696,404.2552545070648,39887,1,6.610403433442116,6.611418753862381
consistent_hash,codex586:18:586017:532,404.4205639362335,52611,1,0.674597654491663,0.6749955974519253
consistent_hash,codex203:8:203007:680,404.59548783302307,57198,1,1.7332587018609047,1.7336211390793324
consistent_hash,codex509:9:509008:675,406.7860441207886,45999,1,1.0277166664600372,1.0281071402132511
consistent_hash,codex213:3:213002:704,406.86888885498047,25096,1,1.1357206366956234,1.1359107308089733
consistent_hash,codex315:14:315013:667,407.08994150161743,71567,1,2.149661622941494,2.1500896774232388
consistent_hash,codex543:21:543020:682,407.4460518360138,71893,1,3.424989040941,3.4253903068602085
consistent_hash,codex152:16:152015:576,407.7414884567261,88005,1,2.593843203037977,2.5943051241338253
consistent_hash,codex238:22:238021:409,408.85830545425415,149115,1,4.672292977571487,4.6730562672019005
consistent_hash,codex250:21:250020:666,409.22851967811584,70506,1,0.6506398729979992,0.6510471031069756
consistent_hash,codex166:1:166000:715,410.15601420402527,14321,1,2.107664868235588,2.1078100353479385
consistent_hash,codex152:17:152016:581,411.3736503124237,88136,1,2.1457768380641937,2.146273035556078
consistent_hash,codex73:10:73009:623,411.5240821838379,44935,1,1.9875054731965065,1.9878136664628983
consistent_hash,codex71:9:71008:629,411.7603042125702,73809,1,9.117969248443842,9.118405923247337
consistent_hash,codex363:18:363017:509,412.1369242668152,107774,1,2.810349654406309,2.8110179975628853
consistent_hash,codex361:12:361011:727,412.26002192497253,35643,1,2.3924131989479065,2.392669200897217
consistent_hash,codex543:22:543021:687,412.53845405578613,77440,1,4.946183539927006,4.946725931018591
consistent_hash,codex72:16:72015:603,412.8715353012085,100947,1,10.291486278176308,10.292062569409609
consistent_hash,codex250:22:250021:677,413.10120820999146,70851,1,1.5605103261768818,1.5609280206263065
consistent_hash,codex586:19:586018:553,413.2720820903778,54077,1,1.6990425363183022,1.6993538849055767
consistent_hash,codex294:5:294004:706,413.41078305244446,43521,1,4.095655873417854,4.096051149070263
consistent_hash,codex522:2:522001:708,413.46287727355957,15958,1,1.1910008415579796,1.1911436691880226
consistent_hash,codex213:4:213003:725,413.81034803390503,25687,1,0.8461788892745972,0.8463645651936531
consistent_hash,codex110:6:110005:707,413.98976588249207,53518,1,8.442266501486301,8.442698620259762
consistent_hash,codex493:33:493032:658,414.3981795310974,122761,1,13.37217367067933,13.372899543493986
consistent_hash,codex521:7:521006:719,414.5607211589813,48033,1,1.844296868890524,1.8445996567606926
consistent_hash,codex166:2:166001:733,414.64863204956055,25686,1,2.3202006071805954,2.320397563278675
consistent_hash,codex116:3:116002:694,415.1446237564087,48493,1,10.793482776731253,10.793771654367447
consistent_hash,codex315:15:315014:684,415.40189003944397,75438,1,2.5871049053967,2.587522219866514
consistent_hash,codex483:26:483025:535,415.73607897758484,96435,1,2.178769502788782,2.1793048456311226
consistent_hash,codex238:23:238022:418,416.2473747730255,149581,1,1.7516376189887524,1.7524739988148212
consistent_hash,codex192:6:192005:688,416.39823293685913,41600,1,9.534216910600662,9.534475319087505
consistent_hash,codex119:15:119014:683,416.809787273407,96165,1,9.158972557634115,9.159472167491913
consistent_hash,codex135:5:135004:702,416.9638590812683,47047,1,8.977966319769621,8.978250119835138
consistent_hash,codex213:5:213004:737,417.16049098968506,28569,1,0.8475077636539936,0.8477931991219521
consistent_hash,codex73:11:73010:642,418.2628664970398,47407,1,7.681877586990595,7.682159308344126
consistent_hash,codex240:1:240000:742,418.3374662399292,13247,1,1.2517763711512089,1.2519081570208073
consistent_hash,codex436:15:436014:717,418.6347281932831,56377,1,2.592470668256283,2.592820592224598
consistent_hash,codex294:6:294005:713,418.79733872413635,48171,1,2.439238555729389,2.439606100320816
consistent_hash,codex363:19:363018:521,419.1355893611908,108157,1,1.7501672767102718,1.7507565841078758
consistent_hash,codex108:31:108030:640,419.3261044025421,61147,1,6.63238662853837,6.632728952914476
consistent_hash,codex315:16:315015:690,419.5715010166168,78032,1,6.378023248165846,6.378436200320721
consistent_hash,codex361:13:361012:747,420.48078894615173,35921,1,1.004492674022913,1.0048232972621918
consistent_hash,codex250:23:250022:693,420.7691366672516,85348,1,8.023858956992626,8.024321686476469
consistent_hash,codex213:6:213005:748,420.870169878006,29883,1,0.6322371028363705,0.6324428059160709
consistent_hash,codex483:27:483026:547,421.2172420024872,96596,1,0.8748336024582386,0.8753755167126656
consistent_hash,codex152:18:152017:606,421.81417322158813,88259,1,4.159955646842718,4.160436134785414
consistent_hash,codex521:8:521007:740,421.9801490306854,49998,1,0.9790737889707088,0.9794044010341167
consistent_hash,codex166:3:166002:758,423.60586190223694,29783,1,2.322290737181902,2.322503473609686
consistent_hash,codex509:10:509009:714,423.7592935562134,46638,1,0.7518702931702137,0.7522739209234715
consistent_hash,codex436:16:436015:730,423.9438519477844,59349,1,2.01065219566226,2.010982435196638
consistent_hash,codex228:28:228027:720,424.2137448787689,85702,1,1.1021986678242683,1.1027050763368607
consistent_hash,codex215:9:215008:739,425.10518741607666,60740,1,0.8570962361991405,0.8574279025197029
consistent_hash,codex509:11:509010:718,425.2595593929291,48849,1,5.854998107999563,5.855295289307833
consistent_hash,codex65:23:65022:459,425.6618287563324,107162,1,5.927081543952227,5.927643470466137
consistent_hash,codex543:23:543022:712,425.9203677177429,78577,1,1.0642374269664288,1.0647003315389156
consistent_hash,codex506:18:506017:614,426.65496015548706,94094,1,2.0044994987547398,2.0049975737929344
consistent_hash,codex526:17:526016:542,426.83733654022217,58364,1,4.744551569223404,4.744895026087761
consistent_hash,codex421:1:421000:763,426.88529419898987,13368,1,1.7654096148908138,1.7687563262879848
consistent_hash,codex213:7:213006:764,426.9758765697479,30123,1,0.5177615284919739,0.5179758369922638
consistent_hash,codex294:7:294006:735,427.48734164237976,51966,1,4.299402508884668,4.2998152785003185
consistent_hash,codex215:10:215009:749,428.36575174331665,60991,1,2.7402983643114567,2.7406721524894238
consistent_hash,codex25:17:25016:753,428.6019139289856,60104,1,8.539639975875616,8.539984833449125
consistent_hash,codex521:9:521008:759,429.1983234882355,51043,1,1.9125561602413654,1.912860680371523
consistent_hash,codex238:24:238023:451,429.6935420036316,150241,1,3.0703800171613693,3.0711676850914955
consistent_hash,codex166:4:166003:770,429.7974421977997,31663,1,2.9846738055348396,2.984967526048422
consistent_hash,codex192:7:192006:700,429.9270622730255,41932,1,1.6504129879176617,1.6506813317537308
consistent_hash,codex119:16:119015:697,430.228896856308,97027,1,2.8047215044498444,2.8052504546940327
consistent_hash,codex250:24:250023:701,430.49798488616943,85496,1,1.4036194756627083,1.4040952436625957
consistent_hash,codex152:19:152018:618,430.774555683136,88423,1,1.7075140289962292,1.7079840153455734
consistent_hash,codex506:19:506018:620,431.0963644981384,94209,1,1.34119987860322,1.341729037463665
consistent_hash,codex543:24:543023:731,431.5677101612091,79148,1,5.8809112049639225,5.881359431892633
consistent_hash,codex436:17:436016:751,432.7499613761902,59507,1,4.395179390907288,4.395505949854851
consistent_hash,codex509:12:509011:729,433.0235388278961,49988,1,0.9642422907054424,0.9645658694207668
consistent_hash,codex192:8:192007:705,433.193062543869,44576,1,4.742215406149626,4.742514304816723
consistent_hash,codex72:17:72016:637,433.5132734775543,101639,1,4.928358372300863,4.928948774933815
consistent_hash,codex213:8:213007:781,433.62974095344543,35710,1,3.504745952785015,3.505001027137041
consistent_hash,codex526:18:526017:550,433.8130271434784,58801,1,0.8550851345062256,0.8554449528455734
consistent_hash,codex73:12:73011:662,433.9806308746338,48522,1,3.957704283297062,3.958005905151367
consistent_hash,codex119:17:119016:703,434.65812039375305,98447,1,3.7893188633024693,3.789830021560192
consistent_hash,codex266:1:266000:785,434.7467370033264,14201,1,2.3891641795635223,2.389300473034382
consistent_hash,codex363:20:363019:559,435.2276487350464,109770,1,4.860671438276768,4.8612925708293915
consistent_hash,codex250:25:250024:710,435.51564741134644,85720,1,2.9428693503141403,2.943317424505949
consistent_hash,codex116:4:116003:723,435.68984746932983,53663,1,7.611233361065388,7.6115664802491665
consistent_hash,codex526:19:526018:560,435.89738607406616,62428,1,5.20341295003891,5.20386266335845
consistent_hash,codex228:29:228028:756,436.17904925346375,85871,1,3.914478112012148,3.9149268232285976
consistent_hash,codex315:17:315016:716,436.4543471336365,80181,1,6.852396979928017,6.852838572114706
consistent_hash,codex521:10:521009:776,436.6385962963104,55874,1,4.408079896122217,4.408447336405516
consistent_hash,codex110:7:110006:757,436.80867648124695,54220,1,1.6440746635198593,1.6444027200341225
consistent_hash,codex70:32:70031:685,437.12692046165466,99604,1,6.191633526235819,6.192163683474064
consistent_hash,codex203:9:203008:769,437.3358783721924,61454,1,5.975568134337664,5.975926738232374
consistent_hash,codex421:2:421001:794,437.43542218208313,30402,1,11.93449242413044,11.934712924063206
consistent_hash,codex506:20:506019:638,437.75227785110474,94657,1,13.394442297518253,13.394970834255219
consistent_hash,codex166:5:166004:783,437.92899894714355,54050,1,8.125472977757454,8.125836182385683
consistent_hash,codex65:24:65023:475,438.28982377052307,111267,1,9.61815009266138,9.618754480034113
consistent_hash,codex220:4:220003:755,438.4310796260834,40239,1,8.155889552086592,8.156269397586584
consistent_hash,codex73:13:73012:665,438.8015203475952,56464,1,12.354654513299465,12.354975268244743
consistent_hash,codex135:6:135005:741,439.0573387145996,52726,1,12.095447104424238,12.095749355852604
consistent_hash,codex152:20:152019:644,439.3507845401764,88547,1,11.815931238234043,11.816393464803696
consistent_hash,codex72:18:72017:643,439.6927578449249,103630,1,11.480474729090929,11.481004264205694
consistent_hash,codex294:8:294007:761,439.8734221458435,54311,1,1.4632856510579586,1.4636299088597298
consistent_hash,codex361:14:361013:799,439.9869179725647,36031,1,0.45803602784872055,0.45837873592972755
consistent_hash,codex266:2:266001:802,440.07738161087036,25324,1,3.7721851356327534,3.772369369864464
consistent_hash,codex493:34:493033:698,441.0307857990265,125897,1,3.373016718775034,3.3736645206809044
consistent_hash,codex228:30:228029:760,441.81402802467346,86016,1,1.5571390017867088,1.557709462940693
consistent_hash,codex543:25:543024:744,442.08088517189026,81167,1,2.480765849351883,2.4812294989824295
consistent_hash,codex238:25:238024:470,442.6228210926056,150775,1,5.302028935402632,5.302952919155359
consistent_hash,codex213:9:213008:800,442.75429129600525,37539,1,1.3508979715406895,1.3511331677436829
consistent_hash,codex250:26:250025:724,443.04694294929504,85934,1,1.1972459815442562,1.1978255398571491
consistent_hash,codex548:1:548000:810,443.10006165504456,13754,1,3.9667463935911655,3.9668668657541275
consistent_hash,codex215:11:215010:782,443.2930235862732,61506,1,0.7263940684497356,0.7267665006220341
consistent_hash,codex240:2:240001:812,443.36398673057556,14069,1,0.8845679983496666,0.8846927992999554
consistent_hash,codex363:21:363020:569,443.8398907184601,110123,1,4.075464840978384,4.086868315935135
consistent_hash,codex250:27:250026:734,445.2749457359314,86264,1,0.9203825518488884,0.9208534806966782
consistent_hash,codex526:20:526019:575,445.61394906044006,62767,1,2.2861875519156456,2.2865738309919834
consistent_hash,codex266:3:266002:813,446.3109140396118,34623,1,2.5517169386148453,2.5538382530212402
consistent_hash,codex110:8:110007:779,446.7798342704773,55773,1,1.3589508533477783,1.3592803180217743
consistent_hash,codex543:26:543025:752,447.0610120296478,84297,1,4.9228123389184475,4.923393130302429
consistent_hash,codex25:18:25017:780,447.2636799812317,65021,1,6.047122284770012,6.047483056783676
consistent_hash,codex108:32:108031:691,447.4524257183075,61445,1,3.7085744105279446,3.708917897194624
consistent_hash,codex70:33:70032:699,447.78131890296936,99805,1,1.0895113982260227,1.0900306589901447
consistent_hash,codex548:2:548001:821,447.8721194267273,26062,1,4.014998063445091,4.015300527215004
consistent_hash,codex166:6:166005:805,449.1919627189636,58651,1,7.908661399036646,7.9090392254292965
consistent_hash,codex509:13:509012:773,449.3643202781677,54607,1,11.31304408237338,11.313366144895554
consistent_hash,codex238:26:238025:477,449.90149974823,158093,1,15.694548711180687,15.69553953781724
consistent_hash,codex119:18:119017:738,450.26776218414307,107691,1,10.424123339354992,10.424667958170176
consistent_hash,codex65:25:65024:484,450.6781494617462,127107,1,25.594343218952417,25.5949718169868
consistent_hash,codex315:18:315017:743,450.9567086696625,82558,1,4.245925448834896,4.246414124965668
consistent_hash,codex294:9:294008:788,451.13697481155396,56891,1,2.1698381528258324,2.170158863067627
consistent_hash,codex266:4:266003:827,451.3339502811432,43962,1,4.147173583507538,4.147557768970728
consistent_hash,codex422:16:422015:825,451.46794748306274,42885,1,1.8354794457554817,1.835744995623827
consistent_hash,codex110:9:110008:791,451.7280650138855,73383,1,15.469610471278429,15.470112141221762
consistent_hash,codex506:21:506020:648,452.8766276836395,94828,1,1.2546443827450275,1.2551674097776413
consistent_hash,codex493:35:493034:722,453.2912542819977,134697,1,14.733360543847084,14.734327960759401
consistent_hash,codex135:7:135006:754,454.12110209465027,56222,1,1.7190491072833538,1.7193807885050774
consistent_hash,codex294:10:294009:797,454.33876395225525,58948,1,1.235624574124813,1.2359604053199291
consistent_hash,codex228:31:228030:795,455.05311250686646,86103,1,0.9023851230740547,0.9028553068637848
consistent_hash,codex548:3:548002:835,455.19440150260925,36619,1,5.478835258632898,5.479083303362131
consistent_hash,codex421:3:421002:823,456.3493723869324,38488,1,7.96602001413703,7.966269534081221
consistent_hash,codex116:5:116004:767,456.5362482070923,55876,1,7.782901652157307,7.7832456193864346
consistent_hash,codex213:10:213009:838,456.8739788532257,42200,1,1.8994521982967854,1.899725567549467
consistent_hash,codex250:28:250027:765,457.3963429927826,86675,1,1.3837921172380447,1.384262677282095
consistent_hash,codex506:22:506021:652,457.7294228076935,95022,1,9.919813256710768,9.920756425708532
consistent_hash,codex526:21:526020:604,457.9314866065979,62969,1,18.31929551437497,18.3196801841259
consistent_hash,codex108:33:108032:709,458.12329959869385,62096,1,9.531661357730627,9.532010406255722
consistent_hash,codex152:21:152020:659,458.4301280975342,95587,1,10.808280531316996,10.808771092444658
consistent_hash,codex70:34:70033:726,458.76253175735474,100262,1,1.9226658456027508,1.9231860004365444
consistent_hash,codex382:1:382000:856,459.36034893989563,13800,1,8.666137747466564,8.666256174445152
consistent_hash,codex266:5:266004:843,459.55271577835083,48784,1,3.573079600930214,3.573411528021097
consistent_hash,codex521:11:521010:831,459.83177638053894,76099,1,10.534923829138279,10.535337153822184
consistent_hash,codex71:10:71009:736,460.09518027305603,75076,1,9.137301858514547,9.137712258845568
consistent_hash,codex543:27:543026:778,460.3852643966675,86720,1,4.520810831338167,4.521269202232361
consistent_hash,codex240:3:240002:863,460.66297340393066,77448,1,24.961169119924307,24.96161186695099
consistent_hash,codex166:7:166006:820,461.570330619812,61781,1,1.9499555677175522,1.9503408633172512
consistent_hash,codex135:8:135007:772,461.76436948776245,61156,1,7.463378015905619,7.463729944080114
consistent_hash,codex422:17:422016:848,461.9044635295868,43073,1,2.992145497351885,2.9924225956201553
consistent_hash,codex294:11:294010:817,462.10314750671387,63225,1,2.7975842617452145,2.7979576848447323
consistent_hash,codex315:19:315018:766,462.9736006259918,83562,1,22.66306647658348,22.663534067571163
consistent_hash,codex220:5:220004:808,463.1194131374359,41257,1,13.12737438455224,13.145045697689056
consistent_hash,codex363:22:363021:621,464.30561995506287,112118,1,11.97876363247633,11.979739259928465
consistent_hash,codex25:19:25018:818,464.66855692863464,67248,1,1.8975396491587162,1.8979482911527157
consistent_hash,codex215:12:215011:844,464.88776421546936,62237,1,5.4741661213338375,5.474521782249212
consistent_hash,codex250:29:250028:784,465.2190091609955,86844,1,20.423734061419964,20.42432188987732
consistent_hash,codex228:32:228031:826,466.09406661987305,86264,1,0.8857162930071354,0.8862005174160004
consistent_hash,codex203:10:203009:834,466.37833309173584,61906,1,19.249799478799105,19.250162594020367
consistent_hash,codex509:14:509013:793,466.5581374168396,56082,1,9.718778550624847,9.719112917780876
consistent_hash,codex522:3:522002:859,466.7992539405823,21076,1,2.421113096177578,2.421277116984129
consistent_hash,codex266:6:266005:857,466.9704144001007,55446,1,18.661012403666973,18.661328837275505
consistent_hash,codex421:4:421003:833,467.33658742904663,39004,1,1.8868632800877094,1.8871110677719116
consistent_hash,codex234:1:234000:881,467.55642533302307,13534,1,1.660531710833311,1.6606529392302036
consistent_hash,codex238:27:238026:489,468.83466696739197,160178,1,7.460082400590181,7.460864696651697
consistent_hash,codex119:19:119018:762,469.20985984802246,109682,1,2.0008224844932556,2.0014211609959602
consistent_hash,codex422:18:422017:869,469.9624559879303,43513,1,0.39517392218112946,0.395446989685297
consistent_hash,codex152:22:152021:664,470.3473701477051,95756,1,1.1506802700459957,1.15132400020957
consistent_hash,codex108:34:108033:721,470.64981603622437,62361,1,0.8806004300713539,0.8811878897249699
consistent_hash,codex361:15:361014:894,471.39199137687683,42569,1,2.9308496974408627,2.9311265237629414
consistent_hash,codex152:23:152022:669,472.154226064682,100235,1,5.248341575264931,5.24899710342288
consistent_hash,codex234:2:234001:901,472.30969047546387,17820,1,1.1377634704113007,1.1380301639437675
consistent_hash,codex166:8:166007:845,472.56415367126465,65626,1,2.7513004019856453,2.7517520897090435
consistent_hash,codex110:10:110009:814,472.8272979259491,75626,1,9.355326261371374,9.355743438005447
consistent_hash,codex108:35:108034:728,473.05162620544434,65562,1,9.80979835614562,9.810171391814947
consistent_hash,codex213:11:213010:886,473.2046809196472,43628,1,1.121618926525116,1.1218947246670723
consistent_hash,codex522:4:522003:877,473.2907612323761,24602,1,7.364292323589325,7.364483419805765
consistent_hash,codex421:5:421004:846,473.4424030780792,45676,1,9.414616879075766,9.414920412003994
consistent_hash,codex493:36:493035:746,473.97887349128723,143050,1,10.369830638170242,10.370554737746716
consistent_hash,codex70:35:70034:768,474.3130474090576,100487,1,11.336076244711876,11.336606480181217
consistent_hash,codex521:12:521011:851,474.7531530857086,76879,1,1.508963719010353,1.5093944407999516
consistent_hash,codex228:33:228032:847,475.0575633049011,86621,1,1.1982548609375954,1.198718886822462
consistent_hash,codex213:12:213011:895,475.6968035697937,44901,1,0.7174203768372536,0.717802070081234
consistent_hash,codex548:4:548003:887,475.87765622138977,39940,1,1.465524297207594,1.4657938852906227
consistent_hash,codex508:1:508000:904,475.9388334751129,13678,1,10.424689542502165,10.424821190536022
consistent_hash,codex382:2:382001:890,476.01345205307007,21579,1,13.970727398991585,13.97090956568718
consistent_hash,codex135:9:135008:796,476.2353935241699,67936,1,9.630930732935667,9.63142690807581
consistent_hash,codex521:13:521012:854,476.7674148082733,77889,1,1.3199261128902435,1.320406123995781
consistent_hash,codex422:19:422018:893,476.9137635231018,44221,1,1.3690379112958908,1.3694821670651436
consistent_hash,codex509:15:509014:798,477.10893392562866,62314,1,3.01091168820858,3.0114080980420113
consistent_hash,codex294:12:294011:855,477.33542680740356,64235,1,0.9815293997526169,0.9818904958665371
consistent_hash,codex521:14:521013:862,479.3161790370941,79141,1,1.344261784106493,1.344722993671894
consistent_hash,codex166:9:166008:864,479.9933178424835,66306,1,2.1783417500555515,2.178734853863716
consistent_hash,codex294:13:294012:866,480.49530363082886,67613,1,2.0637459866702557,2.0641756281256676
consistent_hash,codex213:13:213012:906,480.64921498298645,46847,1,1.5271731987595558,1.5285422913730145
consistent_hash,codex506:23:506022:689,481.1322784423828,96366,1,4.86665678024292,4.867179282009602
consistent_hash,codex119:20:119019:789,481.50080370903015,110306,1,2.091818142682314,2.092406313866377
consistent_hash,codex116:6:116005:816,481.7188148498535,61123,1,4.273985490202904,4.274347439408302
consistent_hash,codex65:26:65025:498,482.14457535743713,127219,1,0.8883810266852379,0.889033880084753
consistent_hash,codex521:15:521014:871,482.46027874946594,81646,1,1.9075709506869316,1.9083758406341076
consistent_hash,codex110:11:110010:822,482.846284866333,83909,1,7.144263658672571,7.14474929869175
consistent_hash,codex213:14:213013:913,483.3801255226135,48928,1,1.0491353087127209,1.049587082117796
consistent_hash,codex220:6:220005:830,483.8383812904358,61910,1,15.328978810459375,15.330606207251549
consistent_hash,codex548:5:548004:909,483.97883677482605,42982,1,1.6912189200520515,1.691576510667801
consistent_hash,codex363:23:363022:649,484.332400560379,112236,1,14.84312517940998,14.843826483935118
consistent_hash,codex228:34:228033:879,484.8486132621765,92326,1,3.866224080324173,3.866745926439762
consistent_hash,codex526:22:526021:635,485.3788740634918,70506,1,22.312479309737682,22.31290101632476
consistent_hash,codex166:10:166009:875,485.6096818447113,69133,1,2.320569049566984,2.3209751583635807
consistent_hash,codex522:5:522004:899,485.98479771614075,29422,1,1.2254742868244648,1.225794468075037
consistent_hash,codex70:36:70035:771,486.35539174079895,107679,1,6.018016219139099,6.018607199192047
consistent_hash,codex135:10:135009:803,487.0622863769531,68471,1,0.8727425672113895,0.8731234818696976
consistent_hash,codex203:11:203010:841,487.50169610977173,62773,1,4.900059770792723,4.900421068072319
consistent_hash,codex65:27:65026:513,487.91729831695557,127774,1,19.783042162656784,19.783721186220646
consistent_hash,codex294:14:294013:888,488.2108528614044,70809,1,2.483480703085661,2.4839073829352856
consistent_hash,codex548:6:548005:918,488.3621714115143,47455,1,2.628427214920521,2.628818791359663
consistent_hash,codex234:3:234002:939,488.6182186603546,22408,1,2.6534757427871227,2.653734017163515
consistent_hash,codex521:16:521015:889,488.99399518966675,83536,1,2.453527383506298,2.4539848752319813
consistent_hash,codex422:20:422019:921,489.1411933898926,44912,1,1.5561959519982338,1.5564643070101738
consistent_hash,codex238:28:238027:524,489.7413592338562,175322,1,22.435868348926306,22.437189742922783
consistent_hash,codex166:11:166010:883,489.97727608680725,69310,1,1.3358471170067787,1.3362436220049858
consistent_hash,codex522:6:522005:912,490.53612327575684,31044,1,0.6633934453129768,0.6636081226170063
consistent_hash,codex508:2:508001:925,490.66424322128296,27481,1,2.5954523012042046,2.5956676229834557
consistent_hash,codex308:1:308000:943,492.18289256095886,13069,1,1.2057507932186127,1.2058814279735088
consistent_hash,codex135:11:135010:819,492.7738835811615,69362,1,2.228092759847641,2.2285022363066673
consistent_hash,codex315:20:315019:786,493.0549862384796,84451,1,1.952910266816616,1.953362561762333
consistent_hash,codex548:7:548006:927,493.2535889148712,55517,1,4.691494554281235,4.691871095448732
consistent_hash,codex506:24:506023:711,494.2295711040497,99771,1,4.968148093670607,4.968759041279554
consistent_hash,codex110:12:110011:836,494.50808238983154,84772,1,1.7331849783658981,1.7336841449141502
consistent_hash,codex521:17:521016:902,494.7917151451111,84757,1,1.4603252559900284,1.4607878513634205
consistent_hash,codex509:16:509015:842,494.9924201965332,63025,1,17.19435766339302,17.194730579853058
consistent_hash,codex250:30:250029:815,495.9276924133301,87014,1,2.4558888785541058,2.456384912133217
consistent_hash,codex215:13:215012:923,496.52902698516846,68935,1,3.6925775706768036,3.6929808147251606
consistent_hash,codex116:7:116006:849,496.73188734054565,64702,1,3.067915230989456,3.068379446864128
consistent_hash,codex73:14:73013:792,496.90885758399963,57436,1,3.628820225596428,3.6291492097079754
consistent_hash,codex110:13:110012:839,497.2082235813141,89603,1,6.843367636203766,6.843878824263811
consistent_hash,codex119:21:119020:832,497.6064963340759,110650,1,1.3693979494273663,1.3700086064636707
consistent_hash,codex382:3:382002:916,497.71336340904236,28437,1,6.943696599453688,6.943902142345905
consistent_hash,codex135:12:135011:828,497.9367837905884,69800,1,3.3365614376962185,3.3369663693010807
consistent_hash,codex508:3:508002:940,498.06804180145264,38102,1,6.80278230085969,6.803492918610573
consistent_hash,codex228:35:228034:911,498.37297010421753,92883,1,1.5927519388496876,1.593359224498272
consistent_hash,codex70:37:70036:790,498.73864912986755,107758,1,0.9668380841612816,0.9674398526549339
consistent_hash,codex108:36:108035:775,498.9539084434509,65785,1,2.3233632631599903,2.3237383291125298
consistent_hash,codex250:31:250030:824,499.61207842826843,87189,1,0.8668670430779457,0.8673636168241501
consistent_hash,codex234:4:234003:963,499.6961808204651,24500,1,0.6252539306879044,0.6254381537437439
consistent_hash,codex495:1:495000:964,500.3769962787628,13550,1,1.5132043026387691,1.5133522935211658
consistent_hash,codex315:21:315020:807,500.8636827468872,84693,1,1.1497761234641075,1.1503227464854717
consistent_hash,codex308:2:308001:970,500.9687924385071,30695,1,4.248183507472277,4.250996727496386
consistent_hash,codex521:18:521017:915,501.26137375831604,86341,1,2.7952911630272865,2.7957507483661175
consistent_hash,codex119:22:119021:840,501.7115287780762,110922,1,3.5152598321437836,3.5159540325403214
consistent_hash,codex422:21:422020:950,501.8856542110443,49343,1,2.5633272007107735,2.5636413730680943
consistent_hash,codex70:38:70037:804,502.87274384498596,119108,1,12.600136332213879,12.602503508329391
consistent_hash,codex495:2:495001:974,502.955491065979,22485,1,5.649355556815863,5.655715346336365
consistent_hash,codex315:22:315021:811,503.2357475757599,85244,1,12.251037914305925,12.251493725925684
consistent_hash,codex240:4:240003:932,503.5220024585724,80782,1,11.959497172385454,11.95994733646512
consistent_hash,codex135:13:135012:837,503.82693314552307,76197,1,4.784004621207714,4.785061113536358
consistent_hash,codex73:15:73014:806,504.0420639514923,57760,1,4.625672586262226,4.626256357878447
consistent_hash,codex266:7:266006:919,504.2383346557617,57975,1,11.815616078674793,11.815984670072794
consistent_hash,codex203:12:203011:880,504.44199800491333,63167,1,11.615753144025803,11.616117186844349
consistent_hash,codex116:8:116007:870,504.65091729164124,65345,1,4.021635971963406,4.022004026919603
consistent_hash,codex422:22:422021:960,505.9866273403168,49622,1,0.5569908991456032,0.5574215278029442
consistent_hash,codex110:14:110013:850,506.9769730567932,93010,1,3.6774057745933533,3.6779077276587486
consistent_hash,codex228:36:228035:929,507.3277564048767,93319,1,1.3245408199727535,1.325114868581295
consistent_hash,codex548:8:548007:954,507.53227519989014,60641,1,7.780569985508919,7.781428400427103
consistent_hash,codex308:3:308002:981,507.68216609954834,45136,1,6.931910946965218,6.9322856813669205
consistent_hash,codex234:5:234004:987,507.8405032157898,27533,1,7.475492522120476,7.4756846241652966
consistent_hash,codex508:4:508003:956,507.9951276779175,40130,1,2.6478694453835487,2.6481372267007828
consistent_hash,codex367:1:367000:988,508.5758707523346,13427,1,11.227567229419947,11.227693866938353
consistent_hash,codex25:20:25019:935,509.21489214897156,67883,1,1.4333630949258804,1.4337463788688183
consistent_hash,codex220:7:220006:872,509.9811861515045,62358,1,2.222589500248432,2.222964208573103
consistent_hash,codex71:11:71010:852,510.29512548446655,91473,1,17.625730589032173,17.62650191038847
consistent_hash,codex495:3:495002:982,510.39533281326294,29592,1,6.608983751386404,6.6092080138623714
consistent_hash,codex116:9:116008:876,510.6348433494568,71073,1,17.29155634716153,17.291944712400436
consistent_hash,codex110:15:110014:861,512.6966381072998,93781,1,1.3482140935957432,1.3487408608198166
consistent_hash,codex166:12:166011:941,513.1726770401001,75701,1,7.2736165672540665,7.27402787655592
consistent_hash,codex543:28:543027:920,513.4662384986877,88356,1,1.714118629693985,1.7146031521260738
consistent_hash,codex215:14:215013:961,513.7096168994904,69501,1,0.8896250836551189,0.8900215700268745
consistent_hash,codex521:19:521018:938,514.3768637180328,87591,1,1.6913092695176601,1.691774643957615
consistent_hash,codex509:17:509016:853,514.5899331569672,64840,1,1.472414992749691,1.4727855250239372
consistent_hash,codex294:15:294014:957,515.782324552536,76015,1,4.658621624112129,4.659057799726725
consistent_hash,codex135:14:135013:860,516.0429265499115,79527,1,13.127583865076303,13.128048650920391
consistent_hash,codex119:23:119022:878,516.6331362724304,111189,1,3.820766218006611,3.8213426992297173
consistent_hash,codex203:13:203012:884,516.8377261161804,63324,1,0.7325864657759666,0.7329712137579918
consistent_hash,codex508:5:508004:971,516.9989151954651,50953,1,4.194757089018822,4.195070214569569
consistent_hash,codex495:4:495003:992,517.9275245666504,33593,1,11.236562371253967,11.236801449209452
consistent_hash,codex382:4:382003:951,518.1927468776703,29089,1,2.9974981509149075,2.9977089762687683
consistent_hash,codex65:28:65027:539,519.0212759971619,127879,1,1.4411643669009209,1.4419002868235111
consistent_hash,codex521:20:521019:949,519.3510665893555,91257,1,4.022286869585514,4.022769894450903
consistent_hash,codex215:15:215014:972,519.5907077789307,70011,1,3.776903096586466,3.7773157320916653
consistent_hash,codex509:18:509017:868,519.7981662750244,66802,1,2.0049014165997505,2.0053157210350037
consistent_hash,codex240:5:240004:946,520.0886464118958,87356,1,4.306381609290838,4.306878212839365
consistent_hash,codex506:25:506024:774,520.4285283088684,102551,1,8.748624011874199,8.749165799468756
consistent_hash,codex308:4:308003:1002,520.6995182037354,55149,1,6.864777024835348,6.865401573479176
consistent_hash,codex25:21:25020:965,521.1813979148865,75891,1,5.136285420507193,5.136725470423698
consistent_hash,codex548:9:548008:969,521.4309215545654,65934,1,6.138562154024839,6.138932656496763
consistent_hash,codex543:29:543028:936,523.3559441566467,88718,1,2.967586938291788,2.9680650904774666
consistent_hash,codex220:8:220007:907,523.5849089622498,62623,1,0.5752260722219944,0.5756196305155754
consistent_hash,codex382:5:382004:962,523.8830237388611,33013,1,2.427059441804886,2.4272904060781
consistent_hash,codex119:24:119023:896,524.8946552276611,111503,1,2.7357823960483074,2.7364565581083298
consistent_hash,codex508:6:508005:985,525.073367357254,53535,1,4.423982996493578,4.424389194697142
consistent_hash,codex110:16:110015:898,525.3916735649109,96634,1,4.159832764416933,4.160433433949947
consistent_hash,codex215:16:215015:976,525.6147184371948,70169,1,1.231730867177248,1.2324118986725807
consistent_hash,codex524:1:524000:1025,525.6646809577942,13343,1,3.9727968238294125,3.9775659069418907
consistent_hash,codex65:29:65028:557,526.099301815033,129441,1,3.550658781081438,3.551426123827696
consistent_hash,codex203:14:203013:910,526.302225112915,63474,1,0.8153564408421516,0.8157292194664478
consistent_hash,codex266:8:266007:944,527.1093249320984,63533,1,2.5974867045879364,2.5978484451770782
consistent_hash,codex509:19:509018:892,528.2941772937775,67866,1,2.3862717896699905,2.386643722653389
consistent_hash,codex215:17:215016:980,528.60675573349,70369,1,0.9662612751126289,0.9666527882218361
consistent_hash,codex543:30:543029:945,528.9320569038391,91147,1,2.405475575476885,2.406002126634121
consistent_hash,codex220:9:220008:922,529.1577785015106,62906,1,1.5186462327837944,1.5190152078866959
consistent_hash,codex166:13:166012:967,530.0132102966309,76175,1,4.704389963299036,4.7049372754991055
consistent_hash,codex228:37:228036:984,530.337708234787,93569,1,1.1237359791994095,1.1243404634296894
consistent_hash,codex308:5:308004:1014,530.6649737358093,94857,1,25.960931546986103,25.961712315678596
consistent_hash,codex25:22:25021:979,530.995691537857,76161,1,3.6040789633989334,3.604547806084156
consistent_hash,codex234:6:234005:1023,531.1093370914459,27733,1,25.507143195718527,25.507365450263023
consistent_hash,codex495:5:495004:998,531.2239255905151,36145,1,3.071573592722416,3.0718303732573986
consistent_hash,codex203:15:203014:924,531.7838406562805,63587,1,2.820114638656378,2.8204808719456196
consistent_hash,codex119:25:119024:908,532.2685005664825,133663,1,37.53351225703955,37.53438779339194
consistent_hash,codex110:17:110016:905,532.6051313877106,100549,1,5.130510710179806,5.131283137947321
consistent_hash,codex240:6:240005:968,532.9129457473755,93779,1,6.229419820010662,6.229929454624653
consistent_hash,codex65:30:65029:568,533.3402178287506,131046,1,5.961822886019945,5.963168513029814
consistent_hash,codex524:2:524001:1035,533.3962755203247,15215,1,1.626468438655138,1.6267376244068146
consistent_hash,codex135:15:135014:874,533.6624274253845,81068,1,2.4303791262209415,2.4313224889338017
consistent_hash,codex215:18:215017:993,533.883293390274,70742,1,1.537384543567896,1.5378415174782276
consistent_hash,codex543:31:543030:955,534.2424368858337,111657,1,18.68451750651002,18.685424141585827
consistent_hash,codex540:1:540000:1046,534.2921895980835,13170,1,4.997488912194967,5.010087288916111
consistent_hash,codex294:16:294015:991,534.5450093746185,77208,1,6.102917954325676,6.103354267776012
consistent_hash,codex25:23:25022:989,535.8061652183533,76547,1,17.127757400274277,17.128208808600903
consistent_hash,codex522:7:522006:1017,535.9127237796783,32249,1,0.6558010838925838,0.6561152189970016
consistent_hash,codex524:3:524002:1044,536.0574381351471,22743,1,3.2768437452614307,3.2782218120992184
consistent_hash,codex71:12:71011:891,536.97856092453,92769,1,3.675352670252323,3.675879053771496
consistent_hash,codex220:10:220009:937,537.1783344745636,63195,1,2.1615219861268997,2.1618887707591057
consistent_hash,codex135:16:135015:882,537.7154512405396,84262,1,2.946909975260496,2.9473645500838757
consistent_hash,codex250:32:250031:930,538.8250555992126,87782,1,1.614949606359005,1.615444853901863
consistent_hash,codex228:38:228037:1003,539.1293263435364,93856,1,0.9852056801319122,0.9857273884117603
consistent_hash,codex110:18:110017:917,539.7660253047943,101429,1,5.071480352431536,5.0720585733652115
consistent_hash,codex508:7:508006:1012,540.0747437477112,58721,1,4.556805990636349,4.557178944349289
consistent_hash,codex215:19:215018:1006,540.4293448925018,71072,1,1.6605935841798782,1.6610155999660492
consistent_hash,codex524:4:524003:1053,540.6396656036377,27514,1,1.444641325622797,1.4448683708906174
consistent_hash,codex166:14:166013:986,540.9280731678009,80085,1,29.998881611973047,29.999413199722767
consistent_hash,codex266:9:266008:978,541.2488312721252,94043,1,16.66412763297558,16.665909968316555
consistent_hash,codex548:10:548009:1005,541.4653289318085,66477,1,30.58958723768592,30.58997418731451
consistent_hash,codex250:33:250032:933,541.7659780979156,88180,1,16.154096346348524,16.1545617505908
consistent_hash,codex278:1:278000:1073,541.8169569969177,13270,1,30.229071486741304,30.22919797897339
consistent_hash,codex220:11:220010:947,542.0162284374237,63334,1,1.8210190013051033,1.8213945627212524
consistent_hash,codex540:2:540001:1061,542.0681903362274,14402,1,1.0195276103913784,1.0196739248931408
consistent_hash,codex294:17:294016:996,542.4067397117615,84078,1,10.585521377623081,10.58629260584712
consistent_hash,codex228:39:228038:1010,542.9179332256317,117981,1,17.843489967286587,17.844089668244123
consistent_hash,codex422:23:422022:1048,543.083420753479,50065,1,9.913053046911955,9.913352698087692
consistent_hash,codex71:13:71012:903,543.39466547966,96037,1,3.4521146826446056,3.4529525972902775
consistent_hash,codex65:31:65030:582,543.8254373073578,131672,1,3.674781445413828,3.67557829618454
consistent_hash,codex135:17:135016:897,544.1493570804596,84462,1,2.7792552933096886,2.7797168008983135
consistent_hash,codex367:2:367001:1050,544.2260010242462,21050,1,27.8246029317379,27.824762884527445
consistent_hash,codex213:15:213014:1065,544.3952305316925,51226,1,17.07047314196825,17.070792891085148
consistent_hash,codex116:10:116009:926,544.6233448982239,71365,1,2.298687916249037,2.2994508780539036
consistent_hash,codex203:16:203015:948,544.8254685401917,63756,1,13.099060133099556,13.099411677569151
consistent_hash,codex524:5:524004:1068,545.2549004554749,36321,1,2.612032640725374,2.612776141613722
consistent_hash,codex220:12:220011:958,546.7185399532318,63422,1,1.153198141604662,1.153574649244547
consistent_hash,codex508:8:508007:1021,548.2823250293732,59563,1,0.6828067824244499,0.6831763908267021
consistent_hash,codex192:9:192008:1008,548.5816035270691,45161,1,0.850157018750906,0.8505445756018162
consistent_hash,codex215:20:215019:1024,549.3679857254028,71348,1,0.6442387029528618,0.6446557901799679
consistent_hash,codex338:1:338000:1096,549.5872807502747,13413,1,11.874684862792492,11.874815676361322
consistent_hash,codex110:19:110018:928,550.3986892700195,102149,1,2.40036403760314,2.4013166204094887
consistent_hash,codex116:11:116010:934,550.6325449943542,74331,1,2.040879301726818,2.0413280464708805
consistent_hash,codex382:6:382005:1018,550.7436554431915,33354,1,0.41664354503154755,0.41687875241041183
consistent_hash,codex508:9:508008:1030,551.1535985469818,61413,1,1.675102062523365,1.675460360944271
consistent_hash,codex135:18:135017:914,553.3397636413574,90439,1,4.408129785209894,4.408603802323341
consistent_hash,codex382:7:382006:1026,553.4971306324005,36273,1,1.0948210433125496,1.0950626321136951
consistent_hash,codex65:32:65031:600,554.2679114341736,131772,1,1.1062581352889538,1.1073845028877258
consistent_hash,codex116:12:116011:942,554.584666967392,74885,1,3.157722558826208,3.158148780465126
consistent_hash,codex508:10:508009:1037,555.1370720863342,64813,1,1.9528597965836525,1.9532624036073685
consistent_hash,codex294:18:294017:1004,555.8319110870361,84470,1,1.3299032524228096,1.330769095569849
consistent_hash,codex220:13:220012:977,556.0319635868073,63602,1,0.5988588370382786,0.5992220193147659
consistent_hash,codex422:24:422023:1062,556.5376713275909,50351,1,0.6480963043868542,0.648489810526371
consistent_hash,codex524:6:524005:1097,556.8763875961304,42399,1,2.823775287717581,2.8241505287587643
consistent_hash,codex540:3:540002:1105,557.0834386348724,19816,1,3.2102071791887283,3.2103761099278927
consistent_hash,codex25:24:25023:1000,557.6435387134552,76669,1,0.62182192876935,0.6222396455705166
consistent_hash,codex234:7:234006:1028,557.733943939209,27798,1,14.314769681543112,14.314974498003721
consistent_hash,codex352:1:352000:1113,557.794557094574,13195,1,1.2170492559671402,1.217274747788906
consistent_hash,codex508:11:508010:1047,559.2775130271912,69388,1,3.9521946497261524,3.9526829421520233
consistent_hash,codex521:21:521020:1036,559.5703868865967,92083,1,1.183396328240633,1.1839068084955215
consistent_hash,codex240:7:240006:1019,560.0320508480072,98294,1,3.4535322338342667,3.4540624022483826
consistent_hash,codex116:13:116012:952,560.2876441478729,77957,1,2.8618025109171867,2.8623130954802036
consistent_hash,codex506:26:506025:867,560.7394886016846,103123,1,2.464093189686537,2.464635506272316
consistent_hash,codex215:21:215020:1057,561.0345547199249,71634,1,2.0160552859306335,2.0165995247662067
consistent_hash,codex352:2:352001:1132,561.1474983692169,33112,1,5.232420992106199,5.232643950730562
consistent_hash,codex521:22:521021:1042,561.4540803432465,93850,1,1.645454552024603,1.6462247371673584
consistent_hash,codex338:2:338001:1106,563.0419173240662,14073,1,0.26167450100183487,0.2618798390030861
consistent_hash,codex382:8:382007:1058,563.964763879776,37675,1,2.4174376651644707,2.417676977813244
consistent_hash,codex524:7:524006:1112,564.1182880401611,46973,1,9.678823787719011,9.67913144081831
consistent_hash,codex540:4:540003:1118,564.1886329650879,21492,1,2.7811828143894672,2.7813524194061756
consistent_hash,codex135:19:135018:931,564.4922270774841,92632,1,2.97753256931901,2.9780504144728184
consistent_hash,codex506:27:506026:873,564.9806909561157,103687,1,2.495735924690962,2.49629682675004
consistent_hash,codex65:33:65032:630,565.4357662200928,138555,1,8.639566954225302,8.640280548483133
consistent_hash,codex422:25:422024:1091,565.6063942909241,50473,1,0.7794566787779331,0.7797662578523159
consistent_hash,codex213:16:213015:1082,566.0000607967377,56871,1,3.063905317336321,3.064255304634571
consistent_hash,codex521:23:521022:1055,566.3232183456421,95256,1,2.2564572766423225,2.256956286728382
consistent_hash,codex453:1:453000:1146,566.3742759227753,13604,1,11.745276674628258,11.74540938436985
consistent_hash,codex215:22:215021:1072,566.7553765773773,71920,1,1.8125401362776756,1.8129593692719936
consistent_hash,codex509:20:509019:983,566.9639737606049,68105,1,11.161279518157244,11.161683917045593
consistent_hash,codex294:19:294018:1027,567.2322373390198,84841,1,1.3414551690220833,1.3424720875918865
consistent_hash,codex508:12:508011:1064,567.4567716121674,72777,1,2.3158777579665184,2.3162975013256073
consistent_hash,codex240:8:240007:1033,568.5549232959747,108287,1,7.866539519280195,7.867125663906336
consistent_hash,codex116:14:116013:966,568.9095213413239,82594,1,5.937366813421249,5.937835153192282
consistent_hash,codex495:6:495005:1095,569.056590795517,45157,1,5.7847735323011875,5.7850746512413025
consistent_hash,codex521:24:521023:1060,569.7615840435028,95537,1,0.8347344696521759,0.8352547027170658
consistent_hash,codex338:3:338002:1129,569.9703073501587,18120,1,0.8523905389010906,0.8525481410324574
consistent_hash,codex382:9:382008:1074,570.103545665741,40143,1,1.0601576119661331,1.0605274215340614
consistent_hash,codex220:14:220013:1015,572.0397822856903,71909,1,7.765125371515751,7.765556566417217
consistent_hash,codex352:3:352002:1170,572.3976526260376,37875,1,1.8057931810617447,1.8060400448739529
consistent_hash,codex422:26:422025:1107,572.5628170967102,50613,1,1.503070279955864,1.5033951811492443
consistent_hash,codex278:2:278001:1081,572.701340675354,40498,1,10.18151681497693,10.186497818678617
consistent_hash,codex521:25:521024:1071,573.008880853653,95961,1,1.8974674716591835,1.898102581501007
consistent_hash,codex215:23:215022:1090,573.2348346710205,72503,1,1.7070916965603828,1.7074973247945309
consistent_hash,codex228:40:228039:1052,573.7855293750763,159818,1,38.03403943777084,38.03789948672056
consistent_hash,codex508:13:508012:1079,574.0472331047058,75485,1,2.3669167533516884,2.367352969944477
consistent_hash,codex109:1:109000:1179,574.1995770931244,13194,1,3.107601262629032,3.110738430172205
consistent_hash,codex315:23:315022:973,574.6122632026672,85849,1,2.702523734420538,2.7033619917929173
consistent_hash,codex548:11:548010:1013,574.8332142829895,68800,1,8.054096020758152,8.055123046040535
consistent_hash,codex166:15:166014:999,575.279228925705,82303,1,7.614918943494558,7.615371976047754
consistent_hash,codex540:5:540004:1152,575.5997278690338,25445,1,4.705766703933477,4.7059622667729855
consistent_hash,codex524:8:524007:1125,575.8652973175049,52284,1,5.9292080625891685,5.929762110114098
consistent_hash,codex521:26:521025:1076,576.1757531166077,96170,1,1.1247584410011768,1.1252727843821049
consistent_hash,codex338:4:338003:1154,576.242374420166,19274,1,35.579970605671406,35.58011347055435
consistent_hash,codex192:10:192009:1088,576.3971726894379,48402,1,5.998783640563488,5.999226905405521
consistent_hash,codex266:10:266009:1031,576.9844641685486,106556,1,10.56136192753911,10.56191834807396
consistent_hash,codex116:15:116014:975,577.2882735729218,90999,1,6.88369182869792,6.8842131569981575
consistent_hash,codex421:6:421005:1102,577.4848835468292,46469,1,6.6799351423978806,6.6802374348044395
consistent_hash,codex240:9:240008:1043,577.8442988395691,109312,1,9.707703325897455,9.708262119442225
consistent_hash,codex508:14:508013:1089,578.1139144897461,75668,1,0.5824543200433254,0.5828844420611858
consistent_hash,codex521:27:521026:1087,579.473354101181,100271,1,3.600713264197111,3.6012466959655285
consistent_hash,codex509:21:509020:990,579.7021353244781,71061,1,2.1294782161712646,2.1299042217433453
consistent_hash,codex234:8:234007:1051,579.7968530654907,29656,1,3.1069669611752033,3.1072584353387356
consistent_hash,codex508:15:508014:1093,580.2982985973358,76430,1,0.9812478832900524,0.9817075133323669
consistent_hash,codex422:27:422026:1134,582.0998384952545,50769,1,0.5756780989468098,0.5759958066046238
consistent_hash,codex509:22:509021:995,583.3990514278412,73848,1,1.97085015848279,1.9712783098220825
consistent_hash,codex495:7:495006:1120,583.5960004329681,59160,1,8.59278791025281,8.593139886856079
consistent_hash,codex508:16:508015:1100,583.8513104915619,76768,1,1.2713916301727295,1.2718387134373188
consistent_hash,codex250:34:250033:1001,584.1560537815094,88370,1,3.462674617767334,3.4634933583438396
consistent_hash,codex71:14:71013:994,584.5732955932617,98008,1,7.628827013075352,7.629347499459982
consistent_hash,codex119:26:119025:953,585.1094222068787,134362,1,2.4271036945283413,2.427800577133894
consistent_hash,codex220:15:220014:1032,585.7002336978912,73189,1,1.4176875203847885,1.4181248359382153
consistent_hash,codex315:24:315023:997,586.0268106460571,86333,1,1.5983670502901077,1.5988498702645302
consistent_hash,codex234:9:234008:1067,586.277337551117,33258,1,1.5455160737037659,1.5458296611905098
consistent_hash,codex367:3:367002:1099,586.588082075119,22873,1,1.247605498880148,1.2478667050600052
consistent_hash,codex213:17:213016:1141,586.9530217647552,57604,1,24.875673800706863,24.87599978595972
consistent_hash,codex422:28:422027:1157,588.1707942485809,50951,1,1.576845720410347,1.5771762505173683
consistent_hash,codex119:27:119026:959,588.6086304187775,134774,1,3.6015844382345676,3.6022651568055153
consistent_hash,codex524:9:524008:1155,588.801121711731,58195,1,5.013966575264931,5.014352306723595
consistent_hash,codex192:11:192010:1103,588.960958480835,51221,1,3.2237935811281204,3.2241185531020164
consistent_hash,codex220:16:220015:1038,589.1854872703552,74014,1,5.035648975521326,5.03639329969883
consistent_hash,codex166:16:166015:1016,589.7371575832367,82777,1,2.4575831294059753,2.458051711320877
consistent_hash,codex88:1:88000:1243,590.6159842014313,14659,1,1.5635003112256527,1.5636483989655972
consistent_hash,codex453:2:453001:1203,590.6949779987335,19710,1,3.5282477848231792,3.5284100621938705
consistent_hash,codex250:35:250034:1009,590.999594449997,88566,1,1.2162204049527645,1.2166936434805393
consistent_hash,codex508:17:508016:1119,591.2932674884796,85295,1,6.030736364424229,6.03162644803524
consistent_hash,codex234:10:234009:1080,591.4133856296539,34730,1,2.626493666321039,2.626854322850704
consistent_hash,codex308:6:308005:1126,591.7505095005035,96896,1,2.8798160888254642,2.880322989076376
consistent_hash,codex509:23:509022:1011,592.0306751728058,75703,1,2.2300269305706024,2.2304693907499313
consistent_hash,codex382:10:382009:1139,592.1749300956726,41835,1,5.1532799899578094,5.153548691421747
consistent_hash,codex109:2:109001:1249,592.3342623710632,15126,1,0.4238174930214882,0.42405344545841217
consistent_hash,codex495:8:495007:1133,592.9875419139862,63348,1,2.5463272370398045,2.546726394444704
consistent_hash,codex294:20:294019:1101,593.2651484012604,85185,1,1.3595321141183376,1.3600007519125938
consistent_hash,codex266:11:266010:1056,593.6627740859985,119692,1,11.469478584825993,11.47068902477622
consistent_hash,codex367:4:367003:1116,593.7529745101929,24497,1,0.8649999834597111,0.8651985824108124
consistent_hash,codex278:3:278002:1124,594.6115353107452,56304,1,5.64666610583663,5.647043135017157
consistent_hash,codex88:2:88001:1258,594.8323996067047,28492,1,2.9339222237467766,2.93422619625926
consistent_hash,codex524:10:524009:1166,595.3101363182068,59340,1,2.7781893648207188,2.77854610607028
consistent_hash,codex203:17:203016:1040,595.5249924659729,64489,1,9.614287704229355,9.614656768739223
consistent_hash,codex540:6:540005:1217,595.7663164138794,26132,1,2.8141490034759045,2.8143531642854214
consistent_hash,codex453:3:453002:1218,596.1203091144562,29336,1,2.4620875157415867,2.462289121001959
consistent_hash,codex109:3:109002:1261,596.3911509513855,16526,1,8.743498533964157,8.74363213032484
consistent_hash,codex294:21:294020:1110,596.7212924957275,85470,1,1.3724228292703629,1.3728978894650936
consistent_hash,codex367:5:367004:1128,596.8261914253235,25192,1,3.4457061998546124,3.445978529751301
consistent_hash,codex250:36:250035:1022,597.2370088100433,88765,1,7.975299783051014,7.976090487092733
consistent_hash,codex315:25:315024:1020,598.0780558586121,86524,1,7.140634495764971,7.141100879758596
consistent_hash,codex382:11:382010:1145,598.5697753429413,44888,1,2.9003927148878574,2.900690719485283
consistent_hash,codex76:1:76000:1269,598.8092336654663,13338,1,3.3159314393997192,3.3161880150437355
consistent_hash,codex508:18:508017:1127,599.2696540355682,87075,1,2.2065979093313217,2.207070380449295
consistent_hash,codex524:11:524010:1174,599.4588017463684,59615,1,5.692121252417564,5.692769847810268
consistent_hash,codex453:4:453003:1227,599.5782604217529,36843,1,4.739496901631355,4.7397635988891125
consistent_hash,codex540:7:540006:1226,600.4151072502136,33333,1,4.73879561945796,4.739020608365536
consistent_hash,codex548:12:548011:1066,601.3634369373322,75134,1,8.005374625325203,8.005796741694212
consistent_hash,codex367:6:367005:1138,601.4640972614288,29093,1,4.175844311714172,4.176074627786875
consistent_hash,codex88:3:88002:1279,601.6207036972046,34393,1,1.9092723838984966,1.9095191694796085
consistent_hash,codex215:24:215023:1180,601.8562512397766,72813,1,0.8954656682908535,0.8958955705165863
consistent_hash,codex192:12:192011:1142,602.4795458316803,53308,1,1.842096284031868,1.842430118471384
consistent_hash,codex220:17:220016:1069,602.7401251792908,76492,1,2.454932887107134,2.455356750637293
consistent_hash,codex308:7:308006:1162,603.3010108470917,99933,1,12.792295694351196,12.792849738150835
consistent_hash,codex234:11:234010:1109,603.5247011184692,36635,1,11.91593686491251,11.91619549319148
consistent_hash,codex521:28:521027:1150,604.1517722606659,108272,1,6.744720384478569,6.745286718010902
consistent_hash,codex382:12:382011:1159,604.3113417625427,47554,1,1.3329400233924389,1.333239134401083
consistent_hash,codex278:4:278003:1151,604.9442064762115,69050,1,11.143025398254395,11.143430341035128
consistent_hash,codex453:5:453004:1240,605.0999655723572,44232,1,3.5714615024626255,3.571886073797941
consistent_hash,codex509:24:509023:1041,605.6322717666626,76825,1,3.0985851511359215,3.0993263609707355
consistent_hash,codex88:4:88003:1293,605.8449475765228,47708,1,5.038224991410971,5.038531512022018
consistent_hash,codex540:8:540007:1239,606.0622992515564,34274,1,2.671684641391039,2.6719135120511055
consistent_hash,codex71:15:71014:1029,606.674925327301,98540,1,1.0541309379041195,1.054746687412262
consistent_hash,codex382:13:382012:1172,607.1569519042969,57942,1,4.0700210221111774,4.070379097014666
consistent_hash,codex511:1:511000:1295,607.206248998642,13052,1,4.618664033710957,4.618783891201019
consistent_hash,codex367:7:367006:1149,608.3484728336334,30405,1,7.095589764416218,7.0957969687879086
consistent_hash,codex495:9:495008:1187,608.6156001091003,75736,1,7.488866534084082,7.489280216395855
consistent_hash,codex76:2:76001:1298,609.0258536338806,14216,1,0.3376035578548908,0.33773937448859215
consistent_hash,codex192:13:192012:1160,609.3580203056335,56408,1,6.7409720085561275,6.741302955895662
consistent_hash,codex215:25:215024:1209,609.740650177002,73146,1,1.1490737423300743,1.1494890935719013
consistent_hash,codex203:18:203017:1059,610.1192758083344,64655,1,1.111761435866356,1.1121224276721478
consistent_hash,codex250:37:250036:1034,610.412436246872,88903,1,1.421898938715458,1.422373466193676
consistent_hash,codex65:34:65033:732,610.871021270752,143260,1,11.052715972065926,11.053459744900465
consistent_hash,codex509:25:509024:1049,611.2159886360168,78861,1,10.665444120764732,10.665899630635977
consistent_hash,codex524:12:524011:1201,612.297568321228,66324,1,9.607746247202158,9.608145367354155
consistent_hash,codex119:28:119027:1007,613.0618369579315,135074,1,3.052401416003704,3.053082190454006
consistent_hash,codex508:19:508018:1176,613.3590502738953,88617,1,3.748148798942566,3.7487364262342453
consistent_hash,codex315:26:315025:1045,613.6542174816132,90219,1,5.2703763246536255,5.270859193056822
consistent_hash,codex540:9:540008:1255,613.7657904624939,34738,1,7.926000151783228,7.9262661300599575
consistent_hash,codex521:29:521028:1169,614.120114326477,109192,1,3.448921576142311,3.4495258927345276
consistent_hash,codex166:17:166016:1077,614.422070980072,89973,1,8.769525855779648,8.770180579274893
consistent_hash,codex88:5:88004:1305,614.7133145332336,83870,1,19.141348849982023,19.14180650189519
consistent_hash,codex338:5:338004:1165,614.7833144664764,20016,1,3.7730310410261154,3.773504588752985
consistent_hash,codex511:2:511001:1307,614.8464765548706,19145,1,3.708420440554619,3.7101209722459316
consistent_hash,codex228:41:228040:1078,615.4292986392975,159975,1,2.910546127706766,2.911490447819233
consistent_hash,codex71:16:71015:1054,615.7900547981262,103295,1,6.12426994740963,6.1248235665261745
consistent_hash,codex405:1:405000:1318,615.8414568901062,13349,1,1.7515113912522793,1.751716423779726
consistent_hash,codex215:26:215025:1229,616.0755009651184,73365,1,1.4867692701518536,1.4871885478496552
consistent_hash,codex192:14:192013:1171,617.019415140152,58206,1,4.865810573101044,4.866137996315956
consistent_hash,codex213:18:213017:1163,617.3048324584961,58037,1,1.2886437848210335,1.2893264293670654
consistent_hash,codex278:5:278004:1167,617.5437259674072,74462,1,7.794492222368717,7.79495656862855
consistent_hash,codex338:6:338005:1173,619.1898176670074,23466,1,2.3056435585021973,2.3058270066976547
consistent_hash,codex110:20:110019:1104,619.5417566299438,103938,1,2.430209346115589,2.4307522661983967
consistent_hash,codex228:42:228041:1086,620.0930924415588,161086,1,4.525734551250935,4.52668996527791
consistent_hash,codex511:3:511002:1315,620.1906859874725,27256,1,5.01341874524951,5.0136566534638405
consistent_hash,codex495:10:495009:1212,620.4589691162109,79677,1,5.744167864322662,5.7446131482720375
consistent_hash,codex521:30:521029:1181,620.8240342140198,110297,1,3.194357931613922,3.1949369832873344
consistent_hash,codex308:8:308007:1183,621.1739537715912,102688,1,5.035791128873825,5.036336958408356
consistent_hash,codex508:20:508019:1192,621.4871633052826,89622,1,2.9420370757579803,2.942529495805502
consistent_hash,codex382:14:382013:1213,621.6856977939606,58350,1,2.910270370543003,2.9106104262173176
consistent_hash,codex213:19:213018:1178,621.8721673488617,58279,1,3.4594070948660374,3.4600546322762966
consistent_hash,codex294:22:294021:1198,622.4872348308563,85803,1,11.38862282037735,11.389090929180384
consistent_hash,codex405:2:405001:1338,622.5657904148102,21038,1,2.039558459073305,2.0397201627492905
consistent_hash,codex192:15:192014:1177,622.9930810928345,60976,1,5.436844576150179,5.437293250113726
consistent_hash,codex524:13:524012:1215,623.4190504550934,67273,1,1.0036433264613152,1.0040499307215214
consistent_hash,codex603:1:603000:1339,623.4685077667236,13081,1,3.2119408547878265,3.2120686769485474
consistent_hash,codex71:17:71016:1063,623.9978833198547,107140,1,5.676763106137514,5.6773250587284565
consistent_hash,codex110:21:110020:1111,624.411200761795,106971,1,3.9212466292083263,3.921827871352434
consistent_hash,codex266:12:266011:1117,625.08185505867,122626,1,4.600170660763979,4.600793533027172
consistent_hash,codex367:8:367007:1189,625.199150800705,30739,1,1.4838693030178547,1.4840806163847446
consistent_hash,codex540:10:540009:1275,625.3239095211029,35120,1,0.8733032830059528,0.8735533878207207
consistent_hash,codex338:7:338006:1193,625.5503988265991,30098,1,2.091134689748287,2.0913496650755405
consistent_hash,codex508:21:508020:1197,625.8759112358093,90565,1,2.4620438516139984,2.462535310536623
consistent_hash,codex315:27:315026:1070,626.1882219314575,90554,1,3.4793369472026825,3.479842748492956
consistent_hash,codex65:35:65034:745,626.6707556247711,143446,1,3.343166097998619,3.3438929058611393
consistent_hash,codex220:18:220017:1136,627.5368194580078,79623,1,6.322780653834343,6.323210958391428
consistent_hash,codex511:4:511003:1325,627.6372158527374,29556,1,0.7535725310444832,0.7538788616657257
consistent_hash,codex509:26:509025:1075,628.0624423027039,83681,1,5.8067241087555885,5.807160839438438
consistent_hash,codex278:6:278005:1182,628.3193440437317,77698,1,5.544897072017193,5.5453063771128654
consistent_hash,codex135:20:135019:1094,628.789534330368,93271,1,5.058647356927395,5.0591715313494205
consistent_hash,codex109:4:109003:1335,628.8664004802704,21253,1,3.4830049835145473,3.4831822402775288
consistent_hash,codex119:29:119028:1039,629.3099427223206,135575,1,5.5295213013887405,5.530206698924303
consistent_hash,codex367:9:367008:1200,629.4399845600128,37260,1,5.389665622264147,5.389927674084902
consistent_hash,codex382:15:382014:1233,629.6354939937592,59416,1,3.886244025081396,3.886641714721918
consistent_hash,codex540:11:540010:1286,630.0015134811401,35958,1,3.8351526260375977,3.835401263087988
consistent_hash,codex308:9:308008:1199,630.4157907962799,104953,1,7.675552509725094,7.676110878586769
consistent_hash,codex511:5:511004:1334,630.5262629985809,31612,1,3.3136510848999023,3.313872642815113
consistent_hash,codex508:22:508021:1211,630.8398358821869,91389,1,12.865674920380116,12.86617061123252
consistent_hash,codex338:8:338007:1207,630.9470937252045,33059,1,4.241740088909864,4.242045059800148
consistent_hash,codex495:11:495010:1232,631.2352283000946,85336,1,7.862000271677971,7.862449556589127
consistent_hash,codex65:36:65035:750,631.7233717441559,144677,1,3.3051717057824135,3.3060135282576084
consistent_hash,codex110:22:110021:1123,632.1305737495422,117657,1,11.565507307648659,11.56859365478158
consistent_hash,codex203:19:203018:1115,632.3430891036987,64821,1,6.743281349539757,6.743645798414946
consistent_hash,codex19:1:19000:1358,632.4066395759583,13527,1,5.875709641724825,5.877892263233662
consistent_hash,codex266:13:266012:1130,632.8189556598663,127463,1,6.124240715056658,6.125651013106108
consistent_hash,codex213:20:213019:1205,633.0132031440735,58595,1,2.522463943809271,2.5228311978280544
consistent_hash,codex315:28:315027:1083,633.3160316944122,90898,1,5.776199143379927,5.776682630181313
consistent_hash,codex192:16:192015:1196,633.5115823745728,61317,1,4.7766520865261555,4.777010891586542
consistent_hash,codex166:18:166017:1108,633.8281383514404,91447,1,4.256684225052595,4.25718779489398
consistent_hash,codex524:14:524013:1254,634.6507320404053,72043,1,4.45517161488533,4.455656200647354
consistent_hash,codex453:6:453005:1324,634.8141982555389,49759,1,6.098625652492046,6.099063280969858
consistent_hash,codex135:21:135020:1098,635.5251770019531,94132,1,3.9517338797450066,3.9523336067795753
consistent_hash,codex509:27:509026:1084,635.8947157859802,85401,1,5.101002223789692,5.101786624640226
consistent_hash,codex521:31:521030:1228,636.2669372558594,110675,1,2.6847381815314293,2.6854020841419697
consistent_hash,codex73:16:73015:1158,636.4586653709412,58432,1,3.053296558558941,3.053642123937607
consistent_hash,codex405:3:405002:1371,636.5414793491364,25234,1,7.157013811171055,7.158439587801695
consistent_hash,codex234:12:234011:1185,636.6716592311859,41352,1,6.5802402421832085,6.580494005233049
consistent_hash,codex228:43:228042:1114,637.2096574306488,161638,1,2.7495091818273067,2.750339984893799
consistent_hash,codex382:16:382015:1251,637.4057502746582,59787,1,6.323263272643089,6.32360203191638
consistent_hash,codex220:19:220018:1148,637.6698753833771,80765,1,3.331901028752327,3.332342144101858
consistent_hash,codex548:13:548012:1156,637.9568271636963,78730,1,4.083888601511717,4.084339961409569
consistent_hash,codex338:9:338008:1220,638.0752644538879,36362,1,1.7874665670096874,1.7877964861690998
consistent_hash,codex109:5:109004:1351,639.0783579349518,23774,1,0.692056380212307,0.6923220306634903
consistent_hash,codex305:1:305000:1389,639.8264441490173,13272,1,1.2249860987067223,1.2251247689127922
consistent_hash,codex266:14:266013:1143,640.5190331935883,128773,1,2.741647895425558,2.742302253842354
consistent_hash,codex250:38:250037:1122,640.8234357833862,89066,1,1.0033876597881317,1.0039209052920341
consistent_hash,codex495:12:495011:1252,641.5856199264526,86053,1,1.9631154984235764,1.9637296050786972
consistent_hash,codex603:2:603001:1391,641.6927313804626,30015,1,3.7345952689647675,3.7348040118813515
consistent_hash,codex338:10:338009:1231,641.8180599212646,37978,1,1.0927681140601635,1.093054261058569
consistent_hash,codex213:21:213020:1236,642.0305254459381,58860,1,1.216890785843134,1.2172614000737667
consistent_hash,codex19:2:19001:1383,642.1870386600494,18485,1,1.370269265025854,1.37041824311018
consistent_hash,codex509:28:509027:1092,642.8543519973755,89233,1,5.78967060893774,5.790186200290918
consistent_hash,codex250:39:250038:1131,643.2378737926483,97532,1,8.748304162174463,8.751329760998487
consistent_hash,codex109:6:109005:1368,643.8588564395905,27996,1,8.129608184099197,8.132584508508444
consistent_hash,codex65:37:65036:777,644.3397440910339,144800,1,4.315993845462799,4.316814828664064
consistent_hash,codex228:44:228043:1137,644.8911616802216,161800,1,3.775851085782051,3.776721328496933
consistent_hash,codex338:11:338010:1244,645.0238540172577,38225,1,3.2999576218426228,3.300214648246765
consistent_hash,codex110:23:110022:1135,645.417897939682,122856,1,5.951172925531864,5.951941929757595
consistent_hash,codex278:7:278006:1230,645.6897690296173,81070,1,4.21506629511714,4.215620778501034
consistent_hash,codex405:4:405003:1385,646.0784423351288,26414,1,5.361540887504816,5.366319287568331
consistent_hash,codex266:15:266014:1153,646.4977703094482,131023,1,5.502573873847723,5.50332760065794
consistent_hash,codex603:3:603002:1404,646.7821452617645,41024,1,4.8972346149384975,4.899109084159136
consistent_hash,codex135:22:135021:1121,647.0970370769501,94765,1,4.196558907628059,4.197107646614313
consistent_hash,codex506:28:506027:1085,647.4284346103668,104305,1,4.380303334444761,4.380935803055763
consistent_hash,codex215:27:215026:1326,647.6626741886139,74024,1,1.8148241639137268,1.815241388976574
consistent_hash,codex166:19:166018:1144,647.9610838890076,92726,1,3.7259905450046062,3.7265898063778877
consistent_hash,codex88:6:88005:1354,648.2404618263245,85177,1,1.8212208487093449,1.8217002525925636
consistent_hash,codex19:3:19002:1399,648.3195557594299,23019,1,3.4794685170054436,3.4826705642044544
consistent_hash,codex382:17:382016:1264,648.5124554634094,59925,1,2.9317895509302616,2.9328413903713226
consistent_hash,codex540:12:540011:1329,648.6340682506561,37497,1,0.8263091742992401,0.826674796640873
consistent_hash,codex192:17:192016:1246,649.0321910381317,62091,1,7.371654842048883,7.372082997113466
consistent_hash,codex508:23:508022:1234,649.3342921733856,91794,1,2.1181145794689655,2.1187139116227627
consistent_hash,codex215:28:215027:1332,650.7991552352905,74342,1,0.698913186788559,0.6993171758949757
consistent_hash,codex116:16:116015:1175,651.2802386283875,92541,1,5.466538894921541,5.467059180140495
consistent_hash,codex65:38:65037:787,653.0415463447571,145200,1,3.7250117249786854,3.7257496900856495
consistent_hash,codex213:22:213021:1272,653.2357134819031,59149,1,3.5166613310575485,3.5169881358742714
consistent_hash,codex382:18:382017:1274,653.4237158298492,60121,1,5.13340712711215,5.1338867247104645
consistent_hash,codex266:16:266015:1161,653.8363010883331,133399,1,7.773218519985676,7.774087969213724
consistent_hash,codex548:14:548013:1204,654.1153833866119,85221,1,7.382658265531063,7.383131995797157
consistent_hash,codex521:32:521031:1283,654.4973731040955,112661,1,7.0080930180847645,7.008710667490959
consistent_hash,codex508:24:508023:1248,654.7938549518585,93129,1,6.717217665165663,6.717702612280846
consistent_hash,codex110:24:110023:1147,655.2102782726288,124463,1,6.309090528637171,6.309721190482378
consistent_hash,codex338:12:338011:1265,655.358770608902,39217,1,2.0377363450825214,2.03809817135334
consistent_hash,codex495:13:495012:1285,655.6364743709564,87953,1,15.459436640143394,15.459914464503527
consistent_hash,codex405:5:405004:1398,655.7432837486267,31509,1,5.740795258432627,5.741012763231993
consistent_hash,codex305:2:305001:1438,655.9146754741669,48268,1,14.337311331182718,14.337898574769497
consistent_hash,codex524:15:524014:1304,656.1591079235077,72408,1,2.83134238794446,2.832103732973337
consistent_hash,codex421:7:421006:1340,656.318202495575,50873,1,13.937786269932985,13.93808801099658
consistent_hash,codex76:3:76002:1435,656.396901845932,23907,1,2.5878495760262012,2.593831490725279
consistent_hash,codex88:7:88006:1377,656.6737718582153,85868,1,2.1368614323437214,2.137325204908848
consistent_hash,codex64:1:64000:1444,656.7294809818268,15360,1,2.0731739811599255,2.075885985046625
consistent_hash,codex109:7:109006:1390,656.856204032898,28120,1,4.793108105659485,4.794685132801533
consistent_hash,codex203:20:203019:1188,657.1039266586304,69479,1,4.551453299820423,4.55183931812644
consistent_hash,codex215:29:215028:1349,658.3537108898163,77035,1,3.1381236277520657,3.138566270470619
consistent_hash,codex73:17:73016:1241,659.280962228775,58630,1,11.804001152515411,11.804361436516047
consistent_hash,codex308:10:308009:1281,659.8088843822479,105278,1,2.2785133086144924,2.2790731117129326
consistent_hash,codex65:39:65038:801,660.2802515029907,146842,1,4.625246323645115,4.625976465642452
consistent_hash,codex116:17:116016:1190,660.5822055339813,94207,1,10.519460093230009,10.519950669258833
consistent_hash,codex228:45:228044:1184,661.1533958911896,161943,1,2.5729780420660973,2.5737947337329388
consistent_hash,codex76:4:76003:1451,661.2460324764252,25454,1,3.639049980789423,3.639252334833145
consistent_hash,codex19:4:19003:1432,661.3375587463379,24233,1,9.49110208824277,9.491290237754583
consistent_hash,codex338:13:338012:1277,661.478021144867,43107,1,2.151825178414583,2.15223291516304
consistent_hash,codex135:23:135022:1164,662.0732986927032,95141,1,9.03384268656373,9.03433170542121
consistent_hash,codex220:20:220019:1235,662.7598700523376,81035,1,2.1360378488898277,2.1364887207746506
consistent_hash,codex524:16:524015:1321,662.9915595054626,72652,1,1.8995117954909801,1.8999153189361095
consistent_hash,codex88:8:88007:1395,663.2743837833405,87070,1,1.3035056851804256,1.3039987720549107
consistent_hash,codex508:25:508024:1256,664.491024017334,94403,1,1.5180883891880512,1.5186122208833694
consistent_hash,codex443:1:443000:1474,664.5442695617676,13954,1,1.4582199789583683,1.4583659172058105
consistent_hash,codex338:14:338013:1287,664.870858669281,49664,1,3.674535121768713,3.6748563908040524
consistent_hash,codex109:8:109007:1405,665.0951089859009,28943,1,0.9042289853096008,0.9044460654258728
consistent_hash,codex215:30:215029:1362,665.5593798160553,77564,1,2.9919739700853825,2.992389377206564
consistent_hash,codex405:6:405005:1415,665.6621634960175,32366,1,2.787978418171406,2.7882122173905373
consistent_hash,codex166:20:166019:1195,665.9913067817688,97942,1,8.404410753399134,8.404976557940245
consistent_hash,codex278:8:278007:1292,666.3397455215454,86989,1,13.49737462028861,13.497860550880432
consistent_hash,codex213:23:213022:1301,666.5273628234863,59761,1,2.2489824071526527,2.249323606491089
consistent_hash,codex119:30:119029:1140,666.9496819972992,136314,1,13.733029536902905,13.733701646327972
consistent_hash,codex65:40:65039:809,667.4156982898712,147056,1,3.7037426605820656,3.7044575549662113
consistent_hash,codex220:21:220020:1247,667.6753189563751,81185,1,2.3776695989072323,2.378138117492199
consistent_hash,codex266:17:266016:1186,668.1026420593262,135808,1,3.6439467780292034,3.64462760835886
consistent_hash,codex308:11:308010:1300,668.4420869350433,110489,1,12.230752270668745,12.231994453817606
consistent_hash,codex109:9:109008:1414,668.5402359962463,29512,1,3.197292100638151,3.1974979415535927
consistent_hash,codex76:5:76004:1470,668.8824505805969,28859,1,2.2281542271375656,2.228355687111616
consistent_hash,codex524:17:524016:1333,669.1783132553101,73092,1,1.9621894992887974,1.9625940956175327
consistent_hash,codex228:46:228045:1208,669.7160885334015,162196,1,2.3762954398989677,2.377231489866972
consistent_hash,codex405:7:405006:1424,669.8465650081635,36034,1,1.3120760656893253,1.3124009668827057
consistent_hash,codex192:18:192017:1291,670.0432999134064,62908,1,1.0474701076745987,1.0478308759629726
consistent_hash,codex603:4:603003:1481,670.5190889835358,46424,1,11.041408214718103,11.041692834347486
consistent_hash,codex88:9:88008:1416,670.8205020427704,90774,1,3.1192387640476227,3.119735848158598
consistent_hash,codex234:13:234012:1290,670.9642984867096,43580,1,10.598990928381681,10.599246576428413
consistent_hash,codex511:6:511005:1453,671.0758414268494,33753,1,1.0260967053472996,1.0264050774276257
consistent_hash,codex110:25:110024:1191,671.6746830940247,130593,1,8.197563037276268,8.198217757046223
consistent_hash,codex443:2:443001:1504,671.7337305545807,16212,1,0.4930797219276428,0.4932957999408245
consistent_hash,codex508:26:508025:1282,672.8352389335632,97314,1,7.027596414089203,7.028108291327953
consistent_hash,codex287:1:287000:1506,672.8868777751923,13449,1,2.3920153714716434,2.392149869352579
consistent_hash,codex266:18:266017:1194,673.321483373642,138808,1,6.534306772053242,6.534995164722204
consistent_hash,codex220:22:220021:1259,673.927642583847,81706,1,1.358726654201746,1.359185304492712
consistent_hash,codex338:15:338014:1308,674.1611158847809,54738,1,5.239131331443787,5.239491958171129
consistent_hash,codex443:3:443002:1517,674.2210257053375,18570,1,1.0591515935957432,1.0592984966933727
consistent_hash,codex116:18:116017:1206,674.9950077533722,97506,1,4.848312314599752,4.848827306181192
consistent_hash,codex548:15:548014:1260,675.2726578712463,85852,1,6.30036848410964,6.300819616764784
consistent_hash,codex88:10:88009:1427,676.2998106479645,100344,1,10.101227041333914,10.101763863116503
consistent_hash,codex228:47:228046:1224,676.8399901390076,162335,1,3.041526459157467,3.0423348248004913
consistent_hash,codex521:33:521032:1327,677.1962141990662,113250,1,6.123829025775194,6.124427750706673
consistent_hash,codex287:2:287001:1519,677.2691631317139,20698,1,6.040906507521868,6.041084688156843
consistent_hash,codex73:18:73017:1263,677.4535794258118,59150,1,2.393783301115036,2.394119132310152
consistent_hash,codex213:24:213023:1328,677.6379301548004,59963,1,2.7557179741561413,2.756102703511715
consistent_hash,codex19:5:19004:1461,677.7211318016052,25919,1,3.8354470282793045,3.835652057081461
consistent_hash,codex405:8:405007:1449,677.8426189422607,37689,1,2.347772892564535,2.3480335511267185
consistent_hash,codex166:21:166020:1216,678.1500334739685,98696,1,3.4290092661976814,3.4295239597558975
consistent_hash,codex524:18:524017:1350,678.386677980423,73425,1,8.00490878522396,8.005321554839611
consistent_hash,codex65:41:65040:829,678.8495109081268,147357,1,7.569111961871386,7.569841802120209
consistent_hash,codex220:23:220022:1273,679.1211972236633,82149,1,1.2936656177043915,1.2941123843193054
consistent_hash,codex421:8:421007:1363,679.292717218399,53054,1,2.274006236344576,2.275103934109211
consistent_hash,codex109:10:109009:1439,679.392608165741,31416,1,1.783989928662777,1.784216433763504
consistent_hash,codex215:31:215030:1403,679.6458160877228,77794,1,0.7556631155312061,0.7560919895768166
consistent_hash,codex453:7:453006:1446,679.8229274749756,55206,1,6.562509402632713,6.562829226255417
consistent_hash,codex315:29:315028:1223,680.1801881790161,91167,1,1.0297728441655636,1.0302698463201523
consistent_hash,codex355:1:355000:1536,680.8422420024872,13443,1,5.544455897063017,5.54457288607955
consistent_hash,codex443:4:443003:1544,681.1721670627594,22883,1,2.1402658447623253,2.140436738729477
consistent_hash,codex509:29:509028:1202,681.5466136932373,91290,1,4.8783628679811954,4.878837764263153
consistent_hash,codex352:4:352003:1532,681.7281577587128,39262,1,0.7123831138014793,0.7127468697726727
consistent_hash,codex305:3:305002:1503,682.0548105239868,52310,1,4.1872774958610535,4.187624827027321
consistent_hash,codex203:21:203020:1271,682.6914498806,69696,1,3.68521486222744,3.685625344514847
consistent_hash,codex213:25:213024:1337,682.9489071369171,78231,1,9.844509977847338,9.861085258424282
consistent_hash,codex308:12:308011:1310,683.301121711731,110647,1,3.1071193292737007,3.107689745724201
consistent_hash,codex421:9:421008:1373,683.5613231658936,54071,1,2.8207554407417774,2.821075402200222
consistent_hash,codex266:19:266018:1214,684.0817782878876,151778,1,15.071948062628508,15.07336612045765
consistent_hash,codex548:16:548015:1270,684.3712558746338,86601,1,3.705827210098505,3.706313855946064
consistent_hash,codex228:48:228047:1250,684.915182352066,162483,1,7.8940047807991505,7.896602261811495
consistent_hash,codex116:19:116018:1225,685.2430531978607,98952,1,5.23321533575654,5.233727116137743
consistent_hash,codex443:5:443004:1549,685.329320192337,25483,1,1.8368338458240032,1.8370303958654404
consistent_hash,codex315:30:315029:1245,685.6469037532806,91443,1,13.513932518661022,13.51451227068901
consistent_hash,codex422:29:422028:1477,685.8125126361847,51055,1,1.0968644320964813,1.0972762815654278
consistent_hash,codex135:24:135023:1222,686.1168050765991,96107,1,4.353031363338232,4.353552475571632
consistent_hash,codex109:11:109010:1463,686.2352321147919,34552,1,12.96163672208786,12.962672404944897
consistent_hash,codex405:9:405008:1480,686.3698704242706,38136,1,0.5645326934754848,0.5648572780191898
consistent_hash,codex73:19:73018:1288,686.8681793212891,59246,1,3.5914270766079426,3.59175818040967
consistent_hash,codex421:10:421009:1381,687.1596827507019,55248,1,3.3033075258135796,3.3036215119063854
consistent_hash,codex215:32:215031:1428,687.5117661952972,78467,1,2.93503475189209,2.93548097461462
consistent_hash,codex119:31:119030:1168,688.0620450973511,158070,1,23.76617956161499,23.76708883419633
consistent_hash,codex19:6:19005:1492,688.238853931427,26084,1,2.2170169427990913,2.2172044180333614
consistent_hash,codex220:24:220023:1299,688.4900395870209,82321,1,1.9618278555572033,1.962269153445959
consistent_hash,codex521:34:521033:1343,688.8722651004791,114718,1,1.8314491137862206,1.8320521749556065
consistent_hash,codex508:27:508026:1311,689.2427694797516,97838,1,1.6738483607769012,1.674373459070921
consistent_hash,codex603:5:603004:1514,689.423015832901,57187,1,26.372181732207537,26.3725222684443
consistent_hash,codex343:1:343000:1566,689.4872033596039,13864,1,29.789575207978487,29.789720088243484
consistent_hash,codex234:14:234013:1314,689.6566231250763,53253,1,27.34217792749405,27.34254188835621
consistent_hash,codex422:30:422029:1490,689.8215954303741,51501,1,1.2111168466508389,1.2115164548158646
consistent_hash,codex509:30:509029:1219,690.1462109088898,95825,1,4.028109174221754,4.028639614582062
consistent_hash,codex548:17:548016:1278,690.4321396350861,87688,1,25.743069779127836,25.743652909994125
consistent_hash,codex511:7:511006:1526,690.5823550224304,34051,1,2.2312886640429497,2.2315133810043335
consistent_hash,codex443:6:443005:1569,690.8694937229156,26193,1,0.4095674306154251,0.40985750406980515
consistent_hash,codex116:20:116019:1238,691.8772346973419,100008,1,2.0473852194845676,2.047956347465515
consistent_hash,codex355:2:355001:1565,691.9373319149017,15996,1,3.003694225102663,3.0038435980677605
consistent_hash,codex508:28:508027:1322,693.279313325882,98618,1,1.9014661759138107,1.9020003862679005
consistent_hash,codex278:9:278008:1331,693.5632925033569,87704,1,28.165873382240534,28.16638108342886
consistent_hash,codex215:33:215032:1441,693.8154757022858,79008,1,1.1384104304015636,1.1388501040637493
consistent_hash,codex76:6:76005:1558,693.9148869514465,30883,1,1.0289525464177132,1.0291810482740402
consistent_hash,codex192:19:192018:1353,694.163568019867,63277,1,0.7852558866143227,0.7856294848024845
consistent_hash,codex116:21:116020:1242,694.5407917499542,100282,1,3.197723913937807,3.198457170277834
consistent_hash,codex203:22:203021:1297,694.7913641929626,69892,1,4.41081927344203,4.411216225475073
consistent_hash,codex405:10:405009:1509,694.9212760925293,39754,1,2.5680904425680637,2.5683502703905106
consistent_hash,codex511:8:511007:1540,695.1703584194183,34967,1,2.316476210951805,2.3167411759495735
consistent_hash,codex71:18:71017:1289,695.9794974327087,107728,1,25.77117484807968,25.77172015979886
consistent_hash,codex352:5:352004:1584,696.1187505722046,40475,1,2.4210222586989403,2.4212921299040318
consistent_hash,codex65:42:65041:858,696.5967438220978,147495,1,3.2676010578870773,3.2687576673924923
consistent_hash,codex453:8:453007:1491,696.7751617431641,55387,1,1.771031491458416,1.771357323974371
consistent_hash,codex294:23:294022:1400,697.0637784004211,86381,1,1.5892880149185658,1.5897669196128845
consistent_hash,codex443:7:443006:1588,697.157612323761,28143,1,1.3844430446624756,1.3846421130001545
consistent_hash,codex509:31:509030:1237,697.4792106151581,95869,1,2.044454373419285,2.045041922479868
consistent_hash,codex421:11:421010:1409,697.6697735786438,56728,1,24.252750653773546,24.257495664060116
consistent_hash,codex121:1:121000:1592,697.7178468704224,13242,1,24.004913933575153,24.005057279020548
consistent_hash,codex308:13:308012:1344,698.2953455448151,110855,1,23.44864972308278,23.44927854090929
consistent_hash,codex524:19:524018:1392,698.5316655635834,73651,1,1.365328073501587,1.3657241202890873
consistent_hash,codex109:12:109011:1467,699.7235672473907,35000,1,0.36453036218881607,0.3647615909576416
consistent_hash,codex65:43:65042:865,700.9678881168365,163302,1,20.811985295265913,20.812846399843693
consistent_hash,codex266:20:266019:1221,701.5103220939636,152484,1,4.560912638902664,4.561677500605583
consistent_hash,codex524:20:524019:1396,701.7536101341248,73952,1,21.946135986596346,21.9487082362175
consistent_hash,codex521:35:521034:1374,702.1346845626831,115193,1,5.932337246835232,5.9329614117741585
consistent_hash,codex192:20:192019:1376,702.3520460128784,65622,1,19.580284718424082,19.58066826313734
consistent_hash,codex19:7:19006:1534,702.444906949997,27645,1,19.47999234497547,19.48272494599223
consistent_hash,codex215:34:215033:1469,702.7096915245056,79424,1,4.55940929800272,4.559846568852663
consistent_hash,codex88:11:88010:1496,703.0510201454163,102013,1,4.595692288130522,4.596415065228939
consistent_hash,codex511:9:511008:1557,703.170058965683,35506,1,2.694551791995764,2.694905646145344
consistent_hash,codex522:8:522007:1570,703.2782516479492,34866,1,28.69294736906886,28.69318136945367
consistent_hash,codex508:29:508028:1341,703.6038017272949,99086,1,2.6428214758634567,2.6433477848768234
consistent_hash,codex203:23:203022:1312,703.8275134563446,70078,1,2.770388163626194,2.770806100219488
consistent_hash,codex315:31:315030:1257,704.1255884170532,91825,1,2.478492420166731,2.4789997935295105
consistent_hash,codex228:49:228048:1284,704.7217452526093,162992,1,2.4386615939438343,2.439501665532589
consistent_hash,codex294:24:294023:1421,705.0129935741425,86649,1,2.699506938457489,2.7003004625439644
consistent_hash,codex116:22:116021:1267,705.3323488235474,102294,1,26.651601921766996,26.652151618152857
consistent_hash,codex171:1:171000:1606,705.4508652687073,14166,1,2.608932837843895,2.609060011804104
consistent_hash,codex109:13:109012:1494,705.5679905414581,35325,1,1.025215320289135,1.0254589915275574
consistent_hash,codex422:31:422030:1548,706.0541598796844,51661,1,1.662749569863081,1.6630603037774563
consistent_hash,codex509:32:509031:1262,706.5829150676727,96219,1,17.126014035195112,17.126638025045395
consistent_hash,codex305:4:305003:1582,706.8147099018097,58398,1,27.69750441610813,27.69784862920642
consistent_hash,codex166:22:166021:1306,708.0519261360168,99435,1,13.684872381389141,13.685401413589716
consistent_hash,codex355:3:355002:1600,708.1636097431183,18287,1,15.538018524646759,15.539396431297064
consistent_hash,codex315:32:315031:1268,708.8630044460297,92877,1,1.6926000490784645,1.6931462585926056
consistent_hash,codex508:30:508029:1348,709.1888518333435,101134,1,1.9330042488873005,1.9335478134453297
consistent_hash,codex287:3:287002:1602,709.6482968330383,25420,1,1.9235134683549404,1.9237142950296402
consistent_hash,codex422:32:422031:1561,710.2365295886993,51810,1,0.8785840198397636,0.8789175450801849
consistent_hash,codex443:8:443007:1617,710.3398389816284,31486,1,1.2345462404191494,1.2347594574093819
consistent_hash,codex73:20:73019:1346,711.1066064834595,66572,1,24.66635974496603,24.66676489636302
consistent_hash,codex511:10:511009:1580,711.5669436454773,37135,1,0.7888275682926178,0.7892130874097347
consistent_hash,codex88:12:88011:1515,712.2754812240601,105642,1,3.5274173207581043,3.5279984027147293
consistent_hash,codex453:9:453008:1547,712.6271467208862,66248,1,11.36595518141985,11.366429831832647
consistent_hash,codex511:11:511010:1587,713.2632176876068,41842,1,2.5266907699406147,2.527004636824131
consistent_hash,codex203:24:203023:1336,714.3336622714996,72772,1,2.9677300676703453,2.9682380855083466
consistent_hash,codex266:21:266020:1253,714.8837342262268,152756,1,2.4999911077320576,2.5008374080061913
consistent_hash,codex215:35:215034:1500,715.1650807857513,79792,1,2.036925908178091,2.0377628542482853
consistent_hash,codex64:2:64001:1631,715.2617795467377,23626,1,2.232486765831709,2.235387060791254
consistent_hash,codex294:25:294024:1447,715.6096193790436,86785,1,1.8936357237398624,1.894102443009615
consistent_hash,codex352:6:352005:1628,715.7842242717743,45785,1,4.452054686844349,4.45235351100564
consistent_hash,codex382:19:382018:1448,716.1634962558746,61111,1,4.077945861965418,4.078321997076273
consistent_hash,codex171:2:171001:1635,716.33766746521,17459,1,0.8684854917228222,0.8688500709831715
consistent_hash,codex315:33:315032:1294,718.0490763187408,93620,1,3.7122937515378,3.712790496647358
consistent_hash,codex422:33:422032:1585,718.249508857727,53394,1,3.504631344228983,3.5049414969980717
consistent_hash,codex495:14:495013:1426,718.543461561203,89872,1,17.23640725016594,17.23689118400216
consistent_hash,codex508:31:508030:1370,718.8953745365143,102828,1,4.737841814756393,4.738437380641699
consistent_hash,codex88:13:88012:1529,719.2692108154297,108359,1,4.6859895549714565,4.68663826957345
consistent_hash,codex215:36:215035:1513,719.555427312851,80766,1,2.2127746865153313,2.2132148668169975
consistent_hash,codex343:2:343001:1576,719.6684181690216,31677,1,10.09220902621746,10.106248065829277
consistent_hash,codex266:22:266021:1266,720.2235157489777,153054,1,9.290342029184103,9.291117653250694
consistent_hash,codex119:32:119031:1210,720.8057973384857,158692,1,8.968539517372847,8.97004533931613
consistent_hash,codex287:4:287003:1630,720.9277722835541,34404,1,6.970030628144741,6.970290347933769
consistent_hash,codex203:25:203024:1345,721.2050020694733,79493,1,8.287539888173342,8.288007322698832
consistent_hash,codex64:3:64002:1652,721.3182327747345,31571,1,2.87462030723691,2.8748466968536377
consistent_hash,codex220:25:220024:1388,721.5969796180725,82502,1,2.6055777557194233,2.606035728007555
consistent_hash,codex109:14:109013:1552,721.718466758728,35821,1,7.700875196605921,7.701144404709339
consistent_hash,codex291:1:291000:1656,721.8551802635193,13540,1,4.397017151117325,4.3971614725887775
consistent_hash,codex422:34:422033:1593,722.5384466648102,53574,1,1.6586177125573158,1.6589289642870426
consistent_hash,codex603:6:603005:1546,722.7552473545074,64865,1,7.095035802572966,7.096064321696758
consistent_hash,codex213:26:213025:1437,723.1775748729706,78515,1,0.6973401941359043,0.697772640734911
consistent_hash,codex121:2:121001:1598,724.1867258548737,38908,1,17.395356208086014,17.39567705988884
consistent_hash,codex166:23:166022:1316,724.5953102111816,100376,1,5.262881103903055,5.26349800080061
consistent_hash,codex315:34:315033:1302,724.9191970825195,94102,1,4.582521837204695,4.583035621792078
consistent_hash,codex382:20:382019:1465,725.1262531280518,61583,1,6.850516714155674,6.8508837558329105
consistent_hash,codex421:12:421011:1418,725.3122627735138,56993,1,16.50440637022257,16.504756215959787
consistent_hash,codex508:32:508031:1382,725.6569931507111,103453,1,6.340098202228546,6.340636022388935
consistent_hash,codex215:37:215036:1527,725.9471290111542,84172,1,4.789296243339777,4.789774391800165
consistent_hash,codex294:26:294025:1483,726.2454807758331,87215,1,15.094935663044453,15.096209608018398
consistent_hash,codex65:44:65043:885,726.9176001548767,178350,1,21.777273885905743,21.77823920175433
consistent_hash,codex453:10:453009:1560,727.1526281833649,69592,1,22.28090576454997,22.281278986483812
consistent_hash,codex308:14:308013:1356,727.5183842182159,111539,1,4.472047310322523,4.472618758678436
consistent_hash,codex71:19:71018:1303,727.8896510601044,108027,1,13.944986563175917,13.945695299655199
consistent_hash,codex521:36:521035:1443,728.2760787010193,115505,1,2.467904109507799,2.468502715229988
consistent_hash,codex64:4:64003:1663,728.4462594985962,50085,1,12.887608785182238,12.894571352750063
consistent_hash,codex220:26:220025:1401,728.7137670516968,82916,1,20.715468611568213,20.71592042595148
consistent_hash,codex192:21:192020:1397,728.9548428058624,66102,1,12.866297096014023,12.866677310317755
consistent_hash,codex405:11:405010:1605,729.0883662700653,40086,1,0.9824138507246971,0.9826789051294327
consistent_hash,codex509:33:509032:1280,729.4111230373383,96998,1,20.028862096369267,20.029371637851
consistent_hash,codex255:1:255000:1680,730.0663447380066,13400,1,2.4820208847522736,2.482140552252531
consistent_hash,codex511:12:511011:1627,730.7255642414093,44614,1,1.826256062835455,1.8265323266386986
consistent_hash,codex88:14:88013:1559,731.1612923145294,116479,1,10.266461424529552,10.267702627927065
consistent_hash,codex266:23:266022:1276,731.7135410308838,153374,1,1.5795848965644836,1.5803728699684143
consistent_hash,codex287:5:287004:1649,731.8566064834595,39036,1,2.6486557610332966,2.648909419775009
consistent_hash,codex76:7:76006:1664,731.9629883766174,33287,1,17.45974538102746,17.459972351789474
consistent_hash,codex278:10:278009:1359,732.5408833026886,89368,1,1.977330468595028,1.9778362736105919
consistent_hash,codex443:9:443008:1685,732.7462310791016,32552,1,1.7611020989716053,1.7613167129456997
consistent_hash,codex405:12:405011:1618,732.8816387653351,42232,1,0.9658062979578972,0.9662288501858711
consistent_hash,codex291:2:291001:1689,733.8113896846771,29473,1,3.4380044154822826,3.438225470483303
consistent_hash,codex308:15:308014:1364,734.2411370277405,112187,1,1.5457344129681587,1.5463174916803837
consistent_hash,codex19:8:19007:1579,734.3525927066803,28866,1,7.458865575492382,7.459084156900644
consistent_hash,codex511:13:511012:1632,734.4986402988434,44782,1,0.5428037084639072,0.5431974604725838
consistent_hash,codex422:35:422034:1616,734.6930668354034,53781,1,6.739393696188927,6.739707320928574
consistent_hash,codex135:25:135024:1361,735.7602922916412,96715,1,6.067426051944494,6.067929282784462
consistent_hash,codex278:11:278010:1369,736.356764793396,90883,1,3.3439069986343384,3.3444171585142612
consistent_hash,codex228:50:228049:1367,736.9414918422699,163264,1,2.7709961272776127,2.7718114852905273
consistent_hash,codex171:3:171002:1706,737.0328457355499,23441,1,2.1724288798868656,2.172621011734009
consistent_hash,codex382:21:382020:1489,737.2429072856903,61768,1,2.3365565165877342,2.3369234167039394
consistent_hash,codex511:14:511013:1642,737.3947150707245,46054,1,3.8088617771863937,3.8091519996523857
consistent_hash,codex110:26:110025:1375,738.2434787750244,132991,1,3.3340227901935577,3.3347868509590626
consistent_hash,codex255:2:255001:1714,738.3258626461029,21876,1,2.8742811530828476,2.8744549937546253
consistent_hash,codex355:4:355003:1646,738.3883147239685,19148,1,13.335019260644913,13.335171706974506
consistent_hash,codex215:38:215037:1563,738.6807930469513,88223,1,5.77645168453455,5.776923801749945
consistent_hash,codex129:1:129000:1715,738.744868516922,13392,1,12.977085061371326,12.977239921689034
consistent_hash,codex166:24:166023:1342,739.0772881507874,101167,1,5.362924218177795,5.363439951092005
consistent_hash,codex291:3:291002:1704,739.2001721858978,37246,1,5.234300710260868,5.234532956033945
consistent_hash,codex308:16:308015:1380,739.5680019855499,112833,1,4.881317798048258,4.88191407546401
consistent_hash,codex109:15:109014:1590,739.6910936832428,36158,1,0.4557723440229893,0.456021286547184
consistent_hash,codex548:18:548017:1347,740.1379435062408,87849,1,4.293719336390495,4.294191867113113
consistent_hash,codex228:51:228050:1372,740.9343247413635,166257,1,6.946228738874197,6.947100814431906
consistent_hash,codex524:21:524020:1456,741.1914176940918,74576,1,10.550067361444235,10.550487875938416
consistent_hash,codex422:36:422035:1620,741.8035278320312,54134,1,2.620489612221718,2.620837412774563
consistent_hash,codex495:15:495014:1454,742.2195975780487,91844,1,5.639420956373215,5.639933452010155
consistent_hash,codex234:15:234014:1393,742.4088861942291,59833,1,5.455695666372776,5.456041295081377
consistent_hash,codex255:3:255002:1725,742.5272452831268,35238,1,6.046391777694225,6.048388238996267
consistent_hash,codex603:7:603006:1594,742.7310960292816,65654,1,5.137706883251667,5.1380630768835545
consistent_hash,codex135:26:135025:1365,743.0474734306335,97709,1,5.346363872289658,5.346892461180687
consistent_hash,codex192:22:192021:1406,743.2757737636566,70774,1,8.565731085836887,8.566397309303284
consistent_hash,codex506:29:506028:1378,743.6060748100281,104777,1,42.60468691587448,42.605238888412714
consistent_hash,codex121:3:121002:1612,743.750385761261,43979,1,7.9836548417806625,7.9839231334626675
consistent_hash,codex421:13:421012:1425,743.9248723983765,57447,1,7.921377521008253,7.9217030964791775
consistent_hash,codex382:22:382021:1508,744.1360054016113,67239,1,4.24038677662611,4.240911617875099
consistent_hash,codex213:27:213026:1521,744.414253950119,79042,1,4.166003279387951,4.166448153555393
consistent_hash,codex110:27:110026:1394,745.5769150257111,133503,1,2.8703188821673393,2.8711088709533215
consistent_hash,codex266:24:266023:1313,746.131852388382,157257,1,6.16800469905138,6.168802235275507
consistent_hash,codex71:20:71019:1319,746.4981846809387,108198,1,46.10281652584672,46.103385638445616
consistent_hash,codex521:37:521036:1502,746.872385263443,116376,1,4.890771809965372,4.891361556947231
consistent_hash,codex305:5:305004:1613,747.0688138008118,62841,1,54.03575022891164,54.03611986339092
consistent_hash,codex143:1:143000:1736,747.1221730709076,13326,1,44.74958688393235,44.74973935633898
consistent_hash,codex548:19:548018:1355,747.4333846569061,91533,1,4.314157418906689,4.314764868468046
consistent_hash,codex215:39:215038:1575,747.7193288803101,89886,1,4.036582328379154,4.037082802504301
consistent_hash,codex540:13:540012:1643,747.8486235141754,39120,1,3.879572257399559,3.879826683551073
consistent_hash,codex287:6:287005:1699,748.0095508098602,40846,1,3.721506781876087,3.721776384860277
consistent_hash,codex88:15:88014:1589,749.3733506202698,118159,1,2.3969431295990944,2.397549457848072
consistent_hash,codex109:16:109015:1610,749.6652619838715,36600,1,2.6204289980232716,2.620683826506138
consistent_hash,codex213:28:213027:1528,750.1364002227783,79993,1,1.8661254979670048,1.8665781952440739
consistent_hash,codex65:45:65044:900,750.7889919281006,178525,1,2.2475576363503933,2.2484672032296658
consistent_hash,codex422:37:422036:1637,750.9767892360687,54273,1,1.3130071759223938,1.3133332096040249
consistent_hash,codex508:33:508032:1445,751.3786137104034,119532,1,13.666931539773941,13.667649161070585
consistent_hash,codex135:27:135026:1379,751.7147786617279,98888,1,49.41779373958707,49.41831536963582
consistent_hash,codex234:16:234015:1412,752.2770855426788,64237,1,3.9630646407604218,3.963440388441086
consistent_hash,codex343:3:343002:1640,752.4759297370911,34654,1,3.7505863904953003,3.7508252449333668
consistent_hash,codex171:4:171003:1761,752.688013792038,26285,1,3.2093136124312878,3.209519609808922
consistent_hash,codex511:15:511014:1684,752.8424386978149,46846,1,3.3871248215436935,3.3874092139303684
consistent_hash,codex64:5:64004:1718,753.0204274654388,55367,1,3.2150812968611717,3.2154182456433773
consistent_hash,codex121:4:121003:1622,753.30806016922,55132,1,47.9149282425642,47.92114079743624
consistent_hash,codex266:25:266024:1320,754.0119116306305,157568,1,6.071446161717176,6.072268959134817
consistent_hash,codex215:40:215039:1583,754.3196556568146,90067,1,5.32698106020689,5.327472046017647
consistent_hash,codex278:12:278011:1417,754.6291353702545,91088,1,2.451686702668667,2.4521850384771824
consistent_hash,codex509:34:509033:1296,754.9803302288055,97212,1,5.111869432032108,5.112375732511282
consistent_hash,codex76:8:76007:1681,755.1007239818573,36716,1,4.170050963759422,4.170304920524359
consistent_hash,codex220:27:220026:1419,755.3768203258514,83787,1,4.481119703501463,4.481625311076641
consistent_hash,codex422:38:422037:1651,755.5662908554077,54467,1,1.341480441391468,1.3418094739317894
consistent_hash,codex495:16:495015:1482,755.8871164321899,92501,1,45.341688610613346,45.34339950606227
consistent_hash,codex359:1:359000:1779,755.9424798488617,13395,1,2.0231638848781586,2.0233086459338665
consistent_hash,codex443:10:443009:1769,756.0680470466614,37755,1,2.2558023370802402,2.25605845823884
consistent_hash,codex352:7:352006:1748,756.2186024188995,47625,1,8.91120195388794,8.915244325995445
consistent_hash,codex355:5:355004:1662,756.559412240982,19529,1,2.4664786867797375,2.466648794710636
consistent_hash,codex522:9:522008:1634,756.9012308120728,36765,1,51.691779013723135,51.69205071032047
consistent_hash,codex228:52:228051:1411,757.776727437973,166832,1,4.856868132948875,4.857808414846659
consistent_hash,codex511:16:511015:1696,757.9610302448273,53439,1,6.980537809431553,6.9808680936694145
consistent_hash,codex255:4:255003:1770,758.1140570640564,46635,1,9.649240750819445,9.64954624325037
consistent_hash,codex234:17:234016:1423,758.317617893219,66211,1,1.8118177689611912,1.812283232808113
consistent_hash,codex129:2:129001:1740,758.3787965774536,17430,1,1.706496972590685,1.7066375017166138
consistent_hash,codex524:22:524021:1485,758.627298116684,75862,1,6.131048567593098,6.131474245339632
consistent_hash,codex171:5:171004:1780,758.725911617279,29642,1,1.53807432949543,1.5383653156459332
consistent_hash,codex294:27:294026:1553,759.0188543796539,88183,1,4.137792520225048,4.138367738574743
consistent_hash,codex453:11:453010:1595,759.2642188072205,72408,1,3.818682048469782,3.819096464663744
consistent_hash,codex308:17:308016:1429,759.6338126659393,115531,1,5.1428334675729275,5.14344734326005
consistent_hash,codex64:6:64005:1732,759.8470792770386,60192,1,3.248362760990858,3.2487152256071568
consistent_hash,codex603:8:603007:1624,760.0703222751617,67103,1,4.682491794228554,4.682888925075531
consistent_hash,codex355:6:355005:1668,760.2515697479248,20242,1,3.9759853407740593,3.9761494174599648
consistent_hash,codex76:9:76008:1693,760.8636565208435,38284,1,3.8788550533354282,3.8791201151907444
consistent_hash,codex443:11:443010:1784,760.9894542694092,39207,1,1.1589245907962322,1.1593096405267715
consistent_hash,codex110:28:110027:1433,761.4347586631775,134009,1,3.7076431810855865,3.708325583487749
consistent_hash,codex521:38:521037:1543,761.8435473442078,116588,1,1.2476163618266582,1.2482073679566383
consistent_hash,codex129:3:129002:1754,761.9197690486908,21028,1,2.3098954632878304,2.310059327632189
consistent_hash,codex538:1:538000:1809,762.8818292617798,14771,1,1.864594291895628,1.8647297136485577
consistent_hash,codex422:39:422038:1669,763.0737414360046,54723,1,1.6883355677127838,1.6886555515229702
consistent_hash,codex509:35:509034:1309,763.5699639320374,97549,1,2.9972251392900944,2.9977403543889523
consistent_hash,codex109:17:109016:1645,763.6897675991058,36781,1,1.5297040529549122,1.5301950089633465
consistent_hash,codex315:35:315034:1407,764.0002520084381,94631,1,2.55503261461854,2.55555397644639
consistent_hash,codex234:18:234017:1436,764.2217040061951,69571,1,2.546869456768036,2.5472660809755325
consistent_hash,codex220:28:220027:1431,764.5021901130676,85496,1,2.0582307167351246,2.0586852952837944
consistent_hash,codex287:7:287006:1741,764.6536133289337,45661,1,6.105123572051525,6.10540946573019
consistent_hash,codex359:2:359001:1811,764.7285149097443,22881,1,4.3529743403196335,4.353162810206413
consistent_hash,codex443:12:443011:1799,764.9336810112,47998,1,5.829394549131393,5.82970230281353
consistent_hash,codex278:13:278012:1450,765.6426510810852,91380,1,2.127738796174526,2.128231640905142
consistent_hash,codex64:7:64006:1743,765.9727063179016,96402,1,20.122072987258434,20.12257168442011
consistent_hash,codex511:17:511016:1703,766.1568903923035,56290,1,4.597528517246246,4.597885195165873
consistent_hash,codex355:7:355006:1675,766.2263100147247,20814,1,1.229713600128889,1.2298954725265503
consistent_hash,codex192:23:192022:1455,766.4431154727936,71700,1,42.18107157945633,42.18146588653326
consistent_hash,codex171:6:171005:1806,766.5415456295013,30325,1,4.209427177906036,4.20964739844203
consistent_hash,codex116:23:116022:1366,767.1275744438171,104587,1,79.22638269513845,79.2269332781434
consistent_hash,codex294:28:294027:1571,767.4468717575073,88646,1,18.635999996215105,18.636472042649984
consistent_hash,codex220:29:220028:1440,767.7543272972107,85913,1,3.0143094807863235,3.014794610440731
consistent_hash,codex382:23:382022:1581,768.3014135360718,67754,1,4.9695045575499535,4.969879884272814
consistent_hash,codex110:29:110028:1452,768.7453105449677,137657,1,5.275773614645004,5.2766430377960205
consistent_hash,codex509:36:509035:1317,769.0732643604279,97723,1,1.7036004848778248,1.7041247375309467
consistent_hash,codex508:34:508033:1472,769.4740142822266,120387,1,4.971049282699823,4.971781611442566
consistent_hash,codex521:39:521038:1567,769.9151301383972,135884,1,19.811398159712553,19.814059354364872
consistent_hash,codex603:9:603008:1636,770.1399545669556,67778,1,3.126910485327244,3.1273091211915016
consistent_hash,codex453:12:453011:1608,770.4132990837097,81153,1,11.1323904953897,11.133139062672853
consistent_hash,codex109:18:109017:1661,770.6288824081421,36880,1,0.6371655501425266,0.6374214179813862
consistent_hash,codex343:4:343003:1692,770.7449078559875,37215,1,3.0086329206824303,3.008988730609417
consistent_hash,codex525:1:525000:1832,771.0761568546295,13473,1,4.545235559344292,4.545366816222668
consistent_hash,codex422:40:422039:1700,771.2587435245514,54915,1,14.812514152377844,14.8128433637321
consistent_hash,codex511:18:511017:1711,771.4704580307007,60537,1,2.527837224304676,2.5282196179032326
consistent_hash,codex308:18:308017:1458,771.8619818687439,116841,1,3.7777041755616665,3.7783698104321957
consistent_hash,codex278:14:278013:1468,772.1848254203796,91579,1,3.4474951438605785,3.4480166882276535
consistent_hash,codex538:2:538001:1837,772.2742698192596,18510,1,17.454377930611372,17.454520530998707
consistent_hash,codex524:23:524022:1520,772.5385591983795,76421,1,11.534558217972517,11.534984141588211
consistent_hash,codex540:14:540013:1720,772.7082912921906,49739,1,11.359069921076298,11.35985342785716
consistent_hash,codex266:26:266025:1352,773.2511956691742,157964,1,1.389764815568924,1.3905510120093822
consistent_hash,codex352:8:352007:1789,773.430671453476,48531,1,1.0339801385998726,1.0343532040715218
consistent_hash,codex291:4:291003:1823,773.9910349845886,44742,1,18.60184859111905,18.602148961275816
consistent_hash,codex359:3:359002:1831,774.2357177734375,28645,1,1.3897338062524796,1.389945324510336
consistent_hash,codex509:37:509036:1330,775.2150938510895,102671,1,10.87371126562357,10.874245338141918
consistent_hash,codex443:13:443012:1817,775.3927056789398,51609,1,19.639908093959093,19.640217415988445
consistent_hash,codex234:19:234018:1473,775.6159501075745,70264,1,2.413883090019226,2.4143146462738514
consistent_hash,codex110:30:110029:1460,776.1582767963409,142985,1,11.112922824919224,11.11372134834528
consistent_hash,codex266:27:266026:1360,776.7211685180664,158305,1,1.7349526062607765,1.7359041571617126
consistent_hash,codex278:15:278014:1479,777.029584646225,91781,1,1.359258882701397,1.3597525246441364
consistent_hash,codex220:30:220029:1466,777.3006293773651,86243,1,8.777007561177015,8.77747968584299
consistent_hash,codex508:35:508034:1484,777.7318394184113,127616,1,12.21904343366623,12.219791762530804
consistent_hash,codex359:4:359003:1836,777.8447954654694,32164,1,1.9834481738507748,1.9837614074349403
consistent_hash,codex255:5:255004:1816,778.0005731582642,48439,1,1.8556844927370548,1.8559753447771072
consistent_hash,codex355:8:355007:1723,778.287029504776,21090,1,7.774748120456934,7.774921219795942
consistent_hash,codex129:4:129003:1826,780.4358174800873,33118,1,5.630090516060591,5.630317583680153
consistent_hash,codex166:25:166024:1462,780.8201425075531,102388,1,3.0519698560237885,3.052544929087162
consistent_hash,codex359:5:359004:1845,780.93066239357,34111,1,1.0537111014127731,1.053962666541338
consistent_hash,codex525:2:525001:1860,780.9940686225891,18720,1,2.8698496893048286,2.8700133375823498
consistent_hash,codex171:7:171006:1840,781.1618804931641,36539,1,13.867490366101265,13.867735400795937
consistent_hash,codex421:14:421013:1541,781.8102617263794,58124,1,71.80571686476469,71.80604952573776
consistent_hash,codex405:13:405012:1787,781.978178024292,49310,1,8.036959875375032,8.037581887096167
consistent_hash,codex511:19:511018:1745,783.6890301704407,61431,1,0.9807873070240021,0.9811815060675144
consistent_hash,codex287:8:287007:1803,783.8591313362122,51447,1,11.177146341651678,11.177449811249971
consistent_hash,codex603:10:603009:1674,784.3689610958099,72160,1,4.556553438305855,4.55698136985302
consistent_hash,codex109:19:109018:1717,784.9039220809937,40571,1,1.31504400447011,1.3154069110751152
consistent_hash,codex315:36:315035:1476,785.283929347992,95119,1,1.6234584525227547,1.6240780763328075
consistent_hash,codex266:28:266027:1386,785.8407442569733,158410,1,3.095775853842497,3.0966189615428448
consistent_hash,codex511:20:511019:1753,786.053738117218,61878,1,0.5953279808163643,0.5957099720835686
consistent_hash,codex525:3:525002:1878,786.3622469902039,22056,1,2.2545189261436462,2.2547008991241455
consistent_hash,codex382:24:382023:1615,786.8841683864594,68095,1,3.136190600693226,3.1365668140351772
consistent_hash,codex532:1:532000:1896,787.4853398799896,13777,1,2.068151757121086,2.068286370486021
consistent_hash,codex215:41:215040:1658,787.7996635437012,90671,1,7.248274520039558,7.2487580962479115
consistent_hash,codex278:16:278015:1516,788.1047112941742,93851,1,2.6957328841090202,2.6962572671473026
consistent_hash,codex506:30:506029:1387,788.4484133720398,105815,1,99.60161089524627,99.60217272862792
consistent_hash,codex540:15:540014:1734,788.6111075878143,50398,1,0.9466086439788342,0.9469423592090607
consistent_hash,codex359:6:359005:1874,788.7249915599823,35567,1,1.305563673377037,1.3058903813362122
consistent_hash,codex511:21:511020:1767,788.9151177406311,62239,1,1.1540410332381725,1.154402144253254
consistent_hash,codex110:31:110030:1475,789.524514913559,143769,1,3.0854571759700775,3.0862196423113346
consistent_hash,codex220:31:220030:1493,791.5133368968964,86568,1,1.2789787165820599,1.2794367671012878
consistent_hash,codex382:25:382024:1625,791.7546269893646,73099,1,3.2874168567359447,3.2878661826252937
consistent_hash,codex525:4:525003:1894,791.8681273460388,33423,1,4.324492897838354,4.324736308306456
consistent_hash,codex278:17:278016:1523,792.1773319244385,94254,1,2.8765034712851048,2.8770059049129486
consistent_hash,codex453:13:453012:1644,792.4642374515533,85744,1,3.735268034040928,3.7357445992529392
consistent_hash,codex359:7:359006:1887,792.5867428779602,36962,1,0.9847407527267933,0.985008966177702
consistent_hash,codex71:21:71020:1323,793.430869102478,108349,1,125.95130948722363,125.95189167931676
consistent_hash,codex109:20:109019:1739,793.5656416416168,40798,1,0.4094620831310749,0.4098302274942398
consistent_hash,codex315:37:315036:1507,794.3058047294617,95404,1,2.683920945972204,2.684473220258951
consistent_hash,codex266:29:266028:1410,794.8480567932129,158587,1,2.1972248665988445,2.198326826095581
consistent_hash,codex540:16:540015:1765,795.0203840732574,50937,1,2.956971697509289,2.957540851086378
consistent_hash,codex143:2:143001:1768,795.2192237377167,15407,1,126.21386486664414,126.21401521191001
consistent_hash,codex129:5:129004:1862,795.4769599437714,40811,1,5.617478184401989,5.617758020758629
consistent_hash,codex355:9:355008:1759,795.5526592731476,23127,1,5.105708044022322,5.105883248150349
consistent_hash,codex415:1:415000:1924,795.6807186603546,13003,1,4.014598347246647,4.014731738716364
consistent_hash,codex532:2:532001:1929,795.8118567466736,14483,1,1.2354672960937023,1.2355950139462948
consistent_hash,codex382:26:382025:1629,796.0814280509949,78480,1,5.0345829129219055,5.0350067019462585
consistent_hash,codex538:3:538002:1869,796.1884286403656,31715,1,5.044499896466732,5.044713046401739
consistent_hash,codex603:11:603010:1710,796.6918821334839,76441,1,3.5783511623740196,3.5787916220724583
consistent_hash,codex220:32:220031:1511,796.9774043560028,89769,1,4.144607909023762,4.145097203552723
consistent_hash,codex359:8:359007:1910,797.3907425403595,40918,1,1.706958319991827,1.7073670253157616
consistent_hash,codex278:18:278017:1533,797.7027881145477,94468,1,2.573778945952654,2.5742818489670753
consistent_hash,codex287:9:287008:1818,797.8842556476593,54893,1,3.3526767566800117,3.3530045188963413
consistent_hash,codex110:32:110031:1499,798.4677526950836,144269,1,2.674753852188587,2.6754784360527992
consistent_hash,codex215:42:215041:1671,798.9366748332977,90794,1,2.3420855924487114,2.3425764963030815
consistent_hash,codex511:22:511021:1805,799.3142092227936,64024,1,1.8127848245203495,1.813149604946375
consistent_hash,codex308:19:308018:1554,799.687762260437,117624,1,4.078913614153862,4.079546071588993
consistent_hash,codex540:17:540016:1778,799.8539776802063,51110,1,1.254372738301754,1.254681408405304
consistent_hash,codex352:9:352008:1881,800.0104773044586,49439,1,1.1010157838463783,1.1013065315783024
consistent_hash,codex343:5:343004:1796,800.1510655879974,43503,1,4.135101348161697,4.135481432080269
consistent_hash,codex19:9:19008:1771,800.2607154846191,29005,1,127.13754669204354,127.1377614364028
consistent_hash,codex76:10:76009:1829,800.4835147857666,39187,1,0.7296013794839382,0.7299331277608871
consistent_hash,codex255:6:255005:1891,800.6527824401855,50885,1,2.2888834327459335,2.2891917526721954
consistent_hash,codex294:29:294028:1607,800.9498970508575,88850,1,1.0141473039984703,1.0146522857248783
consistent_hash,codex359:9:359008:1918,801.0885128974915,41753,1,1.8494514413177967,1.8497392758727074
consistent_hash,codex495:17:495016:1486,801.8255395889282,94310,1,126.5366503149271,126.53716623038054
consistent_hash,codex367:10:367009:1749,801.9546656608582,37372,1,14.59060338512063,14.59115120768547
consistent_hash,codex171:8:171007:1875,802.2806360721588,39058,1,5.487142901867628,5.487418461591005
consistent_hash,codex540:18:540017:1785,802.463506937027,55496,1,5.309872221201658,5.31021099165082
consistent_hash,codex525:5:525004:1923,802.5909678936005,37566,1,13.957922898232937,13.958165559917688
consistent_hash,codex291:5:291004:1859,802.759654045105,52285,1,5.836887326091528,5.837203025817871
consistent_hash,codex352:10:352009:1893,802.920459985733,49901,1,0.6123741008341312,0.61279521510005
consistent_hash,codex220:33:220032:1522,803.4325716495514,89907,1,5.171221815049648,5.171717669814825
consistent_hash,codex129:6:129005:1880,803.7558491230011,42057,1,3.335695590823889,3.335980422794819
consistent_hash,codex389:1:389000:1956,803.8853588104248,13608,1,2.1999228708446026,2.2000507935881615
consistent_hash,codex215:43:215042:1686,804.2171206474304,90949,1,4.401934992522001,4.402413975447416
consistent_hash,codex511:23:511022:1821,804.6006295681,64384,1,3.8157847970724106,3.816183127462864
consistent_hash,codex315:38:315037:1538,805.0360422134399,95945,1,3.576316338032484,3.5768122486770153
consistent_hash,codex308:20:308019:1562,805.5173399448395,124873,1,11.74624601751566,11.74717266485095
consistent_hash,codex266:30:266029:1434,806.0654933452606,158976,1,2.5795800127089024,2.580378871411085
consistent_hash,codex294:30:294029:1621,806.3757057189941,89362,1,2.258471366018057,2.25894333422184
consistent_hash,codex352:11:352010:1906,806.5715351104736,60687,1,8.583466809242964,8.590176105499268
consistent_hash,codex88:16:88015:1760,806.944892168045,119720,1,4.695100247859955,4.695725567638874
consistent_hash,codex343:6:343005:1810,807.0858542919159,43906,1,10.18180064484477,10.182065855711699
consistent_hash,codex121:5:121004:1638,807.2669150829315,55514,1,120.6476452499628,120.64798010140657
consistent_hash,codex538:4:538003:1901,807.3952741622925,39365,1,4.291670918464661,4.292010489851236
consistent_hash,codex255:7:255006:1911,807.5653185844421,53757,1,3.13737103715539,3.1376775056123734
consistent_hash,codex532:3:532002:1966,807.6311423778534,19629,1,2.2743161022663116,2.274488266557455
consistent_hash,codex359:10:359009:1934,807.7625458240509,42626,1,2.9370370879769325,2.937302142381668
consistent_hash,codex422:41:422040:1782,807.9399747848511,55093,1,3.6888311207294464,3.6891660802066326
consistent_hash,codex110:33:110032:1524,808.4034280776978,144582,1,6.773907322436571,6.775207407772541
consistent_hash,codex405:14:405013:1852,808.586850643158,52787,1,6.573645003139973,6.57549998536706
consistent_hash,codex443:14:443013:1868,808.9544565677643,53254,1,2.8799841105937958,2.8803127221763134
consistent_hash,codex278:19:278018:1573,809.7490520477295,94632,1,7.592295620590448,7.593105223029852
consistent_hash,codex129:7:129006:1895,809.9011869430542,42218,1,0.7940776981413364,0.7943478189408779
consistent_hash,codex540:19:540018:1798,810.3881883621216,55759,1,1.2439565807580948,1.244283813983202
consistent_hash,codex192:24:192023:1464,810.6154899597168,72639,1,117.37786830589175,117.37828462570906
consistent_hash,codex532:4:532003:1973,810.6899421215057,22655,1,0.9347931034862995,0.9349695928394794
consistent_hash,codex315:39:315038:1551,811.305773973465,96141,1,2.199495941400528,2.2000475600361824
consistent_hash,codex220:34:220033:1535,811.6156837940216,94841,1,3.4939858615398407,3.4945190362632275
consistent_hash,codex171:9:171008:1897,811.8278946876526,39249,1,0.39776528626680374,0.3981325924396515
consistent_hash,codex287:10:287009:1856,812.1432368755341,59447,1,2.957043867558241,2.9574140161275864
consistent_hash,codex139:1:139000:1984,812.1932351589203,13365,1,118.69099171087146,118.6911176070571
consistent_hash,codex88:17:88016:1772,812.7150278091431,120979,1,2.42160327732563,2.4227899573743343
consistent_hash,codex603:12:603011:1757,812.9930555820465,76920,1,4.354262784123421,4.354690354317427
consistent_hash,codex294:31:294030:1633,813.3405210971832,89720,1,2.0130584612488747,2.013630837202072
consistent_hash,codex522:10:522009:1653,813.4943633079529,40992,1,117.39517017826438,117.39543908834457
consistent_hash,codex443:15:443014:1879,813.8617715835571,53933,1,1.2417601384222507,1.2420701161026955
consistent_hash,codex422:42:422041:1795,814.1915771961212,55369,1,1.1888956017792225,1.1892178989946842
consistent_hash,codex215:44:215043:1712,814.4965291023254,91114,1,3.2396914027631283,3.240215763449669
consistent_hash,codex508:36:508035:1578,814.9192924499512,128214,1,1.6557838320732117,1.6564320027828217
consistent_hash,codex538:5:538004:1917,815.0903403759003,44667,1,4.418050155043602,4.418360523879528
consistent_hash,codex359:11:359010:1955,815.5512502193451,44533,1,0.8873543739318848,0.8876520581543446
consistent_hash,codex287:11:287010:1865,816.1016478538513,60562,1,3.830182421952486,3.8305605687201023
consistent_hash,codex389:2:389001:1997,816.1663880348206,18683,1,0.8777866959571838,0.8779435865581036
consistent_hash,codex405:15:405014:1861,816.4217574596405,53128,1,0.6417328752577305,0.6420558393001556
consistent_hash,codex415:2:415001:1991,817.0407629013062,23995,1,2.902539908885956,2.9027957431972027
consistent_hash,codex532:5:532004:1999,817.7277119159698,24756,1,0.7628935314714909,0.7630794197320938
consistent_hash,codex540:20:540019:1824,818.0563905239105,55879,1,1.4555053040385246,1.455841813236475
consistent_hash,codex308:21:308020:1572,818.4810242652893,127671,1,8.90377227589488,8.904409900307655
consistent_hash,codex389:3:389002:2006,818.6951036453247,30519,1,3.145169161260128,3.145480178296566
consistent_hash,codex129:8:129007:1928,818.9326679706573,43602,1,1.9748789854347706,1.9752667844295502
consistent_hash,codex453:14:453013:1728,819.2216238975525,86427,1,1.752505473792553,1.7532845959067345
consistent_hash,codex234:20:234019:1609,819.4493818283081,73486,1,7.148762378841639,7.149204157292843
consistent_hash,codex76:11:76010:1903,819.7008109092712,40365,1,1.27706104144454,1.277321007102728
consistent_hash,codex362:1:362000:2013,820.3001182079315,13910,1,1.2995713613927364,1.2997075021266937
consistent_hash,codex532:6:532005:2011,820.7683434486389,27877,1,1.0878515243530273,1.0880461260676384
consistent_hash,codex343:7:343006:1827,821.4598524570465,46639,1,4.54852569103241,4.5488233007490635
consistent_hash,codex294:32:294031:1660,822.8022058010101,89894,1,4.231576059013605,4.232075173407793
consistent_hash,codex266:31:266030:1495,823.3501620292664,159117,1,4.022365018725395,4.02314942330122
consistent_hash,codex405:16:405015:1888,823.5299260616302,53328,1,3.4986403696238995,3.498975295573473
consistent_hash,codex355:10:355009:1842,823.6092176437378,24392,1,4.694008398801088,4.6942110769450665
consistent_hash,codex76:12:76011:1913,823.7435500621796,42001,1,12.098055612295866,12.09834486618638
consistent_hash,codex352:12:352011:1940,823.9332032203674,60970,1,5.465178553014994,5.46556082367897
consistent_hash,codex415:3:415002:2017,824.0363864898682,31464,1,7.774938151240349,7.775279700756073
consistent_hash,codex88:18:88017:1807,824.4377431869507,121486,1,2.9256825372576714,2.9263214245438576
consistent_hash,codex129:9:129008:1941,824.605708360672,50699,1,10.117617588490248,10.117942776530981
consistent_hash,codex135:28:135027:1459,824.9279413223267,99197,1,134.03502520918846,134.03556295856833
consistent_hash,codex603:13:603012:1791,825.1759238243103,77608,1,4.227989200502634,4.228419415652752
consistent_hash,codex359:12:359011:1987,825.3352062702179,45144,1,2.0117854550480843,2.0120807476341724
consistent_hash,codex540:21:540020:1838,825.5123717784882,56413,1,1.8400244750082493,1.8403549380600452
consistent_hash,codex110:34:110033:1568,825.9967560768127,144724,1,3.418352972716093,3.419104140251875
consistent_hash,codex228:53:228052:1623,826.5840201377869,167071,1,2.850278537720442,2.8510985299944878
consistent_hash,codex508:37:508036:1603,827.016494512558,129325,1,2.4079671315848827,2.408611211925745
consistent_hash,codex453:15:453014:1751,827.3349752426147,93907,1,10.2083500623703,10.208959992974997
consistent_hash,codex538:6:538005:1949,827.9176094532013,62184,1,10.52331057190895,10.524264637380838
consistent_hash,codex255:8:255007:1976,828.1048808097839,56716,1,2.9169644005596638,2.918016739189625
consistent_hash,codex291:6:291005:1939,828.2974348068237,59098,1,10.201621606945992,10.202264487743378
consistent_hash,codex389:4:389003:2033,828.4841644763947,51075,1,8.520851384848356,8.533934880048037
consistent_hash,codex266:32:266031:1501,829.0285241603851,159833,1,7.9889229349792,7.993479445576668
consistent_hash,codex443:16:443015:1932,829.2086713314056,54470,1,9.294870603829622,9.29519309103489
consistent_hash,codex241:1:241000:2036,829.2777969837189,13806,1,11.223621752113104,11.223763078451157
consistent_hash,codex362:2:362001:2040,829.3876142501831,33623,1,4.682423293590546,4.685848601162434
consistent_hash,codex308:22:308021:1577,829.9198818206787,128183,1,1.6060979217290878,1.606945600360632
consistent_hash,codex524:24:524023:1659,830.2087180614471,78953,1,10.668585244566202,10.669502764940262
consistent_hash,codex359:13:359012:1996,830.3791100978851,49965,1,3.3968189395964146,3.3971427343785763
consistent_hash,codex88:19:88018:1820,830.7848885059357,121634,1,3.2960305623710155,3.2970984801650047
consistent_hash,codex511:24:511023:1905,831.0049450397491,64647,1,2.775434408336878,2.775809057056904
consistent_hash,codex343:8:343007:1843,831.2651808261871,49169,1,1.3181016892194748,1.3184264563024044
consistent_hash,codex422:43:422042:1854,832.3028573989868,55518,1,1.800750482827425,1.8010808303952217
consistent_hash,codex532:7:532006:2044,832.7414758205414,29611,1,4.280110534280539,4.280385755002499
consistent_hash,codex355:11:355010:1863,833.4701890945435,26064,1,7.4101379588246346,7.410327974706888
consistent_hash,codex305:6:305005:1726,833.7658450603485,83028,1,149.1302281394601,149.130701944232
consistent_hash,codex255:9:255008:1990,834.4383165836334,57208,1,0.9568721503019333,0.957246970385313
consistent_hash,codex603:14:603013:1813,834.7144505977631,78300,1,1.1324598602950573,1.1328939646482468
consistent_hash,codex540:22:540021:1873,835.0947620868683,58499,1,5.789638791233301,5.789976384490728
consistent_hash,codex525:6:525005:1994,835.8349206447601,38116,1,0.6657730489969254,0.6660384424030781
consistent_hash,codex129:10:129009:1953,836.2871911525726,53898,1,4.620765175670385,4.621081169694662
consistent_hash,codex352:13:352012:1968,836.4909479618073,61281,1,0.5727609358727932,0.5731105022132397
consistent_hash,codex272:1:272000:2051,836.7001926898956,13914,1,1.3036658242344856,1.3038950748741627
consistent_hash,codex272:2:272001:2060,838.5753796100616,15607,1,0.41800327226519585,0.41814714297652245
consistent_hash,codex343:9:343008:1872,838.9883260726929,52930,1,1.6307294070720673,1.6311642527580261
consistent_hash,codex443:17:443016:1936,839.4840409755707,60205,1,2.534788843244314,2.5351792350411415
consistent_hash,codex453:16:453015:1773,840.4944770336151,94504,1,1.0998230539262295,1.1003366112709045
consistent_hash,codex272:3:272002:2067,841.3386991024017,24304,1,1.6759414225816727,1.6762611903250217
consistent_hash,codex540:23:540022:1882,841.9539082050323,58685,1,0.5684847235679626,0.5688672289252281
consistent_hash,codex129:11:129010:1961,842.4084906578064,55724,1,1.1066199578344822,1.1069674007594585
consistent_hash,codex166:26:166025:1655,843.5009045600891,102848,1,1.5507573075592518,1.5513486973941326
consistent_hash,codex509:38:509037:1531,844.2519071102142,102837,1,1.2413818649947643,1.241940576583147
consistent_hash,codex511:25:511024:1947,844.5260422229767,65838,1,1.81519328430295,1.81558208912611
consistent_hash,codex278:20:278019:1647,844.8522841930389,94789,1,1.4955552332103252,1.4960565604269505
consistent_hash,codex389:5:389004:2057,845.0407979488373,55170,1,1.897534802556038,1.897980511188507
consistent_hash,codex266:33:266032:1537,846.1212065219879,160021,1,1.967980146408081,1.9688117504119873
consistent_hash,codex291:7:291006:1972,846.3309528827667,60642,1,1.7382001355290413,1.7385628819465637
consistent_hash,codex443:18:443017:1960,846.8930976390839,60607,1,1.1796605847775936,1.1800107806921005
consistent_hash,codex255:10:255009:2030,847.1267242431641,58484,1,0.9502836018800735,0.9506333395838737
consistent_hash,codex405:17:405016:1962,847.4071655273438,53785,1,1.0770847275853157,1.077414222061634
consistent_hash,codex294:33:294032:1733,847.7482306957245,90448,1,1.1368508040904999,1.1374725848436356
consistent_hash,codex603:15:603014:1853,848.0062077045441,78928,1,0.9360429607331753,0.9364700019359589
consistent_hash,codex241:2:241001:2055,848.0616788864136,15900,1,0.44460368156433105,0.44481534883379936
consistent_hash,codex76:13:76012:1959,848.4260830879211,42708,1,0.5214127041399479,0.521682508289814
consistent_hash,codex343:10:343009:1912,849.9709877967834,54923,1,1.1506116539239883,1.1509647630155087
consistent_hash,codex443:19:443018:1971,850.28968334198,61710,1,3.322740286588669,3.323113799095154
consistent_hash,codex291:8:291007:1986,850.513454914093,63982,1,3.1066713333129883,3.1070348881185055
consistent_hash,codex603:16:603015:1864,850.7773740291595,79149,1,7.520366478711367,7.520875986665487
consistent_hash,codex272:4:272003:2097,850.9365174770355,45359,1,7.355766795575619,7.356080364435911
consistent_hash,codex532:8:532007:2079,851.1148762702942,30048,1,0.3214283809065819,0.32175280898809433
consistent_hash,codex129:12:129011:1992,852.3876407146454,63261,1,3.9006058163940907,3.900982305407524
consistent_hash,codex532:9:532008:2085,852.6115870475769,30507,1,0.9962332136929035,0.9964522942900658
consistent_hash,codex266:34:266033:1555,853.1821069717407,160137,1,3.1318638138473034,3.1326513774693012
consistent_hash,codex389:6:389005:2076,853.3806083202362,58066,1,2.912499111145735,2.9128315784037113
consistent_hash,codex343:11:343010:1921,853.5536375045776,55829,1,15.0090272128582,15.009352572262287
consistent_hash,codex40:1:40000:2099,853.6021375656128,13459,1,14.420522339642048,14.42065254598856
consistent_hash,codex294:34:294033:1758,854.0597803592682,90779,1,2.2433342337608337,2.243813794106245
consistent_hash,codex166:27:166026:1688,854.4581038951874,116776,1,14.143516171723604,14.144522305577993
consistent_hash,codex511:26:511025:1980,854.6779541969299,66811,1,1.61916970834136,1.6195403672754765
consistent_hash,codex508:38:508037:1683,855.1109805107117,129792,1,1.2114713825285435,1.2121286280453205
consistent_hash,codex228:54:228053:1708,855.8113269805908,167226,1,2.4972908459603786,2.4981211610138416
consistent_hash,codex421:15:421014:1550,856.0377235412598,58413,1,140.78733945265412,140.78767151758075
consistent_hash,codex291:9:291008:1993,856.2762393951416,72387,1,5.227178908884525,5.227628752589226
consistent_hash,codex110:35:110034:1639,857.0120468139648,146863,1,4.503586374223232,4.504396487027407
consistent_hash,codex116:24:116023:1408,857.3777179718018,104945,1,173.7975618764758,173.79811189696193
consistent_hash,codex532:10:532009:2102,857.4875147342682,31073,1,0.9215018674731255,0.9218047335743904
consistent_hash,codex508:39:508038:1694,857.9264943599701,130135,1,3.5972133092582226,3.597857877612114
consistent_hash,codex64:8:64007:2026,858.2806730270386,104110,1,8.360408056527376,8.360949866473675
consistent_hash,codex294:35:294034:1776,859.3724014759064,90980,1,7.262663271278143,7.2631802670657635
consistent_hash,codex255:11:255010:2058,859.7656006813049,63534,1,2.509610064327717,2.510021395981312
consistent_hash,codex362:3:362002:2126,860.241845369339,41327,1,6.387573655694723,6.387847110629082
consistent_hash,codex171:10:171009:2050,860.3936665058136,42602,1,2.2471084482967854,2.2474753707647324
consistent_hash,codex603:17:603016:1876,860.663635969162,79563,1,7.917057599872351,7.917483426630497
consistent_hash,codex241:3:241002:2092,860.75514960289,27170,1,6.913113731890917,6.91332021728158
consistent_hash,codex509:39:509038:1586,861.0967855453491,105173,1,4.9436141811311245,4.944184511899948
consistent_hash,codex272:5:272004:2124,861.2492105960846,45754,1,7.3218726590275764,7.322149597108364
consistent_hash,codex443:20:443019:2002,861.4442000389099,62432,1,1.231970701366663,1.2323276475071907
consistent_hash,codex456:1:456000:2135,861.4959492683411,13377,1,1.2572840712964535,1.2574993968009949
consistent_hash,codex359:14:359013:2078,863.2934350967407,51045,1,0.8044275604188442,0.8048693574965
consistent_hash,codex76:14:76013:2015,863.6107199192047,44893,1,4.796206451952457,4.796507827937603
consistent_hash,codex443:21:443020:2009,864.6414923667908,62813,1,1.3887186460196972,1.3890838623046875
consistent_hash,codex456:2:456001:2148,864.7003319263458,17071,1,1.3224490620195866,1.3226025886833668
consistent_hash,codex359:15:359014:2081,864.8622221946716,51435,1,1.1714839898049831,1.1718197129666805
consistent_hash,codex532:11:532010:2134,864.9618196487427,31343,1,1.063588298857212,1.0638000033795834
consistent_hash,codex538:7:538006:2043,865.1714124679565,66776,1,3.413301035761833,3.413703851401806
consistent_hash,codex524:25:524024:1747,865.4443213939667,79578,1,3.1147534288465977,3.115207687020302
consistent_hash,codex266:35:266034:1591,866.0097861289978,160745,1,2.6042908392846584,2.6050756946206093
consistent_hash,codex508:40:508039:1716,866.6135444641113,130384,1,1.9811059311032295,1.981777399778366
consistent_hash,codex540:24:540023:1978,867.2307140827179,59756,1,1.3439414836466312,1.344274863600731
consistent_hash,codex308:23:308022:1682,867.6583871841431,128344,1,2.181609634310007,2.182293150573969
consistent_hash,codex64:9:64008:2031,868.0152740478516,105437,1,3.41092549264431,3.411598578095436
consistent_hash,codex422:44:422043:1983,868.2002854347229,55731,1,3.2719676606357098,3.2725705206394196
consistent_hash,codex443:22:443021:2020,868.3995704650879,63119,1,1.5697035416960716,1.5701741725206375
consistent_hash,codex362:4:362003:2141,868.5505101680756,45483,1,2.9254421815276146,2.925720114260912
consistent_hash,codex171:11:171010:2070,868.973744392395,44695,1,1.996012981981039,1.996298462152481
consistent_hash,codex287:12:287011:2039,869.2596235275269,61628,1,2.366900183260441,2.3673738352954388
consistent_hash,codex343:12:343011:1930,869.4389319419861,56822,1,1.4932528100907803,1.4936150535941124
consistent_hash,codex525:7:525006:2086,869.5642964839935,38729,1,3.6361962743103504,3.6364712603390217
consistent_hash,codex456:3:456002:2164,869.6687643527985,31822,1,3.7620694003999233,3.7622925750911236
consistent_hash,codex241:4:241003:2106,869.7664222717285,30914,1,1.6176585219800472,1.617984812706709
consistent_hash,codex251:1:251000:2160,869.813218832016,13343,1,1.8188894763588905,1.8190180398523808
consistent_hash,codex603:18:603017:1885,870.3938586711884,81465,1,3.042770266532898,3.0432259552180767
consistent_hash,codex76:15:76014:2021,870.5504243373871,45903,1,0.8606676422059536,0.8610428161919117
consistent_hash,codex40:2:40001:2121,871.0971138477325,17142,1,2.1049649938941,2.1051113344728947
consistent_hash,codex443:23:443022:2027,872.0072832107544,72523,1,7.766990814357996,7.767451647669077
consistent_hash,codex509:40:509039:1599,872.40149974823,105645,1,1.545179694890976,1.5457529909908772
consistent_hash,codex308:24:308023:1698,872.8312401771545,128498,1,1.4415763579308987,1.4423381350934505
consistent_hash,codex64:10:64009:2038,873.1920590400696,107817,1,6.789081022143364,6.789656780660152
consistent_hash,codex255:12:255011:2094,873.4230065345764,67756,1,6.009164001792669,6.009580537676811
consistent_hash,codex228:55:228054:1777,874.9398934841156,167528,1,5.055349890142679,5.056239847093821
consistent_hash,codex352:14:352013:2075,875.1454629898071,61392,1,3.7626519836485386,3.7630341351032257
consistent_hash,codex251:2:251001:2180,875.2023861408234,16537,1,2.807185623794794,2.8073427118360996
consistent_hash,codex524:26:524025:1783,875.4648928642273,80236,1,4.314973842352629,4.3154274597764015
consistent_hash,codex266:36:266035:1601,876.0910291671753,163024,1,4.093629263341427,4.095052849501371
consistent_hash,codex241:5:241004:2131,876.2179100513458,35394,1,3.755829080939293,3.7560881972312927
consistent_hash,codex294:36:294035:1815,876.5507242679596,91188,1,8.531280655413866,8.531793016940355
consistent_hash,codex362:5:362004:2159,876.7290000915527,54285,1,8.338049497455359,8.338385667651892
consistent_hash,codex603:19:603018:1902,876.9930667877197,81645,1,3.8738313019275665,3.8742885291576385
consistent_hash,codex508:41:508040:1742,877.3987514972687,130837,1,4.435888972133398,4.436585020273924
consistent_hash,codex308:25:308024:1709,877.8166213035583,128619,1,6.339373778551817,6.341274481266737
consistent_hash,codex343:13:343012:1952,878.0035030841827,56899,1,5.900490935891867,5.900827709585428
consistent_hash,codex110:36:110035:1701,878.5154807567596,148115,1,3.3332898169755936,3.3340455554425716
consistent_hash,codex171:12:171011:2093,878.6683783531189,45107,1,2.255818374454975,2.2561825178563595
consistent_hash,codex217:1:217000:2187,878.7167308330536,13563,1,6.343816556036472,6.343970041722059
consistent_hash,codex540:25:540024:2010,878.8983919620514,60244,1,1.9630899168550968,1.963482841849327
consistent_hash,codex287:13:287012:2052,879.1061723232269,62376,1,1.7954704426229,1.7959284521639347
consistent_hash,codex278:21:278020:1762,879.4222183227539,95046,1,4.725426156073809,4.7344358414411545
consistent_hash,codex509:41:509040:1619,879.7638759613037,106105,1,1.8222467042505741,1.8227936252951622
consistent_hash,codex389:7:389006:2165,879.966958284378,60716,1,1.6081474758684635,1.608522780239582
consistent_hash,codex40:3:40002:2152,880.5603694915771,27369,1,3.6045691035687923,3.6047650389373302
consistent_hash,codex255:13:255012:2103,880.8511741161346,67951,1,0.7281103357672691,0.728493370115757
consistent_hash,codex456:4:456003:2194,881.4081411361694,39540,1,2.4983769468963146,2.4986244328320026
consistent_hash,codex171:13:171012:2100,881.5661358833313,46827,1,2.3337586522102356,2.334048766642809
consistent_hash,codex415:4:415003:2169,881.8229117393494,33575,1,2.072793919593096,2.0730306953191757
consistent_hash,codex266:37:266036:1614,883.4425022602081,163517,1,3.876115720719099,3.87692017480731
consistent_hash,codex511:27:511026:2054,883.671505689621,68430,1,1.4049003720283508,1.4052837044000626
consistent_hash,codex538:8:538007:2082,883.8892800807953,67589,1,1.182528331875801,1.182915136218071
consistent_hash,codex64:11:64010:2049,884.6617455482483,108525,1,2.6462096981704235,2.6467742808163166
consistent_hash,codex405:18:405017:2069,884.8402953147888,54110,1,2.4474345557391644,2.4477626234292984
consistent_hash,codex255:14:255013:2116,885.0549426078796,68566,1,2.2391743808984756,2.239562653005123
consistent_hash,codex603:20:603019:1920,885.353889465332,81826,1,1.9458289742469788,1.9462762400507927
consistent_hash,codex508:42:508041:1763,885.7819855213165,131258,1,2.9126518927514553,2.913329765200615
consistent_hash,codex228:56:228055:1801,886.3611872196198,167772,1,3.5750726722180843,3.575913932174444
consistent_hash,codex456:5:456004:2200,886.5113146305084,42018,1,2.1744832880795,2.1747617311775684
consistent_hash,codex158:1:158000:2203,886.5634713172913,13320,1,3.348298218101263,3.348427128046751
consistent_hash,codex389:8:389007:2182,886.7586982250214,60944,1,1.2635229341685772,1.2639082334935665
consistent_hash,codex217:2:217001:2195,886.8541624546051,28295,1,3.808739487081766,3.8089601919054985
consistent_hash,codex511:28:511027:2061,887.0799765586853,71257,1,2.845716781914234,2.8461338244378567
consistent_hash,codex422:45:422044:2035,887.2795965671539,55916,1,2.640968732535839,2.6413042917847633
consistent_hash,codex343:14:343013:1969,887.6382541656494,61619,1,4.381331864744425,4.381683919578791
consistent_hash,codex40:4:40003:2170,887.788364648819,44703,1,10.93388108536601,10.93416166678071
consistent_hash,codex241:6:241005:2163,887.9144377708435,38829,1,2.0022392719984055,2.0024963170289993
consistent_hash,codex603:21:603020:1925,888.4716010093689,83629,1,10.237107150256634,10.237701810896397
consistent_hash,codex287:14:287013:2074,888.6779396533966,62727,1,3.3378514237701893,3.3382341600954533
consistent_hash,codex171:14:171013:2125,888.9782586097717,53861,1,4.540773302316666,4.541191134601831
consistent_hash,codex266:38:266037:1626,889.567596912384,165311,1,3.2625118605792522,3.263439681380987
consistent_hash,codex278:22:278021:1788,889.904834985733,96591,1,8.828411895781755,8.828916121274233
consistent_hash,codex524:27:524026:1825,890.5204420089722,83632,1,2.2833821550011635,2.283851183950901
consistent_hash,codex415:5:415004:2193,890.6578605175018,39406,1,2.883157406002283,2.8834038600325584
consistent_hash,codex255:15:255014:2140,891.5777494907379,69507,1,1.0749806091189384,1.0753898099064827
consistent_hash,codex525:8:525007:2157,891.8047993183136,39058,1,6.88633294031024,6.886611755937338
consistent_hash,codex362:6:362005:2188,892.0062532424927,59626,1,2.427466105669737,2.4279116690158844
consistent_hash,codex540:26:540025:2045,892.6433746814728,68605,1,6.083584241569042,6.083972238004208
consistent_hash,codex171:15:171014:2127,894.1690833568573,53979,1,0.3896053805947304,0.38993028178811073
consistent_hash,codex37:1:37000:2226,894.2211983203888,14001,1,4.471767872571945,4.471892166882753
consistent_hash,codex158:2:158001:2221,894.5532667636871,20981,1,4.1440990418195724,4.144263226538897
consistent_hash,codex110:37:110036:1744,895.1050176620483,148620,1,3.6465842239558697,3.647365041077137
consistent_hash,codex508:43:508042:1793,895.5225348472595,131463,1,3.2199219204485416,3.2205906845629215
consistent_hash,codex129:13:129012:2111,895.726895570755,63645,1,2.991450320929289,3.000877305865288
consistent_hash,codex405:19:405018:2101,896.4676971435547,55078,1,2.245348811149597,2.245667152106762
consistent_hash,codex241:7:241006:2189,896.7772195339203,38958,1,1.924813635647297,1.9250643849372864
consistent_hash,codex506:31:506030:1420,897.2110028266907,106469,1,174.460885502398,174.4614455997944
consistent_hash,codex217:3:217002:2216,897.3443717956543,39357,1,5.202905982732773,5.203190445899963
consistent_hash,codex255:16:255015:2156,897.8729660511017,69732,1,1.1674714349210262,1.1678830459713936
consistent_hash,codex509:42:509041:1667,898.2250623703003,108512,1,4.396762929856777,4.397352069616318
consistent_hash,codex171:16:171015:2145,898.4142725467682,58555,1,4.187726590782404,4.188076730817556
consistent_hash,codex524:28:524027:1841,898.6833708286285,84477,1,3.930054698139429,3.9305196963250637
consistent_hash,codex76:16:76015:2096,898.9217360019684,46242,1,3.685100134462118,3.6853837966918945
